type_acci;date;heure;commune;luminosite_accident;cond_atmos;Intersection;categorie_route;type_collision;type_vehicule_1;manoeuvre_vehicule_1;type_vehicule_2;age_usager;sexe_usager;gravite_usager;etat_usager;nombre_usagers;nb_veh;nombre_pietons;nombre_motos;nombre_vl;nombre_pl;age_usa1_categ;accident_pieton;accident_moto;categorie_vl;accident_pl;categorie_age;categorie_usagers
Leger;15/08/2018;17:20;Meudon;Plein jour;Autre;Intersection en X;Route departementale;Collision par l'arriere;VL seul;Meme sens, Meme file;VL seul;52;Masculin;Indemne;Non renseignee ;2;2;0;0;2;0;Senior actif (50-64);Sans pieton;Sans moto;2 VL;Sans poids lourd;Senior actif (50-64);2 usagers
Leger;05/08/2018;09:18;Malakoff;Plein jour;Autre;Intersection en T;Voie commuNon renseignee le;Sans collision;VL seul;Sedeportant A'auche;Non renseignee ;22;Feminin;Indemne;Non renseignee ;2;1;0;0;1;0;Jeune adulte (18-24);Sans pieton ;Sans moto;1 VL;Sans poids lourd;Jeune adulte (18-24);2 usagers
Leger;02/12/2009;08:10;Asnieres-sur-Seine;Plein jour;Autre;Intersection en T;Route departementale;Autre collision;VL seul;Sans changement de direction;Non renseignee ;11;Feminin;Blessee Leger;Non renseignee ;1;1;1;0;1;0;Mineur (-18 ans);Avec pieton;Sans moto;1 VL;Sans poids lourd;Mineur (-18 ans);1 usager
Leger;03/01/2009;12:20;Boulogne-Billancourt;Plein jour;Autre;Intersection en X;Voie commuNon renseignee le;Autre collision;VL seul;TourNon renseignee nt A'auche;Non renseignee ;33;Masculin;Indemne;Non renseignee ;2;1;1;0;1;0;Adulte jeune (25-34);Avec pieton;Sans moto;1 VL;Sans poids lourd;Adulte jeune (25-34);2 usagers
Leger;01/09/2009;16:30;Boulogne-Billancourt;Plein jour;Autre;Intersection en T;Route departementale;Autre collision;VL seul;Sans changement de direction;Non renseignee ;65;Masculin;Indemne;Non renseignee ;2;1;1;0;1;0;Senior (65+);Avec pieton;Sans moto;1 VL;Sans poids lourd;Senior (65+);2 usagers
Leger;12/10/2009;20:05;Boulogne-Billancourt;Nuit avec eclairage public allumee;Autre;Hors intersection;Voie commuNon renseignee le;Autre collision;Motocyclette > 125 cm3;Sans changement de direction;Non renseignee ;49;Masculin;Indemne;Non renseignee ;2;1;1;1;0;0;Adulte (35-49);Avec pieton;Avec moto;Aucun VL;Sans poids lourd;Adulte (35-49);2 usagers
Leger;06/11/2009;13:30;Boulogne-Billancourt;Plein jour;Autre;Intersection en X;Route departementale;Autre collision;VL seul;TourNon renseignee nt A'auche;Non renseignee ;35;Masculin;Indemne;Non renseignee ;2;1;1;0;1;0;Adulte (35-49);Avec pieton;Sans moto;1 VL;Sans poids lourd;Adulte (35-49);2 usagers
Leger;01/06/2009;14:15;Colombes;Plein jour;Autre;Hors intersection;Route departementale;Autre collision;Scooter > 125 cm3;Sans changement de direction;VL seul;36;Feminin;Indemne;Non renseignee ;3;2;1;1;1;0;Adulte (35-49);Avec pieton;Avec moto;1 VL;Sans poids lourd;Adulte (35-49);3-5 usagers
Leger;19/03/2009;17:00;Courbevoie;Plein jour;Autre;Intersection en X;Voie commuNon renseignee le;Autre collision;VL seul;Sans changement de direction;Non renseignee ;45;Feminin;Indemne;Non renseignee ;3;1;2;0;1;0;Adulte (35-49);Avec pieton;Sans moto;1 VL;Sans poids lourd;Adulte (35-49);3-5 usagers
Leger;25/09/2009;16:35;La Garenne-Colombes;Plein jour;Autre;Intersection en Y;Route departementale;Autre collision;Scooter > 50 cm3 et <= 125 cm3;Non renseignee ;Non renseignee ;30;Masculin;Indemne;Non renseignee ;3;1;2;1;0;0;Adulte jeune (25-34);Avec pieton;Avec moto;Aucun VL;Sans poids lourd;Adulte jeune (25-34);3-5 usagers
Leger;15/01/2009;08:25;Issy-les-Moulineaux;Plein jour;Autre;Intersection en Y;Route departementale;Autre collision;VL seul;En marche arriere;Non renseignee ;15;Masculin;Blessee Leger;Non renseignee ;2;1;1;0;1;0;Mineur (-18 ans);Avec pieton;Sans moto;1 VL;Sans poids lourd;Mineur (-18 ans);2 usagers
Leger;22/10/2009;08:10;Issy-les-Moulineaux;Plein jour;Autre;Intersection en T;Route departementale;Autre collision;VL seul;Sans changement de direction;Non renseignee ;31;Masculin;Blessee Leger;Non renseignee ;2;1;1;0;1;0;Adulte jeune (25-34);Avec pieton;Sans moto;1 VL;Sans poids lourd;Adulte jeune (25-34);2 usagers
Leger;02/06/2009;14:15;Levallois-Perret;Plein jour;Autre;Hors intersection;Voie commuNon renseignee le;Autre collision;VL seul;Sans changement de direction;Non renseignee ;51;Masculin;Indemne;Non renseignee ;2;1;1;0;1;0;Senior actif (50-64);Avec pieton;Sans moto;1 VL;Sans poids lourd;Senior actif (50-64);2 usagers
Leger;09/09/2009;18:50;Levallois-Perret;Plein jour;Autre;Intersection en X;Voie commuNon renseignee le;Autre collision;VL seul;Sans changement de direction;Non renseignee ;15;Masculin;Blessee Leger;Non renseignee ;2;1;1;0;1;0;Mineur (-18 ans);Avec pieton;Sans moto;1 VL;Sans poids lourd;Mineur (-18 ans);2 usagers
Leger;15/10/2009;13:45;Levallois-Perret;Plein jour;Autre;Intersection en X;Voie commuNon renseignee le;Autre collision;VL seul;Non renseignee ;Non renseignee ;37;Feminin;Indemne;Non renseignee ;2;1;1;0;1;0;Adulte (35-49);Avec pieton;Sans moto;1 VL;Sans poids lourd;Adulte (35-49);2 usagers
Leger;31/03/2009;18:25;Chatillon;Plein jour;Autre;Intersection en T;Voie commuNon renseignee le;Autre collision;VL seul;Sans changement de direction;Non renseignee ;40;Feminin;Indemne;Non renseignee ;2;1;1;0;1;0;Adulte (35-49);Avec pieton;Sans moto;1 VL;Sans poids lourd;Adulte (35-49);2 usagers
Leger;23/11/2009;08:40;Puteaux;Plein jour;Autre;Intersection en T;Voie commuNon renseignee le;Autre collision;VL seul;Sans changement de direction;Non renseignee ;32;Masculin;Indemne;Non renseignee ;2;1;1;0;1;0;Adulte jeune (25-34);Avec pieton;Sans moto;1 VL;Sans poids lourd;Adulte jeune (25-34);2 usagers
Leger;05/02/2009;16:45;Rueil-Malmaison;Plein jour;Autre;Hors intersection;Voie commuNon renseignee le;Autre collision;VL seul;Sans changement de direction;Non renseignee ;42;Feminin;Indemne;Non renseignee ;2;1;1;0;1;0;Adulte (35-49);Avec pieton;Sans moto;1 VL;Sans poids lourd;Adulte (35-49);2 usagers
Leger;05/11/2009;17:35;Suresnes;Nuit avec eclairage public allumee;Temps couvert;Intersection en X;Route departementale;Autre collision;VU seul 1,5T <= PTAC <= 3,5T;Sans changement de direction;Non renseignee ;40;Masculin;Indemne;Non renseignee ;2;1;1;0;1;0;Adulte (35-49);Avec pieton;Sans moto;1 VL;Sans poids lourd;Adulte (35-49);2 usagers
Leger;10/09/2009;14:10;Vanves;Plein jour;Autre;Intersection en T;Route departementale;Autre collision;VL seul;Sans changement de direction;Non renseignee ;22;Masculin;Indemne;Non renseignee ;3;1;1;0;1;0;Jeune adulte (18-24);Avec pieton;Sans moto;1 VL;Sans poids lourd;Jeune adulte (18-24);3-5 usagers
Leger;27/07/2009;19:18;Sevres;Plein jour;Autre;Intersection en Y;Route departementale;Collisions en chaine;Autocar;Meme sens, Meme file;VL seul;42;Masculin;Blessee Leger;Non renseignee ;4;3;0;0;2;0;Adulte (35-49);Sans pieton;Sans moto;2 VL;Sans poids lourd;Adulte (35-49);3-5 usagers
Leger;11/01/2010;06:50;Non renseignee nterre;Nuit avec eclairage public allumee;Autre;Intersection en X;Route departementale;Collision frontale;VL seul;Sans changement de direction;PL seul > 7,5T;19;Masculin;Blessee Leger;Non renseignee ;1;2;0;0;1;1;Jeune adulte (18-24);Sans pieton;Sans moto;1 VL;Avec poids lourd;Jeune adulte (18-24);1 usager
Leger;11/01/2010;11:00;Colombes;Plein jour;Autre;Hors intersection;Autoroute;Collision par l'arriere;PL seul 3,5T <PTCA <= 7,5T;Meme sens, Meme file;VL seul;19;Masculin;Indemne;Non renseignee ;2;2;0;0;1;1;Jeune adulte (18-24);Sans pieton;Sans moto;1 VL;Avec poids lourd;Jeune adulte (18-24);2 usagers
Leger;14/01/2010;15:00;Asnieres-sur-Seine;Plein jour;Autre;Hors intersection;Route departementale;Collision par le cote;VL seul;Ouverture de porte;Bicyclette;30;Masculin;Indemne;Non renseignee ;2;2;0;0;1;0;Adulte jeune (25-34);Sans pieton;Sans moto;1 VL;Sans poids lourd;Adulte jeune (25-34);2 usagers
Leger;18/01/2010;17:50;Non renseignee nterre;Nuit avec eclairage public allumee;Autre;Hors intersection;Route departementale;Autre collision;VL seul;Non renseignee ;Non renseignee ;18;Masculin;Blessee Leger;Non renseignee ;1;1;1;0;1;0;Jeune adulte (18-24);Avec pieton;Sans moto;1 VL;Sans poids lourd;Jeune adulte (18-24);1 usager
Leger;23/01/2010;16:00;Colombes;Plein jour;Pluie legere;Hors intersection;Voie commuNon renseignee le;Collision par le cote;VL seul;Manoeuvre de stationnement;VL seul;53;Masculin;Blessee Leger;Non renseignee ;2;2;0;0;2;0;Senior actif (50-64);Sans pieton;Sans moto;2 VL;Sans poids lourd;Senior actif (50-64);2 usagers
Leger;28/01/2010;08:17;Gennevilliers;Plein jour;Autre;Hors intersection;Autoroute;Collision par l'arriere;Motocyclette > 125 cm3;Entre 2 files;VL seul;55;Feminin;Indemne;Non renseignee ;2;2;0;1;1;0;Senior actif (50-64);Sans pieton;Avec moto;1 VL;Sans poids lourd;Senior actif (50-64);2 usagers
Grave;03/02/2010;11:10;Boulogne-Billancourt;Plein jour;Pluie legere;Intersection en T;Route departementale;Collision par l'arriere;Motocyclette > 125 cm3;Meme sens, Meme file;VL seul;40;Feminin;Indemne;Non renseignee ;2;2;0;1;1;0;Adulte (35-49);Sans pieton;Avec moto;1 VL;Sans poids lourd;Adulte (35-49);2 usagers
Leger;03/02/2010;21:20;Saint-Cloud;Nuit avec eclairage public allumee;Autre;Place;Route departementale;Collision par le cote;VL seul;TourNon renseignee nt A'auche;Scooter > 50 cm3 et <= 125 cm3;21;Feminin;Indemne;Non renseignee ;2;2;0;1;1;0;Jeune adulte (18-24);Sans pieton ;Avec moto;1 VL;Sans poids lourd;Jeune adulte (18-24);2 usagers
Leger;06/02/2010;13:30;Le Plessis-Robinson;Plein jour;Pluie legere;Hors intersection;Voie commuNon renseignee le;Collision par le cote;VL seul;S inserant;Motocyclette > 125 cm3;53;Masculin;Indemne;Non renseignee ;2;2;0;1;1;0;Senior actif (50-64);Sans pieton;Avec moto;1 VL;Sans poids lourd;Senior actif (50-64);2 usagers
Leger;08/02/2010;12:20;Gennevilliers;Plein jour;Autre;Hors intersection;Route departementale;Sans collision;Non renseignee ;Sans changement de direction;Non renseignee ;28;Feminin;Blessee Leger;Non renseignee ;2;1;0;0;1;0;Adulte jeune (25-34);Sans pieton;Sans moto;1 VL;Sans poids lourd;Adulte jeune (25-34);2 usagers
Leger;09/02/2010;20:10;Neuilly-sur-Seine;Nuit avec eclairage public allumee;Autre;Hors intersection;Voie commuNon renseignee le;Collision par le cote;VL seul;Non renseignee ;VL seul;36;Feminin;Blessee Leger;Non renseignee ;2;2;0;0;2;0;Adulte (35-49);Sans pieton;Sans moto;2 VL;Sans poids lourd;Adulte (35-49);2 usagers
Leger;18/02/2010;18:55;Antony;Nuit avec eclairage public allumee;Pluie legere;Intersection en X;Route departementale;Autre collision;VU seul 1,5T <= PTAC <= 3,5T;Sans changement de direction;Non renseignee ;30;Masculin;Indemne;Non renseignee ;2;1;1;0;1;0;Adulte jeune (25-34);Avec pieton;Sans moto;1 VL;Sans poids lourd;Adulte jeune (25-34);2 usagers
Leger;19/02/2010;21:10;Montrouge;Nuit avec eclairage public allumee;Autre;Intersection en X;Route departementale;Collision par le cote;Motocyclette > 125 cm3;Sans changement de direction;VL seul;21;Masculin;Indemne;Non renseignee ;2;2;0;1;1;0;Jeune adulte (18-24);Sans pieton;Avec moto;1 VL;Sans poids lourd;Jeune adulte (18-24);2 usagers
Leger;20/02/2010;15:40;Clichy;Plein jour;Autre;Intersection en X;Route departementale;Collision par le cote;VL seul;TourNon renseignee nt A'auche;Motocyclette > 50 cm3 et <= 125 cm3;31;Masculin;Indemne;Non renseignee ;2;2;0;1;1;0;Adulte jeune (25-34);Sans pieton ;Avec moto;1 VL;Sans poids lourd;Adulte jeune (25-34);2 usagers
Leger;24/02/2010;20:20;Gennevilliers;Nuit avec eclairage public allumee;Pluie legere;Intersection en X;Route departementale;Autre collision;VL seul;TourNon renseignee nt A$roite;Non renseignee ;25;Masculin;Indemne;Non renseignee ;2;1;1;0;1;0;Adulte jeune (25-34);Avec pieton;Sans moto;1 VL;Sans poids lourd;Adulte jeune (25-34);2 usagers
Leger;01/03/2010;13:55;Issy-les-Moulineaux;Plein jour;Autre;Intersection en T;Route departementale;Autre collision;VL seul;Sans changement de direction;Non renseignee ;55;Masculin;Indemne;Non renseignee ;4;1;3;0;1;0;Senior actif (50-64);Avec pieton;Sans moto;1 VL;Sans poids lourd;Senior actif (50-64);3-5 usagers
Leger;19/03/2010;08:18;Colombes;Plein jour;Autre;Hors intersection;Autoroute;Collision par l'arriere;VL seul;S inserant;Non renseignee ;30;Masculin;Indemne;Non renseignee ;2;2;0;0;1;1;Adulte jeune (25-34);Sans pieton;Sans moto;1 VL;Avec poids lourd;Adulte jeune (25-34);2 usagers
Leger;22/03/2010;11:50;Clichy;Plein jour;Autre;Intersection en X;Voie commuNon renseignee le;Autre collision;VL seul;Sans changement de direction;Non renseignee ;49;Masculin;Indemne;Non renseignee ;2;1;1;0;1;0;Adulte (35-49);Avec pieton;Sans moto;1 VL;Sans poids lourd;Adulte (35-49);2 usagers
Leger;24/03/2010;17:35;Colombes;Plein jour;Autre;Intersection en T;Route departementale;Collision par l'arriere;VL seul;Sans changement de direction;VL seul;62;Feminin;Blessee Leger;Non renseignee ;2;2;0;0;2;0;Senior actif (50-64);Sans pieton;Sans moto;2 VL;Sans poids lourd;Senior actif (50-64);2 usagers
Leger;27/03/2010;15:45;Boulogne-Billancourt;Plein jour;Autre;Intersection en T;Route departementale;Collision par le cote;VL seul;Sans changement de direction;Cyclomoteur <50cm3;28;Feminin;Indemne;Non renseignee ;2;2;0;0;1;0;Adulte jeune (25-34);Sans pieton;Sans moto;1 VL;Sans poids lourd;Adulte jeune (25-34);2 usagers
Grave;12/04/2010;09:00;Malakoff;Plein jour;Temps eblouissant;Intersection en X;Route departementale;Collision par le cote;VL seul;Traversant la  chaussee;Scooter > 50 cm3 et <= 125 cm3;33;Feminin;Indemne;Non renseignee ;3;2;0;1;1;0;Adulte jeune (25-34);Sans pieton;Avec moto;1 VL;Sans poids lourd;Adulte jeune (25-34);3-5 usagers
Leger;28/09/2009;10:15;Boulogne-Billancourt;Plein jour;Autre;Hors intersection;Route departementale;Autre collision;Autobus;Non renseignee ;Non renseignee ;53;Masculin;Indemne;Non renseignee ;2;1;1;0;0;0;Senior actif (50-64);Avec pieton;Sans moto;Aucun VL;Sans poids lourd;Senior actif (50-64);2 usagers
Leger;14/11/2009;19:18;Boulogne-Billancourt;Nuit avec eclairage public allumee;Autre;Hors intersection;Voie commuNon renseignee le;Autre collision;Scooter > 50 cm3 et <= 125 cm3;Sans changement de direction;Non renseignee ;53;Masculin;Indemne;Non renseignee ;2;1;1;1;0;0;Senior actif (50-64);Avec pieton;Avec moto;Aucun VL;Sans poids lourd;Senior actif (50-64);2 usagers
Leger;30/11/2009;22:25;Clichy;Nuit avec eclairage public allumee;Autre;Intersection en X;Voie commuNon renseignee le;Autre collision;Autobus;Sans changement de direction;Non renseignee ;37;Masculin;Indemne;Non renseignee ;2;1;1;0;0;0;Adulte (35-49);Avec pieton;Sans moto;Aucun VL;Sans poids lourd;Adulte (35-49);2 usagers
Leger;18/05/2009;16:45;Colombes;Plein jour;Autre;Intersection en T;Voie commuNon renseignee le;Autre collision;VL seul;Sans changement de direction;Non renseignee ;59;Feminin;Indemne;Non renseignee ;2;1;1;0;1;0;Senior actif (50-64);Avec pieton;Sans moto;1 VL;Sans poids lourd;Senior actif (50-64);2 usagers
Leger;01/05/2009;17:10;Courbevoie;Plein jour;Autre;Intersection en T;Voie commuNon renseignee le;Autre collision;Cyclomoteur <50cm3;TourNon renseignee nt A'auche;Non renseignee ;20;Masculin;Indemne;Non renseignee ;2;1;1;0;0;0;Jeune adulte (18-24);Avec pieton;Sans moto;Aucun VL;Sans poids lourd;Jeune adulte (18-24);2 usagers
Leger;17/09/2009;19:05;Levallois-Perret;Plein jour;Autre;Intersection en T;Route departementale;Autre collision;Scooter < 50 cm3;Sans changement de direction;Non renseignee ;29;Feminin;Blessee Leger;Non renseignee ;2;1;1;0;0;0;Adulte jeune (25-34);Avec pieton;Sans moto;Aucun VL;Sans poids lourd;Adulte jeune (25-34);2 usagers
Leger;04/02/2009;18:15;Chatillon;Plein jour;Pluie legere;Hors intersection;Route departementale;Autre collision;VL seul;En marche arriere;Non renseignee ;38;Masculin;Indemne;Non renseignee ;2;1;1;0;1;0;Adulte (35-49);Avec pieton;Sans moto;1 VL;Sans poids lourd;Adulte (35-49);2 usagers
Leger;09/12/2009;17:10;Neuilly-sur-Seine;Nuit avec eclairage public allumee;Pluie legere;Intersection en X;Voie commuNon renseignee le;Autre collision;Cyclomoteur <50cm3;Manoeuvre de stationnement;Non renseignee ;18;Feminin;Indemne;Non renseignee ;2;1;1;0;0;0;Jeune adulte (18-24);Avec pieton;Sans moto;Aucun VL;Sans poids lourd;Jeune adulte (18-24);2 usagers
Leger;02/01/2010;16:35;Rueil-Malmaison;Plein jour;Autre;Intersection en T;Route departementale;Collision par l'arriere;VL seul;Changeant de file A$roite;Cyclomoteur <50cm3;51;Masculin;Indemne;Non renseignee ;3;2;0;0;1;0;Senior actif (50-64);Sans pieton;Sans moto;1 VL;Sans poids lourd;Senior actif (50-64);3-5 usagers
Leger;07/01/2010;14:25;Clamart;Plein jour;Temps eblouissant;Giratoire;Route departementale;Autre collision;VL seul;TourNon renseignee nt A$roite;Non renseignee ;20;Feminin;Indemne;Non renseignee ;2;1;1;0;1;0;Jeune adulte (18-24);Avec pieton;Sans moto;1 VL;Sans poids lourd;Jeune adulte (18-24);2 usagers
Leger;08/01/2010;10:20;Neuilly-sur-Seine;Plein jour;Temps couvert;Hors intersection;Route Non renseignee tioNon renseignee le;Collisions en chaine;Non renseignee ;Sans changement de direction;VL seul;58;Masculin;Indemne;Non renseignee ;4;3;0;0;2;1;Senior actif (50-64);Sans pieton;Sans moto;2 VL;Avec poids lourd;Senior actif (50-64);3-5 usagers
Leger;04/10/2011;13:15;Clichy;Plein jour;Autre;Giratoire;Route departementale;Autre collision;Bicyclette;TourNon renseignee nt A$roite;Non renseignee ;19;Masculin;Indemne;Non renseignee ;2;1;1;0;0;0;Jeune adulte (18-24);Avec pieton;Sans moto;Aucun VL;Sans poids lourd;Jeune adulte (18-24);2 usagers
Leger;14/01/2010;18:15;Non renseignee nterre;Nuit avec eclairage public allumee;Autre;Intersection en Y;Route departementale;Collision frontale;VL seul;Sans changement de direction;VL seul;35;Feminin;Blessee Leger;Non renseignee ;2;2;0;0;2;0;Adulte (35-49);Sans pieton;Sans moto;2 VL;Sans poids lourd;Adulte (35-49);2 usagers
Leger;28/09/2011;16:20;Issy-les-Moulineaux;Plein jour;Autre;Intersection en T;Route departementale;Autre collision;VL seul;TourNon renseignee nt A$roite;Non renseignee ;52;Feminin;Indemne;Non renseignee ;2;1;1;0;1;0;Senior actif (50-64);Avec pieton;Sans moto;1 VL;Sans poids lourd;Senior actif (50-64);2 usagers
Grave;16/01/2010;00:50;Clamart;Nuit avec eclairage public allumee;Autre;Hors intersection;Voie commuNon renseignee le;Sans collision;VL seul;Sedeportant A'auche;Non renseignee ;22;Masculin;Indemne;Non renseignee ;3;1;0;0;1;0;Jeune adulte (18-24);Sans pieton ;Sans moto;1 VL;Sans poids lourd;Jeune adulte (18-24);3-5 usagers
Leger;09/02/2011;18:15;Non renseignee nterre;Nuit avec eclairage public allumee;Autre;Hors intersection;Route departementale;Autre collision;VL seul;Sans changement de direction;VL seul;63;Feminin;Indemne;Non renseignee ;3;2;1;0;2;0;Senior actif (50-64);Avec pieton;Sans moto;2 VL;Sans poids lourd;Senior actif (50-64);3-5 usagers
Grave;18/01/2010;18:00;FonteNon renseignee y-aux-Roses;Nuit avec eclairage public allumee;Autre;Intersection en T;Voie commuNon renseignee le;Autre collision;Scooter > 50 cm3 et <= 125 cm3;Sans changement de direction;Non renseignee ;42;Masculin;Blessee Leger;Non renseignee ;2;1;1;1;0;0;Adulte (35-49);Avec pieton;Avec moto;Aucun VL;Sans poids lourd;Adulte (35-49);2 usagers
Leger;08/12/2011;05:50;Clichy;Crepuscule ou aube;Pluie legere;Intersection en X;Route departementale;Autre collision;VL seul;TourNon renseignee nt A'auche;Non renseignee ;52;Masculin;Indemne;Non renseignee ;2;1;1;0;1;0;Senior actif (50-64);Avec pieton;Sans moto;1 VL;Sans poids lourd;Senior actif (50-64);2 usagers
Leger;19/01/2010;00:20;Malakoff;Nuit avec eclairage public allumee;Autre;Intersection en X;Route departementale;Collision par le cote;VL seul;TourNon renseignee nt A'auche;Scooter > 50 cm3 et <= 125 cm3;34;Masculin;Blessee Leger;Non renseignee ;2;2;0;1;1;0;Adulte jeune (25-34);Sans pieton ;Avec moto;1 VL;Sans poids lourd;Adulte jeune (25-34);2 usagers
Leger;08/01/2011;19:30;Clamart;Nuit sanseclairage public;Pluie legere;Giratoire;Route departementale;Autre collision;VL seul;Sans changement de direction;Non renseignee ;38;Masculin;Indemne;Non renseignee ;2;1;1;0;1;0;Adulte (35-49);Avec pieton;Sans moto;1 VL;Sans poids lourd;Adulte (35-49);2 usagers
Grave;21/01/2010;19:55;Issy-les-Moulineaux;Nuit avec eclairage public allumee;Autre;Intersection en T;Route departementale;Autre collision;VL seul;Sans changement de direction;Non renseignee ;27;Masculin;Indemne;Non renseignee ;2;1;1;0;1;0;Adulte jeune (25-34);Avec pieton;Sans moto;1 VL;Sans poids lourd;Adulte jeune (25-34);2 usagers
Leger;18/09/2011;19:45;Rueil-Malmaison;Crepuscule ou aube;Autre;Hors intersection;Voie commuNon renseignee le;Autre collision;VL seul;Non renseignee ;Non renseignee ;44;Feminin;Blessee Leger;Non renseignee ;1;1;1;0;1;0;Adulte (35-49);Avec pieton;Sans moto;1 VL;Sans poids lourd;Adulte (35-49);1 usager
Leger;29/01/2010;09:20;Clichy;Plein jour;Pluie legere;Giratoire;Route departementale;Collisions en chaine;VL seul;Meme sens, Meme file;VL seul;26;Feminin;Indemne;Non renseignee ;3;3;0;0;3;0;Adulte jeune (25-34);Sans pieton;Sans moto;3 VL ou plus;Sans poids lourd;Adulte jeune (25-34);3-5 usagers
Leger;17/03/2011;18:50;Malakoff;Crepuscule ou aube;Autre;Intersection en T;Route departementale;Autre collision;VL seul;TourNon renseignee nt A'auche;Non renseignee ;48;Masculin;Indemne;Non renseignee ;2;1;1;0;1;0;Adulte (35-49);Avec pieton;Sans moto;1 VL;Sans poids lourd;Adulte (35-49);2 usagers
Leger;02/02/2010;08:20;Boulogne-Billancourt;Crepuscule ou aube;Autre;Hors intersection;Voie commuNon renseignee le;Collision par l'arriere;Motocyclette > 125 cm3;Meme sens, Meme file;VL seul;36;Masculin;Indemne;Non renseignee ;2;2;0;1;1;0;Adulte (35-49);Sans pieton;Avec moto;1 VL;Sans poids lourd;Adulte (35-49);2 usagers
Leger;28/04/2011;11:35;La Garenne-Colombes;Plein jour;Autre;Hors intersection;Voie commuNon renseignee le;Autre collision;VL seul;Sans changement de direction;Non renseignee ;32;Feminin;Indemne;Non renseignee ;3;1;2;0;1;0;Adulte jeune (25-34);Avec pieton;Sans moto;1 VL;Sans poids lourd;Adulte jeune (25-34);3-5 usagers
Leger;03/02/2010;17:05;Colombes;Plein jour;Autre;Intersection en Y;Route departementale;Autre collision;VL seul;Sans changement de direction;Non renseignee ;31;Feminin;Indemne;Non renseignee ;2;1;1;0;1;0;Adulte jeune (25-34);Avec pieton;Sans moto;1 VL;Sans poids lourd;Adulte jeune (25-34);2 usagers
Leger;15/08/2011;20:55;Non renseignee nterre;Crepuscule ou aube;Autre;Intersection en T;Voie commuNon renseignee le;Autre collision;VL seul;TourNon renseignee nt A$roite;Non renseignee ;21;Masculin;Indemne;Non renseignee ;2;1;1;0;1;0;Jeune adulte (18-24);Avec pieton;Sans moto;1 VL;Sans poids lourd;Jeune adulte (18-24);2 usagers
Leger;07/02/2010;19:50;Non renseignee nterre;Crepuscule ou aube;Autre;Giratoire;Route departementale;Collision par l'arriere;Motocyclette > 50 cm3 et <= 125 cm3;TourNon renseignee nt A$roite;VL seul;51;Feminin;Blessee Leger;Non renseignee ;2;2;0;1;1;0;Senior actif (50-64);Sans pieton ;Avec moto;1 VL;Sans poids lourd;Senior actif (50-64);2 usagers
Leger;25/03/2011;15:35;Colombes;Plein jour;Autre;Intersection en X;Route departementale;Autre collision;VL seul;TourNon renseignee nt A'auche;Non renseignee ;27;Masculin;Indemne;Non renseignee ;2;1;1;0;1;0;Adulte jeune (25-34);Avec pieton;Sans moto;1 VL;Sans poids lourd;Adulte jeune (25-34);2 usagers
Leger;09/02/2010;20:15;Neuilly-sur-Seine;Nuit avec eclairage public allumee;Autre;Intersection en X;Route Non renseignee tioNon renseignee le;Collision par l'arriere;VL seul;TourNon renseignee nt A$roite;Scooter > 50 cm3 et <= 125 cm3;23;Masculin;Blessee Leger;Non renseignee ;2;2;0;1;1;0;Jeune adulte (18-24);Sans pieton ;Avec moto;1 VL;Sans poids lourd;Jeune adulte (18-24);2 usagers
Leger;09/12/2011;10:40;Levallois-Perret;Plein jour;Pluie legere;Hors intersection;Voie commuNon renseignee le;Autre collision;VL seul;Ouverture de porte;Non renseignee ;75;Masculin;Indemne;Non renseignee ;2;1;1;0;1;0;Senior (65+);Avec pieton;Sans moto;1 VL;Sans poids lourd;Senior (65+);2 usagers
Leger;10/02/2010;17:15;Montrouge;Plein jour;Autre;Intersection en X;Route departementale;Autre collision;VL seul;Sans changement de direction;Non renseignee ;59;Masculin;Indemne;Non renseignee ;2;1;1;0;1;0;Senior actif (50-64);Avec pieton;Sans moto;1 VL;Sans poids lourd;Senior actif (50-64);2 usagers
Leger;17/02/2011;21:00;Chatillon;Nuit avec eclairage public allumee;Autre;Hors intersection;Route departementale;Autre collision;Motocyclette > 50 cm3 et <= 125 cm3;Sans changement de direction;Non renseignee ;34;Masculin;Blessee Leger;Non renseignee ;2;1;1;1;0;0;Adulte jeune (25-34);Avec pieton;Avec moto;Aucun VL;Sans poids lourd;Adulte jeune (25-34);2 usagers
Grave;13/02/2010;08:10;Rueil-Malmaison;Crepuscule ou aube;Autre;Intersection en X;Route departementale;Collision par le cote;VL seul;TourNon renseignee nt A'auche;Cyclomoteur <50cm3;17;Masculin;Blessee hospitalisee;Non renseignee ;2;2;0;0;1;0;Mineur (-18 ans);Sans pieton ;Sans moto;1 VL;Sans poids lourd;Mineur (-18 ans);2 usagers
Leger;31/01/2011;18:20;Le Plessis-Robinson;Nuit avec eclairage public allumee;Autre;Intersection en X;Voie commuNon renseignee le;Autre collision;VL seul;Sans changement de direction;Non renseignee ;46;Masculin;Indemne;Non renseignee ;2;1;1;0;1;0;Adulte (35-49);Avec pieton;Sans moto;1 VL;Sans poids lourd;Adulte (35-49);2 usagers