type_acci;date;heure;commune;luminosite_accident;cond_atmos;Intersection;categorie_route;type_collision;type_vehicule_1;manoeuvre_vehicule_1;type_vehicule_2;age_usager;sexe_usager;gravite_usager;etat_usager;nombre_usagers;nb_veh;nombre_pietons;nombre_motos;nombre_vl;nombre_pl;age_usa1_categ;accident_pieton;accident_moto;categorie_vl;accident_pl;categorie_age;categorie_usagers
Leger;28/01/2013;11:45;Courbevoie;Plein jour;Autre;Intersection en T;Voie commuNon renseignee le;Autre collision;VL seul;Sans changement de direction;Non renseignee ;28;Masculin;Indemne;Non renseignee ;2;1;1;0;1;0;Adulte jeune (25-34);Avec pieton;Sans moto;1 VL;Sans poids lourd;Adulte jeune (25-34);2 usagers
Grave;29/07/2011;10:20;La Garenne-Colombes;Plein jour;Autre;Hors intersection;Route departementale;Autre collision;VU seul 1,5T <= PTAC <= 3,5T;En marche arriere;Non renseignee ;32;Masculin;Indemne;Non renseignee ;2;1;1;0;1;0;Adulte jeune (25-34);Avec pieton;Sans moto;1 VL;Sans poids lourd;Adulte jeune (25-34);2 usagers
Leger;01/07/2013;23:55;Courbevoie;Nuit sanseclairage public;Autre;Intersection en T;Route departementale;Collision par le cote;Scooter < 50 cm3;TourNon renseignee nt A'auche;Bicyclette;17;Masculin;Indemne;Non renseignee ;3;2;0;0;0;0;Mineur (-18 ans);Sans pieton ;Sans moto;Aucun VL;Sans poids lourd;Mineur (-18 ans);3-5 usagers
Leger;09/12/2013;18:50;Courbevoie;Nuit avec eclairage public allumee;Autre;Hors intersection;Route departementale;Collisions en chaine;VL seul;Meme sens, Meme file;VL seul;24;Masculin;Indemne;Non renseignee ;3;3;0;0;3;0;Jeune adulte (18-24);Sans pieton;Sans moto;3 VL ou plus;Sans poids lourd;Jeune adulte (18-24);3-5 usagers
Leger;24/12/2013;09:35;Courbevoie;Plein jour;Autre;Hors intersection;Voie commuNon renseignee le;Sans collision;Scooter > 125 cm3;Sans changement de direction;Non renseignee ;38;Feminin;Blessee Leger;Non renseignee ;1;1;0;1;0;0;Adulte (35-49);Sans pieton;Avec moto;Aucun VL;Sans poids lourd;Adulte (35-49);1 usager
Leger;25/01/2013;15:00;La Garenne-Colombes;Plein jour;Autre;Giratoire;Route departementale;Autre collision;VL seul;TourNon renseignee nt A$roite;Non renseignee ;68;Masculin;Indemne;Non renseignee ;2;1;1;0;1;0;Senior (65+);Avec pieton;Sans moto;1 VL;Sans poids lourd;Senior (65+);2 usagers
Leger;14/04/2013;19:26;La Garenne-Colombes;Plein jour;Autre;Intersection en T;Route departementale;Collision par l'arriere;Scooter < 50 cm3;Sans changement de direction;VL seul;17;Masculin;Blessee Leger;Non renseignee ;2;2;0;0;1;0;Mineur (-18 ans);Sans pieton;Sans moto;1 VL;Sans poids lourd;Mineur (-18 ans);2 usagers
Leger;26/02/2013;08:30;Gennevilliers;Plein jour;Autre;Hors intersection;Voie commuNon renseignee le;Collision par le cote;Scooter > 50 cm3 et <= 125 cm3;Manoeuvre devitement;VL seul;58;Masculin;Blessee Leger;Non renseignee ;2;2;0;1;1;0;Senior actif (50-64);Sans pieton;Avec moto;1 VL;Sans poids lourd;Senior actif (50-64);2 usagers
Leger;08/03/2013;10:25;Gennevilliers;Plein jour;Autre;Intersection en T;Voie commuNon renseignee le;Sans collision;VL seul;Sedeportant A'auche;Non renseignee ;55;Feminin;Blessee Leger;Non renseignee ;1;1;0;0;1;0;Senior actif (50-64);Sans pieton ;Sans moto;1 VL;Sans poids lourd;Senior actif (50-64);1 usager
Leger;30/05/2013;13:25;Gennevilliers;Plein jour;Autre;Hors intersection;Route departementale;Collision par le cote;Scooter < 50 cm3;Sans changement de direction;VL seul;18;Masculin;Blessee Leger;Non renseignee ;2;2;0;0;1;0;Jeune adulte (18-24);Sans pieton;Sans moto;1 VL;Sans poids lourd;Jeune adulte (18-24);2 usagers
Leger;02/07/2012;08:55;Suresnes;Plein jour;Autre;Intersection en X;Route departementale;Collision par le cote;VU seul 1,5T <= PTAC <= 3,5T;TourNon renseignee nt A'auche;Motocyclette > 125 cm3;45;Masculin;Indemne;Non renseignee ;2;2;0;1;1;0;Adulte (35-49);Sans pieton ;Avec moto;1 VL;Sans poids lourd;Adulte (35-49);2 usagers
Grave;17/07/2012;14:10;Chatillon;Plein jour;Autre;Giratoire;Route departementale;Collision par le cote;Autobus;Sans changement de direction;VL seul;45;Masculin;Indemne;Non renseignee ;5;2;0;0;1;0;Adulte (35-49);Sans pieton;Sans moto;1 VL;Sans poids lourd;Adulte (35-49);3-5 usagers
Leger;22/10/2012;09:20;Puteaux;Plein jour;Autre;Hors intersection;Autoroute;Collision par le cote;Scooter > 50 cm3 et <= 125 cm3;Entre 2 files;Autobus;31;Feminin;Blessee Leger;Non renseignee ;2;2;0;1;0;0;Adulte jeune (25-34);Sans pieton;Avec moto;Aucun VL;Sans poids lourd;Adulte jeune (25-34);2 usagers
Leger;03/12/2012;13:55;Suresnes;Plein jour;Pluie legere;Hors intersection;Voie commuNon renseignee le;Sans collision;VL seul;Se deportant A$roite;Non renseignee ;64;Feminin;Indemne;Non renseignee ;2;1;0;0;1;0;Senior actif (50-64);Sans pieton ;Sans moto;1 VL;Sans poids lourd;Senior actif (50-64);2 usagers
Leger;25/03/2012;21:30;Boulogne-Billancourt;Nuit avec eclairage public allumee;Autre;Intersection à plus de 4 branches;Route departementale;Collision par le cote;Scooter > 50 cm3 et <= 125 cm3;Sans changement de direction;VL seul;26;Masculin;Indemne;Non renseignee ;3;2;0;1;1;0;Adulte jeune (25-34);Sans pieton;Avec moto;1 VL;Sans poids lourd;Adulte jeune (25-34);3-5 usagers
Mortel;29/09/2012;00:50;Sevres;Nuit avec eclairage public allumee;Autre;Hors intersection;Route departementale;Sans collision;Motocyclette > 125 cm3;Sans changement de direction;Non renseignee ;28;Masculin;Tue;Non renseignee ;1;1;0;1;0;0;Adulte jeune (25-34);Sans pieton;Avec moto;Aucun VL;Sans poids lourd;Adulte jeune (25-34);1 usager
Leger;18/01/2012;12:00;Asnieres-sur-Seine;Plein jour;Autre;Hors intersection;Voie commuNon renseignee le;Collision par le cote;VL seul;Ouverture de porte;Bicyclette;32;Feminin;Indemne;Non renseignee ;2;2;0;0;1;0;Adulte jeune (25-34);Sans pieton;Sans moto;1 VL;Sans poids lourd;Adulte jeune (25-34);2 usagers
Grave;10/02/2012;17:30;Antony;Plein jour;Autre;Hors intersection;Autoroute;Collisions multiples;VU seul 1,5T <= PTAC <= 3,5T;Sans changement de direction;Scooter > 125 cm3;32;Masculin;Indemne;Non renseignee ;3;3;0;1;2;0;Adulte jeune (25-34);Sans pieton;Avec moto;2 VL;Sans poids lourd;Adulte jeune (25-34);3-5 usagers
Leger;10/02/2012;19:00;Puteaux;Nuit avec eclairage public allumee;Autre;Intersection en X;Route departementale;Collision par le cote;Scooter < 50 cm3;Sans changement de direction;VL seul;18;Masculin;Indemne;Non renseignee ;3;2;0;0;1;0;Jeune adulte (18-24);Sans pieton;Sans moto;1 VL;Sans poids lourd;Jeune adulte (18-24);3-5 usagers
Leger;02/08/2012;13:35;Asnieres-sur-Seine;Plein jour;Autre;Place;Route departementale;Collision par l'arriere;VL seul;Sans changement de direction;VL seul;77;Feminin;Indemne;Non renseignee ;2;2;0;0;2;0;Senior (65+);Sans pieton;Sans moto;2 VL;Sans poids lourd;Senior (65+);2 usagers
Leger;06/12/2012;21:45;Garches;Nuit avec eclairage public allumee;Autre;Hors intersection;Route departementale;Collision par l'arriere;VL seul;Meme sens, Meme file;Scooter > 125 cm3;39;Masculin;Indemne;Non renseignee ;2;2;0;1;1;0;Adulte (35-49);Sans pieton;Avec moto;1 VL;Sans poids lourd;Adulte (35-49);2 usagers
Leger;17/02/2012;16:15;Meudon;Plein jour;Pluie legere;Hors intersection;Route Non renseignee tioNon renseignee le;Collisions multiples;VL seul;S inserant;VL seul;55;Masculin;Indemne;Non renseignee ;3;3;0;0;3;0;Senior actif (50-64);Sans pieton;Sans moto;3 VL ou plus;Sans poids lourd;Senior actif (50-64);3-5 usagers
Leger;20/04/2012;18:00;La Garenne-Colombes;Plein jour;Autre;Intersection en T;Voie commuNon renseignee le;Collision par le cote;Motocyclette > 125 cm3;Sans changement de direction;VL seul;28;Feminin;Indemne;Non renseignee ;3;2;0;1;1;0;Adulte jeune (25-34);Sans pieton;Avec moto;1 VL;Sans poids lourd;Adulte jeune (25-34);3-5 usagers
Leger;24/04/2012;19:45;Gennevilliers;Plein jour;Autre;Hors intersection;Voie commuNon renseignee le;Collision par l'arriere;VL seul;Non renseignee ;VL seul;20;Masculin;Indemne;Non renseignee ;2;2;0;0;2;0;Jeune adulte (18-24);Sans pieton;Sans moto;2 VL;Sans poids lourd;Jeune adulte (18-24);2 usagers
Leger;02/03/2012;04:45;Villeneuve-la-Garenne;Nuit avec eclairage public non allumee;Pluie legere;Hors intersection;Autoroute;Sans collision;VL seul;Non renseignee ;Non renseignee ;50;Masculin;Blessee Leger;Non renseignee ;1;1;0;0;1;0;Senior actif (50-64);Sans pieton;Sans moto;1 VL;Sans poids lourd;Senior actif (50-64);1 usager
Leger;18/05/2012;17:30;Villeneuve-la-Garenne;Plein jour;Autre;Hors intersection;Autoroute;Sans collision;Scooter > 50 cm3 et <= 125 cm3;Se deportant A$roite;Non renseignee ;39;Masculin;Blessee Leger;Non renseignee ;1;1;0;1;0;0;Adulte (35-49);Sans pieton ;Avec moto;Aucun VL;Sans poids lourd;Adulte (35-49);1 usager
Leger;09/10/2012;06:30;Boulogne-Billancourt;Nuit avec eclairage public allumee;Pluie legere;Intersection en T;Voie commuNon renseignee le;Sans collision;VL seul;Sans changement de direction;Non renseignee ;31;Feminin;Blessee Leger;Non renseignee ;1;1;0;0;1;0;Adulte jeune (25-34);Sans pieton;Sans moto;1 VL;Sans poids lourd;Adulte jeune (25-34);1 usager
Leger;27/08/2012;15:00;Boulogne-Billancourt;Plein jour;Autre;Intersection en X;Route departementale;Collision par le cote;VL seul;TourNon renseignee nt A'auche;VL seul;41;Masculin;Indemne;Non renseignee ;2;2;0;0;2;0;Adulte (35-49);Sans pieton ;Sans moto;2 VL;Sans poids lourd;Adulte (35-49);2 usagers
Grave;15/10/2012;17:10;Le Plessis-Robinson;Plein jour;Autre;Hors intersection;Autoroute;Collisions multiples;VL seul;S inserant;VL seul;60;Masculin;Indemne;Non renseignee ;3;3;0;1;2;0;Senior actif (50-64);Sans pieton;Avec moto;2 VL;Sans poids lourd;Senior actif (50-64);3-5 usagers
Leger;17/10/2012;09:35;Non renseignee nterre;Plein jour;Temps couvert;Intersection en Y;Voie commuNon renseignee le;Collision frontale;Scooter > 125 cm3;Sans changement de direction;VL seul;36;Masculin;Blessee Leger;Non renseignee ;2;2;0;1;1;0;Adulte (35-49);Sans pieton;Avec moto;1 VL;Sans poids lourd;Adulte (35-49);2 usagers
Leger;12/04/2012;17:55;Asnieres-sur-Seine;Plein jour;Autre;Intersection en X;Route departementale;Collisions en chaine;VL seul;TourNon renseignee nt A'auche;VL seul;24;Masculin;Indemne;Non renseignee ;3;3;0;0;3;0;Jeune adulte (18-24);Sans pieton ;Sans moto;3 VL ou plus;Sans poids lourd;Jeune adulte (18-24);3-5 usagers
Leger;02/05/2012;14:40;Chatillon;Plein jour;Pluie legere;Hors intersection;Route departementale;Collision par le cote;Scooter > 50 cm3 et <= 125 cm3;Sans changement de direction;VL seul;35;Masculin;Blessee Leger;Non renseignee ;2;2;0;1;1;0;Adulte (35-49);Sans pieton;Avec moto;1 VL;Sans poids lourd;Adulte (35-49);2 usagers
Leger;02/09/2012;20:30;ChateNon renseignee y-Malabry;Crepuscule ou aube;Autre;Hors intersection;Route departementale;Collisions en chaine;VL seul;Meme sens, Meme file;VL seul;25;Feminin;Blessee Leger;Non renseignee ;3;3;0;0;3;0;Adulte jeune (25-34);Sans pieton;Sans moto;3 VL ou plus;Sans poids lourd;Adulte jeune (25-34);3-5 usagers
Leger;22/10/2012;20:50;Suresnes;Nuit avec eclairage public allumee;Autre;Intersection en X;Route departementale;Collision par l'arriere;VL seul;Meme sens, Meme file;Motocyclette > 125 cm3;36;Feminin;Indemne;Non renseignee ;2;2;0;1;1;0;Adulte (35-49);Sans pieton;Avec moto;1 VL;Sans poids lourd;Adulte (35-49);2 usagers
Leger;28/06/2012;16:50;Neuilly-sur-Seine;Plein jour;Autre;Place;Voie commuNon renseignee le;Sans collision;Cyclomoteur <50cm3;TourNon renseignee nt A$roite;Non renseignee ;30;Feminin;Blessee Leger;Non renseignee ;1;1;0;0;0;0;Adulte jeune (25-34);Sans pieton ;Sans moto;Aucun VL;Sans poids lourd;Adulte jeune (25-34);1 usager
Mortel;16/10/2014;01:00;Vanves;Nuit avec eclairage public allumee;Pluie legere;Hors intersection;Route departementale;Sans collision;Motocyclette > 125 cm3;Se deportant A$roite;Non renseignee ;21;Masculin;Tue;Non renseignee ;1;1;0;1;0;0;Jeune adulte (18-24);Sans pieton ;Avec moto;Aucun VL;Sans poids lourd;Jeune adulte (18-24);1 usager
Leger;22/10/2012;09:00;Rueil-Malmaison;Plein jour;Autre;Intersection en X;Voie commuNon renseignee le;Collision par le cote;VL seul;Sans changement de direction;VL seul;69;Masculin;Indemne;Non renseignee ;2;2;0;0;2;0;Senior (65+);Sans pieton;Sans moto;2 VL;Sans poids lourd;Senior (65+);2 usagers
Grave;05/11/2014;23:45;Non renseignee nterre;Nuit avec eclairage public allumee;Autre;Hors intersection;Autoroute;Collision par le cote;Motocyclette > 125 cm3;Non renseignee ;Motocyclette > 125 cm3;19;Masculin;Blessee hospitalisee;Non renseignee ;2;2;0;2;0;0;Jeune adulte (18-24);Sans pieton;Avec moto;Aucun VL;Sans poids lourd;Jeune adulte (18-24);2 usagers
Leger;31/07/2012;18:30;Boulogne-Billancourt;Plein jour;Autre;Hors intersection;Route departementale;Collisions multiples;VL seul;En faisant demi-tour sur la chaussee;Scooter > 125 cm3;32;Feminin;Blessee Leger;Non renseignee ;3;3;0;1;2;0;Adulte jeune (25-34);Sans pieton;Avec moto;2 VL;Sans poids lourd;Adulte jeune (25-34);3-5 usagers
Leger;02/08/2012;12:00;Puteaux;Plein jour;Autre;Hors intersection;Route departementale;Collision par le cote;VU seul 1,5T <= PTAC <= 3,5T;Ouverture de porte;Bicyclette;54;Masculin;Indemne;Non renseignee ;2;2;0;0;1;0;Senior actif (50-64);Sans pieton;Sans moto;1 VL;Sans poids lourd;Senior actif (50-64);2 usagers
Leger;17/09/2012;15:45;Montrouge;Plein jour;Autre;Hors intersection;Route departementale;Collision frontale;VU seul 1,5T <= PTAC <= 3,5T;Sedeportant A'auche;PL seul > 7,5T;25;Masculin;Blessee Leger;Non renseignee ;2;2;0;0;1;1;Adulte jeune (25-34);Sans pieton ;Sans moto;1 VL;Avec poids lourd;Adulte jeune (25-34);2 usagers
Grave;28/11/2012;21:10;Clamart;Nuit sanseclairage public;Pluie legere;Hors intersection;Route departementale;Collision par le cote;VL seul;Changeant de file A$roite;Motocyclette > 50 cm3 et <= 125 cm3;28;Masculin;Indemne;Non renseignee ;2;2;0;1;1;0;Adulte jeune (25-34);Sans pieton;Avec moto;1 VL;Sans poids lourd;Adulte jeune (25-34);2 usagers
Leger;01/11/2012;15:15;Boulogne-Billancourt;Plein jour;Autre;Hors intersection;Voie commuNon renseignee le;Collision par le cote;VL seul;S inserant;VL seul;36;Masculin;Indemne;Non renseignee ;3;2;0;0;2;0;Adulte (35-49);Sans pieton;Sans moto;2 VL;Sans poids lourd;Adulte (35-49);3-5 usagers
Leger;24/12/2012;12:30;Gennevilliers;Plein jour;Autre;Hors intersection;Autoroute;Sans collision;VL seul;Meme sens, Meme file;Non renseignee ;25;Masculin;Blessee Leger;Non renseignee ;1;1;0;0;1;0;Adulte jeune (25-34);Sans pieton;Sans moto;1 VL;Sans poids lourd;Adulte jeune (25-34);1 usager
Leger;11/06/2012;14:50;Rueil-Malmaison;Plein jour;Autre;Hors intersection;Autoroute;Collision par l'arriere;VL seul;Meme sens, Meme file;VL seul;22;Masculin;Blessee Leger;Non renseignee ;2;2;0;0;2;0;Jeune adulte (18-24);Sans pieton;Sans moto;2 VL;Sans poids lourd;Jeune adulte (18-24);2 usagers
Grave;26/04/2014;16:45;FonteNon renseignee y-aux-Roses;Plein jour;Autre;Intersection en X;Voie commuNon renseignee le;Autre collision;VL seul;Sans changement de direction;Non renseignee ;43;Masculin;Indemne;Non renseignee ;3;1;2;0;1;0;Adulte (35-49);Avec pieton;Sans moto;1 VL;Sans poids lourd;Adulte (35-49);3-5 usagers
Grave;27/09/2014;15:47;Sceaux;Plein jour;Autre;Intersection en T;Voie commuNon renseignee le;Autre collision;VL seul;TourNon renseignee nt A$roite;Non renseignee ;84;Masculin;Indemne;Non renseignee ;2;1;1;0;1;0;Senior (65+);Avec pieton;Sans moto;1 VL;Sans poids lourd;Senior (65+);2 usagers
Grave;12/11/2014;14:10;Clichy;Plein jour;Autre;Intersection en X;Route departementale;Autre collision;PL seul > 7,5T;En marche arriere;Non renseignee ;42;Masculin;Indemne;Non renseignee ;2;1;1;0;0;1;Adulte (35-49);Avec pieton;Sans moto;Aucun VL;Avec poids lourd;Adulte (35-49);2 usagers
Leger;03/01/2012;11:50;Gennevilliers;Plein jour;Autre;Hors intersection;Route departementale;Collision par le cote;Scooter < 50 cm3;Sans changement de direction;VL seul;20;Masculin;Blessee Leger;Non renseignee ;2;2;0;0;1;0;Jeune adulte (18-24);Sans pieton;Sans moto;1 VL;Sans poids lourd;Jeune adulte (18-24);2 usagers
Leger;07/10/2012;18:55;Colombes;Plein jour;Autre;Hors intersection;Route departementale;Collision par le cote;VL seul;Manoeuvre de stationnement;Bicyclette;30;Masculin;Indemne;Non renseignee ;2;2;0;0;1;0;Adulte jeune (25-34);Sans pieton;Sans moto;1 VL;Sans poids lourd;Adulte jeune (25-34);2 usagers
Grave;18/06/2014;09:00;Sevres;Plein jour;Autre;Hors intersection;Route departementale;Autre collision;Motocyclette > 50 cm3 et <= 125 cm3;Non renseignee ;Non renseignee ;33;Masculin;Indemne;Non renseignee ;2;1;1;1;0;0;Adulte jeune (25-34);Avec pieton;Avec moto;Aucun VL;Sans poids lourd;Adulte jeune (25-34);2 usagers
Leger;08/06/2012;11:20;Gennevilliers;Plein jour;Autre;Hors intersection;Voie commuNon renseignee le;Collision par le cote;VL seul;Non renseignee ;VL seul;38;Feminin;Blessee Leger;Non renseignee ;2;2;0;0;2;0;Adulte (35-49);Sans pieton;Sans moto;2 VL;Sans poids lourd;Adulte (35-49);2 usagers
Grave;06/10/2014;20:25;Villeneuve-la-Garenne;Nuit sanseclairage public;Pluie legere;Hors intersection;Autoroute;Collision par l'arriere;VL seul;Non renseignee ;VL seul;40;Feminin;Blessee hospitalisee;Non renseignee ;1;2;0;0;2;0;Adulte (35-49);Sans pieton;Sans moto;2 VL;Sans poids lourd;Adulte (35-49);1 usager
Leger;07/06/2012;08:35;Le Plessis-Robinson;Plein jour;Autre;Hors intersection;Route departementale;Collision par le cote;VL seul;TourNon renseignee nt A'auche;Scooter > 50 cm3 et <= 125 cm3;52;Masculin;Indemne;Non renseignee ;2;2;0;1;1;0;Senior actif (50-64);Sans pieton ;Avec moto;1 VL;Sans poids lourd;Senior actif (50-64);2 usagers
Grave;20/09/2014;18:25;Gennevilliers;Plein jour;Pluie forte;Hors intersection;Route departementale;Sans collision;VL seul;Se deportant A$roite;Non renseignee ;25;Masculin;Blessee hospitalisee;Non renseignee ;1;1;0;0;1;0;Adulte jeune (25-34);Sans pieton ;Sans moto;1 VL;Sans poids lourd;Adulte jeune (25-34);1 usager
Leger;03/07/2012;20:30;Bagneux;Plein jour;Autre;Intersection en X;Route departementale;Collision par le cote;VL seul;Ouverture de porte;Bicyclette;21;Feminin;Indemne;Non renseignee ;3;2;0;0;1;0;Jeune adulte (18-24);Sans pieton;Sans moto;1 VL;Sans poids lourd;Jeune adulte (18-24);3-5 usagers
Leger;17/06/2012;19:15;Non renseignee nterre;Plein jour;Temps eblouissant;Hors intersection;Voie commuNon renseignee le;Autre collision;VL seul;Sans changement de direction;Non renseignee ;24;Masculin;Indemne;Non renseignee ;3;1;1;0;1;0;Jeune adulte (18-24);Avec pieton;Sans moto;1 VL;Sans poids lourd;Jeune adulte (18-24);3-5 usagers
Leger;05/04/2014;14:05;Marnes-la-Coquette;Plein jour;Autre;Hors intersection;Autoroute;Collisions multiples;Motocyclette > 125 cm3;Meme sens, Meme file;VL seul;44;Masculin;Blessee Leger;Non renseignee ;3;3;0;1;2;0;Adulte (35-49);Sans pieton;Avec moto;2 VL;Sans poids lourd;Adulte (35-49);3-5 usagers
Leger;26/07/2012;12:40;Le Plessis-Robinson;Plein jour;Autre;Place;Route departementale;Collision par le cote;VL seul;Changeant de file A'auche;Scooter > 50 cm3 et <= 125 cm3;22;Masculin;Indemne;Non renseignee ;3;2;0;1;1;0;Jeune adulte (18-24);Sans pieton;Avec moto;1 VL;Sans poids lourd;Jeune adulte (18-24);3-5 usagers
Leger;23/07/2014;08:10;Colombes;Plein jour;Autre;Hors intersection;Autoroute;Collisions multiples;Motocyclette > 125 cm3;Entre 2 files;VL seul;38;Masculin;Blessee Leger;Non renseignee ;3;3;0;1;2;0;Adulte (35-49);Sans pieton;Avec moto;2 VL;Sans poids lourd;Adulte (35-49);3-5 usagers
Leger;18/10/2012;18:15;Montrouge;Crepuscule ou aube;Pluie legere;Intersection en X;Route departementale;Collision par le cote;VL seul;En faisant demi-tour sur la chaussee;Scooter > 50 cm3 et <= 125 cm3;27;Masculin;Indemne;Non renseignee ;2;2;0;1;1;0;Adulte jeune (25-34);Sans pieton;Avec moto;1 VL;Sans poids lourd;Adulte jeune (25-34);2 usagers
Leger;30/03/2012;08:40;Boulogne-Billancourt;Plein jour;Autre;Hors intersection;Route departementale;Collision par le cote;Motocyclette > 125 cm3;Non renseignee ;VL seul;47;Masculin;Blessee Leger;Non renseignee ;2;2;0;1;1;0;Adulte (35-49);Sans pieton;Avec moto;1 VL;Sans poids lourd;Adulte (35-49);2 usagers
Leger;13/05/2014;12:45;Boulogne-Billancourt;Plein jour;Autre;Giratoire;Voie commuNon renseignee le;Collision par le cote;Scooter > 50 cm3 et <= 125 cm3;Meme sens, Meme file;Scooter > 125 cm3;43;Feminin;Blessee Leger;Non renseignee ;2;2;0;2;0;0;Adulte (35-49);Sans pieton;Avec moto;Aucun VL;Sans poids lourd;Adulte (35-49);2 usagers
Grave;26/02/2012;01:30;Meudon;Nuit avec eclairage public allumee;Autre;Hors intersection;Route departementale;Sans collision;Scooter < 50 cm3;Sans changement de direction;Non renseignee ;18;Masculin;Blessee hospitalisee;Non renseignee ;1;1;0;0;0;0;Jeune adulte (18-24);Sans pieton;Sans moto;Aucun VL;Sans poids lourd;Jeune adulte (18-24);1 usager
Leger;17/07/2014;16:45;Clamart;Plein jour;Autre;Hors intersection;Voie commuNon renseignee le;Sans collision;Motocyclette > 125 cm3;Se deportant A$roite;Non renseignee ;18;Masculin;Blessee Leger;Non renseignee ;1;1;0;1;0;0;Jeune adulte (18-24);Sans pieton ;Avec moto;Aucun VL;Sans poids lourd;Jeune adulte (18-24);1 usager
Leger;19/09/2014;17:00;Clamart;Plein jour;Autre;Intersection en T;Route departementale;Collision par le cote;VL seul;TourNon renseignee nt A'auche;Scooter > 50 cm3 et <= 125 cm3;21;Masculin;Indemne;Non renseignee ;3;2;0;1;1;0;Jeune adulte (18-24);Sans pieton ;Avec moto;1 VL;Sans poids lourd;Jeune adulte (18-24);3-5 usagers
Grave;24/04/2012;09:05;Saint-Cloud;Plein jour;Autre;Hors intersection;Autoroute;Collision par l'arriere;Motocyclette > 125 cm3;Meme sens, Meme file;Tracteur routier + semi-remorque;45;Masculin;Blessee hospitalisee;Non renseignee ;2;2;0;1;0;1;Adulte (35-49);Sans pieton;Avec moto;Aucun VL;Avec poids lourd;Adulte (35-49);2 usagers
Leger;25/11/2014;19:55;Clamart;Nuit avec eclairage public allumee;Autre;Hors intersection;Route departementale;Collision par le cote;VL seul;Non renseignee ;Scooter > 125 cm3;20;Masculin;Indemne;Non renseignee ;2;2;0;1;1;0;Jeune adulte (18-24);Sans pieton;Avec moto;1 VL;Sans poids lourd;Jeune adulte (18-24);2 usagers
Leger;11/10/2012;20:40;Colombes;Nuit avec eclairage public allumee;Autre;Hors intersection;Voie commuNon renseignee le;Collision par le cote;VL seul;Ouverture de porte;Motocyclette > 50 cm3 et <= 125 cm3;23;Masculin;Indemne;Non renseignee ;2;2;0;1;1;0;Jeune adulte (18-24);Sans pieton;Avec moto;1 VL;Sans poids lourd;Jeune adulte (18-24);2 usagers
Leger;11/06/2014;17:00;Clichy;Plein jour;Autre;Hors intersection;Voie commuNon renseignee le;Collision par le cote;Motocyclette > 125 cm3;Sans changement de direction;VL seul;46;Masculin;Blessee Leger;Non renseignee ;2;2;0;1;1;0;Adulte (35-49);Sans pieton;Avec moto;1 VL;Sans poids lourd;Adulte (35-49);2 usagers
Leger;26/12/2014;09:50;Clichy;Plein jour;Autre;Intersection en T;Route departementale;Collision par l'arriere;VL seul;Meme sens, Meme file;Motocyclette > 125 cm3;45;Masculin;Indemne;Non renseignee ;2;2;0;1;1;0;Adulte (35-49);Sans pieton;Avec moto;1 VL;Sans poids lourd;Adulte (35-49);2 usagers
Leger;23/03/2014;07:35;Colombes;Plein jour;Autre;Hors intersection;Voie commuNon renseignee le;Sans collision;Scooter > 125 cm3;Se deportant A$roite;Non renseignee ;24;Masculin;Blessee Leger;Non renseignee ;1;1;0;1;0;0;Jeune adulte (18-24);Sans pieton ;Avec moto;Aucun VL;Sans poids lourd;Jeune adulte (18-24);1 usager
Leger;22/05/2012;16:00;Neuilly-sur-Seine;Plein jour;Temps couvert;Hors intersection;Route departementale;Collision frontale;VL seul;Non renseignee ;VU seul 1,5T <= PTAC <= 3,5T;68;Masculin;Indemne;Non renseignee ;2;2;0;0;2;0;Senior (65+);Sans pieton;Sans moto;2 VL;Sans poids lourd;Senior (65+);2 usagers
Leger;27/04/2014;17:15;Gennevilliers;Plein jour;Autre;Giratoire;Voie commuNon renseignee le;Sans collision;Motocyclette > 125 cm3;Sans changement de direction;Non renseignee ;32;Masculin;Blessee Leger;Non renseignee ;1;1;0;1;0;0;Adulte jeune (25-34);Sans pieton;Avec moto;Aucun VL;Sans poids lourd;Adulte jeune (25-34);1 usager
Leger;04/09/2012;20:30;Asnieres-sur-Seine;Nuit avec eclairage public allumee;Autre;Intersection en T;Route departementale;Collision par le cote;VL seul;TourNon renseignee nt A'auche;Scooter < 50 cm3;45;Feminin;Indemne;Non renseignee ;2;2;0;0;1;0;Adulte (35-49);Sans pieton ;Sans moto;1 VL;Sans poids lourd;Adulte (35-49);2 usagers
Leger;03/06/2014;05:40;Issy-les-Moulineaux;Crepuscule ou aube;Autre;Intersection en X;Route departementale;Collision par le cote;Motocyclette > 50 cm3 et <= 125 cm3;Non renseignee ;VL seul;27;Masculin;Blessee Leger;Non renseignee ;2;2;0;1;1;0;Adulte jeune (25-34);Sans pieton;Avec moto;1 VL;Sans poids lourd;Adulte jeune (25-34);2 usagers
Mortel;04/05/2012;17:30;Garches;Plein jour;Autre;Hors intersection;Route departementale;Autre collision;Autobus;Sans changement de direction;Non renseignee ;52;Masculin;Indemne;Non renseignee ;3;1;1;0;0;0;Senior actif (50-64);Avec pieton;Sans moto;Aucun VL;Sans poids lourd;Senior actif (50-64);3-5 usagers
Grave;05/01/2012;09:45;Antony;Plein jour;Pluie legere;Intersection en X;Route departementale;Autre collision;VL seul;TourNon renseignee nt A'auche;Non renseignee ;21;Feminin;Indemne;Non renseignee ;2;1;1;0;1;0;Jeune adulte (18-24);Avec pieton;Sans moto;1 VL;Sans poids lourd;Jeune adulte (18-24);2 usagers