type_acci;date;heure;commune;luminosite_accident;cond_atmos;Intersection;categorie_route;type_collision;type_vehicule_1;manoeuvre_vehicule_1;type_vehicule_2;age_usager;sexe_usager;gravite_usager;etat_usager;nombre_usagers;nb_veh;nombre_pietons;nombre_motos;nombre_vl;nombre_pl;age_usa1_categ;accident_pieton;accident_moto;categorie_vl;accident_pl;categorie_age;categorie_usagers
Leger;02/07/2008;17:20;Courbevoie;Plein jour;Autre;Intersection en X;Route departementale;Collision par le cote;Motocyclette > 50 cm3 et <= 125 cm3;Sans changement de direction;VL seul;38;Masculin;Blessee Leger;Non renseignee ;2;2;0;1;1;0;Adulte (35-49);Sans pieton;Avec moto;1 VL;Sans poids lourd;Adulte (35-49);2 usagers
Leger;21/03/2007;07:00;Saint-Cloud;Crepuscule ou aube;Pluie legere;Hors intersection;Route departementale;Collision par le cote;Scooter > 50 cm3 et <= 125 cm3;Sans changement de direction;VL seul;40;Masculin;Blessee Leger;Non renseignee ;1;2;0;1;1;0;Adulte (35-49);Sans pieton;Avec moto;1 VL;Sans poids lourd;Adulte (35-49);1 usager
Leger;09/08/2007;17:30;Boulogne-Billancourt;Plein jour;Autre;Hors intersection;Route departementale;Collision frontale;VU seul 1,5T <= PTAC <= 3,5T;Sans changement de direction;VU seul 1,5T <= PTAC <= 3,5T;61;Masculin;Blessee Leger;Non renseignee ;4;2;0;0;2;0;Senior actif (50-64);Sans pieton;Sans moto;2 VL;Sans poids lourd;Senior actif (50-64);3-5 usagers
Leger;19/02/2007;07:10;Sevres;Crepuscule ou aube;Autre;Place;Route departementale;Collision par le cote;VL seul;Sans changement de direction;VL seul;27;Masculin;Blessee Leger;Non renseignee ;2;2;0;0;2;0;Adulte jeune (25-34);Sans pieton;Sans moto;2 VL;Sans poids lourd;Adulte jeune (25-34);2 usagers
Leger;17/04/2007;15:20;Suresnes;Plein jour;Autre;Intersection en X;Route departementale;Collision par le cote;VL seul;TourNon renseignee nt A$roite;Bicyclette;28;Masculin;Blessee Leger;Non renseignee ;2;2;0;0;1;0;Adulte jeune (25-34);Sans pieton ;Sans moto;1 VL;Sans poids lourd;Adulte jeune (25-34);2 usagers
Grave;23/12/2015;06:40;Vaucresson;Crepuscule ou aube;Pluie legere;Hors intersection;Route departementale;Sans collision;Scooter < 50 cm3;Se deportant A$roite;Non renseignee ;21;Feminin;Blessee hospitalisee;Non renseignee ;1;1;0;0;0;0;Jeune adulte (18-24);Sans pieton ;Sans moto;Aucun VL;Sans poids lourd;Jeune adulte (18-24);1 usager
Grave;22/08/2015;22:00;Bois-Colombes;Nuit avec eclairage public allumee;Autre;Hors intersection;Voie commuNon renseignee le;Sans collision;Bicyclette;TourNon renseignee nt A'auche;Non renseignee ;22;Masculin;Blessee hospitalisee;Non renseignee ;1;1;0;0;0;0;Jeune adulte (18-24);Sans pieton ;Sans moto;Aucun VL;Sans poids lourd;Jeune adulte (18-24);1 usager
Leger;05/11/2007;08:12;Suresnes;Plein jour;Autre;Hors intersection;Route departementale;Collisions en chaine;VU seul 1,5T <= PTAC <= 3,5T;Sans changement de direction;VL seul;26;Masculin;Indemne;Non renseignee ;3;3;0;0;3;0;Adulte jeune (25-34);Sans pieton;Sans moto;3 VL ou plus;Sans poids lourd;Adulte jeune (25-34);3-5 usagers
Grave;20/01/2015;17:05;Puteaux;Nuit avec eclairage public allumee;Autre;Hors intersection;Voie commuNon renseignee le;Autre collision;Motocyclette > 125 cm3;Sans changement de direction;Non renseignee ;28;Masculin;Indemne;Non renseignee ;2;1;1;1;0;0;Adulte jeune (25-34);Avec pieton;Avec moto;Aucun VL;Sans poids lourd;Adulte jeune (25-34);2 usagers
Grave;04/12/2008;08:50;Issy-les-Moulineaux;Plein jour;Pluie legere;Intersection en X;Route departementale;Autre collision;VL seul;TourNon renseignee nt A'auche;Non renseignee ;43;Feminin;Blessee hospitalisee;Non renseignee ;2;1;1;0;1;0;Adulte (35-49);Avec pieton;Sans moto;1 VL;Sans poids lourd;Adulte (35-49);2 usagers
Leger;21/08/2007;08:43;Puteaux;Plein jour;Autre;Hors intersection;Autoroute;Collision par l'arriere;Scooter > 125 cm3;Manoeuvre devitement;VL seul;43;Masculin;Blessee Leger;Non renseignee ;2;2;0;1;1;0;Adulte (35-49);Sans pieton;Avec moto;1 VL;Sans poids lourd;Adulte (35-49);2 usagers
Leger;05/04/2008;15:45;Levallois-Perret;Plein jour;Temps couvert;Place;Route departementale;Collision par l'arriere;Scooter > 50 cm3 et <= 125 cm3;Meme sens, Meme file;VL seul;30;Feminin;Blessee Leger;Non renseignee ;2;2;0;1;1;0;Adulte jeune (25-34);Sans pieton;Avec moto;1 VL;Sans poids lourd;Adulte jeune (25-34);2 usagers
Leger;28/10/2008;11:15;Levallois-Perret;Plein jour;Autre;Place;Voie commuNon renseignee le;Collision par l'arriere;VL seul;En marche arriere;Bicyclette;34;Masculin;Indemne;Non renseignee ;2;2;0;0;1;0;Adulte jeune (25-34);Sans pieton;Sans moto;1 VL;Sans poids lourd;Adulte jeune (25-34);2 usagers
Grave;19/10/2007;09:10;Boulogne-Billancourt;Plein jour;Autre;Intersection en X;Route departementale;Collision par le cote;Motocyclette > 125 cm3;Sans changement de direction;VU seul 1,5T <= PTAC <= 3,5T;20;Masculin;Indemne;Non renseignee ;2;2;0;1;1;0;Jeune adulte (18-24);Sans pieton;Avec moto;1 VL;Sans poids lourd;Jeune adulte (18-24);2 usagers
Leger;14/06/2007;05:30;Meudon;Nuit avec eclairage public allumee;Autre;Hors intersection;Route departementale;Sans collision;VL seul;Sans changement de direction;Non renseignee ;29;Masculin;Blessee Leger;Non renseignee ;1;1;0;0;1;0;Adulte jeune (25-34);Sans pieton;Sans moto;1 VL;Sans poids lourd;Adulte jeune (25-34);1 usager
Leger;01/06/2015;16:30;Non renseignee nterre;Plein jour;Autre;Hors intersection;Autoroute;Collision par le cote;Scooter > 50 cm3 et <= 125 cm3;Entre 2 files;VL seul;49;Masculin;Blessee Leger;Non renseignee ;2;2;0;1;1;0;Adulte (35-49);Sans pieton;Avec moto;1 VL;Sans poids lourd;Adulte (35-49);2 usagers
Leger;23/01/2008;13:25;Non renseignee nterre;Plein jour;Autre;Hors intersection;Route departementale;Autre collision;Tracteur routier + semi-remorque;En marche arriere;Non renseignee ;40;Masculin;Indemne;Non renseignee ;2;1;1;0;0;1;Adulte (35-49);Avec pieton;Sans moto;Aucun VL;Avec poids lourd;Adulte (35-49);2 usagers
Grave;25/10/2008;17:10;Montrouge;Plein jour;Autre;Intersection en X;Route departementale;Autre collision;VL seul;Sans changement de direction;Non renseignee ;31;Feminin;Indemne;Non renseignee ;2;1;1;0;1;0;Adulte jeune (25-34);Avec pieton;Sans moto;1 VL;Sans poids lourd;Adulte jeune (25-34);2 usagers
Leger;20/10/2015;12:20;Asnieres-sur-Seine;Plein jour;Autre;Intersection en Y;Route departementale;Collision par le cote;VL seul;Changeant de file A'auche;Motocyclette > 125 cm3;34;Feminin;Indemne;Non renseignee ;2;2;0;1;1;0;Adulte jeune (25-34);Sans pieton;Avec moto;1 VL;Sans poids lourd;Adulte jeune (25-34);2 usagers
Leger;21/01/2008;10:15;Non renseignee nterre;Plein jour;Autre;Intersection en X;Route departementale;Autre collision;Scooter > 50 cm3 et <= 125 cm3;Sans changement de direction;Non renseignee ;52;Masculin;Blessee Leger;Non renseignee ;2;1;1;1;0;0;Senior actif (50-64);Avec pieton;Avec moto;Aucun VL;Sans poids lourd;Senior actif (50-64);2 usagers
Leger;29/01/2008;09:20;Non renseignee nterre;Plein jour;Autre;Intersection en X;Route departementale;Autre collision;Motocyclette > 125 cm3;Sans changement de direction;Non renseignee ;37;Masculin;Indemne;Non renseignee ;2;1;1;1;0;0;Adulte (35-49);Avec pieton;Avec moto;Aucun VL;Sans poids lourd;Adulte (35-49);2 usagers
Leger;15/01/2008;18:15;Non renseignee nterre;Crepuscule ou aube;Autre;Hors intersection;Voie commuNon renseignee le;Autre collision;VL seul;TourNon renseignee nt A'auche;Non renseignee ;27;Feminin;Indemne;Non renseignee ;2;1;1;0;1;0;Adulte jeune (25-34);Avec pieton;Sans moto;1 VL;Sans poids lourd;Adulte jeune (25-34);2 usagers
Leger;10/06/2015;09:35;Meudon;Plein jour;Autre;Intersection en X;Route departementale;Collision frontale;VL seul;TourNon renseignee nt A'auche;Scooter > 50 cm3 et <= 125 cm3;35;Feminin;Indemne;Non renseignee ;2;2;0;1;1;0;Adulte (35-49);Sans pieton ;Avec moto;1 VL;Sans poids lourd;Adulte (35-49);2 usagers
Leger;10/01/2015;19:30;Neuilly-sur-Seine;Nuit avec eclairage public allumee;Pluie legere;Hors intersection;Route departementale;Collision par l'arriere;VL seul;Sans changement de direction;Scooter > 50 cm3 et <= 125 cm3;40;Masculin;Indemne;Non renseignee ;2;2;0;1;1;0;Adulte (35-49);Sans pieton;Avec moto;1 VL;Sans poids lourd;Adulte (35-49);2 usagers
Leger;30/05/2015;00:45;Neuilly-sur-Seine;Nuit avec eclairage public allumee;Pluie legere;Hors intersection;Route departementale;Collision par le cote;VL seul;En faisant demi-tour sur la chaussee;Scooter > 125 cm3;22;Masculin;Indemne;Non renseignee ;2;2;0;1;1;0;Jeune adulte (18-24);Sans pieton;Avec moto;1 VL;Sans poids lourd;Jeune adulte (18-24);2 usagers
Leger;02/07/2015;20:50;Neuilly-sur-Seine;Plein jour;Autre;Hors intersection;Route Non renseignee tioNon renseignee le;Collision par le cote;VL seul;Changeant de file A$roite;Motocyclette > 125 cm3;28;Masculin;Indemne;Non renseignee ;2;2;0;1;1;0;Adulte jeune (25-34);Sans pieton;Avec moto;1 VL;Sans poids lourd;Adulte jeune (25-34);2 usagers
Leger;08/12/2015;19:45;Rueil-Malmaison;Nuit avec eclairage public allumee;Pluie legere;Hors intersection;Route departementale;Collision par le cote;Scooter > 50 cm3 et <= 125 cm3;Sans changement de direction;VL seul;33;Masculin;Blessee Leger;Non renseignee ;2;2;0;1;1;0;Adulte jeune (25-34);Sans pieton;Avec moto;1 VL;Sans poids lourd;Adulte jeune (25-34);2 usagers
Leger;04/03/2015;08:45;Malakoff;Plein jour;Autre;Hors intersection;Route departementale;Collision par le cote;VL seul;Sedeportant A'auche;Motocyclette > 50 cm3 et <= 125 cm3;60;Masculin;Indemne;Non renseignee ;2;2;0;1;1;0;Senior actif (50-64);Sans pieton ;Avec moto;1 VL;Sans poids lourd;Senior actif (50-64);2 usagers
Leger;17/04/2015;12:20;Le Plessis-Robinson;Plein jour;Autre;Hors intersection;Route departementale;Collision par l'arriere;Scooter < 50 cm3;Meme sens, Meme file;VL seul;35;Masculin;Blessee Leger;Non renseignee ;2;2;0;0;1;0;Adulte (35-49);Sans pieton;Sans moto;1 VL;Sans poids lourd;Adulte (35-49);2 usagers
Leger;20/04/2015;20:40;Clichy;Nuit avec eclairage public allumee;Autre;Intersection en X;Voie commuNon renseignee le;Collision par l'arriere;Scooter < 50 cm3;Sans changement de direction;VL seul;19;Masculin;Blessee Leger;Non renseignee ;2;2;0;0;1;0;Jeune adulte (18-24);Sans pieton;Sans moto;1 VL;Sans poids lourd;Jeune adulte (18-24);2 usagers
Leger;14/10/2015;15:30;Gennevilliers;Plein jour;Autre;Intersection en T;Route departementale;Collisions multiples;Scooter < 50 cm3;Non renseignee ;VU seul 1,5T <= PTAC <= 3,5T;16;Masculin;Blessee Leger;Non renseignee ;3;3;0;0;2;0;Mineur (-18 ans);Sans pieton;Sans moto;2 VL;Sans poids lourd;Mineur (-18 ans);3-5 usagers
Leger;13/06/2015;23:00;Levallois-Perret;Nuit avec eclairage public allumee;Autre;Hors intersection;Voie commuNon renseignee le;Sans collision;Scooter < 50 cm3;Sans changement de direction;Non renseignee ;28;Masculin;Blessee Leger;Non renseignee ;1;1;0;0;0;0;Adulte jeune (25-34);Sans pieton;Sans moto;Aucun VL;Sans poids lourd;Adulte jeune (25-34);1 usager
Leger;24/02/2015;01:20;Chatillon;Nuit avec eclairage public allumee;Autre;Intersection en T;Route departementale;Collision par le cote;VL seul;TourNon renseignee nt A$roite;Scooter < 50 cm3;42;Masculin;Indemne;Non renseignee ;2;2;0;0;1;0;Adulte (35-49);Sans pieton ;Sans moto;1 VL;Sans poids lourd;Adulte (35-49);2 usagers
Leger;29/12/2015;19:00;Chatillon;Nuit avec eclairage public allumee;Autre;Hors intersection;Route departementale;Collision par le cote;VL seul;TourNon renseignee nt A'auche;Scooter < 50 cm3;53;Feminin;Indemne;Non renseignee ;2;2;0;0;1;0;Senior actif (50-64);Sans pieton ;Sans moto;1 VL;Sans poids lourd;Senior actif (50-64);2 usagers
Leger;20/06/2015;13:24;Puteaux;Plein jour;Autre;Intersection en X;Route departementale;Collision par l'arriere;Cyclomoteur <50cm3;Meme sens, Meme file;VL seul;23;Masculin;Blessee Leger;Non renseignee ;3;2;0;0;1;0;Jeune adulte (18-24);Sans pieton;Sans moto;1 VL;Sans poids lourd;Jeune adulte (18-24);3-5 usagers
Leger;14/10/2015;17:00;Rueil-Malmaison;Plein jour;Autre;Intersection en T;Voie commuNon renseignee le;Collision par le cote;Scooter < 50 cm3;Non renseignee ;VL seul;18;Masculin;Blessee Leger;Non renseignee ;2;2;0;0;1;0;Jeune adulte (18-24);Sans pieton;Sans moto;1 VL;Sans poids lourd;Jeune adulte (18-24);2 usagers
Leger;11/05/2015;19:05;Neuilly-sur-Seine;Plein jour;Autre;Intersection en T;Route departementale;Collision par l'arriere;VL seul;Sans changement de direction;Scooter < 50 cm3;31;Masculin;Indemne;Non renseignee ;2;2;0;0;1;0;Adulte jeune (25-34);Sans pieton;Sans moto;1 VL;Sans poids lourd;Adulte jeune (25-34);2 usagers
Leger;19/02/2015;09:45;Saint-Cloud;Plein jour;Autre;Intersection en X;Route departementale;Collision par le cote;Scooter < 50 cm3;Sans changement de direction;VL seul;19;Masculin;Blessee Leger;Non renseignee ;2;2;0;0;1;0;Jeune adulte (18-24);Sans pieton;Sans moto;1 VL;Sans poids lourd;Jeune adulte (18-24);2 usagers
Leger;13/04/2015;06:35;Vaucresson;Crepuscule ou aube;Autre;Intersection en T;Route departementale;Collision par l'arriere;Scooter < 50 cm3;Non renseignee ;VL seul;26;Masculin;Blessee Leger;Non renseignee ;2;2;0;0;1;0;Adulte jeune (25-34);Sans pieton;Sans moto;1 VL;Sans poids lourd;Adulte jeune (25-34);2 usagers
Leger;05/05/2015;12:40;Saint-Cloud;Plein jour;Autre;Intersection en X;Route departementale;Collision par le cote;Scooter < 50 cm3;Sans changement de direction;VL seul;19;Masculin;Blessee Leger;Non renseignee ;2;2;0;0;1;0;Jeune adulte (18-24);Sans pieton;Sans moto;1 VL;Sans poids lourd;Jeune adulte (18-24);2 usagers
Leger;31/12/2015;00:02;Sevres;Nuit avec eclairage public allumee;Pluie legere;Hors intersection;Voie commuNon renseignee le;Collision par l'arriere;Scooter < 50 cm3;Se deportant A$roite;VL seul;33;Masculin;Blessee Leger;Non renseignee ;2;2;0;0;1;0;Adulte jeune (25-34);Sans pieton ;Sans moto;1 VL;Sans poids lourd;Adulte jeune (25-34);2 usagers
Leger;14/07/2015;06:45;Sevres;Nuit avec eclairage public allumee;Autre;Giratoire;Route departementale;Sans collision;Scooter < 50 cm3;Sans changement de direction;Non renseignee ;24;Masculin;Blessee Leger;Non renseignee ;1;1;0;0;0;0;Jeune adulte (18-24);Sans pieton;Sans moto;Aucun VL;Sans poids lourd;Jeune adulte (18-24);1 usager
Leger;27/02/2007;10:40;Meudon;Plein jour;Pluie legere;Intersection en X;Non renseignee ;Collision par le cote;Cyclomoteur <50cm3;Non renseignee ;VL seul;18;Feminin;Blessee Leger;Non renseignee ;2;2;0;0;1;0;Jeune adulte (18-24);Sans pieton;Sans moto;1 VL;Sans poids lourd;Jeune adulte (18-24);2 usagers
Leger;21/09/2008;14:00;Non renseignee nterre;Plein jour;Autre;Giratoire;Route departementale;Collision par le cote;VL seul;TourNon renseignee nt A$roite;Motocyclette > 125 cm3;51;Masculin;Blessee Leger;Non renseignee ;2;2;0;1;1;0;Senior actif (50-64);Sans pieton ;Avec moto;1 VL;Sans poids lourd;Senior actif (50-64);2 usagers
Leger;09/11/2007;08:07;Boulogne-Billancourt;Plein jour;Autre;Hors intersection;Route departementale;Autre collision;VL seul;Meme sens, Meme file;Non renseignee ;55;Masculin;Indemne;Non renseignee ;2;1;1;0;1;0;Senior actif (50-64);Avec pieton;Sans moto;1 VL;Sans poids lourd;Senior actif (50-64);2 usagers
Leger;17/04/2008;09:00;Rueil-Malmaison;Plein jour;Autre;Intersection en T;Route departementale;Collision par l'arriere;VL seul;Meme sens, Meme file;Scooter > 50 cm3 et <= 125 cm3;76;Feminin;Indemne;Non renseignee ;2;2;0;1;1;0;Senior (65+);Sans pieton;Avec moto;1 VL;Sans poids lourd;Senior (65+);2 usagers
Leger;21/06/2007;14:45;Neuilly-sur-Seine;Plein jour;Autre;Hors intersection;Route Non renseignee tioNon renseignee le;Collision par le cote;Scooter < 50 cm3;Sans changement de direction;VL seul;20;Masculin;Blessee Leger;Non renseignee ;1;2;0;0;1;0;Jeune adulte (18-24);Sans pieton;Sans moto;1 VL;Sans poids lourd;Jeune adulte (18-24);1 usager
Leger;15/03/2007;10:25;Neuilly-sur-Seine;Plein jour;Autre;Hors intersection;Non renseignee ;Collision par le cote;VL seul;Manoeuvre de stationnement;Scooter > 50 cm3 et <= 125 cm3;54;Masculin;Blessee Leger;Non renseignee ;2;2;0;1;1;0;Senior actif (50-64);Sans pieton;Avec moto;1 VL;Sans poids lourd;Senior actif (50-64);2 usagers
Leger;03/07/2007;10:00;Neuilly-sur-Seine;Plein jour;Pluie forte;Intersection en X;Non renseignee ;Collision par l'arriere;VL seul;Meme sens, Meme file;VL seul;29;Masculin;Indemne;Non renseignee ;2;2;0;0;2;0;Adulte jeune (25-34);Sans pieton;Sans moto;2 VL;Sans poids lourd;Adulte jeune (25-34);2 usagers
Leger;27/03/2008;09:00;Saint-Cloud;Plein jour;Temps couvert;Hors intersection;Route departementale;Collision par le cote;Scooter > 50 cm3 et <= 125 cm3;Non renseignee ;VL seul;35;Masculin;Blessee Leger;Non renseignee ;2;2;0;1;1;0;Adulte (35-49);Sans pieton;Avec moto;1 VL;Sans poids lourd;Adulte (35-49);2 usagers
Leger;30/03/2007;07:45;Issy-les-Moulineaux;Crepuscule ou aube;Temps couvert;Hors intersection;Route departementale;Collisions multiples;VL seul;Sedeportant A'auche;VL seul;54;Feminin;Indemne;Non renseignee ;3;3;0;0;3;0;Senior actif (50-64);Sans pieton ;Sans moto;3 VL ou plus;Sans poids lourd;Senior actif (50-64);3-5 usagers
Leger;20/12/2007;13:45;ChateNon renseignee y-Malabry;Plein jour;Autre;Intersection en T;Route departementale;Autre collision;VL seul;TourNon renseignee nt A'auche;Non renseignee ;46;Masculin;Indemne;Non renseignee ;2;1;1;0;1;0;Adulte (35-49);Avec pieton;Sans moto;1 VL;Sans poids lourd;Adulte (35-49);2 usagers
Leger;03/06/2008;18:45;Saint-Cloud;Plein jour;Autre;Hors intersection;Route departementale;Collision par l'arriere;VL seul;Arrete (hors stationnement);Scooter < 50 cm3;27;Masculin;Indemne;Non renseignee ;2;2;0;0;1;0;Adulte jeune (25-34);Sans pieton;Sans moto;1 VL;Sans poids lourd;Adulte jeune (25-34);2 usagers
Leger;24/11/2007;14:30;Colombes;Plein jour;Autre;Intersection en T;Route departementale;Collision par le cote;VL seul;TourNon renseignee nt A'auche;Scooter > 50 cm3 et <= 125 cm3;63;Feminin;Blessee Leger;Non renseignee ;2;2;0;1;1;0;Senior actif (50-64);Sans pieton ;Avec moto;1 VL;Sans poids lourd;Senior actif (50-64);2 usagers
Leger;03/06/2007;22:20;Neuilly-sur-Seine;Nuit avec eclairage public allumee;Autre;Intersection en X;Route Non renseignee tioNon renseignee le;Collision par le cote;Scooter < 50 cm3;Non renseignee ;Motocyclette > 125 cm3;27;Masculin;Blessee Leger;Non renseignee ;2;2;0;1;0;0;Adulte jeune (25-34);Sans pieton;Avec moto;Aucun VL;Sans poids lourd;Adulte jeune (25-34);2 usagers
Leger;16/01/2008;10:00;Suresnes;Plein jour;Autre;Hors intersection;Route departementale;Sans collision;Scooter > 50 cm3 et <= 125 cm3;Sans changement de direction;Non renseignee ;31;Masculin;Blessee Leger;Non renseignee ;1;1;0;1;0;0;Adulte jeune (25-34);Sans pieton;Avec moto;Aucun VL;Sans poids lourd;Adulte jeune (25-34);1 usager
Leger;29/11/2008;14:20;Suresnes;Plein jour;Autre;Hors intersection;Voie commuNon renseignee le;Autre collision;VL seul;S inserant;Non renseignee ;35;Masculin;Indemne;Non renseignee ;2;1;1;0;1;0;Adulte (35-49);Avec pieton;Sans moto;1 VL;Sans poids lourd;Adulte (35-49);2 usagers
Leger;22/05/2008;09:40;Malakoff;Plein jour;Autre;Intersection en T;Route departementale;Collision par le cote;VL seul;TourNon renseignee nt A'auche;Scooter > 50 cm3 et <= 125 cm3;56;Masculin;Indemne;Non renseignee ;3;2;0;1;1;0;Senior actif (50-64);Sans pieton ;Avec moto;1 VL;Sans poids lourd;Senior actif (50-64);3-5 usagers
Leger;21/02/2007;20:30;Bois-Colombes;Nuit avec eclairage public allumee;Autre;Intersection en X;Route departementale;Collision par le cote;Motocyclette > 50 cm3 et <= 125 cm3;TourNon renseignee nt A'auche;Cyclomoteur <50cm3;53;Masculin;Indemne;Non renseignee ;2;2;0;1;0;0;Senior actif (50-64);Sans pieton ;Avec moto;Aucun VL;Sans poids lourd;Senior actif (50-64);2 usagers
Leger;03/05/2007;16:30;Neuilly-sur-Seine;Plein jour;Autre;Hors intersection;Non renseignee ;Autre collision;VL seul;En marche arriere;Non renseignee ;37;Feminin;Indemne;Non renseignee ;3;1;2;0;1;0;Adulte (35-49);Avec pieton;Sans moto;1 VL;Sans poids lourd;Adulte (35-49);3-5 usagers
Leger;09/01/2008;12:48;Meudon;Plein jour;Pluie legere;Hors intersection;Route Non renseignee tioNon renseignee le;Collisions en chaine;VL seul;Meme sens, Meme file;VL seul;51;Feminin;Indemne;Non renseignee ;4;4;0;0;4;0;Senior actif (50-64);Sans pieton;Sans moto;3 VL ou plus;Sans poids lourd;Senior actif (50-64);3-5 usagers
Leger;09/01/2008;13:50;Sevres;Plein jour;Autre;Hors intersection;Route Non renseignee tioNon renseignee le;Sans collision;VL seul;Sans changement de direction;Non renseignee ;25;Feminin;Blessee Leger;Non renseignee ;1;1;0;0;1;0;Adulte jeune (25-34);Sans pieton;Sans moto;1 VL;Sans poids lourd;Adulte jeune (25-34);1 usager
Leger;24/01/2008;16:45;Non renseignee nterre;Plein jour;Autre;Hors intersection;Autoroute;Collisions en chaine;Motocyclette > 50 cm3 et <= 125 cm3;Meme sens, Meme file;VL seul;21;Masculin;Indemne;Non renseignee ;3;3;0;1;2;0;Jeune adulte (18-24);Sans pieton;Avec moto;2 VL;Sans poids lourd;Jeune adulte (18-24);3-5 usagers
Grave;29/10/2007;20:00;Vanves;Nuit avec eclairage public allumee;Pluie legere;Intersection en X;Route departementale;Collision par le cote;Scooter > 50 cm3 et <= 125 cm3;Sans changement de direction;VL seul;33;Masculin;Blessee hospitalisee;Non renseignee ;2;2;0;1;1;0;Adulte jeune (25-34);Sans pieton;Avec moto;1 VL;Sans poids lourd;Adulte jeune (25-34);2 usagers
Leger;14/04/2007;16:20;Issy-les-Moulineaux;Plein jour;Autre;Hors intersection;Route departementale;Collision par le cote;VL seul;Ouverture de porte;Bicyclette;50;Feminin;Indemne;Non renseignee ;2;2;0;0;1;0;Senior actif (50-64);Sans pieton;Sans moto;1 VL;Sans poids lourd;Senior actif (50-64);2 usagers
Leger;24/04/2007;07:50;Chatillon;Plein jour;Autre;Intersection en X;Route departementale;Collision par le cote;Scooter > 50 cm3 et <= 125 cm3;Meme sens, Meme file;VL seul;21;Feminin;Blessee Leger;Non renseignee ;3;2;0;1;1;0;Jeune adulte (18-24);Sans pieton;Avec moto;1 VL;Sans poids lourd;Jeune adulte (18-24);3-5 usagers
Leger;14/11/2007;16:15;Asnieres-sur-Seine;Plein jour;Autre;Hors intersection;Route departementale;Collision par l'arriere;VL seul;Sans changement de direction;Bicyclette;39;Masculin;Indemne;Non renseignee ;2;2;0;0;1;0;Adulte (35-49);Sans pieton;Sans moto;1 VL;Sans poids lourd;Adulte (35-49);2 usagers
Grave;05/02/2007;18:25;Asnieres-sur-Seine;Crepuscule ou aube;Autre;Intersection en X;Non renseignee ;Collision par le cote;VL seul;TourNon renseignee nt A'auche;Scooter > 125 cm3;43;Feminin;Indemne;Non renseignee ;2;2;0;1;1;0;Adulte (35-49);Sans pieton ;Avec moto;1 VL;Sans poids lourd;Adulte (35-49);2 usagers
Leger;23/09/2007;01:30;Clichy;Nuit avec eclairage public allumee;Autre;Intersection en X;Route departementale;Collision par le cote;VL seul;TourNon renseignee nt A'auche;VL seul;22;Masculin;Indemne;Non renseignee ;7;2;0;0;2;0;Jeune adulte (18-24);Sans pieton ;Sans moto;2 VL;Sans poids lourd;Jeune adulte (18-24);Plus de 5 usagers
Leger;22/02/2007;14:55;Levallois-Perret;Plein jour;Autre;Intersection en X;Non renseignee ;Collision par le cote;Scooter < 50 cm3;Non renseignee ;VL seul;38;Masculin;Indemne;Non renseignee ;2;2;0;0;1;0;Adulte (35-49);Sans pieton;Sans moto;1 VL;Sans poids lourd;Adulte (35-49);2 usagers
Grave;14/07/2007;19:00;Levallois-Perret;Plein jour;Autre;Hors intersection;Non renseignee ;Autre collision;Autobus;Non renseignee ;Non renseignee ;2;Masculin;Blessee hospitalisee;Non renseignee ;2;1;1;0;0;0;Mineur (-18 ans);Avec pieton;Sans moto;Aucun VL;Sans poids lourd;Mineur (-18 ans);2 usagers
Leger;09/01/2007;09:20;Vanves;Plein jour;Pluie legere;Place;Non renseignee ;Autre collision;VL seul;Sans changement de direction;Non renseignee ;40;Masculin;Indemne;Non renseignee ;2;1;1;0;1;0;Adulte (35-49);Avec pieton;Sans moto;1 VL;Sans poids lourd;Adulte (35-49);2 usagers
Leger;24/04/2007;18:35;Malakoff;Plein jour;Autre;Hors intersection;Route departementale;Sans collision;VL seul;Se deportant A$roite;Non renseignee ;73;Feminin;Blessee Leger;Non renseignee ;1;1;0;0;1;0;Senior (65+);Sans pieton ;Sans moto;1 VL;Sans poids lourd;Senior (65+);1 usager
Leger;24/11/2007;10:35;Clichy;Plein jour;Autre;Intersection en X;Route departementale;Autre collision;Motocyclette > 50 cm3 et <= 125 cm3;Sans changement de direction;Non renseignee ;26;Masculin;Blessee Leger;Non renseignee ;2;1;1;1;0;0;Adulte jeune (25-34);Avec pieton;Avec moto;Aucun VL;Sans poids lourd;Adulte jeune (25-34);2 usagers
Leger;23/03/2007;12:05;Levallois-Perret;Plein jour;Autre;Intersection en T;Route departementale;Autre collision;Scooter > 50 cm3 et <= 125 cm3;Sans changement de direction;Non renseignee ;32;Masculin;Indemne;Non renseignee ;2;1;1;1;0;0;Adulte jeune (25-34);Avec pieton;Avec moto;Aucun VL;Sans poids lourd;Adulte jeune (25-34);2 usagers
Leger;21/08/2015;14:00;Meudon;Plein jour;Autre;Intersection en T;Voie commuNon renseignee le;Collision par le cote;VL seul;Sans changement de direction;Bicyclette;71;Feminin;Indemne;Non renseignee ;2;2;0;0;1;0;Senior (65+);Sans pieton;Sans moto;1 VL;Sans poids lourd;Senior (65+);2 usagers