type_acci;date;heure;commune;luminosite_accident;cond_atmos;Intersection;categorie_route;type_collision;type_vehicule_1;manoeuvre_vehicule_1;type_vehicule_2;age_usager;sexe_usager;gravite_usager;etat_usager;nombre_usagers;nb_veh;nombre_pietons;nombre_motos;nombre_vl;nombre_pl;age_usa1_categ;accident_pieton;accident_moto;categorie_vl;accident_pl;categorie_age;categorie_usagers
Leger;01/06/2016;08:30;Saint-Cloud;Plein jour;Pluie legere;Hors intersection;Route departementale;Collision par le cote;VL seul;En faisant demi-tour sur la chaussee;Scooter < 50 cm3;46;Masculin;Indemne;Non renseignee ;2;2;0;0;1;0;Adulte (35-49);Sans pieton;Sans moto;1 VL;Sans poids lourd;Adulte (35-49);2 usagers
Leger;02/02/2007;21:53;Puteaux;Nuit avec eclairage public allumee;Autre;Hors intersection;Non renseignee ;Autre collision;Scooter < 50 cm3;Non renseignee ;Non renseignee ;18;Masculin;Indemne;Non renseignee ;2;1;1;0;0;0;Jeune adulte (18-24);Avec pieton;Sans moto;Aucun VL;Sans poids lourd;Jeune adulte (18-24);2 usagers
Leger;10/03/2016;11:05;Malakoff;Plein jour;Autre;Intersection en X;Route departementale;Collision par le cote;Scooter < 50 cm3;Sans changement de direction;VL seul;32;Masculin;Blessee Leger;Non renseignee ;2;2;0;0;1;0;Adulte jeune (25-34);Sans pieton;Sans moto;1 VL;Sans poids lourd;Adulte jeune (25-34);2 usagers
Leger;15/03/2016;13:45;Malakoff;Plein jour;Autre;Intersection en X;Voie commuNon renseignee le;Collision par le cote;VL seul;TourNon renseignee nt A'auche;Scooter < 50 cm3;40;Masculin;Indemne;Non renseignee ;2;2;0;0;1;0;Adulte (35-49);Sans pieton ;Sans moto;1 VL;Sans poids lourd;Adulte (35-49);2 usagers
Leger;11/06/2016;22:20;Asnieres-sur-Seine;Nuit avec eclairage public non allumee;Autre;Intersection A0lus de 4 branches;Route departementale;Collision frontale;Bicyclette;TourNon renseignee nt A'auche;VL seul;18;Masculin;Blessee Leger;Non renseignee ;1;2;0;0;1;0;Jeune adulte (18-24);Sans pieton ;Sans moto;1 VL;Sans poids lourd;Jeune adulte (18-24);1 usager
Leger;15/06/2016;16:20;Asnieres-sur-Seine;Plein jour;Autre;Intersection en X;Route departementale;Sans collision;Bicyclette;TourNon renseignee nt A$roite;Non renseignee ;24;Masculin;Blessee Leger;Non renseignee ;1;1;0;0;0;0;Jeune adulte (18-24);Sans pieton ;Sans moto;Aucun VL;Sans poids lourd;Jeune adulte (18-24);1 usager
Leger;21/09/2007;08:50;Boulogne-Billancourt;Plein jour;Autre;Intersection en X;Route departementale;Collision par le cote;VL seul;Sans changement de direction;Scooter < 50 cm3;26;Masculin;Blessee Leger;Non renseignee ;2;2;0;0;1;0;Adulte jeune (25-34);Sans pieton;Sans moto;1 VL;Sans poids lourd;Adulte jeune (25-34);2 usagers
Leger;18/12/2016;12:00;Boulogne-Billancourt;Plein jour;Autre;Hors intersection;Voie commuNon renseignee le;Collision par le cote;VL seul;Manoeuvre de stationnement;Bicyclette;27;Masculin;Indemne;Non renseignee ;2;2;0;0;1;0;Adulte jeune (25-34);Sans pieton;Sans moto;1 VL;Sans poids lourd;Adulte jeune (25-34);2 usagers
Leger;12/10/2007;16:30;Boulogne-Billancourt;Plein jour;Autre;Hors intersection;Non renseignee ;Collision frontale;VL seul;A contresens;Motocyclette > 125 cm3;63;Masculin;Indemne;Non renseignee ;2;2;0;1;1;0;Senior actif (50-64);Sans pieton;Avec moto;1 VL;Sans poids lourd;Senior actif (50-64);2 usagers
Leger;04/11/2016;09:00;Non renseignee nterre;Plein jour;Pluie legere;Hors intersection;Voie commuNon renseignee le;Autre collision;Scooter > 50 cm3 et <= 125 cm3;Sans changement de direction;Non renseignee ;38;Masculin;Blessee Leger;Non renseignee ;2;1;1;1;0;0;Adulte (35-49);Avec pieton;Avec moto;Aucun VL;Sans poids lourd;Adulte (35-49);2 usagers
Leger;28/03/2007;11:12;Boulogne-Billancourt;Plein jour;Autre;Intersection en X;Route departementale;Autre collision;VL seul;Sans changement de direction;Non renseignee ;80;Masculin;Indemne;Non renseignee ;2;1;1;0;1;0;Senior (65+);Avec pieton;Sans moto;1 VL;Sans poids lourd;Senior (65+);2 usagers
Leger;06/06/2016;09:50;Issy-les-Moulineaux;Plein jour;Pluie legere;Hors intersection;Route departementale;Autre collision;Bicyclette;Sans changement de direction;Non renseignee ;37;Masculin;Blessee Leger;Non renseignee ;2;1;1;0;0;0;Adulte (35-49);Avec pieton;Sans moto;Aucun VL;Sans poids lourd;Adulte (35-49);2 usagers
Leger;13/04/2016;13:30;Bois-Colombes;Plein jour;Autre;Hors intersection;Voie commuNon renseignee le;Autre collision;VL seul;Sans changement de direction;Non renseignee ;55;Feminin;Indemne;Non renseignee ;2;1;1;0;1;0;Senior actif (50-64);Avec pieton;Sans moto;1 VL;Sans poids lourd;Senior actif (50-64);2 usagers
Leger;18/09/2007;08:20;La Garenne-Colombes;Plein jour;Autre;Intersection en Y;Route departementale;Collision frontale;VL seul;En faisant demi-tour sur la chaussee;Scooter > 50 cm3 et <= 125 cm3;61;Feminin;Indemne;Non renseignee ;2;2;0;1;1;0;Senior actif (50-64);Sans pieton;Avec moto;1 VL;Sans poids lourd;Senior actif (50-64);2 usagers
Leger;22/03/2016;17:20;Boulogne-Billancourt;Plein jour;Autre;Intersection en X;Route departementale;Autre collision;VL seul;Sans changement de direction;Non renseignee ;43;Feminin;Indemne;Non renseignee ;2;1;1;0;1;0;Adulte (35-49);Avec pieton;Sans moto;1 VL;Sans poids lourd;Adulte (35-49);2 usagers
Leger;09/12/2007;10:35;Neuilly-sur-Seine;Plein jour;Autre;Intersection en X;Non renseignee ;Collision par le cote;VL seul;Changeant de file A'auche;Scooter < 50 cm3;57;Masculin;Indemne;Non renseignee ;2;2;0;0;1;0;Senior actif (50-64);Sans pieton;Sans moto;1 VL;Sans poids lourd;Senior actif (50-64);2 usagers
Leger;09/06/2007;14:03;Boulogne-Billancourt;Plein jour;Autre;Intersection en T;Non renseignee ;Collision par le cote;VL seul;TourNon renseignee nt A'auche;VL seul;54;Masculin;Blessee Leger;Non renseignee ;2;2;0;0;2;0;Senior actif (50-64);Sans pieton ;Sans moto;2 VL;Sans poids lourd;Senior actif (50-64);2 usagers
Leger;22/10/2007;17:05;Issy-les-Moulineaux;Plein jour;Autre;Hors intersection;Route departementale;Sans collision;Motocyclette > 125 cm3;Sans changement de direction;Non renseignee ;41;Masculin;Blessee Leger;Non renseignee ;1;1;0;1;0;0;Adulte (35-49);Sans pieton;Avec moto;Aucun VL;Sans poids lourd;Adulte (35-49);1 usager
Grave;04/04/2007;18:40;Clamart;Plein jour;Autre;Intersection en T;Route departementale;Collision par le cote;Motocyclette > 125 cm3;Sans changement de direction;VL seul;34;Masculin;Blessee hospitalisee;Non renseignee ;2;2;0;1;1;0;Adulte jeune (25-34);Sans pieton;Avec moto;1 VL;Sans poids lourd;Adulte jeune (25-34);2 usagers
Grave;30/07/2007;23:30;Clamart;Nuit sanseclairage public;Autre;Hors intersection;Route departementale;Collision frontale;VL seul;Non renseignee ;Motocyclette > 50 cm3 et <= 125 cm3;27;Masculin;Indemne;Non renseignee ;2;2;0;1;1;0;Adulte jeune (25-34);Sans pieton;Avec moto;1 VL;Sans poids lourd;Adulte jeune (25-34);2 usagers
Leger;06/04/2007;15:40;ChateNon renseignee y-Malabry;Plein jour;Autre;Hors intersection;Non renseignee ;Collision par le cote;VL seul;En faisant demi-tour sur la chaussee;Motocyclette > 125 cm3;22;Masculin;Indemne;Non renseignee ;2;2;0;1;1;0;Jeune adulte (18-24);Sans pieton;Avec moto;1 VL;Sans poids lourd;Jeune adulte (18-24);2 usagers
Leger;27/04/2007;17:30;Courbevoie;Plein jour;Autre;Intersection en X;Route departementale;Collision par le cote;Cyclomoteur <50cm3;Non renseignee ;VL seul;16;Masculin;Blessee Leger;Non renseignee ;2;2;0;0;1;0;Mineur (-18 ans);Sans pieton;Sans moto;1 VL;Sans poids lourd;Mineur (-18 ans);2 usagers
Leger;02/10/2015;18:00;Non renseignee nterre;Nuit avec eclairage public allumee;Autre;Intersection en X;Route departementale;Collision par le cote;Scooter > 50 cm3 et <= 125 cm3;Non renseignee ;VL seul;20;Masculin;Blessee Leger;Non renseignee ;3;2;0;1;1;0;Jeune adulte (18-24);Sans pieton;Avec moto;1 VL;Sans poids lourd;Jeune adulte (18-24);3-5 usagers
Leger;07/12/2015;14:30;Non renseignee nterre;Plein jour;Temps eblouissant;Intersection en T;Route departementale;Collision par le cote;Non renseignee ;TourNon renseignee nt A'auche;Motocyclette > 125 cm3;56;Masculin;Blessee Leger;Non renseignee ;3;2;0;1;0;1;Senior actif (50-64);Sans pieton ;Avec moto;Aucun VL;Avec poids lourd;Senior actif (50-64);3-5 usagers
Leger;06/02/2015;08:16;Meudon;Plein jour;Autre;Hors intersection;Route Non renseignee tioNon renseignee le;Collision par le cote;VU seul 1,5T <= PTAC <= 3,5T;Changeant de file A$roite;Motocyclette > 125 cm3;44;Masculin;Indemne;Non renseignee ;2;2;0;1;1;0;Adulte (35-49);Sans pieton;Avec moto;1 VL;Sans poids lourd;Adulte (35-49);2 usagers
Leger;02/04/2015;18:00;Meudon;Plein jour;Pluie legere;Hors intersection;Route Non renseignee tioNon renseignee le;Sans collision;Scooter > 50 cm3 et <= 125 cm3;Entre 2 files;Non renseignee ;25;Masculin;Blessee Leger;Non renseignee ;1;1;0;1;0;0;Adulte jeune (25-34);Sans pieton;Avec moto;Aucun VL;Sans poids lourd;Adulte jeune (25-34);1 usager
Leger;17/11/2015;07:58;Non renseignee nterre;Plein jour;Autre;Hors intersection;Autoroute;Collision frontale;Motocyclette > 125 cm3;Entre 2 files;VL seul;39;Masculin;Blessee Leger;Non renseignee ;2;2;0;1;1;0;Adulte (35-49);Sans pieton;Avec moto;1 VL;Sans poids lourd;Adulte (35-49);2 usagers
Leger;16/12/2015;08:20;Meudon;Plein jour;Autre;Hors intersection;Route Non renseignee tioNon renseignee le;Collision par le cote;Scooter > 125 cm3;Non renseignee ;VL seul;57;Masculin;Blessee Leger;Non renseignee ;2;2;0;1;1;0;Senior actif (50-64);Sans pieton;Avec moto;1 VL;Sans poids lourd;Senior actif (50-64);2 usagers
Leger;31/07/2015;06:51;Antony;Plein jour;Autre;Hors intersection;Autoroute;Collision par l'arriere;Motocyclette > 125 cm3;Entre 2 files;VL seul;32;Masculin;Blessee Leger;Non renseignee ;2;2;0;1;1;0;Adulte jeune (25-34);Sans pieton;Avec moto;1 VL;Sans poids lourd;Adulte jeune (25-34);2 usagers
Leger;16/09/2015;09:15;Boulogne-Billancourt;Plein jour;Autre;Hors intersection;Route departementale;Sans collision;Scooter > 125 cm3;Manoeuvre devitement;Non renseignee ;41;Masculin;Blessee Leger;Non renseignee ;1;1;0;1;0;0;Adulte (35-49);Sans pieton;Avec moto;Aucun VL;Sans poids lourd;Adulte (35-49);1 usager
Leger;07/12/2015;11:00;Boulogne-Billancourt;Plein jour;Autre;Intersection en X;Voie commuNon renseignee le;Collision par le cote;VL seul;Sans changement de direction;Motocyclette > 50 cm3 et <= 125 cm3;46;Masculin;Blessee Leger;Non renseignee ;2;2;0;1;1;0;Adulte (35-49);Sans pieton;Avec moto;1 VL;Sans poids lourd;Adulte (35-49);2 usagers
Leger;08/04/2015;19:10;Suresnes;Plein jour;Autre;Intersection en T;Voie commuNon renseignee le;Collision par le cote;Scooter > 50 cm3 et <= 125 cm3;Non renseignee ;Bicyclette;40;Masculin;Blessee Leger;Non renseignee ;2;2;0;1;0;0;Adulte (35-49);Sans pieton;Avec moto;Aucun VL;Sans poids lourd;Adulte (35-49);2 usagers
Leger;24/11/2015;18:00;Courbevoie;Plein jour;Pluie legere;Intersection en T;Route departementale;Collision par le cote;Scooter > 50 cm3 et <= 125 cm3;Sans changement de direction;Non renseignee ;43;Masculin;Indemne;Non renseignee ;2;2;0;1;0;0;Adulte (35-49);Sans pieton;Avec moto;Aucun VL;Sans poids lourd;Adulte (35-49);2 usagers
Grave;04/08/2007;18:40;Clamart;Plein jour;Autre;Intersection en X;Non renseignee ;Collision par l'arriere;VL seul;Non renseignee ;VL seul;27;Feminin;Blessee hospitalisee;Non renseignee ;4;2;0;0;2;0;Adulte jeune (25-34);Sans pieton;Sans moto;2 VL;Sans poids lourd;Adulte jeune (25-34);3-5 usagers
Leger;21/09/2007;09:00;Neuilly-sur-Seine;Plein jour;Autre;Intersection en T;Route Non renseignee tioNon renseignee le;Collision par l'arriere;VL seul;Meme sens, Meme file;Scooter > 50 cm3 et <= 125 cm3;31;Feminin;Indemne;Non renseignee ;2;2;0;1;1;0;Adulte jeune (25-34);Sans pieton;Avec moto;1 VL;Sans poids lourd;Adulte jeune (25-34);2 usagers
Leger;27/05/2007;17:30;Issy-les-Moulineaux;Plein jour;Pluie legere;Hors intersection;Route departementale;Collision par le cote;VL seul;Manoeuvre de stationnement;Cyclomoteur <50cm3;20;Masculin;Indemne;Non renseignee ;3;2;0;0;1;0;Jeune adulte (18-24);Sans pieton;Sans moto;1 VL;Sans poids lourd;Jeune adulte (18-24);3-5 usagers
Leger;16/05/2007;08:20;Issy-les-Moulineaux;Plein jour;Pluie legere;Intersection en T;Non renseignee ;Collision par le cote;VL seul;En faisant demi-tour sur la chaussee;Scooter > 50 cm3 et <= 125 cm3;38;Masculin;Indemne;Non renseignee ;2;2;0;1;1;0;Adulte (35-49);Sans pieton;Avec moto;1 VL;Sans poids lourd;Adulte (35-49);2 usagers
Leger;06/05/2007;18:20;Asnieres-sur-Seine;Plein jour;Autre;Hors intersection;Non renseignee ;Autre collision;VL seul;Sans changement de direction;Non renseignee ;34;Feminin;Indemne;Non renseignee ;2;1;1;0;1;0;Adulte jeune (25-34);Avec pieton;Sans moto;1 VL;Sans poids lourd;Adulte jeune (25-34);2 usagers
Leger;10/04/2007;23:30;Asnieres-sur-Seine;Nuit avec eclairage public allumee;Autre;Intersection en T;Route departementale;Collision par le cote;VL seul;TourNon renseignee nt A'auche;Scooter < 50 cm3;51;Masculin;Indemne;Non renseignee ;3;2;0;0;1;0;Senior actif (50-64);Sans pieton ;Sans moto;1 VL;Sans poids lourd;Senior actif (50-64);3-5 usagers
Leger;12/06/2007;07:55;Asnieres-sur-Seine;Plein jour;Autre;Intersection en T;Route departementale;Collision par le cote;VL seul;En faisant demi-tour sur la chaussee;Scooter > 50 cm3 et <= 125 cm3;40;Masculin;Indemne;Non renseignee ;3;2;0;1;1;0;Adulte (35-49);Sans pieton;Avec moto;1 VL;Sans poids lourd;Adulte (35-49);3-5 usagers
Leger;20/01/2007;18:55;Bois-Colombes;Nuit avec eclairage public allumee;Pluie legere;Intersection en T;Route departementale;Collisions multiples;VL seul;TourNon renseignee nt A'auche;Scooter < 50 cm3;44;Masculin;Indemne;Non renseignee ;4;3;0;0;2;0;Adulte (35-49);Sans pieton ;Sans moto;2 VL;Sans poids lourd;Adulte (35-49);3-5 usagers
Leger;10/12/2007;18:50;Bois-Colombes;Crepuscule ou aube;Autre;Intersection en T;Route departementale;Autre collision;VL seul;TourNon renseignee nt A$roite;Non renseignee ;52;Feminin;Indemne;Non renseignee ;2;1;1;0;1;0;Senior actif (50-64);Avec pieton;Sans moto;1 VL;Sans poids lourd;Senior actif (50-64);2 usagers
Leger;12/01/2007;18:25;Neuilly-sur-Seine;Nuit avec eclairage public allumee;Autre;Intersection en X;Route departementale;Collision par le cote;Motocyclette > 125 cm3;TourNon renseignee nt A'auche;Scooter > 50 cm3 et <= 125 cm3;49;Masculin;Blessee Leger;Non renseignee ;2;2;0;2;0;0;Adulte (35-49);Sans pieton ;Avec moto;Aucun VL;Sans poids lourd;Adulte (35-49);2 usagers
Leger;19/06/2007;19:20;Neuilly-sur-Seine;Plein jour;Autre;Intersection en X;Route departementale;Collision frontale;VL seul;TourNon renseignee nt A'auche;Motocyclette > 125 cm3;34;Feminin;Indemne;Non renseignee ;2;2;0;1;1;0;Adulte jeune (25-34);Sans pieton ;Avec moto;1 VL;Sans poids lourd;Adulte jeune (25-34);2 usagers
Leger;02/12/2007;16:38;Neuilly-sur-Seine;Crepuscule ou aube;Pluie legere;Hors intersection;Route Non renseignee tioNon renseignee le;Collision par l'arriere;VL seul;Meme sens, Meme file;VL seul;23;Masculin;Indemne;Non renseignee ;3;2;0;0;2;0;Jeune adulte (18-24);Sans pieton;Sans moto;2 VL;Sans poids lourd;Jeune adulte (18-24);3-5 usagers
Leger;26/04/2016;16:55;Clichy;Nuit avec eclairage public allumee;Autre;Giratoire;Route departementale;Autre collision;VL seul;Non renseignee ;Non renseignee ;29;Masculin;Blessee Leger;Non renseignee ;1;1;1;0;1;0;Adulte jeune (25-34);Avec pieton;Sans moto;1 VL;Sans poids lourd;Adulte jeune (25-34);1 usager
Leger;08/02/2016;17:50;Colombes;Plein jour;Pluie legere;Intersection en T;Route departementale;Autre collision;VL seul;Sans changement de direction;Non renseignee ;35;Feminin;Indemne;Non renseignee ;2;1;1;0;1;0;Adulte (35-49);Avec pieton;Sans moto;1 VL;Sans poids lourd;Adulte (35-49);2 usagers
Leger;23/02/2016;00:01;Colombes;Nuit avec eclairage public allumee;Pluie legere;Intersection en T;Voie commuNon renseignee le;Autre collision;VL seul;TourNon renseignee nt A'auche;Non renseignee ;21;Masculin;Indemne;Non renseignee ;2;1;1;0;1;0;Jeune adulte (18-24);Avec pieton;Sans moto;1 VL;Sans poids lourd;Jeune adulte (18-24);2 usagers
Leger;01/03/2016;08:55;Colombes;Plein jour;Autre;Hors intersection;Voie commuNon renseignee le;Autre collision;VL seul;Sans changement de direction;Non renseignee ;23;Feminin;Indemne;Non renseignee ;2;1;1;0;1;0;Jeune adulte (18-24);Avec pieton;Sans moto;1 VL;Sans poids lourd;Jeune adulte (18-24);2 usagers
Leger;26/08/2016;12:00;Colombes;Plein jour;Autre;Intersection en X;Route departementale;Autre collision;VL seul;Sans changement de direction;Non renseignee ;33;Masculin;Indemne;Non renseignee ;2;1;1;0;1;0;Adulte jeune (25-34);Avec pieton;Sans moto;1 VL;Sans poids lourd;Adulte jeune (25-34);2 usagers
Leger;14/11/2016;15:30;Colombes;Plein jour;Autre;Intersection à plus de 4 branches;Route departementale;Autre collision;VL seul;Sans changement de direction;Non renseignee ;35;Masculin;Indemne;Non renseignee ;2;1;1;0;1;0;Adulte (35-49);Avec pieton;Sans moto;1 VL;Sans poids lourd;Adulte (35-49);2 usagers
Leger;16/03/2007;15:10;Asnieres-sur-Seine;Plein jour;Autre;Intersection en T;Non renseignee ;Autre collision;VL seul;Sans changement de direction;Non renseignee ;27;Masculin;Indemne;Non renseignee ;2;1;1;0;1;0;Adulte jeune (25-34);Avec pieton;Sans moto;1 VL;Sans poids lourd;Adulte jeune (25-34);2 usagers
Leger;09/12/2016;15:00;Levallois-Perret;Plein jour;Autre;Intersection en T;Voie commuNon renseignee le;Autre collision;VL seul;En marche arriere;Non renseignee ;32;Masculin;Indemne;Non renseignee ;2;1;1;0;1;0;Adulte jeune (25-34);Avec pieton;Sans moto;1 VL;Sans poids lourd;Adulte jeune (25-34);2 usagers
Leger;12/10/2016;15:30;Chatillon;Plein jour;Autre;Giratoire;Route departementale;Autre collision;VL seul;Sans changement de direction;Non renseignee ;52;Masculin;Indemne;Non renseignee ;2;1;1;0;1;0;Senior actif (50-64);Avec pieton;Sans moto;1 VL;Sans poids lourd;Senior actif (50-64);2 usagers
Leger;03/06/2016;16:30;Non renseignee nterre;Plein jour;Pluie legere;Hors intersection;Voie commuNon renseignee le;Autre collision;VU seul 1,5T <= PTAC <= 3,5T;En marche arriere;Non renseignee ;29;Masculin;Blessee Leger;Non renseignee ;1;1;1;0;1;0;Adulte jeune (25-34);Avec pieton;Sans moto;1 VL;Sans poids lourd;Adulte jeune (25-34);1 usager
Leger;15/05/2016;11:30;Saint-Cloud;Plein jour;Autre;Intersection en X;Route departementale;Autre collision;Autobus;Sans changement de direction;Non renseignee ;46;Masculin;Indemne;Non renseignee ;2;1;1;0;0;0;Adulte (35-49);Avec pieton;Sans moto;Aucun VL;Sans poids lourd;Adulte (35-49);2 usagers
Leger;10/05/2008;06:55;Boulogne-Billancourt;Plein jour;Autre;Giratoire;Route departementale;Collision par le cote;Scooter < 50 cm3;TourNon renseignee nt A'auche;VL seul;34;Masculin;Blessee Leger;Non renseignee ;2;2;0;0;1;0;Adulte jeune (25-34);Sans pieton ;Sans moto;1 VL;Sans poids lourd;Adulte jeune (25-34);2 usagers
Leger;12/10/2008;11:00;Boulogne-Billancourt;Plein jour;Autre;Intersection en T;Route departementale;Collision par le cote;Scooter > 50 cm3 et <= 125 cm3;Sans changement de direction;VL seul;33;Feminin;Blessee Leger;Non renseignee ;1;2;0;1;1;0;Adulte jeune (25-34);Sans pieton;Avec moto;1 VL;Sans poids lourd;Adulte jeune (25-34);1 usager
Leger;03/05/2021;20:15;Colombes;Plein jour;Normale;Intersection en X;Voie commuNon renseignee le;Non renseignee ;Motocyclette > 125 cm3;Depassant A'auche;Non renseignee ;19;Masculin;Blessee Leger;Non renseignee ;2;2;0;1;1;0;Jeune adulte (18-24);Sans pieton;Avec moto;1 VL;Sans poids lourd;Jeune adulte (18-24);2 usagers
Grave;12/07/2016;16:17;Bourg-la-Reine;Plein jour;Autre;Intersection en X;Route departementale;Collision par le cote;VL seul;Sans changement de direction;Scooter > 50 cm3 et <= 125 cm3;36;Masculin;Blessee hospitalisee;Non renseignee ;2;2;0;1;1;0;Adulte (35-49);Sans pieton;Avec moto;1 VL;Sans poids lourd;Adulte (35-49);2 usagers
Grave;22/12/2016;21:20;Asnieres-sur-Seine;Nuit avec eclairage public allumee;Autre;Hors intersection;Route departementale;Collision par le cote;Scooter > 50 cm3 et <= 125 cm3;Sedeportant A'auche;VL seul;34;Masculin;Blessee hospitalisee;Non renseignee ;2;2;0;1;1;0;Adulte jeune (25-34);Sans pieton ;Avec moto;1 VL;Sans poids lourd;Adulte jeune (25-34);2 usagers
Grave;03/02/2021;11:15;Bois-Colombes;Plein jour;Temps couvert;Autre intersection;Route departementale;Non renseignee ;Non renseignee ;Sans changement de direction;Scooter > 125 cm3;29;Masculin;Blessee hospitalisee;Non renseignee ;2;2;0;1;1;0;Adulte jeune (25-34);Sans pieton;Avec moto;1 VL;Sans poids lourd;Adulte jeune (25-34);2 usagers
Leger;13/05/2021;00:01;Gennevilliers;Nuit sanseclairage public;Normale;Intersection en T;Route departementale;Non renseignee ;Scooter < 50 cm3;Traversant la  chaussee;Non renseignee ;28;Masculin;Blessee Leger;Non renseignee ;1;1;0;0;0;0;Adulte jeune (25-34);Sans pieton;Sans moto;Aucun VL;Sans poids lourd;Adulte jeune (25-34);1 usager
Leger;15/02/2019;03:50;Villeneuve-la-Garenne;Nuit sanseclairage public;Normale;Hors intersection;Autoroute;Non renseignee ;Non renseignee ;Inconnue;Non renseignee ;36;Masculin;Blessee Leger;Non renseignee ;1;1;0;0;1;0;Adulte (35-49);Sans pieton;Sans moto;1 VL;Sans poids lourd;Adulte (35-49);1 usager
Leger;13/08/2020;20:15;Gennevilliers;Crepuscule ou aube;Pluie legere;Hors intersection;Route departementale;Non renseignee ;Scooter < 50 cm3;Meme sens, Meme file;Non renseignee ;16;Masculin;Blessee Leger;Non renseignee ;2;2;0;0;1;0;Mineur (-18 ans);Sans pieton;Sans moto;1 VL;Sans poids lourd;Mineur (-18 ans);2 usagers
Leger;07/05/2020;15:45;Colombes;Plein jour;Normale;Intersection en X;Route departementale;Non renseignee ;Non renseignee ;TourNon renseignee nt A$roite;Non renseignee ;56;Masculin;Blessee Leger;Non renseignee ;2;2;0;0;2;0;Senior actif (50-64);Sans pieton ;Sans moto;2 VL;Sans poids lourd;Senior actif (50-64);2 usagers
Grave;25/05/2016;15:30;Bagneux;Plein jour;Autre;Hors intersection;Route departementale;Autre collision;VL seul;Sans changement de direction;Non renseignee ;60;Masculin;Blessee hospitalisee;Non renseignee ;1;1;1;0;1;0;Senior actif (50-64);Avec pieton;Sans moto;1 VL;Sans poids lourd;Senior actif (50-64);1 usager
Leger;08/02/2019;12:30;Gennevilliers;Plein jour;Normale;Hors intersection;Route departementale;Non renseignee ;Non renseignee ;Sans changement de direction;Non renseignee ;10;Feminin;Blessee Leger;Non renseignee ;2;1;1;0;1;0;Mineur (-18 ans);Avec pieton;Sans moto;1 VL;Sans poids lourd;Mineur (-18 ans);2 usagers
Grave;17/01/2016;08:00;Antony;Nuit sanseclairage public;Temps couvert;Hors intersection;Autoroute;Collision par l'arriere;VL seul;Non renseignee ;VL seul;52;Masculin;Blessee hospitalisee;Non renseignee ;2;2;0;0;2;0;Senior actif (50-64);Sans pieton;Sans moto;2 VL;Sans poids lourd;Senior actif (50-64);2 usagers
Grave;04/09/2016;20:30;Neuilly-sur-Seine;Plein jour;Autre;Hors intersection;Voie commuNon renseignee le;Collision par le cote;VL seul;S inserant;Non renseignee ;20;Feminin;Blessee hospitalisee;Non renseignee ;2;2;0;0;1;1;Jeune adulte (18-24);Sans pieton;Sans moto;1 VL;Avec poids lourd;Jeune adulte (18-24);2 usagers
Grave;23/05/2016;00:35;Malakoff;Nuit avec eclairage public allumee;Pluie legere;Intersection en T;Route departementale;Collision frontale;VL seul;A contresens;VL seul;18;Masculin;Indemne;Non renseignee ;3;2;0;0;2;0;Jeune adulte (18-24);Sans pieton;Sans moto;2 VL;Sans poids lourd;Jeune adulte (18-24);3-5 usagers
Leger;18/10/2016;21:55;Levallois-Perret;Nuit avec eclairage public allumee;Autre;Intersection en X;Voie commuNon renseignee le;Collision par le cote;VL seul;Sans changement de direction;Scooter > 125 cm3;18;Masculin;Blessee Leger;Non renseignee ;3;2;0;1;1;0;Jeune adulte (18-24);Sans pieton;Avec moto;1 VL;Sans poids lourd;Jeune adulte (18-24);3-5 usagers
Leger;07/10/2019;18:50;Villeneuve-la-Garenne;Crepuscule ou aube;Normale;Hors intersection;Autoroute;Non renseignee ;Motocyclette > 50 cm3 et <= 125 cm3;Entre 2 files;Non renseignee ;28;Masculin;Blessee Leger;Non renseignee ;2;2;0;1;1;0;Adulte jeune (25-34);Sans pieton;Avec moto;1 VL;Sans poids lourd;Adulte jeune (25-34);2 usagers
Leger;02/09/2019;18:00;Asnieres-sur-Seine;Plein jour;Normale;Hors intersection;Voie commuNon renseignee le;Non renseignee ;Non renseignee ;A contresens;Non renseignee ;40;Feminin;Blessee Leger;Non renseignee ;1;2;0;0;2;0;Adulte (35-49);Sans pieton;Sans moto;2 VL;Sans poids lourd;Adulte (35-49);1 usager
Leger;18/01/2019;15:10;Colombes;Plein jour;Normale;Intersection en X;Route departementale;Non renseignee ;Non renseignee ;Sans changement de direction;Scooter > 125 cm3;20;Masculin;Indemne;Non renseignee ;2;2;0;1;1;0;Jeune adulte (18-24);Sans pieton;Avec moto;1 VL;Sans poids lourd;Jeune adulte (18-24);2 usagers
Leger;01/10/2019;17:05;Colombes;Plein jour;Pluie legere;Hors intersection;Autoroute;Non renseignee ;Non renseignee ;Changeant de file A'auche;Motocyclette > 125 cm3;51;Masculin;Indemne;Non renseignee ;3;2;0;1;1;0;Senior actif (50-64);Sans pieton;Avec moto;1 VL;Sans poids lourd;Senior actif (50-64);3-5 usagers
Grave;01/09/2019;12:06;Colombes;Plein jour;Normale;Intersection en X;Route departementale;Non renseignee ;Non renseignee ;TourNon renseignee nt A'auche;Non renseignee ;42;Feminin;Blessee hospitalisee;Non renseignee ;2;2;0;0;1;0;Adulte (35-49);Sans pieton ;Sans moto;1 VL;Sans poids lourd;Adulte (35-49);2 usagers