type_acci;date;heure;commune;luminosite_accident;cond_atmos;Intersection;categorie_route;type_collision;type_vehicule_1;manoeuvre_vehicule_1;type_vehicule_2;age_usager;sexe_usager;gravite_usager;etat_usager;nombre_usagers;nb_veh;nombre_pietons;nombre_motos;nombre_vl;nombre_pl;age_usa1_categ;accident_pieton;accident_moto;categorie_vl;accident_pl;categorie_age;categorie_usagers
Grave;17/09/2013;10:00;Non renseignee nterre;Plein jour;Pluie legere;Intersection en X;Voie commuNon renseignee le;Collision par le cote;VL seul;Sans changement de direction;VL seul;45;Feminin;Indemne;Non renseignee ;2;2;0;0;2;0;Adulte (35-49);Sans pieton;Sans moto;2 VL;Sans poids lourd;Adulte (35-49);2 usagers
Grave;02/10/2013;16:55;Neuilly-sur-Seine;Plein jour;Autre;Hors intersection;Route Non renseignee tioNon renseignee le;Autre collision;VU seul 1,5T <= PTAC <= 3,5T;Non renseignee ;Non renseignee ;53;Masculin;Indemne;Non renseignee ;2;1;1;0;1;0;Senior actif (50-64);Avec pieton;Sans moto;1 VL;Sans poids lourd;Senior actif (50-64);2 usagers
Leger;05/12/2013;18:10;Neuilly-sur-Seine;Nuit avec eclairage public non allumee;Autre;Intersection en T;Route Non renseignee tioNon renseignee le;Collision par l'arriere;VL seul;Meme sens, Meme file;VL seul;43;Masculin;Indemne;Non renseignee ;3;2;0;0;2;0;Adulte (35-49);Sans pieton;Sans moto;2 VL;Sans poids lourd;Adulte (35-49);3-5 usagers
Leger;18/04/2013;19:05;Saint-Cloud;Plein jour;Autre;Intersection en X;Route departementale;Collision par l'arriere;VL seul;Meme sens, Meme file;VL seul;62;Masculin;Indemne;Non renseignee ;3;2;0;0;2;0;Senior actif (50-64);Sans pieton;Sans moto;2 VL;Sans poids lourd;Senior actif (50-64);3-5 usagers
Leger;23/02/2016;16:30;Villeneuve-la-Garenne;Plein jour;Autre;Intersection en T;Route departementale;Collision par le cote;VL seul;Sans changement de direction;VL seul;52;Feminin;Blessee Leger;Non renseignee ;8;2;0;0;2;0;Senior actif (50-64);Sans pieton;Sans moto;2 VL;Sans poids lourd;Senior actif (50-64);Plus de 5 usagers
Grave;05/05/2017;15:50;Meudon;Plein jour;Autre;Hors intersection;Route Non renseignee tioNon renseignee le;Collision par le cote;VL seul;Changeant de file A'auche;Motocyclette > 50 cm3 et <= 125 cm3;60;Masculin;Indemne;Non renseignee ;2;2;0;1;1;0;Senior actif (50-64);Sans pieton;Avec moto;1 VL;Sans poids lourd;Senior actif (50-64);2 usagers
Grave;21/04/2017;17:45;Antony;Plein jour;Autre;Hors intersection;Autoroute;Collision par l'arriere;Motocyclette > 125 cm3;Entre 2 files;VU seul 1,5T <= PTAC <= 3,5T;54;Masculin;Blessee hospitalisee;Non renseignee ;3;2;0;1;1;0;Senior actif (50-64);Sans pieton;Avec moto;1 VL;Sans poids lourd;Senior actif (50-64);3-5 usagers
Leger;20/06/2016;16:20;Asnieres-sur-Seine;Plein jour;Pluie legere;Intersection en X;Route departementale;Collision par l'arriere;VL seul;TourNon renseignee nt A'auche;Cyclomoteur <50cm3;29;Masculin;Indemne;Non renseignee ;3;2;0;0;1;0;Adulte jeune (25-34);Sans pieton ;Sans moto;1 VL;Sans poids lourd;Adulte jeune (25-34);3-5 usagers
Leger;26/02/2016;08:50;Boulogne-Billancourt;Plein jour;Autre;Intersection en X;Route departementale;Sans collision;Scooter < 50 cm3;TourNon renseignee nt A'auche;Non renseignee ;34;Masculin;Blessee Leger;Non renseignee ;1;1;0;0;0;0;Adulte jeune (25-34);Sans pieton ;Sans moto;Aucun VL;Sans poids lourd;Adulte jeune (25-34);1 usager
Grave;10/04/2017;23:45;Vanves;Nuit avec eclairage public allumee;Autre;Hors intersection;Route departementale;Sans collision;Scooter > 50 cm3 et <= 125 cm3;Sans changement de direction;Non renseignee ;31;Masculin;Blessee hospitalisee;Non renseignee ;1;1;0;1;0;0;Adulte jeune (25-34);Sans pieton;Avec moto;Aucun VL;Sans poids lourd;Adulte jeune (25-34);1 usager
Leger;22/05/2016;20:00;Courbevoie;Crepuscule ou aube;Autre;Hors intersection;Voie commuNon renseignee le;Sans collision;Non renseignee ;Se deportant A$roite;Non renseignee ;21;Masculin;Blessee Leger;Non renseignee ;1;1;0;0;0;0;Jeune adulte (18-24);Sans pieton ;Sans moto;Aucun VL;Sans poids lourd;Jeune adulte (18-24);1 usager
Grave;22/07/2017;02:25;Non renseignee nterre;Nuit avec eclairage public allumee;Autre;Hors intersection;Voie commuNon renseignee le;Sans collision;Scooter < 50 cm3;Sans changement de direction;Non renseignee ;23;Masculin;Blessee Leger;Non renseignee ;2;1;0;0;0;0;Jeune adulte (18-24);Sans pieton;Sans moto;Aucun VL;Sans poids lourd;Jeune adulte (18-24);2 usagers
Grave;11/01/2017;18:40;Gennevilliers;Nuit avec eclairage public allumee;Pluie legere;Intersection en Y;Route departementale;Collision par le cote;Scooter < 50 cm3;Non renseignee ;VU seul 1,5T <= PTAC <= 3,5T;32;Masculin;Blessee hospitalisee;Non renseignee ;2;2;0;0;1;0;Adulte jeune (25-34);Sans pieton;Sans moto;1 VL;Sans poids lourd;Adulte jeune (25-34);2 usagers
Grave;27/07/2017;17:30;Rueil-Malmaison;Plein jour;Autre;Intersection en T;Route departementale;Collisions multiples;Scooter < 50 cm3;Meme sens, Meme file;VL seul;19;Masculin;Blessee hospitalisee;Non renseignee ;3;3;0;0;2;0;Jeune adulte (18-24);Sans pieton;Sans moto;2 VL;Sans poids lourd;Jeune adulte (18-24);3-5 usagers
Grave;06/12/2017;17:10;Boulogne-Billancourt;Nuit avec eclairage public allumee;Autre;Hors intersection;Voie commuNon renseignee le;Autre collision;Motocyclette > 125 cm3;Sans changement de direction;Non renseignee ;30;Masculin;Blessee Leger;Non renseignee ;2;1;1;1;0;0;Adulte jeune (25-34);Avec pieton;Avec moto;Aucun VL;Sans poids lourd;Adulte jeune (25-34);2 usagers
Grave;18/06/2017;14:00;Chatillon;Plein jour;Autre;Hors intersection;Route departementale;Autre collision;Motocyclette > 125 cm3;Sans changement de direction;VL seul;29;Masculin;Indemne;Non renseignee ;3;2;1;1;1;0;Adulte jeune (25-34);Avec pieton;Avec moto;1 VL;Sans poids lourd;Adulte jeune (25-34);3-5 usagers
Leger;11/11/2016;02:00;Neuilly-sur-Seine;Nuit avec eclairage public allumee;Pluie legere;Hors intersection;Route departementale;Collision par l'arriere;Scooter < 50 cm3;Meme sens, Meme file;VL seul;21;Masculin;Blessee Leger;Non renseignee ;2;2;0;0;1;0;Jeune adulte (18-24);Sans pieton;Sans moto;1 VL;Sans poids lourd;Jeune adulte (18-24);2 usagers
Leger;30/09/2011;09:00;Le Plessis-Robinson;Plein jour;Autre;Hors intersection;Voie commuNon renseignee le;Collision par le cote;Motocyclette > 125 cm3;Non renseignee ;VL seul;23;Masculin;Blessee Leger;Non renseignee ;2;2;0;1;1;0;Jeune adulte (18-24);Sans pieton;Avec moto;1 VL;Sans poids lourd;Jeune adulte (18-24);2 usagers
Grave;11/12/2011;05:45;Clamart;Nuit avec eclairage public allumee;Autre;Hors intersection;Route departementale;Sans collision;Scooter < 50 cm3;Sans changement de direction;Non renseignee ;21;Masculin;Indemne;Non renseignee ;2;1;0;0;0;0;Jeune adulte (18-24);Sans pieton;Sans moto;Aucun VL;Sans poids lourd;Jeune adulte (18-24);2 usagers
Leger;12/11/2017;01:30;Boulogne-Billancourt;Nuit avec eclairage public allumee;Pluie forte;Intersection à plus de 4 branches;Route departementale;Sans collision;Motocyclette > 50 cm3 et <= 125 cm3;Sans changement de direction;Non renseignee ;19;Feminin;Blessee Leger;Non renseignee ;2;1;0;1;0;0;Jeune adulte (18-24);Sans pieton;Avec moto;Aucun VL;Sans poids lourd;Jeune adulte (18-24);2 usagers
Leger;17/02/2016;12:11;Villeneuve-la-Garenne;Plein jour;Autre;Hors intersection;Voie commuNon renseignee le;Collision par le cote;Cyclomoteur <50cm3;A contresens;VL seul;33;Masculin;Blessee Leger;Non renseignee ;2;2;0;0;1;0;Adulte jeune (25-34);Sans pieton;Sans moto;1 VL;Sans poids lourd;Adulte jeune (25-34);2 usagers
Leger;06/01/2017;20:50;Gennevilliers;Nuit sanseclairage public;Autre;Hors intersection;Autoroute;Collision par le cote;VL seul;Non renseignee ;Motocyclette > 125 cm3;32;Masculin;Indemne;Non renseignee ;2;2;0;1;1;0;Adulte jeune (25-34);Sans pieton;Avec moto;1 VL;Sans poids lourd;Adulte jeune (25-34);2 usagers
Leger;18/08/2016;16:20;Villeneuve-la-Garenne;Plein jour;Autre;Hors intersection;Route departementale;Sans collision;Scooter < 50 cm3;Sans changement de direction;Non renseignee ;23;Feminin;Blessee Leger;Non renseignee ;1;1;0;0;0;0;Jeune adulte (18-24);Sans pieton;Sans moto;Aucun VL;Sans poids lourd;Jeune adulte (18-24);1 usager
Leger;10/10/2017;19:00;Gennevilliers;Crepuscule ou aube;Autre;Hors intersection;Autoroute;Collision par le cote;VL seul;Changeant de file A'auche;Motocyclette > 125 cm3;28;Masculin;Indemne;Non renseignee ;2;2;0;1;1;0;Adulte jeune (25-34);Sans pieton;Avec moto;1 VL;Sans poids lourd;Adulte jeune (25-34);2 usagers
Leger;01/03/2016;01:40;Courbevoie;Nuit avec eclairage public allumee;Autre;Intersection en X;Route departementale;Collision par le cote;Scooter < 50 cm3;Sans changement de direction;VL seul;53;Masculin;Indemne;Non renseignee ;2;2;0;0;1;0;Senior actif (50-64);Sans pieton;Sans moto;1 VL;Sans poids lourd;Senior actif (50-64);2 usagers
Leger;04/03/2011;10:50;Gennevilliers;Plein jour;Autre;Hors intersection;Autoroute;Collision par l'arriere;VL seul;Meme sens, Meme file;VL seul;39;Masculin;Blessee Leger;Non renseignee ;2;2;0;0;2;0;Adulte (35-49);Sans pieton;Sans moto;2 VL;Sans poids lourd;Adulte (35-49);2 usagers
Leger;03/03/2016;13:45;Bois-Colombes;Plein jour;Autre;Intersection en T;Voie commuNon renseignee le;Collision par l'arriere;VL seul;Meme sens, Meme file;Bicyclette;21;Masculin;Indemne;Non renseignee ;2;2;0;0;1;0;Jeune adulte (18-24);Sans pieton;Sans moto;1 VL;Sans poids lourd;Jeune adulte (18-24);2 usagers
Leger;16/05/2011;11:40;Clamart;Plein jour;Autre;Hors intersection;Voie commuNon renseignee le;Collision par le cote;VL seul;S inserant;Scooter > 50 cm3 et <= 125 cm3;34;Feminin;Indemne;Non renseignee ;2;2;0;1;1;0;Adulte jeune (25-34);Sans pieton;Avec moto;1 VL;Sans poids lourd;Adulte jeune (25-34);2 usagers
Leger;11/03/2016;18:15;Asnieres-sur-Seine;Plein jour;Autre;Intersection en Y;Route departementale;Collisions multiples;VL seul;Non renseignee ;Non renseignee ;41;Masculin;Indemne;Non renseignee ;4;3;0;0;1;0;Adulte (35-49);Sans pieton;Sans moto;1 VL;Sans poids lourd;Adulte (35-49);3-5 usagers
Leger;09/11/2017;17:40;Meudon;Nuit sanseclairage public;Autre;Hors intersection;Route Non renseignee tioNon renseignee le;Collision par le cote;VU seul 1,5T <= PTAC <= 3,5T;Changeant de file A'auche;Scooter > 125 cm3;33;Feminin;Indemne;Non renseignee ;2;2;0;1;1;0;Adulte jeune (25-34);Sans pieton;Avec moto;1 VL;Sans poids lourd;Adulte jeune (25-34);2 usagers
Leger;04/10/2016;19:30;Boulogne-Billancourt;Nuit avec eclairage public allumee;Autre;Hors intersection;Route departementale;Collision par le cote;VL seul;Sans changement de direction;Bicyclette;42;Feminin;Indemne;Non renseignee ;2;2;0;0;1;0;Adulte (35-49);Sans pieton;Sans moto;1 VL;Sans poids lourd;Adulte (35-49);2 usagers
Leger;22/03/2011;18:35;ChateNon renseignee y-Malabry;Plein jour;Autre;Intersection en T;Route departementale;Collision par le cote;Scooter > 50 cm3 et <= 125 cm3;Non renseignee ;VL seul;24;Masculin;Blessee Leger;Non renseignee ;2;2;0;1;1;0;Jeune adulte (18-24);Sans pieton;Avec moto;1 VL;Sans poids lourd;Jeune adulte (18-24);2 usagers
Leger;31/03/2017;22:30;Antony;Nuit sanseclairage public;Pluie legere;Hors intersection;Autoroute;Collision par l'arriere;VL seul;Meme sens, Meme file;Scooter > 50 cm3 et <= 125 cm3;35;Masculin;Indemne;Non renseignee ;2;2;0;1;1;0;Adulte (35-49);Sans pieton;Avec moto;1 VL;Sans poids lourd;Adulte (35-49);2 usagers
Leger;20/07/2011;16:50;Non renseignee nterre;Plein jour;Pluie legere;Intersection en T;Route departementale;Collision par l'arriere;Scooter < 50 cm3;Meme sens, Meme file;VL seul;19;Masculin;Blessee Leger;Non renseignee ;2;2;0;0;1;0;Jeune adulte (18-24);Sans pieton;Sans moto;1 VL;Sans poids lourd;Jeune adulte (18-24);2 usagers
Leger;18/06/2017;00:01;Asnieres-sur-Seine;Nuit avec eclairage public allumee;Autre;Intersection en T;Route departementale;Collision par le cote;VL seul;TourNon renseignee nt A'auche;Motocyclette > 50 cm3 et <= 125 cm3;18;Masculin;Blessee Leger;Non renseignee ;2;2;0;1;1;0;Jeune adulte (18-24);Sans pieton ;Avec moto;1 VL;Sans poids lourd;Jeune adulte (18-24);2 usagers
Leger;03/09/2011;19:00;ChateNon renseignee y-Malabry;Plein jour;Autre;Intersection en T;Route departementale;Collision par le cote;Scooter < 50 cm3;Sans changement de direction;VL seul;22;Masculin;Blessee Leger;Non renseignee ;2;2;0;0;1;0;Jeune adulte (18-24);Sans pieton;Sans moto;1 VL;Sans poids lourd;Jeune adulte (18-24);2 usagers
Leger;15/12/2017;16:20;Colombes;Plein jour;Pluie legere;Intersection en X;Voie commuNon renseignee le;Collision par le cote;VL seul;TourNon renseignee nt A'auche;Motocyclette > 50 cm3 et <= 125 cm3;42;Feminin;Blessee Leger;Non renseignee ;2;2;0;1;1;0;Adulte (35-49);Sans pieton ;Avec moto;1 VL;Sans poids lourd;Adulte (35-49);2 usagers
Leger;01/08/2016;09:50;Gennevilliers;Plein jour;Autre;Intersection en X;Route departementale;Collision par le cote;VL seul;Sans changement de direction;Bicyclette;18;Masculin;Blessee Leger;Non renseignee ;1;2;0;0;1;0;Jeune adulte (18-24);Sans pieton;Sans moto;1 VL;Sans poids lourd;Jeune adulte (18-24);1 usager
Leger;19/01/2017;10:20;Rueil-Malmaison;Plein jour;Autre;Intersection en T;Voie commuNon renseignee le;Collision par le cote;Bicyclette;TourNon renseignee nt A$roite;Scooter > 125 cm3;13;Masculin;Blessee Leger;Non renseignee ;2;2;0;1;0;0;Mineur (-18 ans);Sans pieton ;Avec moto;Aucun VL;Sans poids lourd;Mineur (-18 ans);2 usagers
Leger;19/11/2017;10:35;Rueil-Malmaison;Plein jour;Pluie legere;Hors intersection;Voie commuNon renseignee le;Collision frontale;Bicyclette;A contresens;VL seul;76;Masculin;Blessee Leger;Non renseignee ;1;2;0;0;1;0;Senior (65+);Sans pieton;Sans moto;1 VL;Sans poids lourd;Senior (65+);1 usager
Leger;27/03/2017;18:30;Asnieres-sur-Seine;Plein jour;Autre;Intersection en X;Route departementale;Autre collision;Motocyclette > 125 cm3;Sans changement de direction;Non renseignee ;28;Masculin;Blessee Leger;Non renseignee ;2;1;1;1;0;0;Adulte jeune (25-34);Avec pieton;Avec moto;Aucun VL;Sans poids lourd;Adulte jeune (25-34);2 usagers
Leger;15/09/2017;08:45;Montrouge;Plein jour;Autre;Hors intersection;Voie commuNon renseignee le;Autre collision;Scooter > 125 cm3;Sans changement de direction;Non renseignee ;27;Masculin;Blessee Leger;Non renseignee ;2;1;1;1;0;0;Adulte jeune (25-34);Avec pieton;Avec moto;Aucun VL;Sans poids lourd;Adulte jeune (25-34);2 usagers
Leger;16/03/2016;09:15;ChateNon renseignee y-Malabry;Plein jour;Temps eblouissant;Hors intersection;Autoroute;Autre collision;Motocyclette > 125 cm3;Entre 2 files;VL seul;47;Masculin;Indemne;Non renseignee ;3;2;1;1;1;0;Adulte (35-49);Avec pieton;Avec moto;1 VL;Sans poids lourd;Adulte (35-49);3-5 usagers
Leger;04/11/2016;18:10;Boulogne-Billancourt;Nuit avec eclairage public allumee;Pluie legere;Hors intersection;Voie commuNon renseignee le;Autre collision;VL seul;Sans changement de direction;Non renseignee ;54;Feminin;Indemne;Non renseignee ;2;1;1;0;1;0;Senior actif (50-64);Avec pieton;Sans moto;1 VL;Sans poids lourd;Senior actif (50-64);2 usagers
Leger;01/12/2016;16:07;Sceaux;Plein jour;Autre;Intersection en T;Route departementale;Autre collision;VL seul;Sans changement de direction;Non renseignee ;84;Masculin;Indemne;Non renseignee ;2;1;1;0;1;0;Senior (65+);Avec pieton;Sans moto;1 VL;Sans poids lourd;Senior (65+);2 usagers
Leger;18/05/2016;21:40;Clichy;Nuit avec eclairage public allumee;Autre;Hors intersection;Route departementale;Autre collision;VL seul;Non renseignee ;Non renseignee ;82;Masculin;Blessee Leger;Non renseignee ;1;1;1;0;1;0;Senior (65+);Avec pieton;Sans moto;1 VL;Sans poids lourd;Senior (65+);1 usager
Leger;20/10/2016;18:15;Clichy;Nuit avec eclairage public allumee;Autre;Hors intersection;Voie commuNon renseignee le;Autre collision;Motocyclette > 125 cm3;Sans changement de direction;Non renseignee ;50;Masculin;Indemne;Non renseignee ;2;1;1;1;0;0;Senior actif (50-64);Avec pieton;Avec moto;Aucun VL;Sans poids lourd;Senior actif (50-64);2 usagers
Leger;28/02/2017;21:30;Bagneux;Nuit avec eclairage public allumee;Pluie legere;Intersection en T;Route departementale;Autre collision;VL seul;Sans changement de direction;Non renseignee ;37;Masculin;Blessee Leger;Non renseignee ;1;1;1;0;1;0;Adulte (35-49);Avec pieton;Sans moto;1 VL;Sans poids lourd;Adulte (35-49);1 usager
Leger;22/11/2017;09:06;Saint-Cloud;Plein jour;Autre;Hors intersection;Autoroute;Collisions en chaine;VL seul;Meme sens, Meme file;VL seul;43;Masculin;Indemne;Non renseignee ;3;3;0;0;3;0;Adulte (35-49);Sans pieton;Sans moto;3 VL ou plus;Sans poids lourd;Adulte (35-49);3-5 usagers
Leger;05/01/2017;18:47;ChateNon renseignee y-Malabry;Nuit avec eclairage public allumee;Autre;Intersection en X;Route departementale;Collision par le cote;VL seul;Sans changement de direction;VL seul;36;Masculin;Blessee Leger;Non renseignee ;2;2;0;0;2;0;Adulte (35-49);Sans pieton;Sans moto;2 VL;Sans poids lourd;Adulte (35-49);2 usagers
Leger;06/06/2017;08:30;ChateNon renseignee y-Malabry;Plein jour;Autre;Hors intersection;Autoroute;Collisions multiples;VL seul;Changeant de file A'auche;Motocyclette > 125 cm3;41;Masculin;Indemne;Non renseignee ;3;3;0;1;2;0;Adulte (35-49);Sans pieton;Avec moto;2 VL;Sans poids lourd;Adulte (35-49);3-5 usagers
Grave;03/01/2018;12:15;Sevres;Plein jour;Temps couvert;Hors intersection;Voie commuNon renseignee le;Sans collision;VL seul;Manoeuvre de stationnement;Non renseignee ;47;Masculin;Blessee hospitalisee;Non renseignee ;1;1;0;0;1;0;Adulte (35-49);Sans pieton;Sans moto;1 VL;Sans poids lourd;Adulte (35-49);1 usager
Leger;02/11/2018;18:25;Non renseignee nterre;Crepuscule ou aube;Autre;Hors intersection;Autoroute;Collision par l'arriere;Motocyclette > 50 cm3 et <= 125 cm3;S inserant;VL seul;42;Masculin;Blessee Leger;Non renseignee ;3;2;0;1;1;0;Adulte (35-49);Sans pieton;Avec moto;1 VL;Sans poids lourd;Adulte (35-49);3-5 usagers
Leger;13/02/2018;11:40;Courbevoie;Crepuscule ou aube;Autre;Hors intersection;Route departementale;Collision par l'arriere;VL seul;Sans changement de direction;Motocyclette > 125 cm3;47;Feminin;Indemne;Non renseignee ;3;2;0;1;1;0;Adulte (35-49);Sans pieton;Avec moto;1 VL;Sans poids lourd;Adulte (35-49);3-5 usagers
Leger;13/12/2018;11:00;Levallois-Perret;Plein jour;Autre;Hors intersection;Voie commuNon renseignee le;Collision par le cote;Scooter > 50 cm3 et <= 125 cm3;Sans changement de direction;VL seul;33;Feminin;Indemne;Non renseignee ;3;2;0;1;1;0;Adulte jeune (25-34);Sans pieton;Avec moto;1 VL;Sans poids lourd;Adulte jeune (25-34);3-5 usagers
Leger;06/04/2018;16:00;Villeneuve-la-Garenne;Plein jour;Autre;Hors intersection;Autoroute;Collision par le cote;Motocyclette > 125 cm3;Entre 2 files;VL seul;22;Masculin;Blessee Leger;Non renseignee ;2;2;0;1;1;0;Jeune adulte (18-24);Sans pieton;Avec moto;1 VL;Sans poids lourd;Jeune adulte (18-24);2 usagers
Leger;03/02/2018;13:21;Gennevilliers;Plein jour;Pluie legere;Hors intersection;Autoroute;Collision par le cote;VL seul;Se deportant A$roite;Motocyclette > 125 cm3;56;Masculin;Indemne;Non renseignee ;2;2;0;1;1;0;Senior actif (50-64);Sans pieton ;Avec moto;1 VL;Sans poids lourd;Senior actif (50-64);2 usagers
Leger;07/06/2018;19:15;Non renseignee nterre;Plein jour;Autre;Hors intersection;Autoroute;Collisions multiples;VL seul;Se deportant A$roite;Motocyclette > 125 cm3;35;Masculin;Indemne;Non renseignee ;3;3;0;1;2;0;Adulte (35-49);Sans pieton ;Avec moto;2 VL;Sans poids lourd;Adulte (35-49);3-5 usagers
Leger;24/08/2018;11:48;Gennevilliers;Plein jour;Autre;Hors intersection;Autoroute;Sans collision;Motocyclette > 125 cm3;Sans changement de direction;Non renseignee ;24;Masculin;Blessee Leger;Non renseignee ;1;1;0;1;0;0;Jeune adulte (18-24);Sans pieton;Avec moto;Aucun VL;Sans poids lourd;Jeune adulte (18-24);1 usager
Leger;06/11/2018;09:07;ChateNon renseignee y-Malabry;Plein jour;Autre;Hors intersection;Autoroute;Collisions multiples;VL seul;Changeant de file A$roite;Motocyclette > 125 cm3;56;Feminin;Indemne;Non renseignee ;3;3;0;1;2;0;Senior actif (50-64);Sans pieton;Avec moto;2 VL;Sans poids lourd;Senior actif (50-64);3-5 usagers
Leger;25/11/2018;18:30;Boulogne-Billancourt;Nuit avec eclairage public allumee;Autre;Intersection à plus de 4 branches;Route departementale;Collision par le cote;VL seul;Sans changement de direction;Motocyclette > 125 cm3;62;Feminin;Indemne;Non renseignee ;2;2;0;1;1;0;Senior actif (50-64);Sans pieton;Avec moto;1 VL;Sans poids lourd;Senior actif (50-64);2 usagers
Leger;17/09/2018;09:22;Clamart;Plein jour;Autre;Hors intersection;Route departementale;Collision par le cote;VL seul;TourNon renseignee nt A'auche;Motocyclette > 125 cm3;26;Feminin;Indemne;Non renseignee ;2;2;0;1;1;0;Adulte jeune (25-34);Sans pieton ;Avec moto;1 VL;Sans poids lourd;Adulte jeune (25-34);2 usagers
Leger;27/04/2018;14:40;Clichy;Plein jour;Autre;Intersection en Y;Route departementale;Collision par le cote;VU seul 1,5T <= PTAC <= 3,5T;TourNon renseignee nt A'auche;Motocyclette > 125 cm3;21;Masculin;Indemne;Non renseignee ;2;2;0;1;1;0;Jeune adulte (18-24);Sans pieton ;Avec moto;1 VL;Sans poids lourd;Jeune adulte (18-24);2 usagers
Leger;05/05/2018;14:10;Colombes;Plein jour;Autre;Intersection en X;Route departementale;Collision frontale;VL seul;Sans changement de direction;Motocyclette > 50 cm3 et <= 125 cm3;25;Masculin;Blessee Leger;Non renseignee ;2;2;0;1;1;0;Adulte jeune (25-34);Sans pieton;Avec moto;1 VL;Sans poids lourd;Adulte jeune (25-34);2 usagers
Leger;03/10/2018;20:00;Colombes;Nuit avec eclairage public allumee;Autre;Intersection en T;Voie commuNon renseignee le;Collision frontale;VL seul;TourNon renseignee nt A$roite;Scooter > 50 cm3 et <= 125 cm3;36;Feminin;Indemne;Non renseignee ;3;2;0;1;1;0;Adulte (35-49);Sans pieton ;Avec moto;1 VL;Sans poids lourd;Adulte (35-49);3-5 usagers
Leger;13/06/2018;21:00;La Garenne-Colombes;Crepuscule ou aube;Autre;Intersection en X;Voie commuNon renseignee le;Collision par le cote;Scooter > 125 cm3;S inserant;VL seul;20;Masculin;Blessee Leger;Non renseignee ;2;2;0;1;1;0;Jeune adulte (18-24);Sans pieton;Avec moto;1 VL;Sans poids lourd;Jeune adulte (18-24);2 usagers
Leger;29/09/2018;12:35;La Garenne-Colombes;Plein jour;Autre;Hors intersection;Route departementale;Collision par le cote;VL seul;En faisant demi-tour sur la chaussee;Motocyclette > 125 cm3;46;Masculin;Indemne;Non renseignee ;2;2;0;1;1;0;Adulte (35-49);Sans pieton;Avec moto;1 VL;Sans poids lourd;Adulte (35-49);2 usagers
Leger;30/08/2012;09:30;Colombes;Plein jour;Autre;Intersection en T;Route departementale;Collision par le cote;VL seul;TourNon renseignee nt A'auche;VL seul;24;Feminin;Indemne;Non renseignee ;3;2;0;0;2;0;Jeune adulte (18-24);Sans pieton ;Sans moto;2 VL;Sans poids lourd;Jeune adulte (18-24);3-5 usagers
Leger;15/10/2012;08:30;Clamart;Plein jour;Autre;Hors intersection;Route departementale;Collision par le cote;Motocyclette > 125 cm3;Non renseignee ;VL seul;53;Masculin;Blessee Leger;Non renseignee ;2;2;0;1;1;0;Senior actif (50-64);Sans pieton;Avec moto;1 VL;Sans poids lourd;Senior actif (50-64);2 usagers
Leger;17/10/2012;20:15;Rueil-Malmaison;Crepuscule ou aube;Autre;Hors intersection;Voie commuNon renseignee le;Sans collision;Cyclomoteur <50cm3;TourNon renseignee nt A'auche;Non renseignee ;20;Masculin;Blessee Leger;Non renseignee ;1;1;0;0;0;0;Jeune adulte (18-24);Sans pieton ;Sans moto;Aucun VL;Sans poids lourd;Jeune adulte (18-24);1 usager
Leger;16/06/2012;23:00;Levallois-Perret;Nuit avec eclairage public allumee;Autre;Intersection en X;Voie commuNon renseignee le;Collision par le cote;VL seul;Sans changement de direction;Scooter < 50 cm3;21;Masculin;Indemne;Non renseignee ;2;2;0;0;1;0;Jeune adulte (18-24);Sans pieton;Sans moto;1 VL;Sans poids lourd;Jeune adulte (18-24);2 usagers
Leger;19/01/2012;08:55;Clichy;Plein jour;Pluie legere;Intersection en Y;Route departementale;Collision par le cote;Motocyclette > 50 cm3 et <= 125 cm3;Entre 2 files;VL seul;37;Masculin;Blessee Leger;Non renseignee ;3;2;0;1;1;0;Adulte (35-49);Sans pieton;Avec moto;1 VL;Sans poids lourd;Adulte (35-49);3-5 usagers
Leger;20/01/2012;23:10;Gennevilliers;Nuit sanseclairage public;Autre;Hors intersection;Autoroute;Sans collision;VL seul;Non renseignee ;Non renseignee ;34;Masculin;Indemne;Non renseignee ;2;1;0;0;1;0;Adulte jeune (25-34);Sans pieton;Sans moto;1 VL;Sans poids lourd;Adulte jeune (25-34);2 usagers
Leger;13/03/2012;19:25;Clichy;Crepuscule ou aube;Autre;Intersection en T;Voie commuNon renseignee le;Collision par le cote;Scooter < 50 cm3;Sans changement de direction;VL seul;22;Feminin;Blessee Leger;Non renseignee ;2;2;0;0;1;0;Jeune adulte (18-24);Sans pieton;Sans moto;1 VL;Sans poids lourd;Jeune adulte (18-24);2 usagers
Grave;28/11/2012;21:25;Chatillon;Nuit avec eclairage public allumee;Pluie legere;Intersection en T;Route departementale;Collision par le cote;Scooter > 50 cm3 et <= 125 cm3;Sans changement de direction;VU seul 1,5T <= PTAC <= 3,5T;59;Masculin;Indemne;Non renseignee ;2;2;0;1;1;0;Senior actif (50-64);Sans pieton;Avec moto;1 VL;Sans poids lourd;Senior actif (50-64);2 usagers