type_acci;date;heure;commune;luminosite_accident;cond_atmos;Intersection;categorie_route;type_collision;type_vehicule_1;manoeuvre_vehicule_1;type_vehicule_2;age_usager;sexe_usager;gravite_usager;etat_usager;nombre_usagers;nb_veh;nombre_pietons;nombre_motos;nombre_vl;nombre_pl;age_usa1_categ;accident_pieton;accident_moto;categorie_vl;accident_pl;categorie_age;categorie_usagers
Leger;24/09/2007;13:15;Rueil-Malmaison;Plein jour;Autre;Intersection en T;Route departementale;Collision par l'arriere;VL seul;Meme sens, Meme file;VL seul;40;Masculin;Indemne;Non renseignee ;2;2;0;0;2;0;Adulte (35-49);Sans pieton;Sans moto;2 VL;Sans poids lourd;Adulte (35-49);2 usagers
Leger;28/02/2007;09:00;Rueil-Malmaison;Plein jour;Autre;Hors intersection;Non renseignee ;Collision par le cote;VL seul;Sans changement de direction;Scooter < 50 cm3;30;Masculin;Indemne;Non renseignee ;2;2;0;0;1;0;Adulte jeune (25-34);Sans pieton;Sans moto;1 VL;Sans poids lourd;Adulte jeune (25-34);2 usagers
Leger;05/06/2007;09:15;Non renseignee nterre;Plein jour;Autre;Intersection en Y;Route departementale;Collision par le cote;Motocyclette > 50 cm3 et <= 125 cm3;Sans changement de direction;VU seul 1,5T <= PTAC <= 3,5T;33;Masculin;Blessee Leger;Non renseignee ;2;2;0;1;1;0;Adulte jeune (25-34);Sans pieton;Avec moto;1 VL;Sans poids lourd;Adulte jeune (25-34);2 usagers
Leger;26/07/2007;20:10;Sevres;Plein jour;Autre;Hors intersection;Route departementale;Collision par l'arriere;Scooter > 50 cm3 et <= 125 cm3;Entre 2 files;VL seul;26;Masculin;Blessee Leger;Non renseignee ;2;2;0;1;1;0;Adulte jeune (25-34);Sans pieton;Avec moto;1 VL;Sans poids lourd;Adulte jeune (25-34);2 usagers
Leger;08/03/2007;08:28;Sevres;Plein jour;Autre;Hors intersection;Route departementale;Sans collision;VL seul;Sans changement de direction;Non renseignee ;35;Feminin;Blessee Leger;Non renseignee ;1;1;0;0;1;0;Adulte (35-49);Sans pieton;Sans moto;1 VL;Sans poids lourd;Adulte (35-49);1 usager
Leger;16/04/2007;10:20;Saint-Cloud;Plein jour;Autre;Intersection en Y;Route departementale;Collision par le cote;VL seul;Traversant la  chaussee;VL seul;38;Feminin;Indemne;Non renseignee ;2;2;0;0;2;0;Adulte (35-49);Sans pieton;Sans moto;2 VL;Sans poids lourd;Adulte (35-49);2 usagers
Leger;14/09/2007;23:17;Sevres;Nuit avec eclairage public allumee;Autre;Intersection en T;Non renseignee ;Collision frontale;Scooter < 50 cm3;Sedeportant A'auche;Motocyclette > 50 cm3 et <= 125 cm3;17;Masculin;Indemne;Non renseignee ;3;2;0;1;0;0;Mineur (-18 ans);Sans pieton ;Avec moto;Aucun VL;Sans poids lourd;Mineur (-18 ans);3-5 usagers
Leger;09/03/2007;16:40;Non renseignee nterre;Plein jour;Autre;Hors intersection;Autoroute;Collision par le cote;Motocyclette > 125 cm3;Entre 2 files;VL seul;24;Masculin;Blessee Leger;Non renseignee ;2;2;0;1;1;0;Jeune adulte (18-24);Sans pieton;Avec moto;1 VL;Sans poids lourd;Jeune adulte (18-24);2 usagers
Leger;27/04/2007;06:10;Non renseignee nterre;Crepuscule ou aube;Autre;Intersection en T;Non renseignee ;Collision par le cote;VU seul 1,5T <= PTAC <= 3,5T;TourNon renseignee nt A'auche;Bicyclette;29;Masculin;Indemne;Non renseignee ;2;2;0;0;1;0;Adulte jeune (25-34);Sans pieton ;Sans moto;1 VL;Sans poids lourd;Adulte jeune (25-34);2 usagers
Leger;26/04/2007;18:45;Non renseignee nterre;Plein jour;Autre;Intersection en Y;Non renseignee ;Collision par le cote;Scooter < 50 cm3;Non renseignee ;VL seul;18;Masculin;Blessee Leger;Non renseignee ;2;2;0;0;1;0;Jeune adulte (18-24);Sans pieton;Sans moto;1 VL;Sans poids lourd;Jeune adulte (18-24);2 usagers
Leger;09/01/2007;17:30;Non renseignee nterre;Crepuscule ou aube;Pluie legere;Intersection en Y;Route departementale;Collision par le cote;Scooter < 50 cm3;Sedeportant A'auche;VL seul;16;Feminin;Blessee Leger;Non renseignee ;2;2;0;0;1;0;Mineur (-18 ans);Sans pieton ;Sans moto;1 VL;Sans poids lourd;Mineur (-18 ans);2 usagers
Leger;28/04/2007;18:15;Puteaux;Plein jour;Autre;Intersection en X;Route departementale;Collision par le cote;VL seul;TourNon renseignee nt A'auche;Cyclomoteur <50cm3;30;Masculin;Indemne;Non renseignee ;3;2;0;0;1;0;Adulte jeune (25-34);Sans pieton ;Sans moto;1 VL;Sans poids lourd;Adulte jeune (25-34);3-5 usagers
Leger;16/01/2007;10:35;Sevres;Plein jour;Autre;Place;Route departementale;Collisions en chaine;VL seul;Sans changement de direction;VL seul;20;Feminin;Indemne;Non renseignee ;3;3;0;0;3;0;Jeune adulte (18-24);Sans pieton;Sans moto;3 VL ou plus;Sans poids lourd;Jeune adulte (18-24);3-5 usagers
Leger;17/03/2007;19:30;Sevres;Nuit avec eclairage public allumee;Autre;Place;Route departementale;Collision par le cote;VL seul;Sans changement de direction;Motocyclette > 125 cm3;38;Masculin;Indemne;Non renseignee ;2;2;0;1;1;0;Adulte (35-49);Sans pieton;Avec moto;1 VL;Sans poids lourd;Adulte (35-49);2 usagers
Leger;24/03/2007;02:45;Non renseignee nterre;Nuit avec eclairage public allumee;Autre;Intersection en X;Route departementale;Sans collision;VL seul;Sans changement de direction;Non renseignee ;41;Feminin;Blessee Leger;Non renseignee ;1;1;0;0;1;0;Adulte (35-49);Sans pieton;Sans moto;1 VL;Sans poids lourd;Adulte (35-49);1 usager
Grave;27/10/2007;12:00;Non renseignee nterre;Plein jour;Autre;Hors intersection;Autoroute;Collision par le cote;Motocyclette > 125 cm3;Sans changement de direction;PL seul 3,5T <PTCA <= 7,5T;56;Masculin;Indemne;Non renseignee ;2;2;0;1;0;1;Senior actif (50-64);Sans pieton;Avec moto;Aucun VL;Avec poids lourd;Senior actif (50-64);2 usagers
Leger;12/07/2007;20:40;Non renseignee nterre;Plein jour;Autre;Hors intersection;Non renseignee ;Autre collision;VL seul;Sans changement de direction;Non renseignee ;29;Masculin;Indemne;Non renseignee ;2;1;1;0;1;0;Adulte jeune (25-34);Avec pieton;Sans moto;1 VL;Sans poids lourd;Adulte jeune (25-34);2 usagers
Leger;05/05/2007;17:45;Suresnes;Plein jour;Autre;Place;Non renseignee ;Autre collision;VL seul;Manoeuvre de stationnement;Non renseignee ;44;Masculin;Indemne;Non renseignee ;2;1;1;0;1;0;Adulte (35-49);Avec pieton;Sans moto;1 VL;Sans poids lourd;Adulte (35-49);2 usagers
Leger;26/12/2007;18:47;Suresnes;Nuit avec eclairage public allumee;Pluie legere;Intersection en T;Route departementale;Collision par le cote;Motocyclette > 125 cm3;Sans changement de direction;VL seul;38;Masculin;Blessee Leger;Non renseignee ;2;2;0;1;1;0;Adulte (35-49);Sans pieton;Avec moto;1 VL;Sans poids lourd;Adulte (35-49);2 usagers
Leger;29/10/2007;06:30;Suresnes;Nuit avec eclairage public allumee;Pluie legere;Hors intersection;Route departementale;Collision par l'arriere;VL seul;Changeant de file A'auche;VL seul;41;Masculin;Blessee Leger;Non renseignee ;2;2;0;0;2;0;Adulte (35-49);Sans pieton;Sans moto;2 VL;Sans poids lourd;Adulte (35-49);2 usagers
Leger;13/02/2007;08:50;Boulogne-Billancourt;Plein jour;Autre;Intersection en X;Non renseignee ;Collision par le cote;VL seul;TourNon renseignee nt A'auche;VL seul;30;Feminin;Blessee Leger;Non renseignee ;2;2;0;0;2;0;Adulte jeune (25-34);Sans pieton ;Sans moto;2 VL;Sans poids lourd;Adulte jeune (25-34);2 usagers
Leger;04/03/2007;11:30;Meudon;Plein jour;Autre;Hors intersection;Non renseignee ;Autre collision;Bicyclette;Meme sens, Meme file;Non renseignee ;33;Masculin;Indemne;Non renseignee ;2;1;1;0;0;0;Adulte jeune (25-34);Avec pieton;Sans moto;Aucun VL;Sans poids lourd;Adulte jeune (25-34);2 usagers
Grave;16/10/2007;09:40;Colombes;Plein jour;Temps couvert;Hors intersection;Autoroute;Collision par le cote;Scooter > 50 cm3 et <= 125 cm3;Entre 2 files;VL seul;40;Masculin;Blessee hospitalisee;Non renseignee ;2;2;0;1;1;0;Adulte (35-49);Sans pieton;Avec moto;1 VL;Sans poids lourd;Adulte (35-49);2 usagers
Leger;16/01/2007;19:17;La Garenne-Colombes;Plein jour;Autre;Intersection en Y;Route departementale;Collision par le cote;VL seul;TourNon renseignee nt A'auche;Motocyclette > 125 cm3;50;Feminin;Indemne;Non renseignee ;3;2;0;1;1;0;Senior actif (50-64);Sans pieton ;Avec moto;1 VL;Sans poids lourd;Senior actif (50-64);3-5 usagers
Leger;02/04/2007;19:55;Courbevoie;Plein jour;Autre;Intersection en X;Route departementale;Collision par le cote;VL seul;Sans changement de direction;VL seul;81;Feminin;Blessee Leger;Non renseignee ;2;2;0;0;2;0;Senior (65+);Sans pieton;Sans moto;2 VL;Sans poids lourd;Senior (65+);2 usagers
Leger;18/10/2007;09:45;Boulogne-Billancourt;Plein jour;Autre;Hors intersection;Route departementale;Collision par le cote;Motocyclette > 125 cm3;Entre 2 files;PL seul > 7,5T;30;Masculin;Blessee Leger;Non renseignee ;2;2;0;1;0;1;Adulte jeune (25-34);Sans pieton;Avec moto;Aucun VL;Avec poids lourd;Adulte jeune (25-34);2 usagers
Leger;06/06/2007;00:25;Boulogne-Billancourt;Nuit avec eclairage public allumee;Autre;Intersection en X;Route departementale;Collision par l'arriere;VL seul;Sans changement de direction;Cyclomoteur <50cm3;18;Masculin;Indemne;Non renseignee ;2;2;0;0;1;0;Jeune adulte (18-24);Sans pieton;Sans moto;1 VL;Sans poids lourd;Jeune adulte (18-24);2 usagers
Leger;23/03/2015;09:15;Colombes;Plein jour;Autre;Intersection en T;Route departementale;Collision par le cote;Scooter < 50 cm3;Non renseignee ;VL seul;21;Masculin;Blessee Leger;Non renseignee ;2;2;0;0;1;0;Jeune adulte (18-24);Sans pieton;Sans moto;1 VL;Sans poids lourd;Jeune adulte (18-24);2 usagers
Leger;28/07/2015;07:55;Colombes;Crepuscule ou aube;Autre;Intersection en T;Route departementale;Collision par le cote;Scooter < 50 cm3;Sans changement de direction;VL seul;21;Feminin;Blessee Leger;Non renseignee ;2;2;0;0;1;0;Jeune adulte (18-24);Sans pieton;Sans moto;1 VL;Sans poids lourd;Jeune adulte (18-24);2 usagers
Leger;01/12/2015;19:15;Courbevoie;Nuit avec eclairage public allumee;Autre;Hors intersection;Route departementale;Collision par le cote;VL seul;TourNon renseignee nt A'auche;Scooter < 50 cm3;75;Feminin;Indemne;Non renseignee ;2;2;0;0;1;0;Senior (65+);Sans pieton ;Sans moto;1 VL;Sans poids lourd;Senior (65+);2 usagers
Leger;23/11/2015;20:30;Levallois-Perret;Nuit avec eclairage public allumee;Autre;Intersection à plus de 4 branches;Route departementale;Collision par le cote;Cyclomoteur <50cm3;Non renseignee ;VL seul;27;Masculin;Blessee Leger;Non renseignee ;2;2;0;0;1;0;Adulte jeune (25-34);Sans pieton;Sans moto;1 VL;Sans poids lourd;Adulte jeune (25-34);2 usagers
Leger;12/02/2015;08:00;Chatillon;Plein jour;Autre;Hors intersection;Voie commuNon renseignee le;Collision par l'arriere;VL seul;Sans changement de direction;Scooter < 50 cm3;46;Feminin;Indemne;Non renseignee ;2;2;0;0;1;0;Adulte (35-49);Sans pieton;Sans moto;1 VL;Sans poids lourd;Adulte (35-49);2 usagers
Leger;03/11/2015;07:50;Puteaux;Nuit avec eclairage public allumee;Pluie legere;Intersection en T;Voie commuNon renseignee le;Sans collision;Scooter < 50 cm3;TourNon renseignee nt A$roite;Non renseignee ;26;Feminin;Blessee Leger;Non renseignee ;1;1;0;0;0;0;Adulte jeune (25-34);Sans pieton ;Sans moto;Aucun VL;Sans poids lourd;Adulte jeune (25-34);1 usager
Leger;05/12/2015;18:10;Non renseignee nterre;Nuit avec eclairage public allumee;Autre;Intersection en T;Voie commuNon renseignee le;Collision frontale;VU seul 1,5T <= PTAC <= 3,5T;TourNon renseignee nt A'auche;Scooter < 50 cm3;34;Masculin;Indemne;Non renseignee ;2;2;0;0;1;0;Adulte jeune (25-34);Sans pieton ;Sans moto;1 VL;Sans poids lourd;Adulte jeune (25-34);2 usagers
Leger;21/08/2015;12:10;Saint-Cloud;Plein jour;Autre;Intersection en T;Route departementale;Collision par le cote;Scooter < 50 cm3;Sedeportant A'auche;VU seul 1,5T <= PTAC <= 3,5T;21;Masculin;Blessee Leger;Non renseignee ;2;2;0;0;1;0;Jeune adulte (18-24);Sans pieton ;Sans moto;1 VL;Sans poids lourd;Jeune adulte (18-24);2 usagers
Leger;15/12/2015;16:35;Saint-Cloud;Plein jour;Autre;Hors intersection;Voie commuNon renseignee le;Sans collision;Scooter < 50 cm3;S inserant;Non renseignee ;16;Masculin;Blessee Leger;Non renseignee ;1;1;0;0;0;0;Mineur (-18 ans);Sans pieton;Sans moto;Aucun VL;Sans poids lourd;Mineur (-18 ans);1 usager
Leger;10/07/2015;20:50;Rueil-Malmaison;Plein jour;Autre;Intersection en T;Voie commuNon renseignee le;Collision par le cote;VL seul;Sans changement de direction;Scooter < 50 cm3;57;Feminin;Indemne;Non renseignee ;2;2;0;0;1;0;Senior actif (50-64);Sans pieton;Sans moto;1 VL;Sans poids lourd;Senior actif (50-64);2 usagers
Leger;04/05/2007;11:29;Boulogne-Billancourt;Plein jour;Autre;Hors intersection;Route departementale;Collision frontale;VL seul;A contresens;Scooter > 50 cm3 et <= 125 cm3;81;Masculin;Indemne;Non renseignee ;2;2;0;1;1;0;Senior (65+);Sans pieton;Avec moto;1 VL;Sans poids lourd;Senior (65+);2 usagers
Leger;13/11/2007;15:15;Issy-les-Moulineaux;Plein jour;Pluie legere;Intersection en T;Non renseignee ;Collision par le cote;VL seul;Changeant de file A'auche;Scooter < 50 cm3;24;Masculin;Blessee Leger;Non renseignee ;2;2;0;0;1;0;Jeune adulte (18-24);Sans pieton;Sans moto;1 VL;Sans poids lourd;Jeune adulte (18-24);2 usagers
Grave;10/10/2007;18:35;Issy-les-Moulineaux;Plein jour;Autre;Hors intersection;Route departementale;Autre collision;VL seul;Sans changement de direction;Non renseignee ;14;Feminin;Blessee hospitalisee;Non renseignee ;2;1;1;0;1;0;Mineur (-18 ans);Avec pieton;Sans moto;1 VL;Sans poids lourd;Mineur (-18 ans);2 usagers
Leger;06/01/2007;08:45;Issy-les-Moulineaux;Crepuscule ou aube;Temps couvert;Hors intersection;Non renseignee ;Collision par le cote;VL seul;TourNon renseignee nt A$roite;Scooter < 50 cm3;43;Feminin;Indemne;Non renseignee ;2;2;0;0;1;0;Adulte (35-49);Sans pieton ;Sans moto;1 VL;Sans poids lourd;Adulte (35-49);2 usagers
Grave;14/05/2007;08:30;Clamart;Plein jour;Autre;Hors intersection;Route departementale;Collision frontale;Motocyclette > 125 cm3;Non renseignee ;VL seul;27;Masculin;Blessee hospitalisee;Non renseignee ;2;2;0;1;1;0;Adulte jeune (25-34);Sans pieton;Avec moto;1 VL;Sans poids lourd;Adulte jeune (25-34);2 usagers
Grave;17/07/2007;17:30;ChateNon renseignee y-Malabry;Plein jour;Autre;Hors intersection;Non renseignee ;Autre collision;VL seul;Sans changement de direction;Non renseignee ;35;Masculin;Indemne;Non renseignee ;2;1;1;0;1;0;Adulte (35-49);Avec pieton;Sans moto;1 VL;Sans poids lourd;Adulte (35-49);2 usagers
Leger;31/10/2007;12:20;Neuilly-sur-Seine;Plein jour;Autre;Hors intersection;Route Non renseignee tioNon renseignee le;Collision par le cote;Scooter < 50 cm3;Non renseignee ;VL seul;29;Masculin;Blessee Leger;Non renseignee ;2;2;0;0;1;0;Adulte jeune (25-34);Sans pieton;Sans moto;1 VL;Sans poids lourd;Adulte jeune (25-34);2 usagers
Leger;16/03/2007;07:04;Neuilly-sur-Seine;Plein jour;Autre;Hors intersection;Route Non renseignee tioNon renseignee le;Collisions multiples;Non renseignee ;Entre 2 files;VU seul 1,5T <= PTAC <= 3,5T;68;Masculin;Blessee Leger;Non renseignee ;3;3;0;1;2;0;Senior (65+);Sans pieton;Avec moto;2 VL;Sans poids lourd;Senior (65+);3-5 usagers
Grave;18/01/2007;18:50;Neuilly-sur-Seine;Nuit avec eclairage public allumee;Autre;Hors intersection;Non renseignee ;Autre collision;Motocyclette > 125 cm3;Sans changement de direction;Non renseignee ;50;Masculin;Indemne;Non renseignee ;2;1;1;1;0;0;Senior actif (50-64);Avec pieton;Avec moto;Aucun VL;Sans poids lourd;Senior actif (50-64);2 usagers
Leger;16/05/2007;11:15;Neuilly-sur-Seine;Plein jour;Autre;Hors intersection;Non renseignee ;Autre collision;VL seul;Manoeuvre de stationnement;Non renseignee ;41;Masculin;Indemne;Non renseignee ;2;1;1;0;1;0;Adulte (35-49);Avec pieton;Sans moto;1 VL;Sans poids lourd;Adulte (35-49);2 usagers
Leger;14/05/2007;17:15;Asnieres-sur-Seine;Plein jour;Pluie legere;Intersection en X;Route departementale;Collision par le cote;VL seul;TourNon renseignee nt A'auche;Bicyclette;23;Feminin;Indemne;Non renseignee ;2;2;0;0;1;0;Jeune adulte (18-24);Sans pieton ;Sans moto;1 VL;Sans poids lourd;Jeune adulte (18-24);2 usagers
Leger;03/06/2007;17:55;Asnieres-sur-Seine;Plein jour;Autre;Intersection en X;Route departementale;Autre collision;VL seul;Sans changement de direction;Non renseignee ;6;Feminin;Blessee Leger;Non renseignee ;2;1;1;0;1;0;Mineur (-18 ans);Avec pieton;Sans moto;1 VL;Sans poids lourd;Mineur (-18 ans);2 usagers
Leger;05/03/2007;08:55;Neuilly-sur-Seine;Plein jour;Autre;Hors intersection;Non renseignee ;Collision par l'arriere;VL seul;Meme sens, Meme file;Bicyclette;35;Feminin;Indemne;Non renseignee ;2;2;0;0;1;0;Adulte (35-49);Sans pieton;Sans moto;1 VL;Sans poids lourd;Adulte (35-49);2 usagers
Leger;10/06/2007;15:40;Neuilly-sur-Seine;Plein jour;Autre;Hors intersection;Route Non renseignee tioNon renseignee le;Collisions multiples;VL seul;Changeant de file A$roite;Motocyclette > 125 cm3;26;Feminin;Indemne;Non renseignee ;4;3;0;1;2;0;Adulte jeune (25-34);Sans pieton;Avec moto;2 VL;Sans poids lourd;Adulte jeune (25-34);3-5 usagers
Leger;02/08/2007;15:15;Neuilly-sur-Seine;Plein jour;Autre;Hors intersection;Route Non renseignee tioNon renseignee le;Autre collision;VU seul 1,5T <= PTAC <= 3,5T;Sans changement de direction;Non renseignee ;53;Masculin;Indemne;Non renseignee ;2;1;1;0;1;0;Senior actif (50-64);Avec pieton;Sans moto;1 VL;Sans poids lourd;Senior actif (50-64);2 usagers
Leger;31/08/2007;11:10;Malakoff;Plein jour;Autre;Place;Route departementale;Collision par le cote;Motocyclette > 125 cm3;TourNon renseignee nt A'auche;Scooter < 50 cm3;28;Masculin;Indemne;Non renseignee ;3;2;0;1;0;0;Adulte jeune (25-34);Sans pieton ;Avec moto;Aucun VL;Sans poids lourd;Adulte jeune (25-34);3-5 usagers
Leger;11/01/2007;13:09;Antony;Plein jour;Autre;Hors intersection;Route Non renseignee tioNon renseignee le;Sans collision;VL seul;Non renseignee ;Non renseignee ;21;Masculin;Blessee Leger;Non renseignee ;1;1;0;0;1;0;Jeune adulte (18-24);Sans pieton;Sans moto;1 VL;Sans poids lourd;Jeune adulte (18-24);1 usager
Leger;11/01/2016;17:00;Courbevoie;Plein jour;Autre;Intersection en X;Route departementale;Autre collision;Scooter < 50 cm3;Sans changement de direction;Non renseignee ;17;Masculin;Indemne;Non renseignee ;2;1;1;0;0;0;Mineur (-18 ans);Avec pieton;Sans moto;Aucun VL;Sans poids lourd;Mineur (-18 ans);2 usagers
Leger;11/10/2007;10:55;Levallois-Perret;Plein jour;Autre;Intersection en X;Route departementale;Collision par le cote;VL seul;Sans changement de direction;Scooter < 50 cm3;26;Masculin;Indemne;Non renseignee ;2;2;0;0;1;0;Adulte jeune (25-34);Sans pieton;Sans moto;1 VL;Sans poids lourd;Adulte jeune (25-34);2 usagers
Leger;18/05/2016;05:00;Gennevilliers;Nuit avec eclairage public allumee;Autre;Hors intersection;Voie commuNon renseignee le;Autre collision;VL seul;Non renseignee ;Non renseignee ;22;Masculin;Blessee Leger;Non renseignee ;1;1;1;0;1;0;Jeune adulte (18-24);Avec pieton;Sans moto;1 VL;Sans poids lourd;Jeune adulte (18-24);1 usager
Leger;29/06/2016;13:05;Gennevilliers;Plein jour;Autre;Intersection en T;Route departementale;Autre collision;VL seul;Sans changement de direction;Non renseignee ;27;Feminin;Indemne;Non renseignee ;2;1;1;0;1;0;Adulte jeune (25-34);Avec pieton;Sans moto;1 VL;Sans poids lourd;Adulte jeune (25-34);2 usagers
Leger;10/07/2016;19:30;Gennevilliers;Plein jour;Autre;Hors intersection;Voie commuNon renseignee le;Autre collision;VL seul;Sans changement de direction;Non renseignee ;54;Masculin;Indemne;Non renseignee ;2;1;1;0;1;0;Senior actif (50-64);Avec pieton;Sans moto;1 VL;Sans poids lourd;Senior actif (50-64);2 usagers
Leger;05/09/2016;16:20;Gennevilliers;Plein jour;Autre;Hors intersection;Route departementale;Autre collision;VL seul;Sans changement de direction;Non renseignee ;47;Masculin;Indemne;Non renseignee ;2;1;1;0;1;0;Adulte (35-49);Avec pieton;Sans moto;1 VL;Sans poids lourd;Adulte (35-49);2 usagers
Leger;23/07/2007;12:45;Gennevilliers;Plein jour;Pluie legere;Hors intersection;Autoroute;Sans collision;VL seul;Non renseignee ;Non renseignee ;33;Feminin;Blessee Leger;Non renseignee ;2;1;0;0;1;0;Adulte jeune (25-34);Sans pieton;Sans moto;1 VL;Sans poids lourd;Adulte jeune (25-34);2 usagers
Leger;15/11/2016;08:15;Levallois-Perret;Crepuscule ou aube;Autre;Intersection en X;Route departementale;Autre collision;VL seul;En marche arriere;Non renseignee ;61;Masculin;Indemne;Non renseignee ;2;1;1;0;1;0;Senior actif (50-64);Avec pieton;Sans moto;1 VL;Sans poids lourd;Senior actif (50-64);2 usagers
Grave;23/11/2007;02:15;Gennevilliers;Nuit sanseclairage public;Autre;Hors intersection;Autoroute;Collision par le cote;VL seul;Meme sens, Meme file;VL seul;36;Masculin;Blessee hospitalisee;Non renseignee ;2;2;0;0;2;0;Adulte (35-49);Sans pieton;Sans moto;2 VL;Sans poids lourd;Adulte (35-49);2 usagers
Leger;05/02/2007;15:00;Asnieres-sur-Seine;Plein jour;Autre;Intersection en T;Route departementale;Collision par le cote;VL seul;TourNon renseignee nt A'auche;Scooter > 50 cm3 et <= 125 cm3;20;Masculin;Indemne;Non renseignee ;2;2;0;1;1;0;Jeune adulte (18-24);Sans pieton ;Avec moto;1 VL;Sans poids lourd;Jeune adulte (18-24);2 usagers
Leger;09/05/2016;18:33;Non renseignee nterre;Plein jour;Autre;Hors intersection;Route departementale;Autre collision;Scooter > 50 cm3 et <= 125 cm3;Non renseignee ;Non renseignee ;10;Masculin;Blessee Leger;Non renseignee ;1;1;1;1;0;0;Mineur (-18 ans);Avec pieton;Avec moto;Aucun VL;Sans poids lourd;Mineur (-18 ans);1 usager
Leger;30/03/2016;17:30;Neuilly-sur-Seine;Plein jour;Pluie legere;Hors intersection;Voie commuNon renseignee le;Autre collision;VL seul;Arrete (hors stationnement);Non renseignee ;62;Feminin;Indemne;Non renseignee ;2;1;1;0;1;0;Senior actif (50-64);Avec pieton;Sans moto;1 VL;Sans poids lourd;Senior actif (50-64);2 usagers
Leger;12/05/2016;17:10;Neuilly-sur-Seine;Plein jour;Autre;Intersection en X;Voie commuNon renseignee le;Autre collision;VL seul;TourNon renseignee nt A$roite;Non renseignee ;37;Feminin;Indemne;Non renseignee ;2;1;1;0;1;0;Adulte (35-49);Avec pieton;Sans moto;1 VL;Sans poids lourd;Adulte (35-49);2 usagers
Leger;16/06/2016;15:27;Puteaux;Plein jour;Autre;Intersection en X;Voie commuNon renseignee le;Autre collision;VL seul;Sans changement de direction;Non renseignee ;30;Feminin;Indemne;Non renseignee ;2;1;1;0;1;0;Adulte jeune (25-34);Avec pieton;Sans moto;1 VL;Sans poids lourd;Adulte jeune (25-34);2 usagers
Leger;02/01/2016;11:15;Villeneuve-la-Garenne;Plein jour;Autre;Hors intersection;Route departementale;Autre collision;VL seul;Sans changement de direction;Non renseignee ;36;Feminin;Indemne;Non renseignee ;3;1;1;0;1;0;Adulte (35-49);Avec pieton;Sans moto;1 VL;Sans poids lourd;Adulte (35-49);3-5 usagers
Leger;05/04/2016;09:40;Gennevilliers;Plein jour;Autre;Hors intersection;Autoroute;Collision par l'arriere;VL seul;Non renseignee ;VL seul;59;Masculin;Indemne;Non renseignee ;2;2;0;0;2;0;Senior actif (50-64);Sans pieton;Sans moto;2 VL;Sans poids lourd;Senior actif (50-64);2 usagers
Leger;09/02/2016;09:15;Neuilly-sur-Seine;Plein jour;Autre;Hors intersection;Route Non renseignee tioNon renseignee le;Collision par l'arriere;VL seul;Sans changement de direction;VL seul;28;Feminin;Blessee Leger;Non renseignee ;2;2;0;0;2;0;Adulte jeune (25-34);Sans pieton;Sans moto;2 VL;Sans poids lourd;Adulte jeune (25-34);2 usagers
Leger;21/03/2019;20:45;La Garenne-Colombes;Nuit avec eclairage public allumee;Normale;Hors intersection;Route departementale;Non renseignee ;Non renseignee ;Changeant de file A$roite;Non renseignee ;29;Feminin;Indemne;Non renseignee ;2;2;0;0;1;0;Adulte jeune (25-34);Sans pieton;Sans moto;1 VL;Sans poids lourd;Adulte jeune (25-34);2 usagers
Grave;24/11/2007;22:30;Montrouge;Nuit avec eclairage public allumee;Autre;Intersection en T;Route departementale;Collision par l'arriere;VL seul;Sans changement de direction;Motocyclette > 125 cm3;57;Masculin;Indemne;Non renseignee ;3;2;0;1;1;0;Senior actif (50-64);Sans pieton;Avec moto;1 VL;Sans poids lourd;Senior actif (50-64);3-5 usagers
Leger;16/03/2021;08:05;Asnieres-sur-Seine;Crepuscule ou aube;Normale;Hors intersection;Route departementale;Non renseignee ;Non renseignee ;Meme sens, Meme file;Motocyclette > 125 cm3;48;Masculin;Blessee Leger;Non renseignee ;2;2;0;1;0;0;Adulte (35-49);Sans pieton;Avec moto;Aucun VL;Sans poids lourd;Adulte (35-49);2 usagers
Leger;16/08/2007;17:00;Villeneuve-la-Garenne;Plein jour;Autre;Intersection en T;Non renseignee ;Collision par le cote;VL seul;Non renseignee ;VL seul;58;Masculin;Indemne;Non renseignee ;2;2;0;0;2;0;Senior actif (50-64);Sans pieton;Sans moto;2 VL;Sans poids lourd;Senior actif (50-64);2 usagers
Leger;11/06/2021;23:05;Asnieres-sur-Seine;Nuit avec eclairage public allumee;Normale;Intersection en T;Route departementale;Non renseignee ;Scooter > 50 cm3 et <= 125 cm3;Se deportant A$roite;Non renseignee ;36;Feminin;Blessee Leger;Non renseignee ;1;1;0;1;0;0;Adulte (35-49);Sans pieton ;Avec moto;Aucun VL;Sans poids lourd;Adulte (35-49);1 usager
Leger;31/03/2021;18:30;Non renseignee nterre;Plein jour;Normale;Hors intersection;Route departementale;Non renseignee ;Non renseignee ;TourNon renseignee nt A$roite;Scooter > 125 cm3;22;Masculin;Blessee Leger;Non renseignee ;2;2;0;1;1;0;Jeune adulte (18-24);Sans pieton ;Avec moto;1 VL;Sans poids lourd;Jeune adulte (18-24);2 usagers