type_acci;date;heure;commune;luminosite_accident;cond_atmos;Intersection;categorie_route;type_collision;type_vehicule_1;manoeuvre_vehicule_1;type_vehicule_2;age_usager;sexe_usager;gravite_usager;etat_usager;nombre_usagers;nb_veh;nombre_pietons;nombre_motos;nombre_vl;nombre_pl;age_usa1_categ;accident_pieton;accident_moto;categorie_vl;accident_pl;categorie_age;categorie_usagers
Leger;30/11/2007;16:30;Non renseignee nterre;Plein jour;Autre;Intersection en Y;Route departementale;Collision par le cote;VL seul;TourNon renseignee nt A$roite;Motocyclette > 125 cm3;21;Feminin;Indemne;Non renseignee ;3;2;0;1;1;0;Jeune adulte (18-24);Sans pieton ;Avec moto;1 VL;Sans poids lourd;Jeune adulte (18-24);3-5 usagers
Leger;17/04/2007;12:45;Suresnes;Plein jour;Autre;Hors intersection;Route departementale;Collision par le cote;VU seul 1,5T <= PTAC <= 3,5T;En faisant demi-tour sur la chaussee;Scooter > 50 cm3 et <= 125 cm3;46;Feminin;Indemne;Non renseignee ;2;2;0;1;1;0;Adulte (35-49);Sans pieton;Avec moto;1 VL;Sans poids lourd;Adulte (35-49);2 usagers
Leger;11/07/2007;16:40;Non renseignee nterre;Plein jour;Temps eblouissant;Intersection en T;Non renseignee ;Autre collision;VL seul;Sans changement de direction;Non renseignee ;27;Masculin;Indemne;Non renseignee ;2;1;1;0;1;0;Adulte jeune (25-34);Avec pieton;Sans moto;1 VL;Sans poids lourd;Adulte jeune (25-34);2 usagers
Leger;09/04/2007;02:00;Saint-Cloud;Nuit avec eclairage public allumee;Autre;Intersection en Y;Route departementale;Collision par l'arriere;VL seul;Meme sens, Meme file;Motocyclette > 125 cm3;46;Masculin;Indemne;Non renseignee ;3;2;0;1;1;0;Adulte (35-49);Sans pieton;Avec moto;1 VL;Sans poids lourd;Adulte (35-49);3-5 usagers
Leger;18/07/2007;00:01;Sevres;Nuit sanseclairage public;Autre;Intersection en T;Route departementale;Collision par l'arriere;Scooter < 50 cm3;Meme sens, Meme file;VU seul 1,5T <= PTAC <= 3,5T;17;Masculin;Blessee Leger;Non renseignee ;4;2;0;0;1;0;Mineur (-18 ans);Sans pieton;Sans moto;1 VL;Sans poids lourd;Mineur (-18 ans);3-5 usagers
Grave;26/10/2007;23:40;Sevres;Nuit avec eclairage public allumee;Autre;Intersection en Y;Route Non renseignee tioNon renseignee le;Sans collision;Motocyclette > 125 cm3;Sans changement de direction;Non renseignee ;19;Masculin;Blessee hospitalisee;Non renseignee ;1;1;0;1;0;0;Jeune adulte (18-24);Sans pieton;Avec moto;Aucun VL;Sans poids lourd;Jeune adulte (18-24);1 usager
Leger;09/07/2007;22:40;Colombes;Nuit avec eclairage public allumee;Autre;Intersection en X;Route departementale;Collisions multiples;Motocyclette > 125 cm3;Sans changement de direction;VL seul;23;Masculin;Blessee Leger;Non renseignee ;5;4;0;1;3;0;Jeune adulte (18-24);Sans pieton;Avec moto;3 VL ou plus;Sans poids lourd;Jeune adulte (18-24);3-5 usagers
Leger;19/07/2007;19:47;Colombes;Plein jour;Autre;Hors intersection;Route departementale;Collisions en chaine;VL seul;Arrete (hors stationnement);VL seul;24;Masculin;Indemne;Non renseignee ;4;4;0;0;4;0;Jeune adulte (18-24);Sans pieton;Sans moto;3 VL ou plus;Sans poids lourd;Jeune adulte (18-24);3-5 usagers
Leger;10/07/2007;15:00;Meudon;Plein jour;Autre;Hors intersection;Route departementale;Collision par le cote;Motocyclette > 125 cm3;Non renseignee ;VU seul 1,5T <= PTAC <= 3,5T;38;Masculin;Blessee Leger;Non renseignee ;2;2;0;1;1;0;Adulte (35-49);Sans pieton;Avec moto;1 VL;Sans poids lourd;Adulte (35-49);2 usagers
Leger;01/09/2007;10:30;Suresnes;Plein jour;Autre;Intersection en T;Route departementale;Collision par le cote;VL seul;TourNon renseignee nt A'auche;Motocyclette > 125 cm3;22;Masculin;Blessee Leger;Non renseignee ;2;2;0;1;1;0;Jeune adulte (18-24);Sans pieton ;Avec moto;1 VL;Sans poids lourd;Jeune adulte (18-24);2 usagers
Leger;06/03/2007;17:25;Boulogne-Billancourt;Plein jour;Autre;Intersection en X;Route departementale;Collisions en chaine;VU seul 1,5T <= PTAC <= 3,5T;Meme sens, Meme file;VU seul 1,5T <= PTAC <= 3,5T;18;Masculin;Indemne;Non renseignee ;3;3;0;0;3;0;Jeune adulte (18-24);Sans pieton;Sans moto;3 VL ou plus;Sans poids lourd;Jeune adulte (18-24);3-5 usagers
Leger;29/12/2007;04:30;Boulogne-Billancourt;Nuit avec eclairage public allumee;Autre;Hors intersection;Autoroute;Collision par le cote;VL seul;Non renseignee ;Non renseignee ;21;Masculin;Indemne;Non renseignee ;3;2;0;0;1;1;Jeune adulte (18-24);Sans pieton;Sans moto;1 VL;Avec poids lourd;Jeune adulte (18-24);3-5 usagers
Grave;07/12/2007;19:45;Issy-les-Moulineaux;Nuit avec eclairage public allumee;Pluie forte;Hors intersection;Route departementale;Collision par le cote;Motocyclette > 125 cm3;Non renseignee ;VL seul;31;Masculin;Indemne;Non renseignee ;2;2;0;1;1;0;Adulte jeune (25-34);Sans pieton;Avec moto;1 VL;Sans poids lourd;Adulte jeune (25-34);2 usagers
Leger;28/09/2007;12:40;Issy-les-Moulineaux;Plein jour;Pluie legere;Hors intersection;Route departementale;Collision par le cote;VL seul;En faisant demi-tour sur la chaussee;VL seul;21;Feminin;Blessee Leger;Non renseignee ;3;2;0;0;2;0;Jeune adulte (18-24);Sans pieton;Sans moto;2 VL;Sans poids lourd;Jeune adulte (18-24);3-5 usagers
Grave;02/12/2007;17:40;Issy-les-Moulineaux;Nuit avec eclairage public allumee;Pluie forte;Intersection en X;Route departementale;Autre collision;VL seul;TourNon renseignee nt A'auche;Non renseignee ;38;Feminin;Blessee hospitalisee;Non renseignee ;2;1;1;0;1;0;Adulte (35-49);Avec pieton;Sans moto;1 VL;Sans poids lourd;Adulte (35-49);2 usagers
Leger;29/03/2007;15:00;Le Plessis-Robinson;Plein jour;Autre;Hors intersection;Non renseignee ;Autre collision;VL seul;En marche arriere;Non renseignee ;63;Masculin;Indemne;Non renseignee ;2;1;1;0;1;0;Senior actif (50-64);Avec pieton;Sans moto;1 VL;Sans poids lourd;Senior actif (50-64);2 usagers
Leger;31/07/2007;10:00;Gennevilliers;Plein jour;Autre;Place;Non renseignee ;Autre collision;VL seul;En marche arriere;Non renseignee ;41;Masculin;Indemne;Non renseignee ;2;1;1;0;1;0;Adulte (35-49);Avec pieton;Sans moto;1 VL;Sans poids lourd;Adulte (35-49);2 usagers
Grave;09/12/2007;20:45;Asnieres-sur-Seine;Nuit avec eclairage public allumee;Pluie legere;Intersection en T;Route departementale;Collision par le cote;Scooter < 50 cm3;Sans changement de direction;VL seul;19;Masculin;Blessee hospitalisee;Non renseignee ;2;2;0;0;1;0;Jeune adulte (18-24);Sans pieton;Sans moto;1 VL;Sans poids lourd;Jeune adulte (18-24);2 usagers
Leger;30/11/2007;20:20;Asnieres-sur-Seine;Nuit avec eclairage public allumee;Pluie legere;Intersection en Y;Route departementale;Collision par l'arriere;VL seul;Meme sens, Meme file;VL seul;54;Feminin;Blessee Leger;Non renseignee ;3;2;0;0;2;0;Senior actif (50-64);Sans pieton;Sans moto;2 VL;Sans poids lourd;Senior actif (50-64);3-5 usagers
Leger;13/02/2007;14:35;Levallois-Perret;Plein jour;Autre;Hors intersection;Route departementale;Collision par le cote;Scooter > 50 cm3 et <= 125 cm3;Sans changement de direction;VL seul;21;Masculin;Indemne;Non renseignee ;2;2;0;1;1;0;Jeune adulte (18-24);Sans pieton;Avec moto;1 VL;Sans poids lourd;Jeune adulte (18-24);2 usagers
Leger;30/10/2007;12:50;Asnieres-sur-Seine;Plein jour;Autre;Intersection en T;Route departementale;Collision par le cote;VL seul;TourNon renseignee nt A'auche;Motocyclette > 125 cm3;32;Feminin;Indemne;Non renseignee ;2;2;0;1;1;0;Adulte jeune (25-34);Sans pieton ;Avec moto;1 VL;Sans poids lourd;Adulte jeune (25-34);2 usagers
Leger;11/05/2007;17:25;Asnieres-sur-Seine;Plein jour;Autre;Intersection en Y;Route departementale;Collision par le cote;VL seul;Ouverture de porte;Bicyclette;21;Masculin;Indemne;Non renseignee ;3;2;0;0;1;0;Jeune adulte (18-24);Sans pieton;Sans moto;1 VL;Sans poids lourd;Jeune adulte (18-24);3-5 usagers
Leger;06/10/2007;21:30;Bagneux;Nuit avec eclairage public allumee;Autre;Intersection en T;Route departementale;Collision par le cote;VU seul 1,5T <= PTAC <= 3,5T;Sans changement de direction;VL seul;25;Masculin;Blessee Leger;Non renseignee ;6;2;0;0;2;0;Adulte jeune (25-34);Sans pieton;Sans moto;2 VL;Sans poids lourd;Adulte jeune (25-34);Plus de 5 usagers
Leger;14/12/2007;18:20;Asnieres-sur-Seine;Crepuscule ou aube;Autre;Intersection en T;Route departementale;Collision par l'arriere;VL seul;Meme sens, Meme file;VL seul;29;Feminin;Indemne;Non renseignee ;3;2;0;0;2;0;Adulte jeune (25-34);Sans pieton;Sans moto;2 VL;Sans poids lourd;Adulte jeune (25-34);3-5 usagers
Mortel;18/07/2007;09:00;Clichy;Plein jour;Autre;Intersection en T;Route departementale;Collision par le cote;Scooter > 50 cm3 et <= 125 cm3;Sans changement de direction;VL seul;44;Masculin;Tue;Non renseignee ;2;2;0;1;1;0;Adulte (35-49);Sans pieton;Avec moto;1 VL;Sans poids lourd;Adulte (35-49);2 usagers
Leger;06/04/2007;13:20;Clichy;Plein jour;Autre;Intersection en X;Route departementale;Autre collision;VU seul 1,5T <= PTAC <= 3,5T;TourNon renseignee nt A$roite;Non renseignee ;56;Masculin;Indemne;Non renseignee ;2;1;1;0;1;0;Senior actif (50-64);Avec pieton;Sans moto;1 VL;Sans poids lourd;Senior actif (50-64);2 usagers
Leger;13/05/2007;16:50;Bagneux;Plein jour;Autre;Intersection en T;Route departementale;Collision par le cote;VL seul;Arrete (hors stationnement);Bicyclette;9;Masculin;Blessee Leger;Non renseignee ;2;2;0;0;1;0;Mineur (-18 ans);Sans pieton;Sans moto;1 VL;Sans poids lourd;Mineur (-18 ans);2 usagers
Mortel;30/11/2007;21:50;Villeneuve-la-Garenne;Nuit avec eclairage public allumee;Pluie legere;Intersection en T;Route departementale;Autre collision;Autobus;TourNon renseignee nt A'auche;Non renseignee ;34;Masculin;Indemne;Non renseignee ;2;1;1;0;0;0;Adulte jeune (25-34);Avec pieton;Sans moto;Aucun VL;Sans poids lourd;Adulte jeune (25-34);2 usagers
Leger;21/03/2008;13:15;Antony;Plein jour;Pluie legere;Intersection en T;Voie commuNon renseignee le;Collision par le cote;Scooter > 50 cm3 et <= 125 cm3;Sans changement de direction;VU seul 1,5T <= PTAC <= 3,5T;41;Masculin;Blessee Leger;Non renseignee ;2;2;0;1;1;0;Adulte (35-49);Sans pieton;Avec moto;1 VL;Sans poids lourd;Adulte (35-49);2 usagers
Leger;11/05/2008;16:25;Asnieres-sur-Seine;Plein jour;Autre;Intersection en Y;Route departementale;Collision par l'arriere;VL seul;Sans changement de direction;VL seul;23;Masculin;Indemne;Non renseignee ;2;2;0;0;2;0;Jeune adulte (18-24);Sans pieton;Sans moto;2 VL;Sans poids lourd;Jeune adulte (18-24);2 usagers
Leger;28/05/2008;17:50;Asnieres-sur-Seine;Plein jour;Autre;Hors intersection;Route departementale;Collision par le cote;VL seul;Sedeportant A'auche;Scooter > 50 cm3 et <= 125 cm3;31;Masculin;Indemne;Non renseignee ;2;2;0;1;1;0;Adulte jeune (25-34);Sans pieton ;Avec moto;1 VL;Sans poids lourd;Adulte jeune (25-34);2 usagers
Leger;07/07/2008;21:40;Bois-Colombes;Nuit avec eclairage public allumee;Autre;Intersection en T;Voie commuNon renseignee le;Collision par le cote;Scooter < 50 cm3;Sans changement de direction;VL seul;48;Masculin;Indemne;Non renseignee ;3;2;0;0;1;0;Adulte (35-49);Sans pieton;Sans moto;1 VL;Sans poids lourd;Adulte (35-49);3-5 usagers
Leger;16/10/2008;06:55;Asnieres-sur-Seine;Nuit avec eclairage public allumee;Pluie legere;Intersection en T;Route departementale;Collisions en chaine;VU seul 1,5T <= PTAC <= 3,5T;Meme sens, Meme file;VL seul;39;Masculin;Indemne;Non renseignee ;4;3;0;0;3;0;Adulte (35-49);Sans pieton;Sans moto;3 VL ou plus;Sans poids lourd;Adulte (35-49);3-5 usagers
Leger;18/12/2008;10:45;Boulogne-Billancourt;Plein jour;Autre;Hors intersection;Autoroute;Sans collision;VL seul;Meme sens, Meme file;Non renseignee ;24;Masculin;Blessee Leger;Non renseignee ;1;1;0;0;1;0;Jeune adulte (18-24);Sans pieton;Sans moto;1 VL;Sans poids lourd;Jeune adulte (18-24);1 usager
Leger;13/02/2008;11:50;Bagneux;Plein jour;Autre;Hors intersection;Voie commuNon renseignee le;Autre collision;VL seul;En marche arriere;Non renseignee ;37;Feminin;Blessee Leger;Non renseignee ;2;1;1;0;1;0;Adulte (35-49);Avec pieton;Sans moto;1 VL;Sans poids lourd;Adulte (35-49);2 usagers
Leger;24/11/2008;21:30;Bagneux;Nuit avec eclairage public allumee;Autre;Hors intersection;Voie commuNon renseignee le;Collision par l'arriere;Cyclomoteur <50cm3;Non renseignee ;VL seul;21;Feminin;Indemne;Non renseignee ;2;2;0;0;1;0;Jeune adulte (18-24);Sans pieton;Sans moto;1 VL;Sans poids lourd;Jeune adulte (18-24);2 usagers
Leger;17/01/2008;17:15;Boulogne-Billancourt;Plein jour;Autre;Hors intersection;Route departementale;Collision par le cote;Motocyclette > 50 cm3 et <= 125 cm3;Sans changement de direction;VL seul;30;Masculin;Blessee Leger;Non renseignee ;2;2;0;1;1;0;Adulte jeune (25-34);Sans pieton;Avec moto;1 VL;Sans poids lourd;Adulte jeune (25-34);2 usagers
Leger;09/01/2008;12:10;Meudon;Plein jour;Autre;Hors intersection;Route Non renseignee tioNon renseignee le;Collisions en chaine;VL seul;Meme sens, Meme file;VL seul;58;Masculin;Indemne;Non renseignee ;3;3;0;0;3;0;Senior actif (50-64);Sans pieton;Sans moto;3 VL ou plus;Sans poids lourd;Senior actif (50-64);3-5 usagers
Leger;20/06/2008;18:57;Non renseignee nterre;Plein jour;Autre;Hors intersection;Autoroute;Collision par l'arriere;Motocyclette > 50 cm3 et <= 125 cm3;Entre 2 files;VL seul;20;Masculin;Indemne;Non renseignee ;2;2;0;1;1;0;Jeune adulte (18-24);Sans pieton;Avec moto;1 VL;Sans poids lourd;Jeune adulte (18-24);2 usagers
Leger;04/04/2009;05:15;Levallois-Perret;Nuit avec eclairage public allumee;Autre;Intersection en X;Route departementale;Sans collision;Bicyclette;Sans changement de direction;Non renseignee ;19;Masculin;Blessee Leger;Ivresse apparente;1;1;0;0;0;0;Jeune adulte (18-24);Sans pieton;Sans moto;Aucun VL;Sans poids lourd;Jeune adulte (18-24);1 usager
Leger;21/03/2009;22:20;Non renseignee nterre;Nuit avec eclairage public allumee;Temps eblouissant;Hors intersection;Voie commuNon renseignee le;Sans collision;Motocyclette > 125 cm3;Se deportant A$roite;Non renseignee ;18;Masculin;Blessee Leger;Attention perturbA{2;1;0;1;0;0;Jeune adulte (18-24);Sans pieton ;Avec moto;Aucun VL;Sans poids lourd;Jeune adulte (18-24);2 usagers
Grave;14/06/2009;07:40;Arcueil;Plein jour;Autre;Giratoire;Route departementale;Sans collision;VL seul;Sans changement de direction;Non renseignee ;28;Masculin;Blessee hospitalisee;Non renseignee ;1;1;0;0;1;0;Adulte jeune (25-34);Sans pieton;Sans moto;1 VL;Sans poids lourd;Adulte jeune (25-34);1 usager
Leger;02/06/2009;11:30;Bagneux;Plein jour;Autre;Intersection en X;Route departementale;Collision par le cote;Motocyclette > 50 cm3 et <= 125 cm3;Sans changement de direction;VL seul;66;Masculin;Indemne;Non renseignee ;2;2;0;1;1;0;Senior (65+);Sans pieton;Avec moto;1 VL;Sans poids lourd;Senior (65+);2 usagers
Leger;01/10/2009;09:00;Rueil-Malmaison;Plein jour;Autre;Intersection en X;Voie commuNon renseignee le;Collision par le cote;VL seul;TourNon renseignee nt A'auche;Motocyclette > 125 cm3;23;Masculin;Indemne;Non renseignee ;2;2;0;1;1;0;Jeune adulte (18-24);Sans pieton ;Avec moto;1 VL;Sans poids lourd;Jeune adulte (18-24);2 usagers
Leger;25/09/2009;10:30;Cachan;Plein jour;Autre;Hors intersection;Route departementale;Collision par le cote;PL seul > 7,5T;Se deportant A$roite;Cyclomoteur <50cm3;61;Masculin;Indemne;Non renseignee ;2;2;0;0;0;1;Senior actif (50-64);Sans pieton ;Sans moto;Aucun VL;Avec poids lourd;Senior actif (50-64);2 usagers
Grave;12/10/2009;09:30;Levallois-Perret;Plein jour;Autre;Intersection en X;Route departementale;Collision par le cote;VL seul;Sans changement de direction;VL seul;78;Masculin;Indemne;Attention perturbée;2;2;0;0;2;0;Senior (65+);Sans pieton;Sans moto;2 VL;Sans poids lourd;Senior (65+);2 usagers
Leger;13/03/2009;08:40;Meudon;Plein jour;Autre;Giratoire;Route departementale;Collision par le cote;Scooter > 50 cm3 et <= 125 cm3;Sans changement de direction;Scooter < 50 cm3;24;Masculin;Blessee Leger;Non renseignee ;2;2;0;1;0;0;Jeune adulte (18-24);Sans pieton;Avec moto;Aucun VL;Sans poids lourd;Jeune adulte (18-24);2 usagers
Leger;17/09/2009;08:00;Gennevilliers;Plein jour;Autre;Hors intersection;Autoroute;Collisions en chaine;VL seul;Meme sens, Meme file;VL seul;26;Masculin;Indemne;Non renseignee ;5;4;0;0;4;0;Adulte jeune (25-34);Sans pieton;Sans moto;3 VL ou plus;Sans poids lourd;Adulte jeune (25-34);3-5 usagers
Leger;06/06/2009;12:30;Gennevilliers;Plein jour;Pluie forte;Hors intersection;Route Non renseignee tioNon renseignee le;Sans collision;VL seul;Sans changement de direction;Non renseignee ;37;Feminin;Blessee Leger;Non renseignee ;2;1;0;0;1;0;Adulte (35-49);Sans pieton;Sans moto;1 VL;Sans poids lourd;Adulte (35-49);2 usagers
Leger;20/08/2009;18:40;Puteaux;Plein jour;Autre;Hors intersection;Voie commuNon renseignee le;Autre collision;PL seul > 7,5T;En marche arriere;Non renseignee ;44;Masculin;Indemne;Non renseignee ;3;1;1;0;0;1;Adulte (35-49);Avec pieton;Sans moto;Aucun VL;Avec poids lourd;Adulte (35-49);3-5 usagers
Grave;18/01/2010;11:20;FonteNon renseignee y-aux-Roses;Plein jour;Autre;Intersection en X;Voie commuNon renseignee le;Autre collision;VL seul;En marche arriere;Non renseignee ;24;Masculin;Indemne;Non renseignee ;2;1;1;0;1;0;Jeune adulte (18-24);Avec pieton;Sans moto;1 VL;Sans poids lourd;Jeune adulte (18-24);2 usagers
Leger;19/01/2010;00:30;Suresnes;Nuit avec eclairage public allumee;Autre;Intersection en T;Voie commuNon renseignee le;Sans collision;Scooter < 50 cm3;Sans changement de direction;Non renseignee ;33;Masculin;Blessee Leger;Ivresse apparente;1;1;0;0;0;0;Adulte jeune (25-34);Sans pieton;Sans moto;Aucun VL;Sans poids lourd;Adulte jeune (25-34);1 usager
Leger;20/01/2010;23:10;Saint-Cloud;Nuit avec eclairage public allumee;Temps couvert;Hors intersection;Autoroute;Sans collision;VL seul;Non renseignee ;Non renseignee ;26;Masculin;Blessee Leger;Non renseignee ;1;1;0;0;1;0;Adulte jeune (25-34);Sans pieton;Sans moto;1 VL;Sans poids lourd;Adulte jeune (25-34);1 usager
Leger;22/01/2010;14:25;Saint-Cloud;Plein jour;Autre;Intersection en T;Route departementale;Collision par l'arriere;VL seul;Meme sens, Meme file;VL seul;30;Masculin;Indemne;Non renseignee ;2;2;0;0;2;0;Adulte jeune (25-34);Sans pieton;Sans moto;2 VL;Sans poids lourd;Adulte jeune (25-34);2 usagers
Leger;27/01/2010;21:05;Gennevilliers;Nuit avec eclairage public allumee;Autre;Intersection en X;Route departementale;Collision par le cote;VL seul;Sans changement de direction;VL seul;25;Masculin;Indemne;Non renseignee ;2;2;0;0;2;0;Adulte jeune (25-34);Sans pieton;Sans moto;2 VL;Sans poids lourd;Adulte jeune (25-34);2 usagers
Leger;28/01/2010;08:55;Montrouge;Plein jour;Autre;Intersection en X;Route departementale;Collision par le cote;VL seul;TourNon renseignee nt A'auche;Motocyclette > 125 cm3;34;Feminin;Indemne;Non renseignee ;2;2;0;1;1;0;Adulte jeune (25-34);Sans pieton ;Avec moto;1 VL;Sans poids lourd;Adulte jeune (25-34);2 usagers
Leger;05/02/2010;17:10;Puteaux;Plein jour;Autre;Intersection en T;Voie commuNon renseignee le;Collision frontale;Bicyclette;Sans changement de direction;VL seul;15;Masculin;Blessee Leger;Non renseignee ;2;2;0;0;1;0;Mineur (-18 ans);Sans pieton;Sans moto;1 VL;Sans poids lourd;Mineur (-18 ans);2 usagers
Leger;13/02/2010;04:50;Asnieres-sur-Seine;Nuit avec eclairage public allumee;Autre;Intersection en X;Route departementale;Sans collision;VL seul;TourNon renseignee nt A'auche;Non renseignee ;25;Masculin;Blessee Leger;Ivresse apparente;1;1;0;0;1;0;Adulte jeune (25-34);Sans pieton ;Sans moto;1 VL;Sans poids lourd;Adulte jeune (25-34);1 usager
Leger;14/02/2010;17:45;Courbevoie;Plein jour;Autre;Intersection en X;Route departementale;Autre collision;VL seul;Sans changement de direction;Non renseignee ;38;Masculin;Indemne;Non renseignee ;2;1;1;0;1;0;Adulte (35-49);Avec pieton;Sans moto;1 VL;Sans poids lourd;Adulte (35-49);2 usagers
Leger;19/02/2010;09:20;Sevres;Plein jour;Autre;Intersection en T;Route departementale;Collision par le cote;VL seul;TourNon renseignee nt A'auche;Motocyclette > 50 cm3 et <= 125 cm3;24;Masculin;Blessee Leger;Non renseignee ;2;2;0;1;1;0;Jeune adulte (18-24);Sans pieton ;Avec moto;1 VL;Sans poids lourd;Jeune adulte (18-24);2 usagers
Grave;21/02/2010;18:20;Levallois-Perret;Crepuscule ou aube;Autre;Intersection en X;Voie commuNon renseignee le;Collision par le cote;Scooter < 50 cm3;Sans changement de direction;VL seul;17;Masculin;Indemne;Attention perturbée;3;2;0;0;1;0;Mineur (-18 ans);Sans pieton;Sans moto;1 VL;Sans poids lourd;Mineur (-18 ans);3-5 usagers
Grave;24/02/2010;15:25;Gennevilliers;Plein jour;Pluie forte;Hors intersection;Route departementale;Autre collision;VL seul;Sans changement de direction;Non renseignee ;34;Feminin;Indemne;Non renseignee ;2;1;1;0;1;0;Adulte jeune (25-34);Avec pieton;Sans moto;1 VL;Sans poids lourd;Adulte jeune (25-34);2 usagers
Grave;28/02/2010;11:55;Neuilly-sur-Seine;Plein jour;Autre;Hors intersection;Voie commuNon renseignee le;Collision par l'arriere;VL seul;Arrete (hors stationnement);VL seul;37;Masculin;Blessee hospitalisee;Non renseignee ;2;2;0;0;2;0;Adulte (35-49);Sans pieton;Sans moto;2 VL;Sans poids lourd;Adulte (35-49);2 usagers
Leger;18/03/2010;16:30;Levallois-Perret;Plein jour;Autre;Intersection en X;Voie commuNon renseignee le;Autre collision;VL seul;Sans changement de direction;Non renseignee ;62;Masculin;Indemne;Non renseignee ;2;1;1;0;1;0;Senior actif (50-64);Avec pieton;Sans moto;1 VL;Sans poids lourd;Senior actif (50-64);2 usagers
Leger;23/03/2010;19:10;Boulogne-Billancourt;Crepuscule ou aube;Autre;Intersection en X;Voie commuNon renseignee le;Collision frontale;VL seul;TourNon renseignee nt A'auche;Bicyclette;36;Masculin;Indemne;Attention perturbA{2;2;0;0;1;0;Adulte (35-49);Sans pieton ;Sans moto;1 VL;Sans poids lourd;Adulte (35-49);2 usagers
Leger;25/03/2010;09:40;Courbevoie;Plein jour;Autre;Hors intersection;Route departementale;Collision par l'arriere;Scooter > 50 cm3 et <= 125 cm3;Meme sens, Meme file;VL seul;28;Feminin;Blessee Leger;Non renseignee ;2;2;0;1;1;0;Adulte jeune (25-34);Sans pieton;Avec moto;1 VL;Sans poids lourd;Adulte jeune (25-34);2 usagers
Leger;28/03/2010;22:40;Boulogne-Billancourt;Nuit avec eclairage public allumee;Autre;Giratoire;Route departementale;Collision par l'arriere;VL seul;Meme sens, Meme file;Scooter > 50 cm3 et <= 125 cm3;30;Masculin;Indemne;Non renseignee ;2;2;0;1;1;0;Adulte jeune (25-34);Sans pieton;Avec moto;1 VL;Sans poids lourd;Adulte jeune (25-34);2 usagers
Leger;03/04/2010;12:05;Meudon;Plein jour;Pluie legere;Hors intersection;Route Non renseignee tioNon renseignee le;Sans collision;VL seul;S inserant;Non renseignee ;30;Masculin;Blessee Leger;Non renseignee ;1;1;0;0;1;0;Adulte jeune (25-34);Sans pieton;Sans moto;1 VL;Sans poids lourd;Adulte jeune (25-34);1 usager
Leger;13/04/2010;17:25;Asnieres-sur-Seine;Plein jour;Autre;Intersection en T;Route departementale;Collision par le cote;VL seul;TourNon renseignee nt A'auche;Scooter > 125 cm3;33;Masculin;Blessee Leger;Non renseignee ;2;2;0;1;1;0;Adulte jeune (25-34);Sans pieton ;Avec moto;1 VL;Sans poids lourd;Adulte jeune (25-34);2 usagers
Leger;17/04/2010;17:05;Chatillon;Plein jour;Autre;Hors intersection;Route departementale;Collision par le cote;Scooter > 50 cm3 et <= 125 cm3;Non renseignee ;VL seul;40;Feminin;Blessee Leger;Non renseignee ;2;2;0;1;1;0;Adulte (35-49);Sans pieton;Avec moto;1 VL;Sans poids lourd;Adulte (35-49);2 usagers
Grave;21/04/2010;09:00;Suresnes;Plein jour;Autre;Intersection en X;Route departementale;Collision par le cote;VL seul;En faisant demi-tour sur la chaussee;Motocyclette > 50 cm3 et <= 125 cm3;42;Masculin;Blessee hospitalisee;Non renseignee ;2;2;0;1;1;0;Adulte (35-49);Sans pieton;Avec moto;1 VL;Sans poids lourd;Adulte (35-49);2 usagers
Leger;04/05/2010;08:30;Colombes;Crepuscule ou aube;Autre;Hors intersection;Autoroute;Collisions en chaine;VU seul 1,5T <= PTAC <= 3,5T;Meme sens, Meme file;Motocyclette > 125 cm3;59;Masculin;Indemne;Non renseignee ;4;3;0;1;2;0;Senior actif (50-64);Sans pieton;Avec moto;2 VL;Sans poids lourd;Senior actif (50-64);3-5 usagers
Leger;07/05/2010;15:20;Neuilly-sur-Seine;Plein jour;Autre;Hors intersection;Route Non renseignee tioNon renseignee le;Collisions multiples;Motocyclette > 125 cm3;Sans changement de direction;VU seul 1,5T <= PTAC <= 3,5T;32;Masculin;Indemne;Non renseignee ;2;3;0;1;2;0;Adulte jeune (25-34);Sans pieton;Avec moto;2 VL;Sans poids lourd;Adulte jeune (25-34);2 usagers
Leger;08/05/2010;23:15;Puteaux;Nuit avec eclairage public allumee;Pluie legere;Intersection en X;Route departementale;Collision par le cote;VL seul;TourNon renseignee nt A'auche;Scooter < 50 cm3;25;Masculin;Blessee Leger;Non renseignee ;3;2;0;0;1;0;Adulte jeune (25-34);Sans pieton ;Sans moto;1 VL;Sans poids lourd;Adulte jeune (25-34);3-5 usagers
Leger;09/06/2010;19:15;Montrouge;Plein jour;Pluie legere;Intersection en T;Route departementale;Collision par l'arriere;VU seul 1,5T <= PTAC <= 3,5T;Meme sens, Meme file;VL seul;71;Masculin;Indemne;Non renseignee ;3;2;0;0;2;0;Senior (65+);Sans pieton;Sans moto;2 VL;Sans poids lourd;Senior (65+);3-5 usagers
Leger;11/06/2010;15:55;Clichy;Plein jour;Autre;Hors intersection;Route departementale;Collision par l'arriere;Scooter > 50 cm3 et <= 125 cm3;Meme sens, Meme file;VL seul;61;Masculin;Blessee Leger;Attention perturbée;2;2;0;1;1;0;Senior actif (50-64);Sans pieton;Avec moto;1 VL;Sans poids lourd;Senior actif (50-64);2 usagers