type_acci;date;heure;commune;luminosite_accident;cond_atmos;Intersection;categorie_route;type_collision;type_vehicule_1;manoeuvre_vehicule_1;type_vehicule_2;age_usager;sexe_usager;gravite_usager;etat_usager;nombre_usagers;nb_veh;nombre_pietons;nombre_motos;nombre_vl;nombre_pl;age_usa1_categ;accident_pieton;accident_moto;categorie_vl;accident_pl;categorie_age;categorie_usagers
Leger;28/06/2017;08:45;Neuilly-sur-Seine;Plein jour;Autre;Intersection en X;Route departementale;Collision par le cote;VU seul 1,5T <= PTAC <= 3,5T;TourNon renseignee nt A'auche;Motocyclette > 50 cm3 et <= 125 cm3;31;Masculin;Indemne;Non renseignee ;2;2;0;1;1;0;Adulte jeune (25-34);Sans pieton ;Avec moto;1 VL;Sans poids lourd;Adulte jeune (25-34);2 usagers
Leger;18/10/2017;10:45;Rueil-Malmaison;Plein jour;Autre;Intersection en T;Voie commuNon renseignee le;Collision par le cote;Motocyclette > 125 cm3;Sans changement de direction;VL seul;30;Masculin;Blessee Leger;Non renseignee ;2;2;0;1;1;0;Adulte jeune (25-34);Sans pieton;Avec moto;1 VL;Sans poids lourd;Adulte jeune (25-34);2 usagers
Leger;03/04/2017;09:10;Rueil-Malmaison;Plein jour;Autre;Giratoire;Voie commuNon renseignee le;Collision par l'arriere;Scooter > 50 cm3 et <= 125 cm3;Sans changement de direction;VL seul;23;Masculin;Blessee Leger;Non renseignee ;2;2;0;1;1;0;Jeune adulte (18-24);Sans pieton;Avec moto;1 VL;Sans poids lourd;Jeune adulte (18-24);2 usagers
Leger;23/01/2017;19:10;Saint-Cloud;Plein jour;Autre;Intersection en T;Route departementale;Collision par l'arriere;Motocyclette > 125 cm3;Meme sens, Meme file;VL seul;45;Masculin;Blessee Leger;Non renseignee ;2;2;0;1;1;0;Adulte (35-49);Sans pieton;Avec moto;1 VL;Sans poids lourd;Adulte (35-49);2 usagers
Leger;25/04/2017;08:06;Garches;Plein jour;Pluie legere;Intersection en T;Route departementale;Collision par le cote;VL seul;TourNon renseignee nt A'auche;Motocyclette > 50 cm3 et <= 125 cm3;40;Masculin;Blessee Leger;Non renseignee ;2;2;0;1;1;0;Adulte (35-49);Sans pieton ;Avec moto;1 VL;Sans poids lourd;Adulte (35-49);2 usagers
Leger;13/10/2009;15:35;Montrouge;Plein jour;Autre;Intersection en X;Route departementale;Collision par le cote;VU seul 1,5T <= PTAC <= 3,5T;TourNon renseignee nt A'auche;Scooter < 50 cm3;43;Masculin;Indemne;Non renseignee ;2;2;0;0;1;0;Adulte (35-49);Sans pieton ;Sans moto;1 VL;Sans poids lourd;Adulte (35-49);2 usagers
Leger;26/01/2017;14:10;Gennevilliers;Plein jour;Autre;Hors intersection;Voie commuNon renseignee le;Autre collision;VL seul;En marche arriere;Non renseignee ;56;Masculin;Indemne;Non renseignee ;2;1;1;0;1;0;Senior actif (50-64);Avec pieton;Sans moto;1 VL;Sans poids lourd;Senior actif (50-64);2 usagers
Leger;12/12/2017;17:25;Gennevilliers;Crepuscule ou aube;Autre;Hors intersection;Route departementale;Autre collision;VL seul;S inserant;Non renseignee ;33;Masculin;Indemne;Non renseignee ;2;1;1;0;1;0;Adulte jeune (25-34);Avec pieton;Sans moto;1 VL;Sans poids lourd;Adulte jeune (25-34);2 usagers
Leger;18/06/2017;20:30;Gennevilliers;Plein jour;Autre;Hors intersection;Autoroute;Collisions en chaine;VL seul;Meme sens, Meme file;VL seul;38;Feminin;Indemne;Non renseignee ;5;4;0;0;4;0;Adulte (35-49);Sans pieton;Sans moto;3 VL ou plus;Sans poids lourd;Adulte (35-49);3-5 usagers
Leger;30/12/2017;07:00;Gennevilliers;Nuit sanseclairage public;Pluie legere;Hors intersection;Autoroute;Sans collision;VL seul;Meme sens, Meme file;Non renseignee ;26;Feminin;Blessee Leger;Non renseignee ;1;1;0;0;1;0;Adulte jeune (25-34);Sans pieton;Sans moto;1 VL;Sans poids lourd;Adulte jeune (25-34);1 usager
Leger;30/04/2017;23:17;Saint-Cloud;Nuit avec eclairage public allumee;Pluie legere;Hors intersection;Autoroute;Collision par l'arriere;VL seul;Meme sens, Meme file;VL seul;21;Masculin;Indemne;Non renseignee ;3;2;0;0;2;0;Jeune adulte (18-24);Sans pieton;Sans moto;2 VL;Sans poids lourd;Jeune adulte (18-24);3-5 usagers
Leger;22/12/2017;18:55;Saint-Cloud;Nuit avec eclairage public allumee;Autre;Hors intersection;Autoroute;Collision par l'arriere;VU seul 1,5T <= PTAC <= 3,5T;Sans changement de direction;VL seul;53;Masculin;Indemne;Non renseignee ;2;2;0;0;2;0;Senior actif (50-64);Sans pieton;Sans moto;2 VL;Sans poids lourd;Senior actif (50-64);2 usagers
Leger;14/12/2017;06:50;Asnieres-sur-Seine;Plein jour;Autre;Giratoire;Route departementale;Collision par le cote;VL seul;Sans changement de direction;VL seul;52;Masculin;Blessee Leger;Non renseignee ;2;2;0;0;2;0;Senior actif (50-64);Sans pieton;Sans moto;2 VL;Sans poids lourd;Senior actif (50-64);2 usagers
Leger;30/11/2017;20:10;Meudon;Nuit avec eclairage public allumee;Autre;Intersection en X;Route departementale;Collision par le cote;VL seul;TourNon renseignee nt A'auche;VL seul;26;Feminin;Blessee Leger;Non renseignee ;2;2;0;0;2;0;Adulte jeune (25-34);Sans pieton ;Sans moto;2 VL;Sans poids lourd;Adulte jeune (25-34);2 usagers
Grave;10/07/2018;05:50;Gennevilliers;Crepuscule ou aube;Autre;Hors intersection;Autoroute;Sans collision;Motocyclette > 125 cm3;Sedeportant A'auche;Non renseignee ;32;Masculin;Blessee hospitalisee;Non renseignee ;1;1;0;1;0;0;Adulte jeune (25-34);Sans pieton ;Avec moto;Aucun VL;Sans poids lourd;Adulte jeune (25-34);1 usager
Leger;03/10/2018;18:40;Meudon;Plein jour;Autre;Intersection en X;Route departementale;Collision par l'arriere;Scooter < 50 cm3;Meme sens, Meme file;Scooter < 50 cm3;16;Masculin;Indemne;Non renseignee ;3;2;0;0;0;0;Mineur (-18 ans);Sans pieton;Sans moto;Aucun VL;Sans poids lourd;Mineur (-18 ans);3-5 usagers
Leger;15/11/2009;11:55;Saint-Cloud;Plein jour;Autre;Intersection en X;Route departementale;Collision par le cote;VL seul;TourNon renseignee nt A$roite;Bicyclette;51;Masculin;Indemne;Non renseignee ;2;2;0;0;1;0;Senior actif (50-64);Sans pieton ;Sans moto;1 VL;Sans poids lourd;Senior actif (50-64);2 usagers
Leger;13/06/2018;19:00;Asnieres-sur-Seine;Plein jour;Autre;Intersection en X;Route departementale;Collision par le cote;Bicyclette;Changeant de file A'auche;Bicyclette;46;Masculin;Indemne;Non renseignee ;2;2;0;0;0;0;Adulte (35-49);Sans pieton;Sans moto;Aucun VL;Sans poids lourd;Adulte (35-49);2 usagers
Leger;05/10/2018;16:30;Non renseignee nterre;Plein jour;Autre;Hors intersection;Voie commuNon renseignee le;Collision par le cote;Bicyclette;Changeant de file A'auche;VL seul;18;Feminin;Blessee Leger;Non renseignee ;2;2;0;0;1;0;Jeune adulte (18-24);Sans pieton;Sans moto;1 VL;Sans poids lourd;Jeune adulte (18-24);2 usagers
Leger;19/10/2018;14:35;Asnieres-sur-Seine;Plein jour;Autre;Intersection en T;Route departementale;Collision par le cote;Motocyclette > 125 cm3;Sans changement de direction;Bicyclette;33;Masculin;Indemne;Non renseignee ;2;2;0;1;0;0;Adulte jeune (25-34);Sans pieton;Avec moto;Aucun VL;Sans poids lourd;Adulte jeune (25-34);2 usagers
Leger;22/01/2018;08:50;Malakoff;Plein jour;Pluie legere;Intersection en T;Voie commuNon renseignee le;Collision par le cote;VL seul;TourNon renseignee nt A$roite;Bicyclette;27;Feminin;Indemne;Non renseignee ;2;2;0;0;1;0;Adulte jeune (25-34);Sans pieton ;Sans moto;1 VL;Sans poids lourd;Adulte jeune (25-34);2 usagers
Leger;30/09/2018;20:25;Colombes;Nuit avec eclairage public allumee;Autre;Hors intersection;Route departementale;Autre collision;VU seul 1,5T <= PTAC <= 3,5T;Sans changement de direction;Non renseignee ;32;Masculin;Indemne;Non renseignee ;2;1;1;0;1;0;Adulte jeune (25-34);Avec pieton;Sans moto;1 VL;Sans poids lourd;Adulte jeune (25-34);2 usagers
Leger;15/12/2018;17:20;Gennevilliers;Crepuscule ou aube;Pluie legere;Intersection en X;Voie commuNon renseignee le;Autre collision;VL seul;Sans changement de direction;Non renseignee ;65;Masculin;Indemne;Non renseignee ;2;1;1;0;1;0;Senior (65+);Avec pieton;Sans moto;1 VL;Sans poids lourd;Senior (65+);2 usagers
Leger;28/09/2018;07:25;Issy-les-Moulineaux;Crepuscule ou aube;Autre;Intersection en X;Voie commuNon renseignee le;Autre collision;VL seul;TourNon renseignee nt A$roite;Non renseignee ;50;Masculin;Indemne;Non renseignee ;2;1;1;0;1;0;Senior actif (50-64);Avec pieton;Sans moto;1 VL;Sans poids lourd;Senior actif (50-64);2 usagers
Leger;02/02/2018;21:10;Gennevilliers;Nuit avec eclairage public allumee;Autre;Hors intersection;Route departementale;Collisions multiples;VL seul;Meme sens, Meme file;VL seul;19;Masculin;Indemne;Non renseignee ;4;3;0;0;3;0;Jeune adulte (18-24);Sans pieton;Sans moto;3 VL ou plus;Sans poids lourd;Jeune adulte (18-24);3-5 usagers
Leger;07/03/2018;14:30;Gennevilliers;Plein jour;Autre;Intersection en X;Route departementale;Collision par le cote;VL seul;TourNon renseignee nt A'auche;VL seul;39;Masculin;Indemne;Non renseignee ;3;2;0;0;2;0;Adulte (35-49);Sans pieton ;Sans moto;2 VL;Sans poids lourd;Adulte (35-49);3-5 usagers
Leger;19/09/2018;19:20;Gennevilliers;Plein jour;Autre;Intersection en T;Route departementale;Collision par l'arriere;VU seul 1,5T <= PTAC <= 3,5T;Meme sens, Meme file;VL seul;39;Masculin;Indemne;Non renseignee ;5;2;0;0;2;0;Adulte (35-49);Sans pieton;Sans moto;2 VL;Sans poids lourd;Adulte (35-49);3-5 usagers
Leger;16/10/2018;11:00;Puteaux;Crepuscule ou aube;Autre;Intersection en X;Route departementale;Collision par l'arriere;VU seul 1,5T <= PTAC <= 3,5T;Meme sens, Meme file;VL seul;24;Masculin;Indemne;Non renseignee ;3;2;0;0;2;0;Jeune adulte (18-24);Sans pieton;Sans moto;2 VL;Sans poids lourd;Jeune adulte (18-24);3-5 usagers
Leger;23/11/2018;13:20;Colombes;Plein jour;Autre;Intersection en X;Route departementale;Collision par le cote;Scooter < 50 cm3;Sans changement de direction;VL seul;24;Masculin;Blessee Leger;Non renseignee ;1;2;0;0;1;0;Jeune adulte (18-24);Sans pieton;Sans moto;1 VL;Sans poids lourd;Jeune adulte (18-24);1 usager
Leger;07/11/2018;04:25;Sevres;Nuit avec eclairage public allumee;Autre;Hors intersection;Route departementale;Sans collision;VL seul;Sedeportant A'auche;Non renseignee ;32;Masculin;Blessee Leger;Non renseignee ;1;1;0;0;1;0;Adulte jeune (25-34);Sans pieton ;Sans moto;1 VL;Sans poids lourd;Adulte jeune (25-34);1 usager
Leger;01/08/2018;14:30;Suresnes;Plein jour;Temps eblouissant;Hors intersection;Route departementale;Collision par l'arriere;VU seul 1,5T <= PTAC <= 3,5T;Meme sens, Meme file;VL seul;54;Masculin;Indemne;Non renseignee ;2;2;0;0;2;0;Senior actif (50-64);Sans pieton;Sans moto;2 VL;Sans poids lourd;Senior actif (50-64);2 usagers
Leger;06/12/2018;17:00;Villeneuve-la-Garenne;Nuit avec eclairage public allumee;Autre;Intersection en T;Route departementale;Collision par le cote;VL seul;S inserant;VL seul;36;Masculin;Indemne;Non renseignee ;3;2;0;0;2;0;Adulte (35-49);Sans pieton;Sans moto;2 VL;Sans poids lourd;Adulte (35-49);3-5 usagers
Leger;05/03/2016;11:30;Arcueil;Plein jour;Autre;Hors intersection;Route departementale;Sans collision;VL seul;Meme sens, Meme file;Non renseignee ;24;Feminin;Blessee Leger;Non renseignee ;1;1;0;0;1;0;Jeune adulte (18-24);Sans pieton;Sans moto;1 VL;Sans poids lourd;Jeune adulte (18-24);1 usager
Grave;05/04/2014;20:30;Arcueil;Nuit avec eclairage public allumee;Autre;Hors intersection;Route departementale;Autre collision;VL seul;Meme sens, Meme file;Non renseignee ;64;Masculin;Indemne;Non renseignee ;2;1;1;0;1;0;Senior actif (50-64);Avec pieton;Sans moto;1 VL;Sans poids lourd;Senior actif (50-64);2 usagers
Leger;06/05/2014;08:30;Arcueil;Plein jour;Pluie legere;Intersection en T;Route departementale;Collision par l'arriere;Scooter > 50 cm3 et <= 125 cm3;Sans changement de direction;Motocyclette > 125 cm3;30;Feminin;Blessee Leger;Non renseignee ;1;2;0;2;0;0;Adulte jeune (25-34);Sans pieton;Avec moto;Aucun VL;Sans poids lourd;Adulte jeune (25-34);1 usager
Leger;03/07/2014;19:10;Cachan;Plein jour;Temps eblouissant;Intersection en T;Route departementale;Collision par l'arriere;VL seul;TourNon renseignee nt A'auche;Motocyclette > 125 cm3;31;Masculin;Indemne;Non renseignee ;2;2;0;1;1;0;Adulte jeune (25-34);Sans pieton ;Avec moto;1 VL;Sans poids lourd;Adulte jeune (25-34);2 usagers
Leger;25/11/2016;17:10;Arcueil;Nuit avec eclairage public allumee;Autre;Hors intersection;Route departementale;Collision par le cote;Scooter > 125 cm3;Meme sens, Meme file;VL seul;22;Masculin;Blessee Leger;Non renseignee ;3;2;0;1;1;0;Jeune adulte (18-24);Sans pieton;Avec moto;1 VL;Sans poids lourd;Jeune adulte (18-24);3-5 usagers
Leger;25/09/2020;15:30;Antony;Plein jour;Temps couvert;Hors intersection;Route departementale;Non renseignee ;Non renseignee ;Meme sens, Meme file;Non renseignee ;24;Masculin;Blessee Leger;Non renseignee ;2;2;0;0;2;0;Jeune adulte (18-24);Sans pieton;Sans moto;2 VL;Sans poids lourd;Jeune adulte (18-24);2 usagers
Grave;13/11/2021;18:35;Antony;Nuit avec eclairage public allumee;Normale;Hors intersection;Route departementale;Non renseignee ;Non renseignee ;Sedeportant A'auche;Non renseignee ;72;Masculin;Blessee hospitalisee;Non renseignee ;1;1;0;0;1;0;Senior (65+);Sans pieton ;Sans moto;1 VL;Sans poids lourd;Senior (65+);1 usager
Leger;22/07/2021;08:20;Antony;Plein jour;Normale;Hors intersection;Route departementale;Non renseignee ;VU seul 1,5T <= PTAC <= 3,5T;Ouverture de porte;Non renseignee ;43;Masculin;Blessee Leger;Non renseignee ;2;2;0;0;1;0;Adulte (35-49);Sans pieton;Sans moto;1 VL;Sans poids lourd;Adulte (35-49);2 usagers
Leger;07/12/2021;18:45;Antony;Nuit avec eclairage public allumee;Pluie legere;Hors intersection;Route departementale;Non renseignee ;Scooter < 50 cm3;Autres manoeuvre;Non renseignee ;21;Masculin;Blessee Leger;Non renseignee ;1;1;0;0;0;0;Jeune adulte (18-24);Sans pieton;Sans moto;Aucun VL;Sans poids lourd;Jeune adulte (18-24);1 usager
Leger;28/05/2019;18:50;Antony;Plein jour;Normale;Hors intersection;Route departementale;Non renseignee ;Scooter < 50 cm3;Depassant A'auche;Non renseignee ;16;Masculin;Blessee Leger;Non renseignee ;3;2;0;0;1;0;Mineur (-18 ans);Sans pieton;Sans moto;1 VL;Sans poids lourd;Mineur (-18 ans);3-5 usagers
Leger;02/11/2021;19:00;Antony;Nuit sanseclairage public;Normale;Hors intersection;Route Non renseignee tioNon renseignee le;Non renseignee ;Non renseignee ;Changeant de file A$roite;Motocyclette > 125 cm3;22;Masculin;Blessee Leger;Non renseignee ;2;2;0;1;1;0;Jeune adulte (18-24);Sans pieton;Avec moto;1 VL;Sans poids lourd;Jeune adulte (18-24);2 usagers
Leger;29/06/2019;19:00;Antony;Plein jour;Normale;Hors intersection;Autoroute;Non renseignee ;Non renseignee ;Meme sens, Meme file;Non renseignee ;30;Feminin;Indemne;Non renseignee ;3;3;0;0;3;0;Adulte jeune (25-34);Sans pieton;Sans moto;3 VL ou plus;Sans poids lourd;Adulte jeune (25-34);3-5 usagers
Leger;03/06/2021;17:30;Le Plessis-Robinson;Plein jour;Normale;Autre intersection;Voie commuNon renseignee le;Non renseignee ;Non renseignee ;Meme sens, Meme file;VAE;51;Masculin;Blessee Leger;Non renseignee ;2;2;0;0;1;0;Senior actif (50-64);Sans pieton;Sans moto;1 VL;Sans poids lourd;Senior actif (50-64);2 usagers
Leger;05/12/2020;11:35;Le Plessis-Robinson;Plein jour;Normale;Autre intersection;Route departementale;Non renseignee ;VU seul 1,5T <= PTAC <= 3,5T;S inserant;Motocyclette > 125 cm3;35;Masculin;Blessee Leger;Non renseignee ;2;2;0;1;1;0;Adulte (35-49);Sans pieton;Avec moto;1 VL;Sans poids lourd;Adulte (35-49);2 usagers
Leger;03/12/2019;18:15;Le Plessis-Robinson;Nuit avec eclairage public allumee;Pluie legere;Giratoire;Route departementale;Non renseignee ;Scooter < 50 cm3;TourNon renseignee nt A'auche;Non renseignee ;78;Masculin;Indemne;Non renseignee ;2;1;1;0;0;0;Senior (65+);Avec pieton;Sans moto;Aucun VL;Sans poids lourd;Senior (65+);2 usagers
Grave;01/06/2020;09:30;Sceaux;Plein jour;Normale;Intersection en T;Route departementale;Non renseignee ;Non renseignee ;Sans changement de direction;Non renseignee ;84;Masculin;Blessee hospitalisee;Non renseignee ;2;1;1;0;1;0;Senior (65+);Avec pieton;Sans moto;1 VL;Sans poids lourd;Senior (65+);2 usagers
Leger;17/05/2021;09:44;Clamart;Plein jour;Temps couvert;Hors intersection;Route departementale;Non renseignee ;Non renseignee ;Inconnue;Non renseignee ;18;Masculin;Blessee Leger;Non renseignee ;2;1;1;0;1;0;Jeune adulte (18-24);Avec pieton;Sans moto;1 VL;Sans poids lourd;Jeune adulte (18-24);2 usagers
Leger;28/05/2019;17:05;Bourg-la-Reine;Plein jour;Normale;Hors intersection;Route departementale;Non renseignee ;Non renseignee ;Manoeuvre de stationnement;Non renseignee ;45;Feminin;Indemne;Non renseignee ;2;1;1;0;1;0;Adulte (35-49);Avec pieton;Sans moto;1 VL;Sans poids lourd;Adulte (35-49);2 usagers
Leger;09/12/2019;11:09;Le Plessis-Robinson;Plein jour;Normale;Hors intersection;Route departementale;Non renseignee ;Non renseignee ;Sans changement de direction;Non renseignee ;30;Masculin;Indemne;Non renseignee ;2;2;0;0;2;0;Adulte jeune (25-34);Sans pieton;Sans moto;2 VL;Sans poids lourd;Adulte jeune (25-34);2 usagers
Leger;20/06/2021;16:00;FonteNon renseignee y-aux-Roses;Plein jour;Normale;Hors intersection;Voie commuNon renseignee le;Non renseignee ;Non renseignee ;Sans changement de direction;Non renseignee ;7;Masculin;Blessee Leger;Non renseignee ;2;1;1;0;1;0;Mineur (-18 ans);Avec pieton;Sans moto;1 VL;Sans poids lourd;Mineur (-18 ans);2 usagers
Leger;25/12/2021;20:30;Bagneux;Nuit avec eclairage public allumee;Temps couvert;Hors intersection;Voie commuNon renseignee le;Non renseignee ;Non renseignee ;TourNon renseignee nt A$roite;Scooter < 50 cm3;17;Masculin;Blessee Leger;Non renseignee ;3;2;0;0;1;0;Mineur (-18 ans);Sans pieton ;Sans moto;1 VL;Sans poids lourd;Mineur (-18 ans);3-5 usagers
Leger;10/02/2020;19:05;Bagneux;Nuit avec eclairage public allumee;Pluie legere;Hors intersection;Route departementale;Non renseignee ;Non renseignee ;Sans changement de direction;Non renseignee ;21;Masculin;Blessee Leger;Non renseignee ;2;1;1;0;1;0;Jeune adulte (18-24);Avec pieton;Sans moto;1 VL;Sans poids lourd;Jeune adulte (18-24);2 usagers
Leger;06/10/2020;11:30;Bagneux;Plein jour;Pluie legere;Hors intersection;Route departementale;Non renseignee ;Non renseignee ;Sans changement de direction;PL seul > 7,5T;75;Feminin;Blessee Leger;Non renseignee ;3;2;0;0;1;1;Senior (65+);Sans pieton;Sans moto;1 VL;Avec poids lourd;Senior (65+);3-5 usagers
Leger;15/06/2021;16:30;Bagneux;Plein jour;Temps eblouissant;Intersection en X;Route departementale;Non renseignee ;PL > 3,5T + remorque;TourNon renseignee nt A$roite;Motocyclette > 50 cm3 et <= 125 cm3;57;Masculin;Blessee Leger;Non renseignee ;2;2;0;1;0;1;Senior actif (50-64);Sans pieton ;Avec moto;Aucun VL;Avec poids lourd;Senior actif (50-64);2 usagers
Grave;03/06/2020;14:45;Bagneux;Plein jour;Normale;Intersection en X;Route departementale;Non renseignee ;Scooter > 50 cm3 et <= 125 cm3;Autres manoeuvre;Non renseignee ;19;Masculin;Blessee hospitalisee;Non renseignee ;2;2;0;1;1;0;Jeune adulte (18-24);Sans pieton;Avec moto;1 VL;Sans poids lourd;Jeune adulte (18-24);2 usagers
Leger;30/06/2020;20:16;Clamart;Plein jour;Normale;Autre intersection;Voie commuNon renseignee le;Non renseignee ;Non renseignee ;Inconnue;Non renseignee ;17;Masculin;Blessee Leger;Non renseignee ;3;1;0;0;1;0;Mineur (-18 ans);Sans pieton;Sans moto;1 VL;Sans poids lourd;Mineur (-18 ans);3-5 usagers
Grave;18/12/2020;18:16;Bagneux;Nuit avec eclairage public allumee;Normale;Hors intersection;Route departementale;Non renseignee ;Non renseignee ;Se deportant A$roite;Scooter < 50 cm3;27;Masculin;Blessee hospitalisee;Non renseignee ;2;2;0;0;1;0;Adulte jeune (25-34);Sans pieton ;Sans moto;1 VL;Sans poids lourd;Adulte jeune (25-34);2 usagers
Leger;10/04/2019;18:05;Chatillon;Plein jour;Normale;Hors intersection;Route departementale;Non renseignee ;Non renseignee ;Inconnue;Non renseignee ;50;Masculin;Blessee Leger;Non renseignee ;1;2;0;0;1;0;Senior actif (50-64);Sans pieton;Sans moto;1 VL;Sans poids lourd;Senior actif (50-64);1 usager
Leger;11/03/2020;09:15;Chatillon;Plein jour;Normale;Autre intersection;Route departementale;Non renseignee ;Non renseignee ;TourNon renseignee nt A$roite;Scooter > 50 cm3 et <= 125 cm3;32;Masculin;Blessee Leger;Non renseignee ;2;2;0;1;1;0;Adulte jeune (25-34);Sans pieton ;Avec moto;1 VL;Sans poids lourd;Adulte jeune (25-34);2 usagers
Leger;19/01/2019;13:45;Clamart;Plein jour;Normale;Giratoire;Route departementale;Non renseignee ;Non renseignee ;TourNon renseignee nt A'auche;Motocyclette > 125 cm3;47;Masculin;Blessee Leger;Non renseignee ;2;2;0;1;1;0;Adulte (35-49);Sans pieton ;Avec moto;1 VL;Sans poids lourd;Adulte (35-49);2 usagers
Leger;02/06/2020;09:45;Chatillon;Plein jour;Temps eblouissant;Intersection en T;Route departementale;Non renseignee ;Non renseignee ;TourNon renseignee nt A'auche;Non renseignee ;59;Masculin;Blessee Leger;Non renseignee ;2;1;1;0;1;0;Senior actif (50-64);Avec pieton;Sans moto;1 VL;Sans poids lourd;Senior actif (50-64);2 usagers
Leger;26/04/2020;16:30;Chatillon;Plein jour;Normale;Hors intersection;Voie commuNon renseignee le;Non renseignee ;Motocyclette > 125 cm3;Depassant A'auche;Non renseignee ;40;Masculin;Blessee Leger;Non renseignee ;2;2;0;1;1;0;Adulte (35-49);Sans pieton;Avec moto;1 VL;Sans poids lourd;Adulte (35-49);2 usagers
Leger;14/09/2021;15:45;Chaville;Plein jour;Normale;Intersection en T;Route departementale;Non renseignee ;Non renseignee ;Sans changement de direction;Non renseignee ;45;Masculin;Blessee Leger;Non renseignee ;2;2;0;0;1;0;Adulte (35-49);Sans pieton;Sans moto;1 VL;Sans poids lourd;Adulte (35-49);2 usagers
Grave;21/02/2020;20:16;Clamart;Nuit avec eclairage public allumee;Pluie legere;Autre intersection;Route departementale;Non renseignee ;Motocyclette > 125 cm3;Depassant A$roite;Non renseignee ;25;Masculin;Blessee hospitalisee;Non renseignee ;2;2;0;1;1;0;Adulte jeune (25-34);Sans pieton;Avec moto;1 VL;Sans poids lourd;Adulte jeune (25-34);2 usagers
Leger;25/10/2020;17:20;Meudon;Crepuscule ou aube;Pluie forte;Hors intersection;Voie commuNon renseignee le;Non renseignee ;Autobus;Sans changement de direction;Non renseignee ;78;Masculin;Blessee Leger;Non renseignee ;2;1;1;0;0;0;Senior (65+);Avec pieton;Sans moto;Aucun VL;Sans poids lourd;Senior (65+);2 usagers
Leger;13/10/2020;18:30;Meudon;Plein jour;Normale;Hors intersection;Voie commuNon renseignee le;Non renseignee ;Non renseignee ;Sans changement de direction;Non renseignee ;11;Feminin;Blessee Leger;Non renseignee ;2;1;1;0;1;0;Mineur (-18 ans);Avec pieton;Sans moto;1 VL;Sans poids lourd;Mineur (-18 ans);2 usagers
Leger;25/03/2019;08:15;Clamart;Plein jour;Normale;Hors intersection;Voie commuNon renseignee le;Non renseignee ;Non renseignee ;Sedeportant A'auche;Non renseignee ;37;Masculin;Blessee Leger;Non renseignee ;1;1;0;0;1;0;Adulte (35-49);Sans pieton ;Sans moto;1 VL;Sans poids lourd;Adulte (35-49);1 usager
Leger;31/03/2020;18:20;Meudon;Plein jour;Normale;Hors intersection;Voie commuNon renseignee le;Non renseignee ;Non renseignee ;Sans changement de direction;Non renseignee ;19;Masculin;Blessee Leger;Non renseignee ;2;2;0;0;1;0;Jeune adulte (18-24);Sans pieton;Sans moto;1 VL;Sans poids lourd;Jeune adulte (18-24);2 usagers
Leger;06/05/2021;01:16;Montrouge;Nuit avec eclairage public allumee;Normale;Autre intersection;Voie commuNon renseignee le;Non renseignee ;Non renseignee ;S inserant;Non renseignee ;22;Masculin;Blessee Leger;Non renseignee ;3;2;0;0;2;0;Jeune adulte (18-24);Sans pieton;Sans moto;2 VL;Sans poids lourd;Jeune adulte (18-24);3-5 usagers
Leger;26/08/2019;08:00;Montrouge;Plein jour;Normale;Intersection en X;Route departementale;Non renseignee ;Non renseignee ;Sans changement de direction;Non renseignee ;27;Masculin;Indemne;Non renseignee ;2;2;0;0;1;0;Adulte jeune (25-34);Sans pieton;Sans moto;1 VL;Sans poids lourd;Adulte jeune (25-34);2 usagers
Leger;24/09/2008;07:55;Gennevilliers;Crepuscule ou aube;Pluie legere;Hors intersection;Autoroute;Collision par l'arriere;Motocyclette > 125 cm3;Entre 2 files;VL seul;25;Masculin;Indemne;Non renseignee ;2;2;0;1;1;0;Adulte jeune (25-34);Sans pieton;Avec moto;1 VL;Sans poids lourd;Adulte jeune (25-34);2 usagers
Leger;17/12/2008;02:00;Sevres;Nuit avec eclairage public allumee;Autre;Hors intersection;Route Non renseignee tioNon renseignee le;Sans collision;VL seul;Sans changement de direction;Non renseignee ;37;Masculin;Blessee Leger;Non renseignee ;1;1;0;0;1;0;Adulte (35-49);Sans pieton;Sans moto;1 VL;Sans poids lourd;Adulte (35-49);1 usager
Grave;29/09/2008;19:10;Antony;Crepuscule ou aube;Autre;Hors intersection;Autoroute;Collision par l'arriere;Autocar;Meme sens, Meme file;VL seul;35;Feminin;Indemne;Non renseignee ;2;2;0;0;1;0;Adulte (35-49);Sans pieton;Sans moto;1 VL;Sans poids lourd;Adulte (35-49);2 usagers
Leger;27/10/2009;13:00;Bois-Colombes;Plein jour;Autre;Hors intersection;Voie commuNon renseignee le;Collision frontale;Motocyclette > 50 cm3 et <= 125 cm3;Sans changement de direction;Bicyclette;22;Masculin;Indemne;Non renseignee ;2;2;0;1;0;0;Jeune adulte (18-24);Sans pieton;Avec moto;Aucun VL;Sans poids lourd;Jeune adulte (18-24);2 usagers
Leger;24/09/2009;08:40;Gennevilliers;Plein jour;Autre;Giratoire;Route departementale;Collision par le cote;VL seul;TourNon renseignee nt A$roite;Cyclomoteur <50cm3;43;Masculin;Indemne;Non renseignee ;2;2;0;0;1;0;Adulte (35-49);Sans pieton ;Sans moto;1 VL;Sans poids lourd;Adulte (35-49);2 usagers
Leger;30/03/2009;18:05;Ville d'Avray;Plein jour;Autre;Intersection en T;Route departementale;Collisions en chaine;VL seul;Meme sens, Meme file;VL seul;71;Feminin;Indemne;Non renseignee ;5;3;0;0;3;0;Senior (65+);Sans pieton;Sans moto;3 VL ou plus;Sans poids lourd;Senior (65+);3-5 usagers