type_acci;date;heure;commune;luminosite_accident;cond_atmos;Intersection;categorie_route;type_collision;type_vehicule_1;manoeuvre_vehicule_1;type_vehicule_2;age_usager;sexe_usager;gravite_usager;etat_usager;nombre_usagers;nb_veh;nombre_pietons;nombre_motos;nombre_vl;nombre_pl;age_usa1_categ;accident_pieton;accident_moto;categorie_vl;accident_pl;categorie_age;categorie_usagers
Leger;12/04/2009;11:20;Rueil-Malmaison;Plein jour;Autre;Intersection en X;Route departementale;Collision par le cote;VL seul;Sans changement de direction;VL seul;54;Feminin;Blessee Leger;Non renseignee ;3;2;0;0;2;0;Senior actif (50-64);Sans pieton;Sans moto;2 VL;Sans poids lourd;Senior actif (50-64);3-5 usagers
Leger;01/07/2009;19:30;Bois-Colombes;Plein jour;Autre;Intersection en X;Route departementale;Collision par le cote;VL seul;TourNon renseignee nt A'auche;Cyclomoteur <50cm3;57;Masculin;Indemne;Non renseignee ;2;2;0;0;1;0;Senior actif (50-64);Sans pieton ;Sans moto;1 VL;Sans poids lourd;Senior actif (50-64);2 usagers
Leger;08/06/2009;09:00;Rueil-Malmaison;Plein jour;Autre;Hors intersection;Autoroute;Collision par l'arriere;Motocyclette > 125 cm3;Changeant de file A'auche;VL seul;42;Masculin;Indemne;Non renseignee ;3;2;0;1;1;0;Adulte (35-49);Sans pieton;Avec moto;1 VL;Sans poids lourd;Adulte (35-49);3-5 usagers
Leger;15/08/2009;11:00;Neuilly-sur-Seine;Plein jour;Autre;Hors intersection;Route Non renseignee tioNon renseignee le;Collision par le cote;Cyclomoteur <50cm3;Meme sens, Meme file;VL seul;45;Masculin;Indemne;Non renseignee ;2;2;0;0;1;0;Adulte (35-49);Sans pieton;Sans moto;1 VL;Sans poids lourd;Adulte (35-49);2 usagers
Grave;31/08/2009;20:30;Bourg-la-Reine;Plein jour;Autre;Hors intersection;Route departementale;Collision par le cote;VL seul;S inserant;Scooter > 50 cm3 et <= 125 cm3;48;Masculin;Indemne;Non renseignee ;2;2;0;1;1;0;Adulte (35-49);Sans pieton;Avec moto;1 VL;Sans poids lourd;Adulte (35-49);2 usagers
Leger;06/11/2009;09:40;Antony;Plein jour;Autre;Intersection en X;Route departementale;Collision par le cote;Scooter > 125 cm3;Sans changement de direction;Bicyclette;15;Masculin;Blessee Leger;Non renseignee ;2;2;0;1;0;0;Mineur (-18 ans);Sans pieton;Avec moto;Aucun VL;Sans poids lourd;Mineur (-18 ans);2 usagers
Mortel;03/11/2009;18:40;Asnieres-sur-Seine;Nuit avec eclairage public allumee;Autre;Hors intersection;Route departementale;Collisions en chaine;VU seul 1,5T <= PTAC <= 3,5T;Se deportant A$roite;Motocyclette > 125 cm3;26;Masculin;Indemne;Non renseignee ;3;3;0;1;2;0;Adulte jeune (25-34);Sans pieton ;Avec moto;2 VL;Sans poids lourd;Adulte jeune (25-34);3-5 usagers
Grave;01/09/2009;08:20;Courbevoie;Plein jour;Autre;Intersection en X;Route departementale;Collision par le cote;VL seul;TourNon renseignee nt A'auche;Scooter > 50 cm3 et <= 125 cm3;30;Feminin;Indemne;Non renseignee ;2;2;0;1;1;0;Adulte jeune (25-34);Sans pieton ;Avec moto;1 VL;Sans poids lourd;Adulte jeune (25-34);2 usagers
Leger;16/09/2009;17:20;Saint-Cloud;Plein jour;Autre;Intersection en X;Route departementale;Sans collision;Cyclomoteur <50cm3;Non renseignee ;Non renseignee ;17;Feminin;Indemne;Non renseignee ;2;1;0;0;0;0;Mineur (-18 ans);Sans pieton;Sans moto;Aucun VL;Sans poids lourd;Mineur (-18 ans);2 usagers
Leger;21/01/2009;09:49;Meudon;Plein jour;Autre;Hors intersection;Route Non renseignee tioNon renseignee le;Sans collision;Motocyclette > 125 cm3;Entre 2 files;Non renseignee ;39;Masculin;Blessee Leger;Non renseignee ;1;1;0;1;0;0;Adulte (35-49);Sans pieton;Avec moto;Aucun VL;Sans poids lourd;Adulte (35-49);1 usager
Leger;14/12/2009;17:25;Colombes;Nuit avec eclairage public non allumee;Autre;Hors intersection;Autoroute;Sans collision;Motocyclette > 50 cm3 et <= 125 cm3;Sans changement de direction;Non renseignee ;29;Masculin;Blessee Leger;Non renseignee ;1;1;0;1;0;0;Adulte jeune (25-34);Sans pieton;Avec moto;Aucun VL;Sans poids lourd;Adulte jeune (25-34);1 usager
Leger;21/03/2009;13:05;Asnieres-sur-Seine;Plein jour;Autre;Intersection en X;Route departementale;Collision par l'arriere;VL seul;Meme sens, Meme file;VL seul;28;Masculin;Indemne;Non renseignee ;3;2;0;0;2;0;Adulte jeune (25-34);Sans pieton;Sans moto;2 VL;Sans poids lourd;Adulte jeune (25-34);3-5 usagers
Leger;12/08/2009;20:10;Asnieres-sur-Seine;Nuit avec eclairage public allumee;Autre;Intersection en T;Route departementale;Collision par le cote;Motocyclette > 125 cm3;Sans changement de direction;VL seul;26;Masculin;Blessee Leger;Non renseignee ;2;2;0;1;1;0;Adulte jeune (25-34);Sans pieton;Avec moto;1 VL;Sans poids lourd;Adulte jeune (25-34);2 usagers
Leger;20/10/2009;14:10;Courbevoie;Plein jour;Autre;Hors intersection;Voie commuNon renseignee le;Collision par l'arriere;VU seul 1,5T <= PTAC <= 3,5T;En marche arriere;VL seul;48;Masculin;Indemne;Non renseignee ;2;2;0;0;2;0;Adulte (35-49);Sans pieton;Sans moto;2 VL;Sans poids lourd;Adulte (35-49);2 usagers
Leger;13/10/2009;14:45;Suresnes;Plein jour;Autre;Intersection en T;Route departementale;Sans collision;Non renseignee ;Se deportant A$roite;Non renseignee ;68;Masculin;Blessee Leger;Ivresse apparente;1;1;0;0;1;0;Senior (65+);Sans pieton ;Sans moto;1 VL;Sans poids lourd;Senior (65+);1 usager
Grave;01/10/2009;08:15;Vaucresson;Plein jour;Autre;Hors intersection;Autoroute;Sans collision;VL seul;Non renseignee ;Non renseignee ;51;Feminin;Blessee hospitalisee;Non renseignee ;1;1;0;0;1;0;Senior actif (50-64);Sans pieton;Sans moto;1 VL;Sans poids lourd;Senior actif (50-64);1 usager
Leger;12/02/2009;17:35;Courbevoie;Crepuscule ou aube;Autre;Intersection en Y;Route departementale;Collision par l'arriere;VL seul;Meme sens, Meme file;VL seul;22;Masculin;Blessee Leger;Non renseignee ;3;2;0;0;2;0;Jeune adulte (18-24);Sans pieton;Sans moto;2 VL;Sans poids lourd;Jeune adulte (18-24);3-5 usagers
Leger;14/12/2009;09:10;Courbevoie;Plein jour;Autre;Hors intersection;Route departementale;Collision par le cote;VL seul;En faisant demi-tour sur la chaussee;Scooter > 50 cm3 et <= 125 cm3;22;Masculin;Indemne;Non renseignee ;2;2;0;1;1;0;Jeune adulte (18-24);Sans pieton;Avec moto;1 VL;Sans poids lourd;Jeune adulte (18-24);2 usagers
Grave;03/09/2009;13:00;Chatillon;Plein jour;Autre;Intersection en X;Route departementale;Collision par le cote;Scooter < 50 cm3;Sans changement de direction;VL seul;18;Masculin;Blessee hospitalisee;Non renseignee ;2;2;0;0;1;0;Jeune adulte (18-24);Sans pieton;Sans moto;1 VL;Sans poids lourd;Jeune adulte (18-24);2 usagers
Grave;14/12/2009;16:17;Bourg-la-Reine;Plein jour;Autre;Giratoire;Route departementale;Collision par l'arriere;VL seul;TourNon renseignee nt A'auche;Bicyclette;50;Feminin;Blessee hospitalisee;Non renseignee ;3;2;0;0;1;0;Senior actif (50-64);Sans pieton ;Sans moto;1 VL;Sans poids lourd;Senior actif (50-64);3-5 usagers
Leger;22/05/2020;16:50;Clamart;Plein jour;Pluie legere;Hors intersection;Route departementale;Non renseignee ;VU seul 1,5T <= PTAC <= 3,5T;Se deportant A$roite;VU seul 1,5T <= PTAC <= 3,5T;69;Feminin;Blessee Leger;Non renseignee ;2;2;0;0;2;0;Senior (65+);Sans pieton ;Sans moto;2 VL;Sans poids lourd;Senior (65+);2 usagers
Leger;27/09/2019;17:45;Montrouge;Plein jour;Temps couvert;Hors intersection;Route departementale;Non renseignee ;Non renseignee ;Autres manoeuvre;Non renseignee ;56;Masculin;Indemne;Non renseignee ;2;2;0;0;1;0;Senior actif (50-64);Sans pieton;Sans moto;1 VL;Sans poids lourd;Senior actif (50-64);2 usagers
Leger;06/01/2020;14:40;Clamart;Plein jour;Normale;Hors intersection;Route departementale;Non renseignee ;Non renseignee ;Autres manoeuvre;Non renseignee ;58;Masculin;Blessee Leger;Non renseignee ;3;2;0;0;2;0;Senior actif (50-64);Sans pieton;Sans moto;2 VL;Sans poids lourd;Senior actif (50-64);3-5 usagers
Leger;27/05/2021;22:25;Clamart;Nuit avec eclairage public allumee;Normale;Autre intersection;Voie commuNon renseignee le;Non renseignee ;Non renseignee ;Inconnue;Motocyclette > 125 cm3;22;Masculin;Blessee Leger;Non renseignee ;2;2;0;1;1;0;Jeune adulte (18-24);Sans pieton;Avec moto;1 VL;Sans poids lourd;Jeune adulte (18-24);2 usagers
Leger;26/08/2019;08:15;Issy-les-Moulineaux;Plein jour;Normale;Hors intersection;Voie commuNon renseignee le;Non renseignee ;Non renseignee ;Sans changement de direction;Non renseignee ;37;Masculin;Indemne;Non renseignee ;2;1;1;0;1;0;Adulte (35-49);Avec pieton;Sans moto;1 VL;Sans poids lourd;Adulte (35-49);2 usagers
Leger;13/06/2019;09:30;Vanves;Plein jour;Pluie legere;Intersection en Y;Route departementale;Non renseignee ;Scooter > 125 cm3;Manoeuvre devitement;Non renseignee ;57;Masculin;Blessee Leger;Non renseignee ;2;2;0;1;1;0;Senior actif (50-64);Sans pieton;Avec moto;1 VL;Sans poids lourd;Senior actif (50-64);2 usagers
Leger;03/09/2020;08:50;Montrouge;Plein jour;Normale;Intersection A0lus de 4 branches;Route departementale;Non renseignee ;Non renseignee ;TourNon renseignee nt A$roite;Scooter > 50 cm3 et <= 125 cm3;66;Masculin;Blessee Leger;Non renseignee ;2;2;0;1;1;0;Senior (65+);Sans pieton ;Avec moto;1 VL;Sans poids lourd;Senior (65+);2 usagers
Leger;28/08/2020;01:20;Montrouge;Plein jour;Temps couvert;Intersection en T;Route departementale;Non renseignee ;Scooter > 50 cm3 et <= 125 cm3;En faisant demi-tour sur la chaussee;3RM > 125 cm3;44;Masculin;Blessee Leger;Non renseignee ;2;2;0;2;0;0;Adulte (35-49);Sans pieton;Avec moto;Aucun VL;Sans poids lourd;Adulte (35-49);2 usagers
Leger;13/09/2021;11:50;Sevres;Plein jour;Normale;Hors intersection;Route Non renseignee tioNon renseignee le;Non renseignee ;Motocyclette > 125 cm3;Inconnue;Non renseignee ;58;Masculin;Blessee Leger;Non renseignee ;1;1;0;1;0;0;Senior actif (50-64);Sans pieton;Avec moto;Aucun VL;Sans poids lourd;Senior actif (50-64);1 usager
Leger;22/03/2019;17:50;Issy-les-Moulineaux;Plein jour;Normale;Giratoire;Route departementale;Non renseignee ;Motocyclette > 50 cm3 et <= 125 cm3;Depassant A'auche;Non renseignee ;23;Masculin;Blessee Leger;Non renseignee ;2;2;0;1;1;0;Jeune adulte (18-24);Sans pieton;Avec moto;1 VL;Sans poids lourd;Jeune adulte (18-24);2 usagers
Leger;10/02/2019;01:40;Meudon;Nuit avec eclairage public allumee;Pluie legere;Intersection A0lus de 4 branches;Route departementale;Non renseignee ;Non renseignee ;TourNon renseignee nt A$roite;Non renseignee ;40;Masculin;Indemne;Non renseignee ;3;2;0;0;1;0;Adulte (35-49);Sans pieton ;Sans moto;1 VL;Sans poids lourd;Adulte (35-49);3-5 usagers
Leger;05/09/2021;19:00;Sevres;Plein jour;Normale;Hors intersection;Voie commuNon renseignee le;Non renseignee ;Non renseignee ;Se deportant A$roite;Non renseignee ;6;Masculin;Blessee Leger;Non renseignee ;4;2;0;0;2;0;Mineur (-18 ans);Sans pieton ;Sans moto;2 VL;Sans poids lourd;Mineur (-18 ans);3-5 usagers
Leger;06/11/2021;14:16;Issy-les-Moulineaux;Plein jour;Normale;Hors intersection;Route departementale;Non renseignee ;Non renseignee ;TourNon renseignee nt A$roite;Non renseignee ;22;Masculin;Blessee Leger;Non renseignee ;2;2;0;0;1;0;Jeune adulte (18-24);Sans pieton ;Sans moto;1 VL;Sans poids lourd;Jeune adulte (18-24);2 usagers
Leger;27/05/2021;12:20;Meudon;Plein jour;Normale;Hors intersection;Route departementale;Non renseignee ;Non renseignee ;TourNon renseignee nt A$roite;Non renseignee ;9;Masculin;Blessee Leger;Non renseignee ;3;1;2;0;1;0;Mineur (-18 ans);Avec pieton;Sans moto;1 VL;Sans poids lourd;Mineur (-18 ans);3-5 usagers
Leger;10/06/2019;07:57;Meudon;Plein jour;Temps couvert;Hors intersection;Route departementale;Non renseignee ;Motocyclette > 50 cm3 et <= 125 cm3;Depassant A'auche;Non renseignee ;26;Masculin;Blessee Leger;Non renseignee ;2;2;0;1;1;0;Adulte jeune (25-34);Sans pieton;Avec moto;1 VL;Sans poids lourd;Adulte jeune (25-34);2 usagers
Leger;29/04/2019;21:05;Montrouge;Nuit avec eclairage public allumee;Normale;Hors intersection;Route departementale;Non renseignee ;Motocyclette > 125 cm3;Depassant A$roite;Non renseignee ;69;Masculin;Blessee Leger;Non renseignee ;2;2;0;1;1;0;Senior (65+);Sans pieton;Avec moto;1 VL;Sans poids lourd;Senior (65+);2 usagers
Grave;17/03/2021;15:20;Malakoff;Plein jour;Pluie legere;Hors intersection;Route departementale;Non renseignee ;Motocyclette > 125 cm3;Sans changement de direction;Non renseignee ;13;Masculin;Blessee hospitalisee;Non renseignee ;2;2;0;1;0;0;Mineur (-18 ans);Sans pieton;Avec moto;Aucun VL;Sans poids lourd;Mineur (-18 ans);2 usagers
Leger;18/08/2019;21:20;Issy-les-Moulineaux;Nuit avec eclairage public allumee;Normale;Hors intersection;Voie commuNon renseignee le;Non renseignee ;Scooter < 50 cm3;Sans changement de direction;Non renseignee ;32;Masculin;Blessee Leger;Non renseignee ;1;1;0;0;0;0;Adulte jeune (25-34);Sans pieton;Sans moto;Aucun VL;Sans poids lourd;Adulte jeune (25-34);1 usager
Leger;31/10/2021;20:45;Issy-les-Moulineaux;Nuit avec eclairage public allumee;Pluie legere;Hors intersection;Route departementale;Non renseignee ;Non renseignee ;TourNon renseignee nt A$roite;Motocyclette > 125 cm3;35;Masculin;Blessee Leger;Non renseignee ;2;2;0;1;1;0;Adulte (35-49);Sans pieton ;Avec moto;1 VL;Sans poids lourd;Adulte (35-49);2 usagers
Leger;12/02/2021;09:00;Meudon;Plein jour;Normale;Hors intersection;Route departementale;Non renseignee ;Non renseignee ;Sans changement de direction;Non renseignee ;53;Masculin;Blessee Leger;Non renseignee ;1;1;0;0;0;0;Senior actif (50-64);Sans pieton;Sans moto;Aucun VL;Sans poids lourd;Senior actif (50-64);1 usager
Leger;16/03/2020;23:40;Issy-les-Moulineaux;Nuit avec eclairage public allumee;Normale;Intersection en Y;Route departementale;Non renseignee ;Scooter > 50 cm3 et <= 125 cm3;Autres manoeuvre;Autobus;23;Masculin;Blessee Leger;Non renseignee ;2;2;0;1;0;0;Jeune adulte (18-24);Sans pieton;Avec moto;Aucun VL;Sans poids lourd;Jeune adulte (18-24);2 usagers
Leger;28/09/2020;06:55;Issy-les-Moulineaux;Nuit avec eclairage public allumee;Pluie forte;Hors intersection;Route departementale;Non renseignee ;Engin special;Autres manoeuvre;Scooter > 50 cm3 et <= 125 cm3;45;Masculin;Blessee Leger;Non renseignee ;2;2;0;1;0;1;Adulte (35-49);Sans pieton;Avec moto;Aucun VL;Avec poids lourd;Adulte (35-49);2 usagers
Leger;11/12/2021;20:50;Issy-les-Moulineaux;Nuit avec eclairage public allumee;Normale;Place;Route departementale;Non renseignee ;Scooter < 50 cm3;Inconnue;Non renseignee ;26;Masculin;Blessee Leger;Non renseignee ;2;2;0;0;1;0;Adulte jeune (25-34);Sans pieton;Sans moto;1 VL;Sans poids lourd;Adulte jeune (25-34);2 usagers
Leger;10/06/2021;18:40;Issy-les-Moulineaux;Plein jour;Normale;Intersection en T;Voie commuNon renseignee le;Non renseignee ;Non renseignee ;Sedeportant A'auche;Non renseignee ;13;Feminin;Blessee Leger;Non renseignee ;2;1;1;0;1;0;Mineur (-18 ans);Avec pieton;Sans moto;1 VL;Sans poids lourd;Mineur (-18 ans);2 usagers
Leger;21/06/2020;19:48;Meudon;Plein jour;Normale;Hors intersection;Voie commuNon renseignee le;Non renseignee ;EDP sans moteur;Sans changement de direction;Non renseignee ;44;Masculin;Blessee Leger;Non renseignee ;1;1;0;0;0;0;Adulte (35-49);Sans pieton;Sans moto;Aucun VL;Sans poids lourd;Adulte (35-49);1 usager
Leger;28/12/2021;00:44;Ville-d'Avray;Nuit avec eclairage public allumee;Pluie legere;Hors intersection;Voie commuNon renseignee le;Non renseignee ;Non renseignee ;Se deportant A$roite;Non renseignee ;53;Masculin;Blessee Leger;Non renseignee ;1;1;0;0;1;0;Senior actif (50-64);Sans pieton ;Sans moto;1 VL;Sans poids lourd;Senior actif (50-64);1 usager
Leger;01/03/2019;11:45;Issy-les-Moulineaux;Plein jour;Pluie legere;Hors intersection;Route departementale;Non renseignee ;Non renseignee ;Inconnue;Non renseignee ;37;Masculin;Blessee Leger;Non renseignee ;2;2;0;0;2;0;Adulte (35-49);Sans pieton;Sans moto;2 VL;Sans poids lourd;Adulte (35-49);2 usagers
Leger;27/02/2020;09:55;Vanves;Crepuscule ou aube;Pluie legere;Hors intersection;Route departementale;Non renseignee ;Non renseignee ;Inconnue;Non renseignee ;26;Feminin;Blessee Leger;Non renseignee ;2;2;0;0;1;0;Adulte jeune (25-34);Sans pieton;Sans moto;1 VL;Sans poids lourd;Adulte jeune (25-34);2 usagers
Leger;27/11/2020;17:10;Issy-les-Moulineaux;Nuit sanseclairage public;Normale;Hors intersection;Voie commuNon renseignee le;Non renseignee ;Scooter < 50 cm3;Sans changement de direction;Non renseignee ;19;Masculin;Blessee Leger;Non renseignee ;1;1;0;0;0;0;Jeune adulte (18-24);Sans pieton;Sans moto;Aucun VL;Sans poids lourd;Jeune adulte (18-24);1 usager
Leger;23/02/2019;07:05;Issy-les-Moulineaux;Nuit avec eclairage public allumee;Normale;Intersection à plus de 4 branches;Route departementale;Non renseignee ;Non renseignee ;Sans changement de direction;Non renseignee ;63;Masculin;Blessee Leger;Non renseignee ;2;2;0;0;2;0;Senior actif (50-64);Sans pieton;Sans moto;2 VL;Sans poids lourd;Senior actif (50-64);2 usagers
Grave;12/02/2019;06:05;Boulogne-Billancourt;Nuit avec eclairage public allumee;Temps couvert;Hors intersection;Route departementale;Non renseignee ;Non renseignee ;Sans changement de direction;Non renseignee ;55;Masculin;Indemne;Non renseignee ;2;1;1;0;1;0;Senior actif (50-64);Avec pieton;Sans moto;1 VL;Sans poids lourd;Senior actif (50-64);2 usagers
Leger;16/07/2021;18:10;Sevres;Plein jour;Normale;Hors intersection;Route departementale;Non renseignee ;Non renseignee ;Sans changement de direction;Non renseignee ;42;Masculin;Blessee Leger;Non renseignee ;2;1;1;0;1;0;Adulte (35-49);Avec pieton;Sans moto;1 VL;Sans poids lourd;Adulte (35-49);2 usagers
Leger;12/08/2019;17:30;Boulogne-Billancourt;Plein jour;Normale;Place;Voie commuNon renseignee le;Non renseignee ;Non renseignee ;Traversant la  chaussee;Non renseignee ;59;Masculin;Blessee Leger;Non renseignee ;2;2;0;0;1;0;Senior actif (50-64);Sans pieton;Sans moto;1 VL;Sans poids lourd;Senior actif (50-64);2 usagers
Grave;28/06/2020;07:00;Boulogne-Billancourt;Plein jour;Temps couvert;Hors intersection;Route departementale;Non renseignee ;Motocyclette > 125 cm3;Inconnue;Non renseignee ;24;Masculin;Blessee hospitalisee;Non renseignee ;1;1;0;1;0;0;Jeune adulte (18-24);Sans pieton;Avec moto;Aucun VL;Sans poids lourd;Jeune adulte (18-24);1 usager
Leger;29/09/2020;02:52;Sevres;Nuit sanseclairage public;Normale;Hors intersection;Route departementale;Non renseignee ;Motocyclette > 125 cm3;Sans changement de direction;Non renseignee ;36;Masculin;Blessee Leger;Non renseignee ;1;1;0;1;0;0;Adulte (35-49);Sans pieton;Avec moto;Aucun VL;Sans poids lourd;Adulte (35-49);1 usager
Leger;10/10/2021;01:10;Boulogne-Billancourt;Nuit avec eclairage public allumee;Normale;Autre intersection;Voie commuNon renseignee le;Non renseignee ;Non renseignee ;Sans changement de direction;Non renseignee ;43;Feminin;Blessee Leger;Non renseignee ;1;1;0;0;1;0;Adulte (35-49);Sans pieton;Sans moto;1 VL;Sans poids lourd;Adulte (35-49);1 usager
Leger;15/07/2020;17:10;Issy-les-Moulineaux;Plein jour;Normale;Intersection en X;Route departementale;Non renseignee ;Scooter < 50 cm3;Inconnue;Non renseignee ;25;Masculin;Blessee Leger;Non renseignee ;2;2;0;0;1;0;Adulte jeune (25-34);Sans pieton;Sans moto;1 VL;Sans poids lourd;Adulte jeune (25-34);2 usagers
Leger;17/01/2019;10:20;Boulogne-Billancourt;Plein jour;Normale;Intersection à plus de 4 branches;Route departementale;Non renseignee ;Engin special;Sans changement de direction;Non renseignee ;32;Masculin;Indemne;Non renseignee ;2;2;0;0;0;1;Adulte jeune (25-34);Sans pieton;Sans moto;Aucun VL;Avec poids lourd;Adulte jeune (25-34);2 usagers
Leger;02/01/2019;10:45;Boulogne-Billancourt;Plein jour;Temps couvert;Hors intersection;Route departementale;Non renseignee ;Non renseignee ;Changeant de file A$roite;Non renseignee ;56;Masculin;Indemne;Non renseignee ;3;2;0;0;2;0;Senior actif (50-64);Sans pieton;Sans moto;2 VL;Sans poids lourd;Senior actif (50-64);3-5 usagers
Leger;27/02/2019;11:50;Marnes-la-Coquette;Plein jour;Normale;Hors intersection;Autoroute;Non renseignee ;VU seul 1,5T <= PTAC <= 3,5T;Sans changement de direction;VU seul 1,5T <= PTAC <= 3,5T;34;Masculin;Indemne;Non renseignee ;2;2;0;0;2;0;Adulte jeune (25-34);Sans pieton;Sans moto;2 VL;Sans poids lourd;Adulte jeune (25-34);2 usagers
Grave;04/12/2021;17:51;Boulogne-Billancourt;Nuit avec eclairage public allumee;Pluie legere;Giratoire;Route departementale;Non renseignee ;Non renseignee ;Sans changement de direction;EDP A-oteur;36;Feminin;Blessee hospitalisee;Non renseignee ;2;2;0;0;1;0;Adulte (35-49);Sans pieton ;Sans moto;1 VL;Sans poids lourd;Adulte (35-49);2 usagers
Leger;27/09/2021;19:25;Boulogne-Billancourt;Nuit avec eclairage public allumee;Normale;Intersection en T;Route departementale;Non renseignee ;Scooter > 50 cm3 et <= 125 cm3;Depassant A$roite;Non renseignee ;19;Feminin;Blessee Leger;Non renseignee ;3;2;0;1;1;0;Jeune adulte (18-24);Sans pieton;Avec moto;1 VL;Sans poids lourd;Jeune adulte (18-24);3-5 usagers
Leger;05/09/2020;20:20;Boulogne-Billancourt;Nuit avec eclairage public allumee;Normale;Intersection en X;Voie commuNon renseignee le;Non renseignee ;Non renseignee ;Inconnue;Non renseignee ;9;Feminin;Blessee Leger;Non renseignee ;3;2;0;0;2;0;Mineur (-18 ans);Sans pieton;Sans moto;2 VL;Sans poids lourd;Mineur (-18 ans);3-5 usagers
Leger;14/12/2019;18:20;Boulogne-Billancourt;Nuit avec eclairage public allumee;Normale;Hors intersection;Route departementale;Non renseignee ;Scooter < 50 cm3;Sans changement de direction;Non renseignee ;50;Feminin;Blessee Leger;Non renseignee ;1;1;1;0;0;0;Senior actif (50-64);Avec pieton;Sans moto;Aucun VL;Sans poids lourd;Senior actif (50-64);1 usager
Leger;05/04/2019;13:50;Boulogne-Billancourt;Plein jour;Normale;Intersection en X;Route departementale;Non renseignee ;VU seul 1,5T <= PTAC <= 3,5T;Sans changement de direction;Non renseignee ;23;Masculin;Indemne;Non renseignee ;3;1;2;0;1;0;Jeune adulte (18-24);Avec pieton;Sans moto;1 VL;Sans poids lourd;Jeune adulte (18-24);3-5 usagers
Leger;21/01/2019;09:25;Boulogne-Billancourt;Plein jour;Normale;Hors intersection;Voie commuNon renseignee le;Non renseignee ;Non renseignee ;En marche arriere;Scooter > 50 cm3 et <= 125 cm3;59;Feminin;Indemne;Non renseignee ;2;2;0;1;1;0;Senior actif (50-64);Sans pieton;Avec moto;1 VL;Sans poids lourd;Senior actif (50-64);2 usagers
Leger;01/07/2020;08:05;Boulogne-Billancourt;Plein jour;Normale;Intersection en X;Route departementale;Non renseignee ;Non renseignee ;Inconnue;Non renseignee ;29;Masculin;Blessee Leger;Non renseignee ;2;1;1;0;0;0;Adulte jeune (25-34);Avec pieton;Sans moto;Aucun VL;Sans poids lourd;Adulte jeune (25-34);2 usagers
Leger;13/03/2021;13:40;Marnes-la-Coquette;Plein jour;Pluie legere;Hors intersection;Autoroute;Non renseignee ;Non renseignee ;S inserant;Non renseignee ;50;Masculin;Blessee Leger;Non renseignee ;2;2;0;0;2;0;Senior actif (50-64);Sans pieton;Sans moto;2 VL;Sans poids lourd;Senior actif (50-64);2 usagers
Leger;30/01/2020;16:35;Boulogne-Billancourt;Plein jour;Normale;Intersection en T;Voie commuNon renseignee le;Non renseignee ;Scooter < 50 cm3;Meme sens, Meme file;Non renseignee ;62;Feminin;Blessee Leger;Non renseignee ;1;1;0;0;0;0;Senior actif (50-64);Sans pieton;Sans moto;Aucun VL;Sans poids lourd;Senior actif (50-64);1 usager
Leger;09/10/2019;18:05;Marnes-la-Coquette;Crepuscule ou aube;Pluie legere;Hors intersection;Autoroute;Non renseignee ;Non renseignee ;Sedeportant A'auche;Motocyclette > 125 cm3;24;Feminin;Indemne;Non renseignee ;2;2;0;1;1;0;Jeune adulte (18-24);Sans pieton ;Avec moto;1 VL;Sans poids lourd;Jeune adulte (18-24);2 usagers
Leger;25/11/2019;08:45;Vaucresson;Plein jour;Normale;Intersection en X;Route departementale;Non renseignee ;Non renseignee ;TourNon renseignee nt A$roite;Scooter < 50 cm3;77;Masculin;Indemne;Non renseignee ;3;2;0;0;1;0;Senior (65+);Sans pieton ;Sans moto;1 VL;Sans poids lourd;Senior (65+);3-5 usagers
Leger;04/01/2009;14:25;Clamart;Plein jour;Autre;Hors intersection;Voie commuNon renseignee le;Collision par le cote;VU seul 1,5T <= PTAC <= 3,5T;Manoeuvre de stationnement;VL seul;84;Masculin;Indemne;Non renseignee ;2;2;0;0;2;0;Senior (65+);Sans pieton;Sans moto;2 VL;Sans poids lourd;Senior (65+);2 usagers
Leger;10/06/2009;09:20;Non renseignee nterre;Plein jour;Temps couvert;Hors intersection;Route Non renseignee tioNon renseignee le;Collision par l'arriere;VL seul;Changeant de file A'auche;Motocyclette > 125 cm3;32;Masculin;Indemne;Non renseignee ;2;2;0;1;1;0;Adulte jeune (25-34);Sans pieton;Avec moto;1 VL;Sans poids lourd;Adulte jeune (25-34);2 usagers
Leger;23/09/2009;08:10;Puteaux;Plein jour;Autre;Intersection en X;Route departementale;Collision par le cote;Motocyclette > 125 cm3;TourNon renseignee nt A$roite;VL seul;37;Masculin;Indemne;Non renseignee ;2;2;0;1;1;0;Adulte (35-49);Sans pieton ;Avec moto;1 VL;Sans poids lourd;Adulte (35-49);2 usagers
Leger;05/10/2009;21:00;Suresnes;Nuit avec eclairage public allumee;Autre;Intersection en T;Route departementale;Collision par l'arriere;VL seul;En faisant demi-tour sur la chaussee;Scooter > 50 cm3 et <= 125 cm3;47;Masculin;Indemne;Non renseignee ;2;2;0;1;1;0;Adulte (35-49);Sans pieton;Avec moto;1 VL;Sans poids lourd;Adulte (35-49);2 usagers