type_acci;date;heure;commune;luminosite_accident;cond_atmos;Intersection;categorie_route;type_collision;type_vehicule_1;manoeuvre_vehicule_1;type_vehicule_2;age_usager;sexe_usager;gravite_usager;etat_usager;nombre_usagers;nb_veh;nombre_pietons;nombre_motos;nombre_vl;nombre_pl;age_usa1_categ;accident_pieton;accident_moto;categorie_vl;accident_pl;categorie_age;categorie_usagers
Leger;15/04/2009;17:50;Malakoff;Plein jour;Autre;Intersection en X;Route departementale;Collision frontale;Non renseignee ;TourNon renseignee nt A'auche;VL seul;22;Masculin;Blessee Leger;Non renseignee ;2;2;0;0;2;0;Jeune adulte (18-24);Sans pieton ;Sans moto;2 VL;Sans poids lourd;Jeune adulte (18-24);2 usagers
Grave;03/03/2009;07:30;Non renseignee nterre;Plein jour;Autre;Hors intersection;Autoroute;Collision par l'arriere;Motocyclette > 125 cm3;Meme sens, Meme file;VL seul;37;Masculin;Indemne;Non renseignee ;2;2;0;1;1;0;Adulte (35-49);Sans pieton;Avec moto;1 VL;Sans poids lourd;Adulte (35-49);2 usagers
Leger;03/01/2009;23:30;Puteaux;Nuit avec eclairage public allumee;Autre;Intersection en X;Route departementale;Collisions en chaine;VL seul;Meme sens, Meme file;VL seul;49;Masculin;Indemne;Ivresse apparente;4;4;0;0;4;0;Adulte (35-49);Sans pieton;Sans moto;3 VL ou plus;Sans poids lourd;Adulte (35-49);3-5 usagers
Leger;04/02/2009;18:35;Gennevilliers;Nuit avec eclairage public allumee;Autre;Hors intersection;Route departementale;Collision par le cote;Tracteur routier + semi-remorque;En faisant demi-tour sur la chaussee;Scooter > 50 cm3 et <= 125 cm3;40;Masculin;Indemne;Non renseignee ;2;2;0;1;0;1;Adulte (35-49);Sans pieton;Avec moto;Aucun VL;Avec poids lourd;Adulte (35-49);2 usagers
Leger;12/06/2009;19:25;Issy-les-Moulineaux;Plein jour;Autre;Place;Route departementale;Collision par le cote;Scooter < 50 cm3;TourNon renseignee nt A'auche;VL seul;22;Masculin;Indemne;Non renseignee ;2;2;0;0;1;0;Jeune adulte (18-24);Sans pieton ;Sans moto;1 VL;Sans poids lourd;Jeune adulte (18-24);2 usagers
Leger;04/08/2009;17:35;Issy-les-Moulineaux;Plein jour;Autre;Hors intersection;Route departementale;Sans collision;Scooter < 50 cm3;Sans changement de direction;Non renseignee ;15;Feminin;Blessee Leger;Non renseignee ;2;1;0;0;0;0;Mineur (-18 ans);Sans pieton;Sans moto;Aucun VL;Sans poids lourd;Mineur (-18 ans);2 usagers
Leger;04/06/2009;16:00;Arcueil;Plein jour;Autre;Hors intersection;Route departementale;Collision par l'arriere;VL seul;Meme sens, Meme file;VL seul;24;Feminin;Indemne;Attention perturbée;3;2;0;0;2;0;Jeune adulte (18-24);Sans pieton;Sans moto;2 VL;Sans poids lourd;Jeune adulte (18-24);3-5 usagers
Leger;21/06/2009;00:40;Sevres;Nuit avec eclairage public allumee;Autre;Place;Route departementale;Collision par l'arriere;VL seul;Changeant de file A'auche;VL seul;49;Masculin;Indemne;Médicament / drogue;3;2;0;0;2;0;Adulte (35-49);Sans pieton;Sans moto;2 VL;Sans poids lourd;Adulte (35-49);3-5 usagers
Leger;07/03/2009;23:40;Clichy;Nuit avec eclairage public allumee;Autre;Hors intersection;Route departementale;Collision par le cote;VL seul;S inserant;VL seul;30;Feminin;Blessee Leger;Non renseignee ;3;2;0;0;2;0;Adulte jeune (25-34);Sans pieton;Sans moto;2 VL;Sans poids lourd;Adulte jeune (25-34);3-5 usagers
Leger;16/10/2009;22:25;Asnieres-sur-Seine;Nuit avec eclairage public allumee;Autre;Intersection en T;Route departementale;Collision par le cote;VL seul;Sans changement de direction;Scooter < 50 cm3;16;Masculin;Blessee Leger;Non renseignee ;1;2;0;0;1;0;Mineur (-18 ans);Sans pieton;Sans moto;1 VL;Sans poids lourd;Mineur (-18 ans);1 usager
Grave;02/11/2009;17:25;Boulogne-Billancourt;Crepuscule ou aube;Autre;Hors intersection;Voie commuNon renseignee le;Collision par le cote;VL seul;TourNon renseignee nt A'auche;Scooter > 125 cm3;29;Masculin;Indemne;Non renseignee ;2;2;0;1;1;0;Adulte jeune (25-34);Sans pieton ;Avec moto;1 VL;Sans poids lourd;Adulte jeune (25-34);2 usagers
Leger;10/12/2009;19:45;Courbevoie;Nuit avec eclairage public allumee;Autre;Intersection en T;Route departementale;Collision par le cote;VL seul;TourNon renseignee nt A'auche;Scooter < 50 cm3;60;Masculin;Indemne;Non renseignee ;2;2;0;0;1;0;Senior actif (50-64);Sans pieton ;Sans moto;1 VL;Sans poids lourd;Senior actif (50-64);2 usagers
Leger;02/06/2009;20:35;Non renseignee nterre;Plein jour;Autre;Hors intersection;Voie commuNon renseignee le;Collision par le cote;VL seul;TourNon renseignee nt A$roite;Bicyclette;23;Masculin;Indemne;Non renseignee ;2;2;0;0;1;0;Jeune adulte (18-24);Sans pieton ;Sans moto;1 VL;Sans poids lourd;Jeune adulte (18-24);2 usagers
Leger;27/07/2009;12:00;Issy-les-Moulineaux;Plein jour;Autre;Intersection en T;Route departementale;Sans collision;VL seul;Se deportant A$roite;Non renseignee ;61;Feminin;Blessee Leger;Ivresse apparente;1;1;0;0;1;0;Senior actif (50-64);Sans pieton ;Sans moto;1 VL;Sans poids lourd;Senior actif (50-64);1 usager
Leger;07/09/2009;14:00;Levallois-Perret;Plein jour;Autre;Hors intersection;Voie commuNon renseignee le;Collision par le cote;VL seul;TourNon renseignee nt A'auche;Scooter > 125 cm3;52;Masculin;Blessee Leger;Non renseignee ;2;2;0;1;1;0;Senior actif (50-64);Sans pieton ;Avec moto;1 VL;Sans poids lourd;Senior actif (50-64);2 usagers
Leger;28/07/2009;11:20;Non renseignee nterre;Plein jour;Autre;Hors intersection;Voie commuNon renseignee le;Collision par le cote;VL seul;Manoeuvre de stationnement;Cyclomoteur <50cm3;49;Masculin;Indemne;Non renseignee ;2;2;0;0;1;0;Adulte (35-49);Sans pieton;Sans moto;1 VL;Sans poids lourd;Adulte (35-49);2 usagers
Leger;04/11/2009;13:20;Chaville;Plein jour;Temps couvert;Intersection en X;Route departementale;Collision par l'arriere;Motocyclette > 125 cm3;Meme sens, Meme file;VL seul;26;Masculin;Blessee Leger;Non renseignee ;2;2;0;1;1;0;Adulte jeune (25-34);Sans pieton;Avec moto;1 VL;Sans poids lourd;Adulte jeune (25-34);2 usagers
Leger;30/11/2009;17:20;Malakoff;Nuit avec eclairage public allumee;Pluie legere;Intersection en X;Voie commuNon renseignee le;Collision par le cote;VL seul;TourNon renseignee nt A'auche;Scooter > 50 cm3 et <= 125 cm3;49;Masculin;Indemne;Non renseignee ;2;2;0;1;1;0;Adulte (35-49);Sans pieton ;Avec moto;1 VL;Sans poids lourd;Adulte (35-49);2 usagers
Leger;12/04/2009;12:15;Gennevilliers;Plein jour;Autre;Hors intersection;Autoroute;Collisions en chaine;VL seul;Meme sens, Meme file;VL seul;32;Feminin;Blessee Leger;Non renseignee ;5;3;0;0;3;0;Adulte jeune (25-34);Sans pieton;Sans moto;3 VL ou plus;Sans poids lourd;Adulte jeune (25-34);3-5 usagers
Leger;18/01/2009;16:10;Saint-Cloud;Plein jour;Autre;Hors intersection;Route departementale;Collision par le cote;VL seul;TourNon renseignee nt A'auche;VL seul;68;Feminin;Blessee Leger;Non renseignee ;4;2;0;0;2;0;Senior (65+);Sans pieton ;Sans moto;2 VL;Sans poids lourd;Senior (65+);3-5 usagers
Grave;08/10/2019;13:20;Boulogne-Billancourt;Plein jour;Pluie legere;Intersection en X;Route departementale;Non renseignee ;Motocyclette > 50 cm3 et <= 125 cm3;Se deportant A$roite;Non renseignee ;51;Masculin;Blessee hospitalisee;Non renseignee ;1;1;0;1;0;0;Senior actif (50-64);Sans pieton ;Avec moto;Aucun VL;Sans poids lourd;Senior actif (50-64);1 usager
Mortel;06/11/2020;11:00;Boulogne-Billancourt;Plein jour;Normale;Hors intersection;Route departementale;Non renseignee ;Non renseignee ;Se deportant A$roite;Non renseignee ;66;Feminin;Blessee Leger;Non renseignee ;3;1;2;0;1;0;Senior (65+);Avec pieton;Sans moto;1 VL;Sans poids lourd;Senior (65+);3-5 usagers
Leger;19/05/2021;15:20;Saint-Cloud;Plein jour;Pluie forte;Hors intersection;Autoroute;Non renseignee ;VU seul 1,5T <= PTAC <= 3,5T;Meme sens, Meme file;Non renseignee ;44;Feminin;Blessee Leger;Non renseignee ;5;3;0;0;3;0;Adulte (35-49);Sans pieton;Sans moto;3 VL ou plus;Sans poids lourd;Adulte (35-49);3-5 usagers
Leger;12/01/2021;15:10;Boulogne-Billancourt;Plein jour;Pluie legere;Hors intersection;Voie commuNon renseignee le;Non renseignee ;Scooter < 50 cm3;Changeant de file A'auche;Non renseignee ;25;Masculin;Blessee Leger;Non renseignee ;2;2;0;0;1;0;Adulte jeune (25-34);Sans pieton;Sans moto;1 VL;Sans poids lourd;Adulte jeune (25-34);2 usagers
Leger;18/09/2020;16:40;Garches;Plein jour;Normale;Intersection en T;Voie commuNon renseignee le;Non renseignee ;Scooter > 125 cm3;Meme sens, Meme file;VU seul 1,5T <= PTAC <= 3,5T;64;Masculin;Blessee Leger;Non renseignee ;2;2;0;1;1;0;Senior actif (50-64);Sans pieton;Avec moto;1 VL;Sans poids lourd;Senior actif (50-64);2 usagers
Leger;21/11/2019;18:15;Vaucresson;Nuit avec eclairage public allumee;Pluie legere;Hors intersection;Voie commuNon renseignee le;Non renseignee ;Non renseignee ;S inserant;Scooter > 50 cm3 et <= 125 cm3;73;Feminin;Indemne;Non renseignee ;2;2;0;1;1;0;Senior (65+);Sans pieton;Avec moto;1 VL;Sans poids lourd;Senior (65+);2 usagers
Leger;14/05/2019;17:40;Vaucresson;Plein jour;Normale;Intersection en X;Voie commuNon renseignee le;Non renseignee ;Non renseignee ;Sans changement de direction;Non renseignee ;86;Feminin;Indemne;Non renseignee ;3;2;0;0;2;0;Senior (65+);Sans pieton;Sans moto;2 VL;Sans poids lourd;Senior (65+);3-5 usagers
Leger;08/03/2021;07:05;Boulogne-Billancourt;Crepuscule ou aube;Normale;Intersection en X;Voie commuNon renseignee le;Non renseignee ;VU seul 1,5T <= PTAC <= 3,5T;Sans changement de direction;Non renseignee ;25;Feminin;Blessee Leger;Non renseignee ;2;2;0;0;2;0;Adulte jeune (25-34);Sans pieton;Sans moto;2 VL;Sans poids lourd;Adulte jeune (25-34);2 usagers
Leger;14/08/2021;00:50;Boulogne-Billancourt;Nuit avec eclairage public allumee;Normale;Hors intersection;Autoroute;Non renseignee ;Non renseignee ;Autres manoeuvre;Non renseignee ;29;Masculin;Blessee Leger;Non renseignee ;5;5;0;1;4;0;Adulte jeune (25-34);Sans pieton;Avec moto;3 VL ou plus;Sans poids lourd;Adulte jeune (25-34);3-5 usagers
Leger;28/09/2021;15:00;Boulogne-Billancourt;Plein jour;Normale;Hors intersection;Autoroute;Non renseignee ;Non renseignee ;Autres manoeuvre;Non renseignee ;67;Masculin;Blessee Leger;Non renseignee ;1;1;0;0;1;0;Senior (65+);Sans pieton;Sans moto;1 VL;Sans poids lourd;Senior (65+);1 usager
Leger;15/05/2021;15:50;Boulogne-Billancourt;Plein jour;Neige - grele;Hors intersection;Voie commuNon renseignee le;Non renseignee ;Non renseignee ;En stationnement (avec occupants);Non renseignee ;13;Masculin;Blessee Leger;Non renseignee ;2;2;0;0;1;0;Mineur (-18 ans);Sans pieton;Sans moto;1 VL;Sans poids lourd;Mineur (-18 ans);2 usagers
Leger;30/12/2020;10:40;Saint-Cloud;Plein jour;Normale;Hors intersection;Route departementale;Non renseignee ;Motocyclette > 125 cm3;Sans changement de direction;Non renseignee ;18;Masculin;Blessee Leger;Non renseignee ;3;2;0;1;1;0;Jeune adulte (18-24);Sans pieton;Avec moto;1 VL;Sans poids lourd;Jeune adulte (18-24);3-5 usagers
Leger;31/12/2019;09:10;Garches;Plein jour;Normale;Hors intersection;Route departementale;Non renseignee ;Non renseignee ;TourNon renseignee nt A$roite;Scooter > 125 cm3;28;Feminin;Indemne;Non renseignee ;2;2;0;1;1;0;Adulte jeune (25-34);Sans pieton ;Avec moto;1 VL;Sans poids lourd;Adulte jeune (25-34);2 usagers
Leger;14/12/2021;07:45;Suresnes;Crepuscule ou aube;Normale;Hors intersection;Voie commuNon renseignee le;Non renseignee ;Non renseignee ;S inserant;Autre vehicule;28;Masculin;Blessee Leger;Non renseignee ;3;2;1;0;1;0;Adulte jeune (25-34);Avec pieton;Sans moto;1 VL;Sans poids lourd;Adulte jeune (25-34);3-5 usagers
Leger;14/08/2020;20:57;Suresnes;Plein jour;Normale;Hors intersection;Route departementale;Non renseignee ;VU seul 1,5T <= PTAC <= 3,5T;Meme sens, Meme file;Scooter > 50 cm3 et <= 125 cm3;58;Masculin;Blessee Leger;Non renseignee ;2;2;0;1;1;0;Senior actif (50-64);Sans pieton;Avec moto;1 VL;Sans poids lourd;Senior actif (50-64);2 usagers
Leger;12/07/2019;18:15;Suresnes;Plein jour;Normale;Hors intersection;Route departementale;Non renseignee ;Non renseignee ;TourNon renseignee nt A'auche;Autobus;22;Masculin;Indemne;Non renseignee ;4;2;0;0;1;0;Jeune adulte (18-24);Sans pieton ;Sans moto;1 VL;Sans poids lourd;Jeune adulte (18-24);3-5 usagers
Leger;10/08/2021;20:55;Rueil-Malmaison;Plein jour;Normale;Hors intersection;Hors reseau public;Non renseignee ;Non renseignee ;En stationnement (avec occupants);Non renseignee ;32;Feminin;Blessee Leger;Non renseignee ;2;2;0;0;2;0;Adulte jeune (25-34);Sans pieton;Sans moto;2 VL;Sans poids lourd;Adulte jeune (25-34);2 usagers
Leger;30/03/2021;08:30;Rueil-Malmaison;Plein jour;Normale;Hors intersection;Voie commuNon renseignee le;Non renseignee ;VAE;Meme sens, Meme file;Non renseignee ;24;Masculin;Blessee Leger;Non renseignee ;2;2;0;0;1;0;Jeune adulte (18-24);Sans pieton;Sans moto;1 VL;Sans poids lourd;Jeune adulte (18-24);2 usagers
Leger;26/05/2021;12:40;Rueil-Malmaison;Plein jour;Normale;Intersection en X;Route departementale;Non renseignee ;EDP sans moteur;TourNon renseignee nt A'auche;Non renseignee ;53;Feminin;Blessee Leger;Non renseignee ;2;2;0;0;0;0;Senior actif (50-64);Sans pieton ;Sans moto;Aucun VL;Sans poids lourd;Senior actif (50-64);2 usagers
Grave;23/02/2021;13:04;Rueil-Malmaison;Plein jour;Normale;Intersection en X;Route departementale;Non renseignee ;Non renseignee ;TourNon renseignee nt A$roite;Non renseignee ;30;Feminin;Blessee hospitalisee;Non renseignee ;2;1;1;0;1;0;Adulte jeune (25-34);Avec pieton;Sans moto;1 VL;Sans poids lourd;Adulte jeune (25-34);2 usagers
Leger;16/01/2021;16:20;Puteaux;Plein jour;Pluie legere;Intersection en T;Route departementale;Non renseignee ;Non renseignee ;Sans changement de direction;Non renseignee ;32;Masculin;Blessee Leger;Non renseignee ;4;2;0;0;2;0;Adulte jeune (25-34);Sans pieton;Sans moto;2 VL;Sans poids lourd;Adulte jeune (25-34);3-5 usagers
Leger;27/11/2020;17:35;Suresnes;Nuit sanseclairage public;Normale;Intersection en T;Route departementale;Non renseignee ;Autre vehicule;TourNon renseignee nt A$roite;Motocyclette > 125 cm3;59;Masculin;Blessee Leger;Non renseignee ;2;2;0;1;0;0;Senior actif (50-64);Sans pieton ;Avec moto;Aucun VL;Sans poids lourd;Senior actif (50-64);2 usagers
Leger;16/09/2020;19:00;Non renseignee nterre;Plein jour;Normale;Intersection en Y;Voie commuNon renseignee le;Non renseignee ;Scooter < 50 cm3;Se deportant A$roite;Autocar;22;Masculin;Blessee Leger;Non renseignee ;2;2;0;0;0;0;Jeune adulte (18-24);Sans pieton ;Sans moto;Aucun VL;Sans poids lourd;Jeune adulte (18-24);2 usagers
Leger;17/11/2021;09:00;Non renseignee nterre;Plein jour;Normale;Intersection en X;Voie commuNon renseignee le;Non renseignee ;Non renseignee ;Sans changement de direction;Non renseignee ;38;Masculin;Blessee Leger;Non renseignee ;1;1;0;0;1;0;Adulte (35-49);Sans pieton;Sans moto;1 VL;Sans poids lourd;Adulte (35-49);1 usager
Leger;23/11/2019;13:10;Non renseignee nterre;Plein jour;Pluie legere;Intersection en T;Route departementale;Non renseignee ;VU seul 1,5T <= PTAC <= 3,5T;Sans changement de direction;Non renseignee ;49;Masculin;Indemne;Non renseignee ;3;2;0;0;2;0;Adulte (35-49);Sans pieton;Sans moto;2 VL;Sans poids lourd;Adulte (35-49);3-5 usagers
Leger;18/02/2020;13:55;Neuilly-sur-Seine;Plein jour;Normale;Autre intersection;Voie commuNon renseignee le;Non renseignee ;Non renseignee ;Ouverture de porte;Non renseignee ;38;Masculin;Blessee Leger;Non renseignee ;3;2;0;0;1;0;Adulte (35-49);Sans pieton;Sans moto;1 VL;Sans poids lourd;Adulte (35-49);3-5 usagers
Leger;19/09/2020;08:10;Non renseignee nterre;Plein jour;Normale;Intersection en T;Route departementale;Non renseignee ;Non renseignee ;TourNon renseignee nt A$roite;Non renseignee ;84;Masculin;Blessee Leger;Non renseignee ;1;2;0;0;2;0;Senior (65+);Sans pieton ;Sans moto;2 VL;Sans poids lourd;Senior (65+);1 usager
Leger;06/02/2020;18:20;Puteaux;Plein jour;Normale;Hors intersection;Route departementale;Non renseignee ;Motocyclette > 125 cm3;Meme sens, Meme file;Non renseignee ;53;Masculin;Blessee Leger;Non renseignee ;2;2;0;1;1;0;Senior actif (50-64);Sans pieton;Avec moto;1 VL;Sans poids lourd;Senior actif (50-64);2 usagers
Leger;19/05/2019;15:40;Non renseignee nterre;Plein jour;Normale;Intersection en X;Voie commuNon renseignee le;Non renseignee ;Scooter > 50 cm3 et <= 125 cm3;Autres manoeuvre;Non renseignee ;47;Masculin;Blessee Leger;Non renseignee ;2;2;0;1;1;0;Adulte (35-49);Sans pieton;Avec moto;1 VL;Sans poids lourd;Adulte (35-49);2 usagers
Leger;05/10/2021;17:30;Non renseignee nterre;Plein jour;Temps couvert;Intersection en X;Voie commuNon renseignee le;Non renseignee ;Non renseignee ;TourNon renseignee nt A$roite;Scooter > 50 cm3 et <= 125 cm3;62;Masculin;Blessee Leger;Non renseignee ;2;2;0;1;1;0;Senior actif (50-64);Sans pieton ;Avec moto;1 VL;Sans poids lourd;Senior actif (50-64);2 usagers
Leger;05/01/2019;18:50;Puteaux;Nuit avec eclairage public allumee;Normale;Hors intersection;Route departementale;Non renseignee ;Non renseignee ;Arrete (hors stationnement);Non renseignee ;41;Masculin;Indemne;Non renseignee ;3;2;0;0;2;0;Adulte (35-49);Sans pieton;Sans moto;2 VL;Sans poids lourd;Adulte (35-49);3-5 usagers
Grave;14/03/2019;09:31;Neuilly-sur-Seine;Plein jour;Pluie legere;Hors intersection;Route Non renseignee tioNon renseignee le;Non renseignee ;Motocyclette > 125 cm3;Meme sens, Meme file;Non renseignee ;37;Masculin;Blessee hospitalisee;Non renseignee ;3;3;0;1;2;0;Adulte (35-49);Sans pieton;Avec moto;2 VL;Sans poids lourd;Adulte (35-49);3-5 usagers
Grave;26/08/2020;05:50;Puteaux;Nuit avec eclairage public allumee;Normale;Hors intersection;Route departementale;Non renseignee ;Motocyclette > 50 cm3 et <= 125 cm3;Depassant A'auche;Non renseignee ;40;Masculin;Blessee hospitalisee;Non renseignee ;1;1;0;1;0;0;Adulte (35-49);Sans pieton;Avec moto;Aucun VL;Sans poids lourd;Adulte (35-49);1 usager
Leger;01/03/2021;17:25;Puteaux;Plein jour;Normale;Hors intersection;Route departementale;Non renseignee ;Non renseignee ;TourNon renseignee nt A'auche;EDP A-oteur;19;Masculin;Blessee Leger;Non renseignee ;2;2;0;0;1;0;Jeune adulte (18-24);Sans pieton ;Sans moto;1 VL;Sans poids lourd;Jeune adulte (18-24);2 usagers
Leger;18/06/2021;17:30;Non renseignee nterre;Plein jour;Normale;Intersection en X;Route departementale;Non renseignee ;Non renseignee ;Sans changement de direction;Non renseignee ;12;Feminin;Blessee Leger;Non renseignee ;2;1;1;0;0;0;Mineur (-18 ans);Avec pieton;Sans moto;Aucun VL;Sans poids lourd;Mineur (-18 ans);2 usagers
Grave;05/01/2020;20:45;Non renseignee nterre;Nuit avec eclairage public allumee;Normale;Intersection à plus de 4 branches;Route departementale;Non renseignee ;Non renseignee ;En faisant demi-tour sur la chaussee;Scooter > 50 cm3 et <= 125 cm3;39;Masculin;Blessee hospitalisee;Non renseignee ;2;2;0;1;1;0;Adulte (35-49);Sans pieton;Avec moto;1 VL;Sans poids lourd;Adulte (35-49);2 usagers
Leger;15/10/2020;09:10;Puteaux;Plein jour;Normale;Autre intersection;Voie commuNon renseignee le;Non renseignee ;EDP A-oteur;Autres manoeuvre;Non renseignee ;58;Masculin;Blessee Leger;Non renseignee ;1;1;1;0;0;0;Senior actif (50-64);Avec pieton;Sans moto;Aucun VL;Sans poids lourd;Senior actif (50-64);1 usager
Leger;24/05/2019;13:15;Non renseignee nterre;Plein jour;Normale;Intersection en T;Route departementale;Non renseignee ;Non renseignee ;Meme sens, Meme file;Scooter > 50 cm3 et <= 125 cm3;52;Feminin;Blessee Leger;Non renseignee ;2;2;0;1;1;0;Senior actif (50-64);Sans pieton;Avec moto;1 VL;Sans poids lourd;Senior actif (50-64);2 usagers
Leger;07/07/2020;14:08;Puteaux;Plein jour;Normale;Hors intersection;Voie commuNon renseignee le;Non renseignee ;Non renseignee ;Sans changement de direction;Non renseignee ;62;Masculin;Blessee Leger;Non renseignee ;2;2;0;0;2;0;Senior actif (50-64);Sans pieton;Sans moto;2 VL;Sans poids lourd;Senior actif (50-64);2 usagers
Leger;08/10/2019;00:55;Puteaux;Nuit avec eclairage public allumee;Normale;Hors intersection;Autoroute;Non renseignee ;VU seul 1,5T <= PTAC <= 3,5T;Inconnue;Non renseignee ;25;Masculin;Blessee Leger;Non renseignee ;1;1;0;0;1;0;Adulte jeune (25-34);Sans pieton;Sans moto;1 VL;Sans poids lourd;Adulte jeune (25-34);1 usager
Leger;08/10/2021;13:45;Levallois-Perret;Plein jour;Normale;Intersection en T;Voie commuNon renseignee le;Non renseignee ;VU seul 1,5T <= PTAC <= 3,5T;TourNon renseignee nt A$roite;Non renseignee ;47;Masculin;Blessee Leger;Non renseignee ;2;1;1;0;1;0;Adulte (35-49);Avec pieton;Sans moto;1 VL;Sans poids lourd;Adulte (35-49);2 usagers
Leger;31/07/2019;14:00;Non renseignee nterre;Plein jour;Normale;Giratoire;Voie commuNon renseignee le;Non renseignee ;Non renseignee ;Meme sens, Meme file;Non renseignee ;22;Feminin;Blessee Leger;Non renseignee ;2;2;0;0;2;0;Jeune adulte (18-24);Sans pieton;Sans moto;2 VL;Sans poids lourd;Jeune adulte (18-24);2 usagers
Leger;29/07/2021;20:15;Non renseignee nterre;Crepuscule ou aube;Normale;Giratoire;Route departementale;Non renseignee ;Non renseignee ;TourNon renseignee nt A$roite;Scooter > 50 cm3 et <= 125 cm3;38;Masculin;Blessee Leger;Non renseignee ;2;2;0;1;1;0;Adulte (35-49);Sans pieton ;Avec moto;1 VL;Sans poids lourd;Adulte (35-49);2 usagers
Leger;18/04/2019;15:10;Levallois-Perret;Plein jour;Normale;Intersection en X;Route departementale;Non renseignee ;Scooter > 50 cm3 et <= 125 cm3;Sans changement de direction;Non renseignee ;33;Masculin;Indemne;Non renseignee ;2;1;1;1;0;0;Adulte jeune (25-34);Avec pieton;Avec moto;Aucun VL;Sans poids lourd;Adulte jeune (25-34);2 usagers
Leger;15/05/2019;21:05;Neuilly-sur-Seine;Plein jour;Normale;Hors intersection;Route departementale;Non renseignee ;Non renseignee ;TourNon renseignee nt A'auche;Scooter < 50 cm3;22;Masculin;Blessee Leger;Non renseignee ;1;2;0;0;1;0;Jeune adulte (18-24);Sans pieton ;Sans moto;1 VL;Sans poids lourd;Jeune adulte (18-24);1 usager
Leger;12/10/2020;19:00;Courbevoie;Nuit avec eclairage public allumee;Normale;Hors intersection;Voie commuNon renseignee le;Non renseignee ;Non renseignee ;Depassant A'auche;Non renseignee ;38;Feminin;Blessee Leger;Non renseignee ;2;2;0;0;2;0;Adulte (35-49);Sans pieton;Sans moto;2 VL;Sans poids lourd;Adulte (35-49);2 usagers
Leger;19/11/2020;22:20;Non renseignee nterre;Nuit sanseclairage public;Normale;Hors intersection;Voie commuNon renseignee le;Non renseignee ;Scooter < 50 cm3;Se deportant A$roite;Non renseignee ;22;Masculin;Blessee Leger;Non renseignee ;1;1;0;0;0;0;Jeune adulte (18-24);Sans pieton ;Sans moto;Aucun VL;Sans poids lourd;Jeune adulte (18-24);1 usager
Leger;05/02/2021;16:00;Puteaux;Plein jour;Normale;Hors intersection;Voie commuNon renseignee le;Non renseignee ;VU seul 1,5T <= PTAC <= 3,5T;Sans changement de direction;Non renseignee ;31;Feminin;Blessee Leger;Non renseignee ;2;1;1;0;1;0;Adulte jeune (25-34);Avec pieton;Sans moto;1 VL;Sans poids lourd;Adulte jeune (25-34);2 usagers
Leger;18/06/2019;22:45;Puteaux;Nuit avec eclairage public allumee;Normale;Hors intersection;Autoroute;Non renseignee ;Motocyclette > 50 cm3 et <= 125 cm3;Entre 2 files;Non renseignee ;27;Masculin;Blessee Leger;Non renseignee ;1;1;0;1;0;0;Adulte jeune (25-34);Sans pieton;Avec moto;Aucun VL;Sans poids lourd;Adulte jeune (25-34);1 usager
Leger;01/04/2021;07:35;Courbevoie;Plein jour;Normale;Intersection en T;Route departementale;Non renseignee ;Non renseignee ;TourNon renseignee nt A'auche;Non renseignee ;52;Masculin;Blessee Leger;Non renseignee ;2;2;0;0;1;0;Senior actif (50-64);Sans pieton ;Sans moto;1 VL;Sans poids lourd;Senior actif (50-64);2 usagers
Leger;11/12/2021;15:12;Levallois-Perret;Plein jour;Normale;Intersection en X;Voie commuNon renseignee le;Non renseignee ;Non renseignee ;Sans changement de direction;EDP A-oteur;18;Masculin;Blessee Leger;Non renseignee ;2;2;0;0;1;0;Jeune adulte (18-24);Sans pieton ;Sans moto;1 VL;Sans poids lourd;Jeune adulte (18-24);2 usagers
Grave;25/05/2021;20:50;Puteaux;Crepuscule ou aube;Pluie legere;Hors intersection;Autre;Non renseignee ;EDP A-oteur;Autres manoeuvre;Non renseignee ;31;Feminin;Blessee hospitalisee;Non renseignee ;1;1;0;0;0;0;Adulte jeune (25-34);Sans pieton ;Sans moto;Aucun VL;Sans poids lourd;Adulte jeune (25-34);1 usager
Leger;14/10/2019;15:15;Puteaux;Plein jour;Normale;Hors intersection;Route Non renseignee tioNon renseignee le;Non renseignee ;Scooter > 125 cm3;Sans changement de direction;Non renseignee ;36;Masculin;Blessee Leger;Non renseignee ;2;2;0;1;1;0;Adulte (35-49);Sans pieton;Avec moto;1 VL;Sans poids lourd;Adulte (35-49);2 usagers
Grave;27/04/2019;17:00;Rueil-Malmaison;Plein jour;Normale;Hors intersection;Autoroute;Non renseignee ;Non renseignee ;Inconnue;Non renseignee ;18;Masculin;Blessee hospitalisee;Non renseignee ;3;1;0;0;1;0;Jeune adulte (18-24);Sans pieton;Sans moto;1 VL;Sans poids lourd;Jeune adulte (18-24);3-5 usagers
Grave;23/11/2020;10:45;Rueil-Malmaison;Plein jour;Temps couvert;Hors intersection;Autoroute;Non renseignee ;Non renseignee ;Sans changement de direction;Non renseignee ;31;Masculin;Blessee hospitalisee;Non renseignee ;1;1;0;0;1;0;Adulte jeune (25-34);Sans pieton;Sans moto;1 VL;Sans poids lourd;Adulte jeune (25-34);1 usager
Leger;21/05/2021;09:00;Courbevoie;Plein jour;Normale;Intersection en T;Route departementale;Non renseignee ;Non renseignee ;TourNon renseignee nt A'auche;Non renseignee ;29;Masculin;Blessee Leger;Non renseignee ;2;2;0;0;1;0;Adulte jeune (25-34);Sans pieton ;Sans moto;1 VL;Sans poids lourd;Adulte jeune (25-34);2 usagers