type_acci;date;heure;commune;luminosite_accident;cond_atmos;Intersection;categorie_route;type_collision;type_vehicule_1;manoeuvre_vehicule_1;type_vehicule_2;age_usager;sexe_usager;gravite_usager;etat_usager;nombre_usagers;nb_veh;nombre_pietons;nombre_motos;nombre_vl;nombre_pl;age_usa1_categ;accident_pieton;accident_moto;categorie_vl;accident_pl;categorie_age;categorie_usagers
Leger;23/07/2008;10:40;Malakoff;Plein jour;Autre;Intersection en X;Route departementale;Collision par le cote;VL seul;Sans changement de direction;VL seul;48;Feminin;Blessee Leger;Non renseignee ;4;2;0;0;2;0;Adulte (35-49);Sans pieton;Sans moto;2 VL;Sans poids lourd;Adulte (35-49);3-5 usagers
Leger;07/08/2008;09:00;Malakoff;Plein jour;Autre;Hors intersection;Route departementale;Collision par le cote;VL seul;Changeant de file A$roite;Motocyclette > 125 cm3;32;Masculin;Indemne;Non renseignee ;2;2;0;1;1;0;Adulte jeune (25-34);Sans pieton;Avec moto;1 VL;Sans poids lourd;Adulte jeune (25-34);2 usagers
Leger;16/04/2008;16:50;Villeneuve-la-Garenne;Plein jour;Autre;Hors intersection;Autoroute;Collision par l'arriere;Motocyclette > 125 cm3;Non renseignee ;VL seul;56;Masculin;Indemne;Non renseignee ;2;2;0;1;1;0;Senior actif (50-64);Sans pieton;Avec moto;1 VL;Sans poids lourd;Senior actif (50-64);2 usagers
Leger;07/01/2008;01:10;Gennevilliers;Nuit avec eclairage public allumee;Autre;Hors intersection;Autoroute;Sans collision;VL seul;Manoeuvre devitement;Non renseignee ;29;Masculin;Blessee Leger;Non renseignee ;1;1;0;0;1;0;Adulte jeune (25-34);Sans pieton;Sans moto;1 VL;Sans poids lourd;Adulte jeune (25-34);1 usager
Grave;12/03/2008;08:30;Gennevilliers;Plein jour;Autre;Hors intersection;Route Non renseignee tioNon renseignee le;Collision par l'arriere;Motocyclette > 125 cm3;Meme sens, Meme file;VL seul;68;Feminin;Indemne;Non renseignee ;3;2;0;1;1;0;Senior (65+);Sans pieton;Avec moto;1 VL;Sans poids lourd;Senior (65+);3-5 usagers
Leger;21/03/2014;07:40;Rueil-Malmaison;Plein jour;Autre;Hors intersection;Route departementale;Autre collision;VL seul;Sans changement de direction;Non renseignee ;23;Feminin;Indemne;Non renseignee ;2;1;1;0;1;0;Jeune adulte (18-24);Avec pieton;Sans moto;1 VL;Sans poids lourd;Jeune adulte (18-24);2 usagers
Leger;06/07/2014;12:15;Gennevilliers;Plein jour;Autre;Hors intersection;Autoroute;Collision par l'arriere;VL seul;Non renseignee ;VL seul;36;Masculin;Indemne;Non renseignee ;3;2;0;0;2;0;Adulte (35-49);Sans pieton;Sans moto;2 VL;Sans poids lourd;Adulte (35-49);3-5 usagers
Leger;03/06/2016;14:10;Clichy;Plein jour;Autre;Intersection en T;Route departementale;Collision par le cote;VL seul;TourNon renseignee nt A'auche;Scooter > 50 cm3 et <= 125 cm3;40;Feminin;Indemne;Non renseignee ;2;2;0;1;1;0;Adulte (35-49);Sans pieton ;Avec moto;1 VL;Sans poids lourd;Adulte (35-49);2 usagers
Grave;08/08/2009;20:40;Rueil-Malmaison;Plein jour;Autre;Intersection en X;Voie commuNon renseignee le;Collision par le cote;Scooter < 50 cm3;Sans changement de direction;VL seul;19;Masculin;Blessee hospitalisee;Non renseignee ;3;2;0;0;1;0;Jeune adulte (18-24);Sans pieton;Sans moto;1 VL;Sans poids lourd;Jeune adulte (18-24);3-5 usagers
Leger;29/10/2009;14:10;Boulogne-Billancourt;Plein jour;Autre;Hors intersection;Route departementale;Collision par l'arriere;VL seul;Sans changement de direction;Motocyclette > 125 cm3;23;Feminin;Blessee Leger;Non renseignee ;1;2;0;1;1;0;Jeune adulte (18-24);Sans pieton;Avec moto;1 VL;Sans poids lourd;Jeune adulte (18-24);1 usager
Grave;04/06/2009;13:00;Gennevilliers;Plein jour;Temps eblouissant;Intersection en Y;Autoroute;Collision par le cote;VU seul 1,5T <= PTAC <= 3,5T;TourNon renseignee nt A'auche;Scooter > 50 cm3 et <= 125 cm3;41;Masculin;Indemne;Non renseignee ;2;2;0;1;1;0;Adulte (35-49);Sans pieton ;Avec moto;1 VL;Sans poids lourd;Adulte (35-49);2 usagers
Grave;09/06/2009;14:40;Non renseignee nterre;Plein jour;Pluie forte;Intersection en T;Route departementale;Sans collision;Scooter < 50 cm3;Se deportant A$roite;Non renseignee ;20;Masculin;Blessee hospitalisee;Attention perturbA{1;1;0;0;0;0;Jeune adulte (18-24);Sans pieton ;Sans moto;Aucun VL;Sans poids lourd;Jeune adulte (18-24);1 usager
Leger;10/07/2009;18:11;Antony;Plein jour;Autre;Hors intersection;Autoroute;Collision par le cote;VL seul;Changeant de file A$roite;VU seul 1,5T <= PTAC <= 3,5T;27;Feminin;Blessee Leger;Attention perturbée;2;2;0;0;2;0;Adulte jeune (25-34);Sans pieton;Sans moto;2 VL;Sans poids lourd;Adulte jeune (25-34);2 usagers
Grave;26/09/2009;04:25;Neuilly-sur-Seine;Nuit avec eclairage public allumee;Autre;Hors intersection;Voie commuNon renseignee le;Collisions en chaine;VU seul 1,5T <= PTAC <= 3,5T;Meme sens, Meme file;VL seul;24;Masculin;Indemne;Non renseignee ;3;3;0;0;3;0;Jeune adulte (18-24);Sans pieton;Sans moto;3 VL ou plus;Sans poids lourd;Jeune adulte (18-24);3-5 usagers
Leger;28/04/2009;15:30;Asnieres-sur-Seine;Plein jour;Autre;Intersection en T;Voie commuNon renseignee le;Sans collision;VL seul;Sedeportant A'auche;Non renseignee ;47;Masculin;Blessee Leger;Non renseignee ;1;1;0;0;1;0;Adulte (35-49);Sans pieton ;Sans moto;1 VL;Sans poids lourd;Adulte (35-49);1 usager
Leger;23/09/2009;18:10;ChateNon renseignee y-Malabry;Plein jour;Autre;Intersection en Y;Route departementale;Collision par le cote;VL seul;Sans changement de direction;Cyclomoteur <50cm3;31;Masculin;Indemne;Non renseignee ;2;2;0;0;1;0;Adulte jeune (25-34);Sans pieton;Sans moto;1 VL;Sans poids lourd;Adulte jeune (25-34);2 usagers
Leger;05/06/2009;19:20;Rueil-Malmaison;Plein jour;Autre;Intersection en X;Voie commuNon renseignee le;Collision par le cote;Cyclomoteur <50cm3;Sans changement de direction;VL seul;18;Masculin;Blessee Leger;Non renseignee ;2;2;0;0;1;0;Jeune adulte (18-24);Sans pieton;Sans moto;1 VL;Sans poids lourd;Jeune adulte (18-24);2 usagers
Leger;03/01/2009;14:25;Chatillon;Plein jour;Autre;Intersection en X;Route departementale;Collision par le cote;VL seul;Sans changement de direction;VL seul;27;Masculin;Indemne;Non renseignee ;2;2;0;0;2;0;Adulte jeune (25-34);Sans pieton;Sans moto;2 VL;Sans poids lourd;Adulte jeune (25-34);2 usagers
Grave;22/10/2009;15:30;Montrouge;Plein jour;Autre;Hors intersection;Route departementale;Collisions multiples;Scooter > 50 cm3 et <= 125 cm3;Meme sens, Meme file;VL seul;34;Feminin;Blessee hospitalisee;Non renseignee ;3;3;0;1;1;0;Adulte jeune (25-34);Sans pieton;Avec moto;1 VL;Sans poids lourd;Adulte jeune (25-34);3-5 usagers
Leger;06/11/2009;15:40;Saint-Cloud;Plein jour;Autre;Hors intersection;Route departementale;Collision par le cote;Motocyclette > 50 cm3 et <= 125 cm3;Non renseignee ;VL seul;46;Masculin;Indemne;Non renseignee ;2;2;0;1;1;0;Adulte (35-49);Sans pieton;Avec moto;1 VL;Sans poids lourd;Adulte (35-49);2 usagers
Leger;16/06/2009;18:45;Sevres;Plein jour;Autre;Hors intersection;Route departementale;Collision par le cote;VL seul;S inserant;Motocyclette > 125 cm3;37;Masculin;Indemne;Non renseignee ;2;2;0;1;1;0;Adulte (35-49);Sans pieton;Avec moto;1 VL;Sans poids lourd;Adulte (35-49);2 usagers
Leger;15/07/2009;19:55;Chaville;Plein jour;Autre;Hors intersection;Voie commuNon renseignee le;Collision par le cote;VL seul;En marche arriere;Bicyclette;33;Feminin;Indemne;Non renseignee ;2;2;0;0;1;0;Adulte jeune (25-34);Sans pieton;Sans moto;1 VL;Sans poids lourd;Adulte jeune (25-34);2 usagers
Leger;07/03/2009;06:30;Courbevoie;Nuit avec eclairage public allumee;Autre;Intersection en X;Route departementale;Collision par le cote;VL seul;TourNon renseignee nt A$roite;Bicyclette;32;Masculin;Indemne;Non renseignee ;3;2;0;0;1;0;Adulte jeune (25-34);Sans pieton ;Sans moto;1 VL;Sans poids lourd;Adulte jeune (25-34);3-5 usagers
Leger;26/12/2009;02:29;Antony;Nuit avec eclairage public allumee;Autre;Hors intersection;Autoroute;Collision par l'arriere;VL seul;Meme sens, Meme file;VL seul;23;Feminin;Blessee Leger;Non renseignee ;3;2;0;0;2;0;Jeune adulte (18-24);Sans pieton;Sans moto;2 VL;Sans poids lourd;Jeune adulte (18-24);3-5 usagers
Leger;25/03/2009;11:45;Issy-les-Moulineaux;Plein jour;Pluie legere;Hors intersection;Route departementale;Collision par l'arriere;VL seul;En faisant demi-tour sur la chaussee;VL seul;23;Masculin;Blessee Leger;Non renseignee ;2;2;0;0;2;0;Jeune adulte (18-24);Sans pieton;Sans moto;2 VL;Sans poids lourd;Jeune adulte (18-24);2 usagers
Grave;21/04/2009;18:20;Levallois-Perret;Plein jour;Autre;Intersection en X;Route departementale;Collision par le cote;VL seul;A contresens;Scooter > 50 cm3 et <= 125 cm3;38;Feminin;Indemne;Ivresse apparente;2;2;0;1;1;0;Adulte (35-49);Sans pieton;Avec moto;1 VL;Sans poids lourd;Adulte (35-49);2 usagers
Leger;30/09/2009;08:10;Garches;Plein jour;Autre;Hors intersection;Route departementale;Sans collision;VL seul;Sedeportant A'auche;Non renseignee ;56;Masculin;Blessee Leger;Malaise / fatigue;1;1;0;0;1;0;Senior actif (50-64);Sans pieton ;Sans moto;1 VL;Sans poids lourd;Senior actif (50-64);1 usager
Grave;17/04/2009;10:00;Antony;Plein jour;Autre;Hors intersection;Autoroute;Sans collision;VL seul;Non renseignee ;Non renseignee ;59;Masculin;Blessee hospitalisee;Non renseignee ;1;1;0;0;1;0;Senior actif (50-64);Sans pieton;Sans moto;1 VL;Sans poids lourd;Senior actif (50-64);1 usager
Mortel;07/05/2009;12:30;Boulogne-Billancourt;Plein jour;Autre;Intersection en X;Voie commuNon renseignee le;Autre collision;VL seul;Sans changement de direction;Non renseignee ;33;Masculin;Indemne;Attention perturbée;2;1;1;0;1;0;Adulte jeune (25-34);Avec pieton;Sans moto;1 VL;Sans poids lourd;Adulte jeune (25-34);2 usagers
Grave;12/04/2009;11:50;Asnieres-sur-Seine;Plein jour;Autre;Intersection en T;Route departementale;Autre collision;VL seul;Sans changement de direction;Non renseignee ;51;Feminin;Indemne;Non renseignee ;2;1;1;0;1;0;Senior actif (50-64);Avec pieton;Sans moto;1 VL;Sans poids lourd;Senior actif (50-64);2 usagers
Grave;05/01/2009;12:35;Boulogne-Billancourt;Plein jour;Autre;Intersection en X;Voie commuNon renseignee le;Autre collision;VL seul;TourNon renseignee nt A'auche;Non renseignee ;59;Feminin;Indemne;Non renseignee ;2;1;1;0;1;0;Senior actif (50-64);Avec pieton;Sans moto;1 VL;Sans poids lourd;Senior actif (50-64);2 usagers
Grave;23/10/2009;13:30;Clamart;Plein jour;Autre;Hors intersection;Voie commuNon renseignee le;Autre collision;PL seul > 7,5T;TourNon renseignee nt A'auche;Non renseignee ;47;Masculin;Indemne;Non renseignee ;2;1;1;0;0;1;Adulte (35-49);Avec pieton;Sans moto;Aucun VL;Avec poids lourd;Adulte (35-49);2 usagers
Grave;10/01/2009;10:00;Courbevoie;Plein jour;Autre;Hors intersection;Route departementale;Autre collision;VL seul;Sans changement de direction;Non renseignee ;23;Masculin;Blessee hospitalisee;Non renseignee ;2;1;1;0;1;0;Jeune adulte (18-24);Avec pieton;Sans moto;1 VL;Sans poids lourd;Jeune adulte (18-24);2 usagers
Grave;17/06/2009;16:45;Gennevilliers;Plein jour;Autre;Intersection en X;Voie commuNon renseignee le;Autre collision;VL seul;Sans changement de direction;Non renseignee ;27;Masculin;Indemne;Non renseignee ;2;1;1;0;1;0;Adulte jeune (25-34);Avec pieton;Sans moto;1 VL;Sans poids lourd;Adulte jeune (25-34);2 usagers
Grave;31/12/2009;11:30;Gennevilliers;Plein jour;Pluie legere;Intersection en T;Route departementale;Autre collision;VU seul 1,5T <= PTAC <= 3,5T;TourNon renseignee nt A'auche;Non renseignee ;29;Masculin;Indemne;Non renseignee ;2;1;1;0;1;0;Adulte jeune (25-34);Avec pieton;Sans moto;1 VL;Sans poids lourd;Adulte jeune (25-34);2 usagers
Grave;06/01/2009;18:00;Montrouge;Nuit avec eclairage public allumee;Autre;Intersection en T;Route departementale;Autre collision;VL seul;Sans changement de direction;Non renseignee ;31;Masculin;Indemne;Non renseignee ;2;1;1;0;1;0;Adulte jeune (25-34);Avec pieton;Sans moto;1 VL;Sans poids lourd;Adulte jeune (25-34);2 usagers
Grave;16/01/2009;19:20;Neuilly-sur-Seine;Nuit avec eclairage public allumee;Autre;Intersection en T;Voie commuNon renseignee le;Autre collision;VL seul;Sans changement de direction;Non renseignee ;41;Feminin;Indemne;Non renseignee ;2;1;1;0;1;0;Adulte (35-49);Avec pieton;Sans moto;1 VL;Sans poids lourd;Adulte (35-49);2 usagers
Grave;20/10/2009;23:00;Neuilly-sur-Seine;Nuit avec eclairage public allumee;Autre;Intersection en X;Voie commuNon renseignee le;Autre collision;VL seul;Sans changement de direction;Non renseignee ;21;Masculin;Indemne;Non renseignee ;2;1;1;0;1;0;Jeune adulte (18-24);Avec pieton;Sans moto;1 VL;Sans poids lourd;Jeune adulte (18-24);2 usagers
Leger;12/06/2009;19:50;Asnieres-sur-Seine;Plein jour;Autre;Intersection en T;Route departementale;Autre collision;VL seul;Sans changement de direction;Non renseignee ;24;Masculin;Indemne;Non renseignee ;2;1;1;0;1;0;Jeune adulte (18-24);Avec pieton;Sans moto;1 VL;Sans poids lourd;Jeune adulte (18-24);2 usagers
Leger;15/10/2009;11:40;Asnieres-sur-Seine;Plein jour;Autre;Place;Route departementale;Autre collision;Autobus;Sans changement de direction;Non renseignee ;25;Masculin;Indemne;Non renseignee ;2;1;1;0;0;0;Adulte jeune (25-34);Avec pieton;Sans moto;Aucun VL;Sans poids lourd;Adulte jeune (25-34);2 usagers
Leger;11/10/2009;18:05;Bagneux;Plein jour;Autre;Intersection en T;Route departementale;Autre collision;VU seul 1,5T <= PTAC <= 3,5T;Sans changement de direction;Non renseignee ;11;Feminin;Blessee Leger;Non renseignee ;2;1;1;0;1;0;Mineur (-18 ans);Avec pieton;Sans moto;1 VL;Sans poids lourd;Mineur (-18 ans);2 usagers
Leger;13/02/2009;10:45;Courbevoie;Plein jour;Temps couvert;Intersection en T;Route departementale;Autre collision;VL seul;TourNon renseignee nt A'auche;Non renseignee ;58;Masculin;Blessee Leger;Non renseignee ;2;1;1;0;1;0;Senior actif (50-64);Avec pieton;Sans moto;1 VL;Sans poids lourd;Senior actif (50-64);2 usagers
Leger;16/10/2009;12:15;Courbevoie;Plein jour;Temps couvert;Intersection en T;Route departementale;Autre collision;VL seul;TourNon renseignee nt A$roite;Non renseignee ;46;Feminin;Indemne;Non renseignee ;2;1;1;0;1;0;Adulte (35-49);Avec pieton;Sans moto;1 VL;Sans poids lourd;Adulte (35-49);2 usagers
Leger;02/03/2009;12:25;Montrouge;Plein jour;Autre;Intersection en Y;Voie commuNon renseignee le;Autre collision;VL seul;Sans changement de direction;Non renseignee ;66;Masculin;Indemne;Non renseignee ;2;1;1;0;1;0;Senior (65+);Avec pieton;Sans moto;1 VL;Sans poids lourd;Senior (65+);2 usagers
Leger;07/09/2009;18:10;Neuilly-sur-Seine;Plein jour;Autre;Intersection en X;Voie commuNon renseignee le;Autre collision;VL seul;TourNon renseignee nt A'auche;Non renseignee ;54;Feminin;Indemne;Non renseignee ;2;1;1;0;1;0;Senior actif (50-64);Avec pieton;Sans moto;1 VL;Sans poids lourd;Senior actif (50-64);2 usagers
Leger;08/10/2009;11:10;Rueil-Malmaison;Plein jour;Autre;Hors intersection;Voie commuNon renseignee le;Autre collision;VL seul;Sans changement de direction;Non renseignee ;19;Masculin;Indemne;Non renseignee ;2;1;1;0;1;0;Jeune adulte (18-24);Avec pieton;Sans moto;1 VL;Sans poids lourd;Jeune adulte (18-24);2 usagers
Leger;20/11/2009;08:20;Rueil-Malmaison;Plein jour;Autre;Intersection en X;Voie commuNon renseignee le;Autre collision;VL seul;Sans changement de direction;Non renseignee ;42;Masculin;Indemne;Non renseignee ;2;1;1;0;1;0;Adulte (35-49);Avec pieton;Sans moto;1 VL;Sans poids lourd;Adulte (35-49);2 usagers
Leger;01/09/2009;14:40;Suresnes;Plein jour;Pluie legere;Intersection en X;Voie commuNon renseignee le;Autre collision;Scooter < 50 cm3;Sans changement de direction;Non renseignee ;25;Feminin;Indemne;Non renseignee ;2;1;1;0;0;0;Adulte jeune (25-34);Avec pieton;Sans moto;Aucun VL;Sans poids lourd;Adulte jeune (25-34);2 usagers
Leger;21/04/2009;09:50;Malakoff;Plein jour;Autre;Hors intersection;Voie commuNon renseignee le;Autre collision;VL seul;Sans changement de direction;Non renseignee ;38;Masculin;Indemne;Non renseignee ;2;1;1;0;1;0;Adulte (35-49);Avec pieton;Sans moto;1 VL;Sans poids lourd;Adulte (35-49);2 usagers
Leger;25/06/2009;12:25;Courbevoie;Plein jour;Autre;Intersection en X;Route Non renseignee tioNon renseignee le;Autre collision;Motocyclette > 125 cm3;Sans changement de direction;Non renseignee ;24;Masculin;Indemne;Non renseignee ;2;1;1;1;0;0;Jeune adulte (18-24);Avec pieton;Avec moto;Aucun VL;Sans poids lourd;Jeune adulte (18-24);2 usagers
Leger;16/01/2010;14:15;Neuilly-sur-Seine;Plein jour;Pluie forte;Intersection en X;Voie commuNon renseignee le;Collision par le cote;VL seul;Sans changement de direction;Bicyclette;12;Masculin;Blessee Leger;Non renseignee ;2;2;0;0;1;0;Mineur (-18 ans);Sans pieton;Sans moto;1 VL;Sans poids lourd;Mineur (-18 ans);2 usagers
Leger;17/01/2010;02:30;Antony;Nuit sanseclairage public;Pluie legere;Hors intersection;Autoroute;Collision par le cote;VL seul;Changeant de file A'auche;VL seul;20;Masculin;Indemne;Non renseignee ;3;2;0;0;2;0;Jeune adulte (18-24);Sans pieton;Sans moto;2 VL;Sans poids lourd;Jeune adulte (18-24);3-5 usagers
Grave;24/01/2010;11:10;Bourg-la-Reine;Plein jour;Pluie legere;Intersection en X;Route departementale;Collision par le cote;Autobus;Sans changement de direction;VU seul 1,5T <= PTAC <= 3,5T;49;Masculin;Indemne;Non renseignee ;3;2;0;0;1;0;Adulte (35-49);Sans pieton;Sans moto;1 VL;Sans poids lourd;Adulte (35-49);3-5 usagers
Leger;26/01/2010;08:05;Saint-Cloud;Crepuscule ou aube;Pluie legere;Intersection en X;Route departementale;Collision par le cote;VL seul;Sans changement de direction;VL seul;51;Feminin;Blessee Leger;Non renseignee ;2;2;0;0;2;0;Senior actif (50-64);Sans pieton;Sans moto;2 VL;Sans poids lourd;Senior actif (50-64);2 usagers
Leger;29/01/2010;12:50;Asnieres-sur-Seine;Plein jour;Autre;Intersection en X;Route departementale;Collision par l'arriere;Tracteur routier + semi-remorque;Meme sens, Meme file;VL seul;65;Masculin;Indemne;Non renseignee ;2;2;0;0;1;1;Senior (65+);Sans pieton;Sans moto;1 VL;Avec poids lourd;Senior (65+);2 usagers
Leger;02/02/2010;18:50;Chatillon;Nuit avec eclairage public allumee;Pluie legere;Hors intersection;Route departementale;Collision par l'arriere;VL seul;Meme sens, Meme file;VL seul;19;Masculin;Indemne;Non renseignee ;2;2;0;0;2;0;Jeune adulte (18-24);Sans pieton;Sans moto;2 VL;Sans poids lourd;Jeune adulte (18-24);2 usagers
Leger;06/02/2010;12:40;Clichy;Plein jour;Pluie legere;Hors intersection;Route departementale;Collision par le cote;VL seul;TourNon renseignee nt A$roite;VU seul 1,5T <= PTAC <= 3,5T;65;Masculin;Indemne;Non renseignee ;3;2;0;0;2;0;Senior (65+);Sans pieton ;Sans moto;2 VL;Sans poids lourd;Senior (65+);3-5 usagers
Leger;16/05/2010;13:10;Non renseignee nterre;Plein jour;Temps couvert;Intersection en X;Route departementale;Collisions multiples;VL seul;TourNon renseignee nt A'auche;Motocyclette > 125 cm3;82;Masculin;Indemne;Non renseignee ;3;3;0;1;2;0;Senior (65+);Sans pieton ;Avec moto;2 VL;Sans poids lourd;Senior (65+);3-5 usagers
Leger;17/05/2010;07:40;Gennevilliers;Plein jour;Autre;Hors intersection;Autoroute;Collision par l'arriere;Scooter > 50 cm3 et <= 125 cm3;Sans changement de direction;VL seul;36;Masculin;Blessee Leger;Non renseignee ;2;2;0;1;1;0;Adulte (35-49);Sans pieton;Avec moto;1 VL;Sans poids lourd;Adulte (35-49);2 usagers
Leger;17/05/2010;13:25;Clichy;Plein jour;Autre;Intersection en T;Voie commuNon renseignee le;Autre collision;VL seul;Sans changement de direction;Non renseignee ;49;Masculin;Indemne;Non renseignee ;3;1;2;0;1;0;Adulte (35-49);Avec pieton;Sans moto;1 VL;Sans poids lourd;Adulte (35-49);3-5 usagers
Grave;15/03/2021;11:45;Clichy;Plein jour;Normale;Intersection en T;Voie commuNon renseignee le;Non renseignee ;Non renseignee ;Manoeuvre de stationnement;Non renseignee ;69;Feminin;Blessee hospitalisee;Non renseignee ;2;1;1;0;1;0;Senior (65+);Avec pieton;Sans moto;1 VL;Sans poids lourd;Senior (65+);2 usagers
Leger;19/08/2019;08:52;Courbevoie;Plein jour;Normale;Hors intersection;Route departementale;Non renseignee ;Non renseignee ;Meme sens, Meme file;Non renseignee ;28;Masculin;Indemne;Non renseignee ;2;2;0;0;2;0;Adulte jeune (25-34);Sans pieton;Sans moto;2 VL;Sans poids lourd;Adulte jeune (25-34);2 usagers
Leger;02/12/2019;12:20;Non renseignee nterre;Plein jour;Normale;Hors intersection;Autoroute;Non renseignee ;PL seul > 7,5T;Meme sens, Meme file;Non renseignee ;33;Masculin;Indemne;Non renseignee ;3;3;0;0;2;1;Adulte jeune (25-34);Sans pieton;Sans moto;2 VL;Avec poids lourd;Adulte jeune (25-34);3-5 usagers
Leger;20/09/2021;13:20;Bois-Colombes;Plein jour;Normale;Autre intersection;Route departementale;Non renseignee ;Motocyclette > 50 cm3 et <= 125 cm3;Sans changement de direction;Non renseignee ;23;Masculin;Blessee Leger;Non renseignee ;2;1;1;1;0;0;Jeune adulte (18-24);Avec pieton;Avec moto;Aucun VL;Sans poids lourd;Jeune adulte (18-24);2 usagers
Leger;12/12/2019;20:45;Bois-Colombes;Nuit avec eclairage public allumee;Normale;Intersection en X;Route departementale;Non renseignee ;VU seul 1,5T <= PTAC <= 3,5T;TourNon renseignee nt A$roite;Scooter < 50 cm3;37;Feminin;Indemne;Non renseignee ;2;2;0;0;1;0;Adulte (35-49);Sans pieton ;Sans moto;1 VL;Sans poids lourd;Adulte (35-49);2 usagers
Leger;02/07/2021;16:00;Bois-Colombes;Plein jour;Normale;Hors intersection;Route departementale;Non renseignee ;Non renseignee ;Sans changement de direction;Non renseignee ;48;Feminin;Blessee Leger;Non renseignee ;2;2;0;0;1;0;Adulte (35-49);Sans pieton;Sans moto;1 VL;Sans poids lourd;Adulte (35-49);2 usagers
Leger;04/01/2020;14:05;Clichy;Plein jour;Normale;Hors intersection;Route departementale;Non renseignee ;Non renseignee ;En faisant demi-tour sur la chaussee;Motocyclette > 125 cm3;24;Masculin;Blessee Leger;Non renseignee ;2;2;0;1;1;0;Jeune adulte (18-24);Sans pieton;Avec moto;1 VL;Sans poids lourd;Jeune adulte (18-24);2 usagers
Leger;16/06/2019;17:00;Clichy;Plein jour;Normale;Intersection en X;Route departementale;Non renseignee ;Non renseignee ;Sans changement de direction;Scooter > 50 cm3 et <= 125 cm3;31;Masculin;Indemne;Non renseignee ;2;2;0;1;1;0;Adulte jeune (25-34);Sans pieton;Avec moto;1 VL;Sans poids lourd;Adulte jeune (25-34);2 usagers
Leger;09/12/2021;20:00;Clichy;Nuit avec eclairage public allumee;Normale;Intersection en X;Route departementale;Non renseignee ;EDP A-oteur;Sans changement de direction;Non renseignee ;17;Masculin;Blessee Leger;Non renseignee ;2;2;0;0;1;0;Mineur (-18 ans);Sans pieton ;Sans moto;1 VL;Sans poids lourd;Mineur (-18 ans);2 usagers
Leger;09/03/2021;05:20;Non renseignee nterre;Nuit avec eclairage public allumee;Normale;Intersection en Y;Route departementale;Non renseignee ;Tracteur routier + semi-remorque;TourNon renseignee nt A'auche;Motocyclette > 125 cm3;45;Masculin;Blessee Leger;Non renseignee ;2;2;0;1;0;1;Adulte (35-49);Sans pieton ;Avec moto;Aucun VL;Avec poids lourd;Adulte (35-49);2 usagers
Leger;12/09/2019;14:00;Asnieres-sur-Seine;Plein jour;Normale;Intersection en X;Voie commuNon renseignee le;Non renseignee ;Non renseignee ;En marche arriere;Non renseignee ;74;Feminin;Blessee Leger;Non renseignee ;2;1;1;0;1;0;Senior (65+);Avec pieton;Sans moto;1 VL;Sans poids lourd;Senior (65+);2 usagers
Leger;25/08/2021;15:55;Asnieres-sur-Seine;Plein jour;Normale;Intersection en X;Route departementale;Non renseignee ;Non renseignee ;Sans changement de direction;Non renseignee ;39;Feminin;Blessee Leger;Non renseignee ;3;2;0;0;2;0;Adulte (35-49);Sans pieton;Sans moto;2 VL;Sans poids lourd;Adulte (35-49);3-5 usagers
Leger;20/01/2006;20:05;Colombes;Non renseignee ;Autre;Non renseignee ;Route departementale;Non renseignee ;Non renseignee ;Non renseignee ;VL seul;38;Non renseignee ;Non renseignee ;Non renseignee ;2;2;0;1;1;0;Adulte (35-49);Sans pieton;Avec moto;1 VL;Sans poids lourd;Adulte (35-49);2 usagers
Leger;23/12/2006;17:55;Colombes;Non renseignee ;Autre;Non renseignee ;Route departementale;Non renseignee ;VL seul;Non renseignee ;Cyclomoteur <50cm3;38;Non renseignee ;Non renseignee ;Non renseignee ;2;2;0;0;1;0;Adulte (35-49);Sans pieton;Sans moto;1 VL;Sans poids lourd;Adulte (35-49);2 usagers
Leger;12/07/2006;14:30;La Garenne-Colombes;Non renseignee ;Autre;Non renseignee ;Route departementale;Non renseignee ;VL seul;Non renseignee ;VL seul;38;Non renseignee ;Non renseignee ;Non renseignee ;4;2;0;0;2;0;Adulte (35-49);Sans pieton;Sans moto;2 VL;Sans poids lourd;Adulte (35-49);3-5 usagers
Mortel;17/06/2006;17:45;Boulogne-Billancourt;Non renseignee ;Autre;Non renseignee ;Non renseignee ;Non renseignee ;VL seul;Non renseignee ;Non renseignee ;38;Non renseignee ;Non renseignee ;Non renseignee ;2;1;1;0;1;0;Adulte (35-49);Avec pieton;Sans moto;1 VL;Sans poids lourd;Adulte (35-49);2 usagers
Leger;06/09/2006;18:15;Courbevoie;Non renseignee ;Autre;Non renseignee ;Route departementale;Non renseignee ;VL seul;Non renseignee ;Non renseignee ;38;Non renseignee ;Non renseignee ;Non renseignee ;1;1;1;0;1;0;Adulte (35-49);Avec pieton;Sans moto;1 VL;Sans poids lourd;Adulte (35-49);1 usager
Mortel;23/01/2006;10:45;Bois-Colombes;Non renseignee ;Autre;Non renseignee ;Route departementale;Non renseignee ;PL seul > 7,5T;Non renseignee ;Non renseignee ;38;Non renseignee ;Non renseignee ;Non renseignee ;2;1;1;0;0;1;Adulte (35-49);Avec pieton;Sans moto;Aucun VL;Avec poids lourd;Adulte (35-49);2 usagers