type_acci;date;heure;commune;luminosite_accident;cond_atmos;Intersection;categorie_route;type_collision;type_vehicule_1;manoeuvre_vehicule_1;type_vehicule_2;age_usager;sexe_usager;gravite_usager;etat_usager;nombre_usagers;nb_veh;nombre_pietons;nombre_motos;nombre_vl;nombre_pl;age_usa1_categ;accident_pieton;accident_moto;categorie_vl;accident_pl;categorie_age;categorie_usagers
Grave;30/01/2006;19:40;Courbevoie;Non renseignee ;Autre;Non renseignee ;Route departementale;Non renseignee ;VL seul;Non renseignee ;Non renseignee ;38;Non renseignee ;Non renseignee ;Non renseignee ;2;1;1;0;1;0;Adulte (35-49);Avec pieton;Sans moto;1 VL;Sans poids lourd;Adulte (35-49);2 usagers
Leger;29/05/2006;08:52;Neuilly-sur-Seine;Non renseignee ;Autre;Non renseignee ;Non renseignee ;Non renseignee ;VL seul;Non renseignee ;Non renseignee ;38;Non renseignee ;Non renseignee ;Non renseignee ;2;1;1;0;1;0;Adulte (35-49);Avec pieton;Sans moto;1 VL;Sans poids lourd;Adulte (35-49);2 usagers
Leger;30/10/2006;18:40;Malakoff;Non renseignee ;Autre;Non renseignee ;Route departementale;Non renseignee ;VL seul;Non renseignee ;Non renseignee ;38;Non renseignee ;Non renseignee ;Non renseignee ;2;2;0;1;1;0;Adulte (35-49);Sans pieton;Avec moto;1 VL;Sans poids lourd;Adulte (35-49);2 usagers
Leger;12/09/2006;11:20;Le Plessis-Robinson;Non renseignee ;Autre;Non renseignee ;Route departementale;Non renseignee ;Cyclomoteur <50cm3;Non renseignee ;Non renseignee ;38;Non renseignee ;Non renseignee ;Non renseignee ;3;1;1;0;0;0;Adulte (35-49);Avec pieton;Sans moto;Aucun VL;Sans poids lourd;Adulte (35-49);3-5 usagers
Leger;11/08/2006;06:15;Gennevilliers;Non renseignee ;Autre;Non renseignee ;Autoroute;Non renseignee ;Non renseignee ;Non renseignee ;Non renseignee ;38;Non renseignee ;Non renseignee ;Non renseignee ;1;1;0;1;0;0;Adulte (35-49);Sans pieton;Avec moto;Aucun VL;Sans poids lourd;Adulte (35-49);1 usager
Leger;08/08/2006;18:45;Asnieres-sur-Seine;Non renseignee ;Autre;Non renseignee ;Non renseignee ;Non renseignee ;VL seul;Non renseignee ;Non renseignee ;38;Non renseignee ;Non renseignee ;Non renseignee ;2;1;1;0;1;0;Adulte (35-49);Avec pieton;Sans moto;1 VL;Sans poids lourd;Adulte (35-49);2 usagers
Leger;18/02/2006;12:25;Levallois-Perret;Non renseignee ;Autre;Non renseignee ;Non renseignee ;Non renseignee ;VL seul;Non renseignee ;Non renseignee ;38;Non renseignee ;Non renseignee ;Non renseignee ;2;1;1;0;1;0;Adulte (35-49);Avec pieton;Sans moto;1 VL;Sans poids lourd;Adulte (35-49);2 usagers
Grave;08/10/2006;14:00;Levallois-Perret;Non renseignee ;Autre;Non renseignee ;Non renseignee ;Non renseignee ;VL seul;Non renseignee ;Non renseignee ;38;Non renseignee ;Non renseignee ;Non renseignee ;2;2;0;1;1;0;Adulte (35-49);Sans pieton;Avec moto;1 VL;Sans poids lourd;Adulte (35-49);2 usagers
Leger;17/05/2006;09:35;Asnieres-sur-Seine;Non renseignee ;Autre;Non renseignee ;Route departementale;Non renseignee ;VL seul;Non renseignee ;Non renseignee ;38;Non renseignee ;Non renseignee ;Non renseignee ;2;2;0;1;1;0;Adulte (35-49);Sans pieton;Avec moto;1 VL;Sans poids lourd;Adulte (35-49);2 usagers
Leger;27/07/2006;11:50;Levallois-Perret;Non renseignee ;Autre;Non renseignee ;Non renseignee ;Non renseignee ;Cyclomoteur <50cm3;Non renseignee ;Non renseignee ;38;Non renseignee ;Non renseignee ;Non renseignee ;1;1;1;0;0;0;Adulte (35-49);Avec pieton;Sans moto;Aucun VL;Sans poids lourd;Adulte (35-49);1 usager
Grave;22/12/2006;18:50;Chatillon;Non renseignee ;Autre;Non renseignee ;Route departementale;Non renseignee ;Non renseignee ;Non renseignee ;VL seul;38;Non renseignee ;Non renseignee ;Non renseignee ;2;2;0;1;1;0;Adulte (35-49);Sans pieton;Avec moto;1 VL;Sans poids lourd;Adulte (35-49);2 usagers
Leger;05/04/2006;13:20;FonteNon renseignee y-aux-Roses;Non renseignee ;Autre;Non renseignee ;Route departementale;Non renseignee ;VL seul;Non renseignee ;VL seul;38;Non renseignee ;Non renseignee ;Non renseignee ;2;2;0;0;2;0;Adulte (35-49);Sans pieton;Sans moto;2 VL;Sans poids lourd;Adulte (35-49);2 usagers
Leger;21/06/2006;12:30;ChateNon renseignee y-Malabry;Non renseignee ;Autre;Non renseignee ;Route departementale;Non renseignee ;VL seul;Non renseignee ;Non renseignee ;38;Non renseignee ;Non renseignee ;Non renseignee ;1;2;0;1;1;0;Adulte (35-49);Sans pieton;Avec moto;1 VL;Sans poids lourd;Adulte (35-49);1 usager
Leger;06/07/2006;09:50;Gennevilliers;Non renseignee ;Autre;Non renseignee ;Route departementale;Non renseignee ;Non renseignee ;Non renseignee ;VL seul;38;Non renseignee ;Non renseignee ;Non renseignee ;2;2;0;1;1;0;Adulte (35-49);Sans pieton;Avec moto;1 VL;Sans poids lourd;Adulte (35-49);2 usagers
Grave;28/10/2006;16:30;Vanves;Non renseignee ;Autre;Non renseignee ;Route departementale;Non renseignee ;VL seul;Non renseignee ;Non renseignee ;38;Non renseignee ;Non renseignee ;Non renseignee ;10;3;0;0;2;0;Adulte (35-49);Sans pieton;Sans moto;2 VL;Sans poids lourd;Adulte (35-49);Plus de 5 usagers
Leger;11/12/2006;14:00;Gennevilliers;Non renseignee ;Autre;Non renseignee ;Route departementale;Non renseignee ;Cyclomoteur <50cm3;Non renseignee ;Non renseignee ;38;Non renseignee ;Non renseignee ;Non renseignee ;1;1;1;0;0;0;Adulte (35-49);Avec pieton;Sans moto;Aucun VL;Sans poids lourd;Adulte (35-49);1 usager
Leger;22/10/2006;13:45;Asnieres-sur-Seine;Non renseignee ;Autre;Non renseignee ;Route departementale;Non renseignee ;VL seul;Non renseignee ;VL seul;38;Non renseignee ;Non renseignee ;Non renseignee ;2;2;1;0;2;0;Adulte (35-49);Avec pieton;Sans moto;2 VL;Sans poids lourd;Adulte (35-49);2 usagers
Leger;30/06/2006;13:10;Montrouge;Non renseignee ;Autre;Non renseignee ;Route departementale;Non renseignee ;VL seul;Non renseignee ;VL seul;38;Non renseignee ;Non renseignee ;Non renseignee ;3;3;0;0;3;0;Adulte (35-49);Sans pieton;Sans moto;3 VL ou plus;Sans poids lourd;Adulte (35-49);3-5 usagers
Leger;12/02/2006;21:40;Bagneux;Non renseignee ;Autre;Non renseignee ;Route departementale;Non renseignee ;Non renseignee ;Non renseignee ;VL seul;38;Non renseignee ;Non renseignee ;Non renseignee ;2;2;0;1;1;0;Adulte (35-49);Sans pieton;Avec moto;1 VL;Sans poids lourd;Adulte (35-49);2 usagers
Mortel;22/05/2006;17:55;Antony;Non renseignee ;Autre;Non renseignee ;Autoroute;Non renseignee ;VL seul;Non renseignee ;Non renseignee ;38;Non renseignee ;Non renseignee ;Non renseignee ;2;2;0;1;1;0;Adulte (35-49);Sans pieton;Avec moto;1 VL;Sans poids lourd;Adulte (35-49);2 usagers
Leger;29/03/2006;17:30;Clichy;Non renseignee ;Autre;Non renseignee ;Route departementale;Non renseignee ;VL seul;Non renseignee ;Non renseignee ;38;Non renseignee ;Non renseignee ;Non renseignee ;2;2;0;1;1;0;Adulte (35-49);Sans pieton;Avec moto;1 VL;Sans poids lourd;Adulte (35-49);2 usagers
Leger;23/06/2006;08:25;Clichy;Non renseignee ;Autre;Non renseignee ;Route departementale;Non renseignee ;Non renseignee ;Non renseignee ;VL seul;38;Non renseignee ;Non renseignee ;Non renseignee ;2;2;0;1;1;0;Adulte (35-49);Sans pieton;Avec moto;1 VL;Sans poids lourd;Adulte (35-49);2 usagers
Leger;25/06/2006;07:15;Bagneux;Non renseignee ;Autre;Non renseignee ;Non renseignee ;Non renseignee ;VL seul;Non renseignee ;VL seul;38;Non renseignee ;Non renseignee ;Non renseignee ;3;2;0;0;2;0;Adulte (35-49);Sans pieton;Sans moto;2 VL;Sans poids lourd;Adulte (35-49);3-5 usagers
Leger;15/11/2016;12:45;Clichy;Plein jour;Autre;Hors intersection;Route departementale;Collision par le cote;Scooter > 50 cm3 et <= 125 cm3;Entre 2 files;VL seul;42;Masculin;Blessee Leger;Non renseignee ;2;2;0;1;1;0;Adulte (35-49);Sans pieton;Avec moto;1 VL;Sans poids lourd;Adulte (35-49);2 usagers
Leger;11/11/2006;09:10;Gennevilliers;Non renseignee ;Autre;Non renseignee ;Autoroute;Non renseignee ;VL seul;Non renseignee ;VL seul;38;Non renseignee ;Non renseignee ;Non renseignee ;3;2;0;0;2;0;Adulte (35-49);Sans pieton;Sans moto;2 VL;Sans poids lourd;Adulte (35-49);3-5 usagers
Leger;20/12/2016;22:55;Clichy;Nuit avec eclairage public allumee;Autre;Intersection en X;Route departementale;Collision par le cote;Scooter > 50 cm3 et <= 125 cm3;Non renseignee ;VU seul 1,5T <= PTAC <= 3,5T;36;Masculin;Blessee Leger;Non renseignee ;2;2;0;1;1;0;Adulte (35-49);Sans pieton;Avec moto;1 VL;Sans poids lourd;Adulte (35-49);2 usagers
Leger;05/09/2006;19:55;Montrouge;Non renseignee ;Autre;Non renseignee ;Route departementale;Non renseignee ;Non renseignee ;Non renseignee ;VL seul;38;Non renseignee ;Non renseignee ;Non renseignee ;1;2;0;1;1;0;Adulte (35-49);Sans pieton;Avec moto;1 VL;Sans poids lourd;Adulte (35-49);1 usager
Leger;18/10/2016;15:35;Colombes;Plein jour;Pluie legere;Intersection en X;Route departementale;Collisions multiples;Motocyclette > 125 cm3;Sans changement de direction;VU seul 1,5T <= PTAC <= 3,5T;30;Masculin;Blessee Leger;Non renseignee ;3;3;0;1;1;1;Adulte jeune (25-34);Sans pieton;Avec moto;1 VL;Avec poids lourd;Adulte jeune (25-34);3-5 usagers
Grave;29/06/2007;10:15;Saint-Cloud;Plein jour;Autre;Intersection en X;Non renseignee ;Collision par le cote;VL seul;TourNon renseignee nt A'auche;Scooter > 125 cm3;63;Feminin;Indemne;Non renseignee ;2;2;0;1;1;0;Senior actif (50-64);Sans pieton ;Avec moto;1 VL;Sans poids lourd;Senior actif (50-64);2 usagers
Leger;26/10/2016;19:00;Colombes;Nuit sanseclairage public;Autre;Hors intersection;Voie commuNon renseignee le;Sans collision;Scooter > 125 cm3;Sans changement de direction;Non renseignee ;25;Masculin;Blessee Leger;Non renseignee ;1;1;0;1;0;0;Adulte jeune (25-34);Sans pieton;Avec moto;Aucun VL;Sans poids lourd;Adulte jeune (25-34);1 usager
Leger;16/08/2008;19:35;Boulogne-Billancourt;Plein jour;Autre;Intersection en Y;Voie commuNon renseignee le;Collision par le cote;VL seul;En faisant demi-tour sur la chaussee;Motocyclette > 125 cm3;41;Masculin;Indemne;Non renseignee ;2;2;0;1;1;0;Adulte (35-49);Sans pieton;Avec moto;1 VL;Sans poids lourd;Adulte (35-49);2 usagers
Leger;20/10/2016;10:00;Courbevoie;Plein jour;Autre;Hors intersection;Route departementale;Collision par l'arriere;Scooter > 50 cm3 et <= 125 cm3;Meme sens, Meme file;VL seul;27;Masculin;Blessee Leger;Non renseignee ;2;2;0;1;1;0;Adulte jeune (25-34);Sans pieton;Avec moto;1 VL;Sans poids lourd;Adulte jeune (25-34);2 usagers
Leger;11/04/2008;18:40;Boulogne-Billancourt;Plein jour;Autre;Intersection en X;Route departementale;Collision par le cote;VU seul 1,5T <= PTAC <= 3,5T;Changeant de file A'auche;Motocyclette > 125 cm3;23;Masculin;Indemne;Non renseignee ;2;2;0;1;1;0;Jeune adulte (18-24);Sans pieton;Avec moto;1 VL;Sans poids lourd;Jeune adulte (18-24);2 usagers
Leger;13/02/2016;18:00;Courbevoie;Nuit avec eclairage public allumee;Autre;Intersection en T;Route departementale;Collisions multiples;VL seul;Arrete (hors stationnement);Autobus;58;Masculin;Indemne;Non renseignee ;3;3;0;1;1;0;Senior actif (50-64);Sans pieton;Avec moto;1 VL;Sans poids lourd;Senior actif (50-64);3-5 usagers
Leger;21/05/2008;18:10;Boulogne-Billancourt;Plein jour;Autre;Intersection en X;Voie commuNon renseignee le;Autre collision;VL seul;Sans changement de direction;Non renseignee ;32;Feminin;Indemne;Non renseignee ;2;1;1;0;1;0;Adulte jeune (25-34);Avec pieton;Sans moto;1 VL;Sans poids lourd;Adulte jeune (25-34);2 usagers
Leger;17/05/2016;21:00;Gennevilliers;Crepuscule ou aube;Autre;Hors intersection;Voie commuNon renseignee le;Collision frontale;VU seul 1,5T <= PTAC <= 3,5T;Sedeportant A'auche;Scooter > 50 cm3 et <= 125 cm3;37;Masculin;Indemne;Non renseignee ;2;2;0;1;1;0;Adulte (35-49);Sans pieton ;Avec moto;1 VL;Sans poids lourd;Adulte (35-49);2 usagers
Leger;30/05/2008;14:20;Boulogne-Billancourt;Plein jour;Autre;Hors intersection;Voie commuNon renseignee le;Collision par le cote;VL seul;S inserant;Motocyclette > 125 cm3;31;Masculin;Indemne;Non renseignee ;2;2;0;1;1;0;Adulte jeune (25-34);Sans pieton;Avec moto;1 VL;Sans poids lourd;Adulte jeune (25-34);2 usagers
Leger;09/09/2016;16:40;Gennevilliers;Plein jour;Autre;Hors intersection;Route departementale;Collision par le cote;VL seul;S inserant;Scooter > 125 cm3;26;Masculin;Indemne;Non renseignee ;2;2;0;1;1;0;Adulte jeune (25-34);Sans pieton;Avec moto;1 VL;Sans poids lourd;Adulte jeune (25-34);2 usagers
Leger;15/10/2008;08:30;Boulogne-Billancourt;Plein jour;Autre;Hors intersection;Voie commuNon renseignee le;Autre collision;VL seul;S inserant;Non renseignee ;47;Feminin;Indemne;Non renseignee ;2;1;1;0;1;0;Adulte (35-49);Avec pieton;Sans moto;1 VL;Sans poids lourd;Adulte (35-49);2 usagers
Leger;02/12/2016;07:45;Gennevilliers;Plein jour;Autre;Intersection en T;Voie commuNon renseignee le;Collision par le cote;Motocyclette > 125 cm3;Sans changement de direction;VL seul;38;Masculin;Blessee Leger;Non renseignee ;2;2;0;1;1;0;Adulte (35-49);Sans pieton;Avec moto;1 VL;Sans poids lourd;Adulte (35-49);2 usagers
Leger;03/11/2008;08:15;Boulogne-Billancourt;Crepuscule ou aube;Autre;Intersection en T;Route departementale;Collision frontale;Engin special;A contresens;VL seul;38;Masculin;Indemne;Non renseignee ;3;2;0;0;1;1;Adulte (35-49);Sans pieton;Sans moto;1 VL;Avec poids lourd;Adulte (35-49);3-5 usagers
Leger;29/06/2016;15:12;Issy-les-Moulineaux;Plein jour;Autre;Hors intersection;Voie commuNon renseignee le;Sans collision;Motocyclette > 50 cm3 et <= 125 cm3;Sans changement de direction;Non renseignee ;38;Masculin;Blessee Leger;Non renseignee ;1;1;0;1;0;0;Adulte (35-49);Sans pieton;Avec moto;Aucun VL;Sans poids lourd;Adulte (35-49);1 usager
Leger;18/02/2008;08:05;Le Plessis-Robinson;Plein jour;Autre;Hors intersection;Voie commuNon renseignee le;Collision par le cote;VL seul;S inserant;VL seul;39;Feminin;Blessee Leger;Non renseignee ;4;2;0;0;2;0;Adulte (35-49);Sans pieton;Sans moto;2 VL;Sans poids lourd;Adulte (35-49);3-5 usagers
Leger;08/04/2016;18:25;Levallois-Perret;Plein jour;Autre;Intersection en X;Voie commuNon renseignee le;Collision par le cote;VL seul;Sans changement de direction;Scooter > 125 cm3;44;Feminin;Indemne;Non renseignee ;2;2;0;1;1;0;Adulte (35-49);Sans pieton;Avec moto;1 VL;Sans poids lourd;Adulte (35-49);2 usagers
Leger;21/02/2008;20:00;Clamart;Nuit avec eclairage public allumee;Autre;Intersection en T;Voie commuNon renseignee le;Collision par le cote;VL seul;TourNon renseignee nt A'auche;Motocyclette > 50 cm3 et <= 125 cm3;65;Masculin;Indemne;Non renseignee ;2;2;0;1;1;0;Senior (65+);Sans pieton ;Avec moto;1 VL;Sans poids lourd;Senior (65+);2 usagers
Leger;25/03/2016;11:10;Meudon;Plein jour;Autre;Intersection en X;Route departementale;Sans collision;Scooter > 125 cm3;Sans changement de direction;Non renseignee ;33;Masculin;Blessee Leger;Non renseignee ;1;1;0;1;0;0;Adulte jeune (25-34);Sans pieton;Avec moto;Aucun VL;Sans poids lourd;Adulte jeune (25-34);1 usager
Leger;28/02/2008;19:45;Le Plessis-Robinson;Crepuscule ou aube;Pluie legere;Hors intersection;Route departementale;Collision par le cote;Motocyclette > 50 cm3 et <= 125 cm3;Non renseignee ;VL seul;16;Masculin;Blessee Leger;Non renseignee ;2;2;0;1;1;0;Mineur (-18 ans);Sans pieton;Avec moto;1 VL;Sans poids lourd;Mineur (-18 ans);2 usagers
Leger;25/02/2016;23:20;Non renseignee nterre;Nuit avec eclairage public allumee;Autre;Intersection en Y;Route departementale;Collision par le cote;Motocyclette > 125 cm3;Sans changement de direction;Non renseignee ;27;Masculin;Blessee Leger;Non renseignee ;2;2;0;1;1;0;Adulte jeune (25-34);Sans pieton;Avec moto;1 VL;Sans poids lourd;Adulte jeune (25-34);2 usagers
Leger;13/03/2008;11:55;Le Plessis-Robinson;Plein jour;Autre;Intersection en T;Voie commuNon renseignee le;Collision frontale;VU seul 1,5T <= PTAC <= 3,5T;TourNon renseignee nt A'auche;Bicyclette;22;Masculin;Indemne;Non renseignee ;2;2;0;0;1;0;Jeune adulte (18-24);Sans pieton ;Sans moto;1 VL;Sans poids lourd;Jeune adulte (18-24);2 usagers
Leger;13/10/2016;08:40;Non renseignee nterre;Plein jour;Autre;Hors intersection;Route departementale;Sans collision;Motocyclette > 125 cm3;Sans changement de direction;Non renseignee ;24;Masculin;Indemne;Non renseignee ;2;1;0;1;0;0;Jeune adulte (18-24);Sans pieton;Avec moto;Aucun VL;Sans poids lourd;Jeune adulte (18-24);2 usagers
Grave;07/01/2008;07:40;Clamart;Crepuscule ou aube;Pluie legere;Hors intersection;Voie commuNon renseignee le;Autre collision;Scooter < 50 cm3;Sans changement de direction;Non renseignee ;19;Feminin;Indemne;Non renseignee ;2;1;1;0;0;0;Jeune adulte (18-24);Avec pieton;Sans moto;Aucun VL;Sans poids lourd;Jeune adulte (18-24);2 usagers
Leger;17/10/2016;15:20;Non renseignee nterre;Plein jour;Autre;Intersection en X;Route departementale;Collision par le cote;Scooter > 50 cm3 et <= 125 cm3;Sans changement de direction;PL seul 3,5T <PTCA <= 7,5T;59;Masculin;Indemne;Non renseignee ;2;2;0;1;0;1;Senior actif (50-64);Sans pieton;Avec moto;Aucun VL;Avec poids lourd;Senior actif (50-64);2 usagers
Leger;13/09/2008;20:30;Clamart;Nuit avec eclairage public allumee;Autre;Intersection en T;Voie commuNon renseignee le;Collision par le cote;VL seul;TourNon renseignee nt A$roite;Scooter < 50 cm3;35;Masculin;Indemne;Non renseignee ;3;2;0;0;1;0;Adulte (35-49);Sans pieton ;Sans moto;1 VL;Sans poids lourd;Adulte (35-49);3-5 usagers
Leger;10/12/2016;12:50;Neuilly-sur-Seine;Plein jour;Autre;Hors intersection;Voie commuNon renseignee le;Collision frontale;VL seul;Non renseignee ;Scooter > 125 cm3;26;Masculin;Indemne;Non renseignee ;2;2;0;1;1;0;Adulte jeune (25-34);Sans pieton;Avec moto;1 VL;Sans poids lourd;Adulte jeune (25-34);2 usagers
Leger;24/11/2008;20:30;Colombes;Nuit avec eclairage public allumee;Autre;Hors intersection;Route departementale;Collision par l'arriere;VL seul;Ouverture de porte;Cyclomoteur <50cm3;23;Masculin;Indemne;Non renseignee ;2;2;0;0;1;0;Jeune adulte (18-24);Sans pieton;Sans moto;1 VL;Sans poids lourd;Jeune adulte (18-24);2 usagers
Leger;08/12/2008;16:45;Colombes;Plein jour;Autre;Hors intersection;Route departementale;Autre collision;VL seul;Sans changement de direction;Non renseignee ;20;Feminin;Indemne;Non renseignee ;2;1;1;0;1;0;Jeune adulte (18-24);Avec pieton;Sans moto;1 VL;Sans poids lourd;Jeune adulte (18-24);2 usagers
Leger;01/12/2008;19:35;Clichy;Nuit avec eclairage public non allumee;Pluie legere;Intersection en T;Route departementale;Collision par le cote;VL seul;TourNon renseignee nt A'auche;Scooter > 125 cm3;74;Masculin;Indemne;Non renseignee ;3;2;0;1;1;0;Senior (65+);Sans pieton ;Avec moto;1 VL;Sans poids lourd;Senior (65+);3-5 usagers
Leger;18/12/2008;14:30;Colombes;Plein jour;Autre;Intersection en X;Route departementale;Autre collision;Autobus;Sans changement de direction;Non renseignee ;25;Masculin;Indemne;Non renseignee ;2;1;1;0;0;0;Adulte jeune (25-34);Avec pieton;Sans moto;Aucun VL;Sans poids lourd;Adulte jeune (25-34);2 usagers
Grave;01/01/2008;05:15;Courbevoie;Nuit avec eclairage public allumee;Temps couvert;Intersection en X;Route departementale;Collision par le cote;VL seul;TourNon renseignee nt A'auche;Cyclomoteur <50cm3;24;Masculin;Indemne;Non renseignee ;2;2;0;0;1;0;Jeune adulte (18-24);Sans pieton ;Sans moto;1 VL;Sans poids lourd;Jeune adulte (18-24);2 usagers
Leger;29/01/2008;18:45;Courbevoie;Nuit avec eclairage public allumee;Autre;Intersection en T;Route departementale;Collision par le cote;VL seul;TourNon renseignee nt A'auche;Motocyclette > 50 cm3 et <= 125 cm3;61;Masculin;Indemne;Non renseignee ;2;2;0;1;1;0;Senior actif (50-64);Sans pieton ;Avec moto;1 VL;Sans poids lourd;Senior actif (50-64);2 usagers
Leger;23/04/2008;09:00;Courbevoie;Plein jour;Autre;Intersection en T;Route departementale;Collision par le cote;VL seul;TourNon renseignee nt A'auche;Motocyclette > 125 cm3;39;Feminin;Indemne;Non renseignee ;2;2;0;1;1;0;Adulte (35-49);Sans pieton ;Avec moto;1 VL;Sans poids lourd;Adulte (35-49);2 usagers
Leger;21/05/2008;09:30;Courbevoie;Plein jour;Autre;Hors intersection;Voie commuNon renseignee le;Collision par le cote;Cyclomoteur <50cm3;Sans changement de direction;VL seul;19;Masculin;Blessee Leger;Non renseignee ;2;2;0;0;1;0;Jeune adulte (18-24);Sans pieton;Sans moto;1 VL;Sans poids lourd;Jeune adulte (18-24);2 usagers
Leger;15/04/2008;07:00;La Garenne-Colombes;Plein jour;Autre;Hors intersection;Route departementale;Collision par le cote;VL seul;TourNon renseignee nt A$roite;Cyclomoteur <50cm3;42;Masculin;Indemne;Non renseignee ;2;2;0;0;1;0;Adulte (35-49);Sans pieton ;Sans moto;1 VL;Sans poids lourd;Adulte (35-49);2 usagers
Leger;31/10/2008;20:50;La Garenne-Colombes;Nuit avec eclairage public allumee;Autre;Intersection en T;Route departementale;Collision par le cote;VL seul;TourNon renseignee nt A'auche;Scooter < 50 cm3;47;Masculin;Indemne;Non renseignee ;2;2;0;0;1;0;Adulte (35-49);Sans pieton ;Sans moto;1 VL;Sans poids lourd;Adulte (35-49);2 usagers
Grave;18/11/2008;10:30;Issy-les-Moulineaux;Plein jour;Autre;Hors intersection;Voie commuNon renseignee le;Sans collision;Scooter < 50 cm3;Sans changement de direction;Non renseignee ;20;Feminin;Blessee hospitalisee;Non renseignee ;1;1;0;0;0;0;Jeune adulte (18-24);Sans pieton;Sans moto;Aucun VL;Sans poids lourd;Jeune adulte (18-24);1 usager
Grave;07/11/2008;16:30;Gennevilliers;Plein jour;Autre;Hors intersection;Route departementale;Autre collision;VL seul;Sans changement de direction;Non renseignee ;43;Masculin;Indemne;Non renseignee ;2;1;1;0;1;0;Adulte (35-49);Avec pieton;Sans moto;1 VL;Sans poids lourd;Adulte (35-49);2 usagers
Leger;08/12/2008;18:40;Gennevilliers;Nuit avec eclairage public allumee;Autre;Hors intersection;Route departementale;Collision par le cote;VL seul;Changeant de file A$roite;Scooter > 50 cm3 et <= 125 cm3;34;Masculin;Indemne;Non renseignee ;2;2;0;1;1;0;Adulte jeune (25-34);Sans pieton;Avec moto;1 VL;Sans poids lourd;Adulte jeune (25-34);2 usagers
Grave;11/01/2008;19:50;Issy-les-Moulineaux;Nuit avec eclairage public allumee;Temps couvert;Intersection en X;Route departementale;Collision par le cote;VL seul;TourNon renseignee nt A'auche;Scooter > 50 cm3 et <= 125 cm3;36;Masculin;Blessee hospitalisee;Non renseignee ;3;2;0;1;1;0;Adulte (35-49);Sans pieton ;Avec moto;1 VL;Sans poids lourd;Adulte (35-49);3-5 usagers
Leger;17/12/2008;09:05;Issy-les-Moulineaux;Crepuscule ou aube;Pluie legere;Intersection A0lus de 4 branches;Route departementale;Sans collision;Cyclomoteur <50cm3;TourNon renseignee nt A$roite;Non renseignee ;21;Masculin;Blessee Leger;Non renseignee ;1;1;0;0;0;0;Jeune adulte (18-24);Sans pieton ;Sans moto;Aucun VL;Sans poids lourd;Jeune adulte (18-24);1 usager
Leger;30/06/2008;09:25;Levallois-Perret;Plein jour;Autre;Intersection en X;Route departementale;Collision par le cote;VL seul;Manoeuvre de stationnement;Scooter > 50 cm3 et <= 125 cm3;30;Masculin;Indemne;Non renseignee ;2;2;0;1;1;0;Adulte jeune (25-34);Sans pieton;Avec moto;1 VL;Sans poids lourd;Adulte jeune (25-34);2 usagers
Grave;04/07/2008;11:00;Levallois-Perret;Plein jour;Autre;Intersection en X;Voie commuNon renseignee le;Collision par le cote;Scooter < 50 cm3;Sans changement de direction;VL seul;36;Masculin;Indemne;Non renseignee ;2;2;0;0;1;0;Adulte (35-49);Sans pieton;Sans moto;1 VL;Sans poids lourd;Adulte (35-49);2 usagers
Leger;04/09/2008;21:10;Levallois-Perret;Nuit avec eclairage public allumee;Pluie legere;Hors intersection;Voie commuNon renseignee le;Collision par le cote;Scooter < 50 cm3;Non renseignee ;VL seul;18;Masculin;Blessee Leger;Non renseignee ;2;2;0;0;1;0;Jeune adulte (18-24);Sans pieton;Sans moto;1 VL;Sans poids lourd;Jeune adulte (18-24);2 usagers
Leger;21/06/2008;19:25;Meudon;Plein jour;Autre;Hors intersection;Voie commuNon renseignee le;Collision par le cote;VL seul;S inserant;Scooter < 50 cm3;59;Feminin;Indemne;Non renseignee ;2;2;0;0;1;0;Senior actif (50-64);Sans pieton;Sans moto;1 VL;Sans poids lourd;Senior actif (50-64);2 usagers
Leger;23/07/2008;12:15;Meudon;Plein jour;Autre;Intersection en T;Voie commuNon renseignee le;Collision par le cote;VL seul;TourNon renseignee nt A'auche;VL seul;61;Feminin;Blessee Leger;Non renseignee ;2;2;0;0;2;0;Senior actif (50-64);Sans pieton ;Sans moto;2 VL;Sans poids lourd;Senior actif (50-64);2 usagers
Leger;06/01/2008;12:15;Montrouge;Plein jour;Autre;Place;Voie commuNon renseignee le;Collision par le cote;VL seul;Sans changement de direction;VL seul;35;Feminin;Blessee Leger;Non renseignee ;2;2;0;0;2;0;Adulte (35-49);Sans pieton;Sans moto;2 VL;Sans poids lourd;Adulte (35-49);2 usagers
Grave;17/07/2008;09:25;Montrouge;Plein jour;Autre;Hors intersection;Route departementale;Collision par le cote;VU seul 1,5T <= PTAC <= 3,5T;Changeant de file A$roite;Motocyclette > 125 cm3;35;Masculin;Indemne;Non renseignee ;2;2;0;1;1;0;Adulte (35-49);Sans pieton;Avec moto;1 VL;Sans poids lourd;Adulte (35-49);2 usagers
Grave;12/09/2008;18:50;Montrouge;Plein jour;Autre;Intersection en X;Route departementale;Autre collision;Scooter < 50 cm3;Sans changement de direction;Non renseignee ;23;Feminin;Indemne;Non renseignee ;3;1;1;0;0;0;Jeune adulte (18-24);Avec pieton;Sans moto;Aucun VL;Sans poids lourd;Jeune adulte (18-24);3-5 usagers
Leger;23/04/2008;13:30;Non renseignee nterre;Plein jour;Autre;Intersection en X;Voie commuNon renseignee le;Autre collision;VL seul;TourNon renseignee nt A$roite;Non renseignee ;31;Feminin;Blessee Leger;Non renseignee ;1;1;1;0;1;0;Adulte jeune (25-34);Avec pieton;Sans moto;1 VL;Sans poids lourd;Adulte jeune (25-34);1 usager