type_acci;date;heure;commune;luminosite_accident;cond_atmos;Intersection;categorie_route;type_collision;type_vehicule_1;manoeuvre_vehicule_1;type_vehicule_2;age_usager;sexe_usager;gravite_usager;etat_usager;nombre_usagers;nb_veh;nombre_pietons;nombre_motos;nombre_vl;nombre_pl;age_usa1_categ;accident_pieton;accident_moto;categorie_vl;accident_pl;categorie_age;categorie_usagers
Leger;06/04/2008;21:15;Malakoff;Nuit avec eclairage public allumee;Autre;Place;Route departementale;Collision par le cote;VL seul;Sans changement de direction;VL seul;25;Feminin;Blessee Leger;Non renseignee ;1;2;0;0;2;0;Adulte jeune (25-34);Sans pieton;Sans moto;2 VL;Sans poids lourd;Adulte jeune (25-34);1 usager
Grave;22/04/2008;21:05;Vanves;Nuit sanseclairage public;Autre;Intersection en T;Route departementale;Collision par le cote;Scooter < 50 cm3;Sans changement de direction;VL seul;20;Masculin;Indemne;Non renseignee ;2;2;0;0;1;0;Jeune adulte (18-24);Sans pieton;Sans moto;1 VL;Sans poids lourd;Jeune adulte (18-24);2 usagers
Grave;21/05/2008;18:30;Malakoff;Plein jour;Autre;Hors intersection;Voie commuNon renseignee le;Autre collision;VL seul;TourNon renseignee nt A'auche;Non renseignee ;40;Feminin;Indemne;Non renseignee ;2;1;1;0;1;0;Adulte (35-49);Avec pieton;Sans moto;1 VL;Sans poids lourd;Adulte (35-49);2 usagers
Leger;14/01/2008;09:00;Puteaux;Plein jour;Autre;Intersection en Y;Route Non renseignee tioNon renseignee le;Collision par le cote;VL seul;Se deportant A$roite;Motocyclette > 125 cm3;35;Masculin;Indemne;Non renseignee ;2;2;0;1;1;0;Adulte (35-49);Sans pieton ;Avec moto;1 VL;Sans poids lourd;Adulte (35-49);2 usagers
Grave;13/10/2008;20:15;Gennevilliers;Nuit avec eclairage public allumee;Autre;Hors intersection;Autoroute;Collisions multiples;Motocyclette > 125 cm3;Sans changement de direction;VU seul 1,5T <= PTAC <= 3,5T;33;Feminin;Blessee hospitalisee;Non renseignee ;2;3;0;1;2;0;Adulte jeune (25-34);Sans pieton;Avec moto;2 VL;Sans poids lourd;Adulte jeune (25-34);2 usagers
Leger;03/12/2008;02:00;Gennevilliers;Nuit avec eclairage public allumee;Pluie legere;Hors intersection;Autoroute;Collision par l'arriere;VL seul;Meme sens, Meme file;VL seul;52;Feminin;Indemne;Non renseignee ;3;2;0;0;2;0;Senior actif (50-64);Sans pieton;Sans moto;2 VL;Sans poids lourd;Senior actif (50-64);3-5 usagers
Grave;28/05/2009;11:30;Garches;Plein jour;Autre;Hors intersection;Voie commuNon renseignee le;Autre collision;VL seul;En marche arriere;Non renseignee ;24;Feminin;Indemne;Non renseignee ;2;1;1;0;1;0;Jeune adulte (18-24);Avec pieton;Sans moto;1 VL;Sans poids lourd;Jeune adulte (18-24);2 usagers
Leger;20/11/2009;08:00;Antony;Plein jour;Autre;Intersection en X;Route departementale;Autre collision;VU seul 1,5T <= PTAC <= 3,5T;Sans changement de direction;Non renseignee ;51;Masculin;Indemne;Non renseignee ;3;1;2;0;1;0;Senior actif (50-64);Avec pieton;Sans moto;1 VL;Sans poids lourd;Senior actif (50-64);3-5 usagers
Leger;12/10/2009;08:30;Bois-Colombes;Plein jour;Autre;Hors intersection;Voie commuNon renseignee le;Autre collision;VL seul;Sans changement de direction;Non renseignee ;57;Masculin;Indemne;Non renseignee ;2;1;1;0;1;0;Senior actif (50-64);Avec pieton;Sans moto;1 VL;Sans poids lourd;Senior actif (50-64);2 usagers
Leger;07/01/2009;19:30;Bagneux;Nuit avec eclairage public allumee;Autre;Intersection en T;Route departementale;Autre collision;VL seul;Sans changement de direction;Non renseignee ;25;Masculin;Indemne;Non renseignee ;3;1;1;0;1;0;Adulte jeune (25-34);Avec pieton;Sans moto;1 VL;Sans poids lourd;Adulte jeune (25-34);3-5 usagers
Leger;09/10/2009;19:05;Levallois-Perret;Crepuscule ou aube;Pluie forte;Intersection en T;Voie commuNon renseignee le;Autre collision;VL seul;TourNon renseignee nt A'auche;Non renseignee ;32;Masculin;Indemne;Non renseignee ;2;1;1;0;1;0;Adulte jeune (25-34);Avec pieton;Sans moto;1 VL;Sans poids lourd;Adulte jeune (25-34);2 usagers
Leger;29/04/2009;09:30;Saint-Cloud;Plein jour;Autre;Hors intersection;Route departementale;Autre collision;Motocyclette > 50 cm3 et <= 125 cm3;Sans changement de direction;Non renseignee ;44;Feminin;Blessee Leger;Non renseignee ;2;1;1;1;0;0;Adulte (35-49);Avec pieton;Avec moto;Aucun VL;Sans poids lourd;Adulte (35-49);2 usagers
Leger;25/09/2009;17:10;Villeneuve-la-Garenne;Plein jour;Autre;Place;Voie commuNon renseignee le;Autre collision;VL seul;Sans changement de direction;Non renseignee ;24;Masculin;Indemne;Non renseignee ;2;1;1;0;1;0;Jeune adulte (18-24);Avec pieton;Sans moto;1 VL;Sans poids lourd;Jeune adulte (18-24);2 usagers
Leger;05/01/2010;02:20;Gennevilliers;Nuit sanseclairage public;Autre;Hors intersection;Autoroute;Sans collision;VL seul;Non renseignee ;Non renseignee ;20;Feminin;Blessee Leger;Attention perturbée;4;1;0;0;1;0;Jeune adulte (18-24);Sans pieton;Sans moto;1 VL;Sans poids lourd;Jeune adulte (18-24);3-5 usagers
Leger;13/01/2010;14:10;Suresnes;Plein jour;Autre;Intersection en T;Route departementale;Collision par le cote;VU seul 1,5T <= PTAC <= 3,5T;En faisant demi-tour sur la chaussee;Motocyclette > 125 cm3;35;Masculin;Indemne;Non renseignee ;2;2;0;1;1;0;Adulte (35-49);Sans pieton;Avec moto;1 VL;Sans poids lourd;Adulte (35-49);2 usagers
Leger;15/01/2010;08:25;Asnieres-sur-Seine;Plein jour;Autre;Hors intersection;Route departementale;Collisions en chaine;VL seul;Meme sens, Meme file;VL seul;30;Feminin;Blessee Leger;Non renseignee ;3;3;0;0;3;0;Adulte jeune (25-34);Sans pieton;Sans moto;3 VL ou plus;Sans poids lourd;Adulte jeune (25-34);3-5 usagers
Leger;09/02/2010;17:55;Bagneux;Crepuscule ou aube;Autre;Intersection en T;Voie commuNon renseignee le;Autre collision;VL seul;Sans changement de direction;Non renseignee ;44;Masculin;Indemne;Non renseignee ;2;1;1;0;1;0;Adulte (35-49);Avec pieton;Sans moto;1 VL;Sans poids lourd;Adulte (35-49);2 usagers
Grave;04/03/2010;16:05;Bagneux;Plein jour;Autre;Intersection en X;Route departementale;Collision par le cote;VU seul 1,5T <= PTAC <= 3,5T;TourNon renseignee nt A'auche;VL seul;70;Masculin;Blessee Leger;Non renseignee ;3;2;0;0;2;0;Senior (65+);Sans pieton ;Sans moto;2 VL;Sans poids lourd;Senior (65+);3-5 usagers
Leger;24/03/2011;14:15;Montrouge;Plein jour;Autre;Hors intersection;Voie commuNon renseignee le;Collision par le cote;Motocyclette > 50 cm3 et <= 125 cm3;Sans changement de direction;VL seul;26;Masculin;Indemne;Non renseignee ;2;2;0;1;1;0;Adulte jeune (25-34);Sans pieton;Avec moto;1 VL;Sans poids lourd;Adulte jeune (25-34);2 usagers
Grave;08/07/2011;12:48;Antony;Plein jour;Autre;Hors intersection;Autoroute;Collisions multiples;Non renseignee ;Sans changement de direction;VL seul;60;Masculin;Indemne;Non renseignee ;5;4;0;0;3;1;Senior actif (50-64);Sans pieton;Sans moto;3 VL ou plus;Avec poids lourd;Senior actif (50-64);3-5 usagers
Leger;12/09/2011;09:15;Neuilly-sur-Seine;Plein jour;Autre;Hors intersection;Route Non renseignee tioNon renseignee le;Collision par l'arriere;VL seul;Meme sens, Meme file;Motocyclette > 50 cm3 et <= 125 cm3;28;Feminin;Indemne;Non renseignee ;2;2;0;1;1;0;Adulte jeune (25-34);Sans pieton;Avec moto;1 VL;Sans poids lourd;Adulte jeune (25-34);2 usagers
Leger;08/08/2011;09:10;Clichy;Plein jour;Temps couvert;Intersection en T;Route departementale;Collision par l'arriere;VU seul 1,5T <= PTAC <= 3,5T;TourNon renseignee nt A$roite;Scooter > 50 cm3 et <= 125 cm3;26;Masculin;Blessee Leger;Non renseignee ;2;2;0;1;1;0;Adulte jeune (25-34);Sans pieton ;Avec moto;1 VL;Sans poids lourd;Adulte jeune (25-34);2 usagers
Leger;26/12/2011;23:30;Non renseignee nterre;Nuit avec eclairage public allumee;Autre;Hors intersection;Autoroute;Sans collision;Motocyclette > 125 cm3;Meme sens, Meme file;Non renseignee ;21;Masculin;Blessee Leger;Non renseignee ;2;1;0;1;0;0;Jeune adulte (18-24);Sans pieton;Avec moto;Aucun VL;Sans poids lourd;Jeune adulte (18-24);2 usagers
Leger;29/10/2013;13:15;Colombes;Plein jour;Autre;Intersection en T;Voie commuNon renseignee le;Sans collision;VL seul;Non renseignee ;Non renseignee ;39;Feminin;Blessee Leger;Non renseignee ;1;1;0;0;1;0;Adulte (35-49);Sans pieton;Sans moto;1 VL;Sans poids lourd;Adulte (35-49);1 usager
Leger;11/09/2013;13:35;Levallois-Perret;Plein jour;Autre;Hors intersection;Parc de stationnement;Autre collision;VL seul;En marche arriere;Non renseignee ;50;Masculin;Indemne;Non renseignee ;2;1;1;0;1;0;Senior actif (50-64);Avec pieton;Sans moto;1 VL;Sans poids lourd;Senior actif (50-64);2 usagers
Leger;23/09/2013;13:05;Levallois-Perret;Plein jour;Autre;Intersection en X;Route departementale;Autre collision;VL seul;Sans changement de direction;Non renseignee ;33;Feminin;Indemne;Non renseignee ;2;1;1;0;1;0;Adulte jeune (25-34);Avec pieton;Sans moto;1 VL;Sans poids lourd;Adulte jeune (25-34);2 usagers
Leger;14/11/2013;20:15;Montrouge;Nuit avec eclairage public allumee;Autre;Hors intersection;Route departementale;Collision par l'arriere;Scooter < 50 cm3;Meme sens, Meme file;VL seul;20;Masculin;Blessee Leger;Non renseignee ;1;2;0;0;1;0;Jeune adulte (18-24);Sans pieton;Sans moto;1 VL;Sans poids lourd;Jeune adulte (18-24);1 usager
Leger;19/04/2013;19:15;Rueil-Malmaison;Plein jour;Pluie legere;Hors intersection;Voie commuNon renseignee le;Collision par le cote;Scooter < 50 cm3;Meme sens, Meme file;VL seul;52;Masculin;Blessee Leger;Non renseignee ;1;2;0;0;1;0;Senior actif (50-64);Sans pieton;Sans moto;1 VL;Sans poids lourd;Senior actif (50-64);1 usager
Leger;22/06/2013;20:25;Rueil-Malmaison;Plein jour;Autre;Intersection en T;Route departementale;Sans collision;VL seul;TourNon renseignee nt A'auche;Non renseignee ;52;Masculin;Indemne;Non renseignee ;2;1;0;0;1;0;Senior actif (50-64);Sans pieton ;Sans moto;1 VL;Sans poids lourd;Senior actif (50-64);2 usagers
Leger;22/08/2013;12:15;Rueil-Malmaison;Plein jour;Autre;Hors intersection;Voie commuNon renseignee le;Collision par le cote;Bicyclette;Sans changement de direction;VL seul;35;Feminin;Blessee Leger;Non renseignee ;2;2;0;0;1;0;Adulte (35-49);Sans pieton;Sans moto;1 VL;Sans poids lourd;Adulte (35-49);2 usagers
Leger;20/11/2013;08:20;Rueil-Malmaison;Crepuscule ou aube;Autre;Intersection en X;Route departementale;Collision par le cote;VU seul 1,5T <= PTAC <= 3,5T;TourNon renseignee nt A'auche;Motocyclette > 50 cm3 et <= 125 cm3;39;Masculin;Indemne;Non renseignee ;2;2;0;1;1;0;Adulte (35-49);Sans pieton ;Avec moto;1 VL;Sans poids lourd;Adulte (35-49);2 usagers
Leger;13/12/2013;07:55;Rueil-Malmaison;Crepuscule ou aube;Autre;Intersection en Y;Route departementale;Collision par l'arriere;VU seul 1,5T <= PTAC <= 3,5T;Arrete (hors stationnement);Scooter < 50 cm3;21;Masculin;Indemne;Non renseignee ;2;2;0;0;1;0;Jeune adulte (18-24);Sans pieton;Sans moto;1 VL;Sans poids lourd;Jeune adulte (18-24);2 usagers
Leger;30/08/2013;18:25;Garches;Plein jour;Autre;Intersection en X;Route departementale;Collision par le cote;VL seul;TourNon renseignee nt A'auche;VL seul;47;Masculin;Indemne;Non renseignee ;2;2;0;0;2;0;Adulte (35-49);Sans pieton ;Sans moto;2 VL;Sans poids lourd;Adulte (35-49);2 usagers
Leger;09/09/2013;20:10;Marnes-la-Coquette;Nuit sanseclairage public;Pluie legere;Intersection en T;Route departementale;Sans collision;Motocyclette > 50 cm3 et <= 125 cm3;Sans changement de direction;Non renseignee ;42;Feminin;Blessee Leger;Non renseignee ;2;1;0;1;0;0;Adulte (35-49);Sans pieton;Avec moto;Aucun VL;Sans poids lourd;Adulte (35-49);2 usagers
Leger;10/09/2013;08:25;Vaucresson;Plein jour;Autre;Hors intersection;Route departementale;Collision par le cote;VL seul;Se deportant A$roite;Scooter > 125 cm3;20;Feminin;Indemne;Non renseignee ;2;2;0;1;1;0;Jeune adulte (18-24);Sans pieton ;Avec moto;1 VL;Sans poids lourd;Jeune adulte (18-24);2 usagers
Leger;10/10/2013;17:50;Garches;Plein jour;Temps couvert;Intersection en T;Route departementale;Autre collision;Autobus;Sans changement de direction;Non renseignee ;33;Masculin;Indemne;Non renseignee ;2;1;1;0;0;0;Adulte jeune (25-34);Avec pieton;Sans moto;Aucun VL;Sans poids lourd;Adulte jeune (25-34);2 usagers
Grave;13/10/2013;05:45;Garches;Nuit avec eclairage public allumee;Autre;Hors intersection;Route departementale;Sans collision;VL seul;Sans changement de direction;Non renseignee ;24;Feminin;Blessee hospitalisee;Non renseignee ;1;1;0;0;1;0;Jeune adulte (18-24);Sans pieton;Sans moto;1 VL;Sans poids lourd;Jeune adulte (18-24);1 usager
Leger;19/11/2013;19:05;Saint-Cloud;Nuit avec eclairage public allumee;Autre;Hors intersection;Route departementale;Collision par le cote;VL seul;Sans changement de direction;Motocyclette > 125 cm3;46;Masculin;Indemne;Non renseignee ;2;2;0;1;1;0;Adulte (35-49);Sans pieton;Avec moto;1 VL;Sans poids lourd;Adulte (35-49);2 usagers
Leger;19/11/2013;19:40;Saint-Cloud;Nuit avec eclairage public allumee;Autre;Hors intersection;Route departementale;Sans collision;Bicyclette;Sans changement de direction;Non renseignee ;23;Masculin;Blessee Leger;Non renseignee ;1;1;0;0;0;0;Jeune adulte (18-24);Sans pieton;Sans moto;Aucun VL;Sans poids lourd;Jeune adulte (18-24);1 usager
Leger;18/02/2013;00:20;Chaville;Nuit avec eclairage public allumee;Autre;Intersection en X;Route departementale;Collision par le cote;VL seul;TourNon renseignee nt A'auche;Scooter > 50 cm3 et <= 125 cm3;24;Masculin;Indemne;Non renseignee ;2;2;0;1;1;0;Jeune adulte (18-24);Sans pieton ;Avec moto;1 VL;Sans poids lourd;Jeune adulte (18-24);2 usagers
Grave;25/04/2013;14:00;Sevres;Plein jour;Autre;Intersection en T;Route departementale;Autre collision;VL seul;TourNon renseignee nt A'auche;Non renseignee ;54;Masculin;Indemne;Non renseignee ;2;1;1;0;1;0;Senior actif (50-64);Avec pieton;Sans moto;1 VL;Sans poids lourd;Senior actif (50-64);2 usagers
Leger;14/05/2013;17:30;Ville-d'Avray;Plein jour;Autre;Intersection en X;Route departementale;Collision par le cote;VL seul;TourNon renseignee nt A'auche;Scooter < 50 cm3;28;Feminin;Indemne;Non renseignee ;2;2;0;0;1;0;Adulte jeune (25-34);Sans pieton ;Sans moto;1 VL;Sans poids lourd;Adulte jeune (25-34);2 usagers
Leger;29/05/2013;10:10;Chaville;Plein jour;Autre;Intersection en X;Route departementale;Autre collision;VL seul;Sans changement de direction;Non renseignee ;27;Feminin;Indemne;Non renseignee ;3;1;1;0;1;0;Adulte jeune (25-34);Avec pieton;Sans moto;1 VL;Sans poids lourd;Adulte jeune (25-34);3-5 usagers
Leger;22/06/2013;09:50;Chaville;Plein jour;Autre;Hors intersection;Route departementale;Collision par le cote;Bicyclette;Non renseignee ;VL seul;34;Masculin;Blessee Leger;Non renseignee ;2;2;0;0;1;0;Adulte jeune (25-34);Sans pieton;Sans moto;1 VL;Sans poids lourd;Adulte jeune (25-34);2 usagers
Leger;31/07/2013;22:09;Chaville;Crepuscule ou aube;Autre;Hors intersection;Route departementale;Collision par le cote;VL seul;En faisant demi-tour sur la chaussee;Scooter < 50 cm3;50;Masculin;Indemne;Non renseignee ;2;2;0;0;1;0;Senior actif (50-64);Sans pieton;Sans moto;1 VL;Sans poids lourd;Senior actif (50-64);2 usagers
Leger;10/11/2013;16:30;Vanves;Plein jour;Autre;Intersection à plus de 4 branches;Route departementale;Collision par le cote;Scooter < 50 cm3;Sans changement de direction;VL seul;15;Masculin;Indemne;Non renseignee ;4;2;0;0;1;0;Mineur (-18 ans);Sans pieton;Sans moto;1 VL;Sans poids lourd;Mineur (-18 ans);3-5 usagers
Leger;23/03/2013;11:20;Puteaux;Plein jour;Autre;Intersection en X;Route Non renseignee tioNon renseignee le;Collision par le cote;VL seul;Sans changement de direction;Motocyclette > 50 cm3 et <= 125 cm3;47;Feminin;Indemne;Non renseignee ;2;2;0;1;1;0;Adulte (35-49);Sans pieton;Avec moto;1 VL;Sans poids lourd;Adulte (35-49);2 usagers
Leger;12/09/2014;10:00;Bagneux;Plein jour;Autre;Hors intersection;Voie commuNon renseignee le;Collision par l'arriere;Motocyclette > 125 cm3;Sans changement de direction;VL seul;34;Masculin;Blessee Leger;Non renseignee ;2;2;0;1;1;0;Adulte jeune (25-34);Sans pieton;Avec moto;1 VL;Sans poids lourd;Adulte jeune (25-34);2 usagers
Leger;31/10/2014;12:25;Boulogne-Billancourt;Plein jour;Autre;Intersection en X;Voie commuNon renseignee le;Collision par le cote;VL seul;TourNon renseignee nt A'auche;Scooter > 50 cm3 et <= 125 cm3;42;Feminin;Indemne;Non renseignee ;2;2;0;1;1;0;Adulte (35-49);Sans pieton ;Avec moto;1 VL;Sans poids lourd;Adulte (35-49);2 usagers
Leger;16/09/2014;08:25;Colombes;Plein jour;Autre;Intersection en X;Route departementale;Collision par le cote;VL seul;TourNon renseignee nt A'auche;Scooter < 50 cm3;16;Masculin;Blessee Leger;Non renseignee ;2;2;0;0;1;0;Mineur (-18 ans);Sans pieton ;Sans moto;1 VL;Sans poids lourd;Mineur (-18 ans);2 usagers
Leger;15/05/2014;14:00;Courbevoie;Plein jour;Autre;Hors intersection;Route departementale;Collision par le cote;VL seul;TourNon renseignee nt A'auche;Cyclomoteur <50cm3;43;Masculin;Indemne;Non renseignee ;2;2;0;0;1;0;Adulte (35-49);Sans pieton ;Sans moto;1 VL;Sans poids lourd;Adulte (35-49);2 usagers
Leger;16/09/2014;10:10;Issy-les-Moulineaux;Plein jour;Autre;Intersection en X;Voie commuNon renseignee le;Collision par le cote;VL seul;TourNon renseignee nt A'auche;Cyclomoteur <50cm3;42;Masculin;Indemne;Non renseignee ;2;2;0;0;1;0;Adulte (35-49);Sans pieton ;Sans moto;1 VL;Sans poids lourd;Adulte (35-49);2 usagers
Leger;10/01/2014;13:40;Non renseignee nterre;Plein jour;Temps couvert;Hors intersection;Voie commuNon renseignee le;Collision frontale;Scooter < 50 cm3;TourNon renseignee nt A'auche;VU seul 1,5T <= PTAC <= 3,5T;14;Masculin;Blessee Leger;Non renseignee ;2;2;0;0;1;0;Mineur (-18 ans);Sans pieton ;Sans moto;1 VL;Sans poids lourd;Mineur (-18 ans);2 usagers
Leger;26/10/2014;17:50;Non renseignee nterre;Plein jour;Autre;Intersection en T;Voie commuNon renseignee le;Collision par le cote;Scooter < 50 cm3;Sans changement de direction;VL seul;24;Masculin;Blessee Leger;Non renseignee ;2;2;0;0;1;0;Jeune adulte (18-24);Sans pieton;Sans moto;1 VL;Sans poids lourd;Jeune adulte (18-24);2 usagers
Leger;10/04/2014;19:15;Rueil-Malmaison;Plein jour;Autre;Hors intersection;Route departementale;Collision par l'arriere;Scooter < 50 cm3;S inserant;Motocyclette > 125 cm3;17;Masculin;Blessee Leger;Non renseignee ;2;2;0;1;0;0;Mineur (-18 ans);Sans pieton;Avec moto;Aucun VL;Sans poids lourd;Mineur (-18 ans);2 usagers
Leger;08/06/2014;00:25;Montrouge;Nuit avec eclairage public allumee;Autre;Giratoire;Voie commuNon renseignee le;Collision par l'arriere;VL seul;Meme sens, Meme file;Bicyclette;28;Masculin;Indemne;Non renseignee ;2;2;0;0;1;0;Adulte jeune (25-34);Sans pieton;Sans moto;1 VL;Sans poids lourd;Adulte jeune (25-34);2 usagers
Leger;25/01/2014;17:20;Puteaux;Crepuscule ou aube;Autre;Hors intersection;Voie commuNon renseignee le;Collision par le cote;VL seul;S inserant;Non renseignee ;47;Feminin;Indemne;Non renseignee ;2;2;0;0;1;0;Adulte (35-49);Sans pieton;Sans moto;1 VL;Sans poids lourd;Adulte (35-49);2 usagers
Leger;05/05/2014;09:50;Non renseignee nterre;Plein jour;Autre;Hors intersection;Route departementale;Collision par le cote;VL seul;TourNon renseignee nt A$roite;Bicyclette;33;Masculin;Indemne;Non renseignee ;2;2;0;0;1;0;Adulte jeune (25-34);Sans pieton ;Sans moto;1 VL;Sans poids lourd;Adulte jeune (25-34);2 usagers
Leger;21/05/2014;09:30;Neuilly-sur-Seine;Plein jour;Pluie legere;Intersection en X;Voie commuNon renseignee le;Collision par le cote;Motocyclette > 50 cm3 et <= 125 cm3;Sans changement de direction;Bicyclette;23;Masculin;Indemne;Non renseignee ;2;2;0;1;0;0;Jeune adulte (18-24);Sans pieton;Avec moto;Aucun VL;Sans poids lourd;Jeune adulte (18-24);2 usagers
Leger;16/05/2014;09:45;Neuilly-sur-Seine;Plein jour;Autre;Intersection à plus de 4 branches;Route departementale;Autre collision;Motocyclette > 125 cm3;Sans changement de direction;VL seul;29;Masculin;Blessee Leger;Non renseignee ;3;2;1;1;1;0;Adulte jeune (25-34);Avec pieton;Avec moto;1 VL;Sans poids lourd;Adulte jeune (25-34);3-5 usagers
Leger;26/11/2014;10:45;Neuilly-sur-Seine;Plein jour;Autre;Intersection en X;Voie commuNon renseignee le;Autre collision;VL seul;TourNon renseignee nt A'auche;Non renseignee ;54;Masculin;Indemne;Non renseignee ;3;1;2;0;1;0;Senior actif (50-64);Avec pieton;Sans moto;1 VL;Sans poids lourd;Senior actif (50-64);3-5 usagers
Leger;02/04/2014;02:05;Colombes;Nuit avec eclairage public allumee;Autre;Hors intersection;Route departementale;Autre collision;VL seul;Non renseignee ;Bicyclette;23;Masculin;Blessee Leger;Non renseignee ;1;2;1;0;1;0;Jeune adulte (18-24);Avec pieton;Sans moto;1 VL;Sans poids lourd;Jeune adulte (18-24);1 usager
Leger;03/10/2014;08:50;Asnieres-sur-Seine;Plein jour;Autre;Intersection en T;Route departementale;Autre collision;VL seul;Sans changement de direction;Non renseignee ;20;Masculin;Indemne;Non renseignee ;2;1;1;0;1;0;Jeune adulte (18-24);Avec pieton;Sans moto;1 VL;Sans poids lourd;Jeune adulte (18-24);2 usagers
Leger;01/02/2014;13:35;Boulogne-Billancourt;Plein jour;Autre;Intersection en T;Voie commuNon renseignee le;Autre collision;VL seul;En marche arriere;Non renseignee ;50;Feminin;Indemne;Non renseignee ;2;1;1;0;1;0;Senior actif (50-64);Avec pieton;Sans moto;1 VL;Sans poids lourd;Senior actif (50-64);2 usagers
Leger;01/03/2014;19:05;Boulogne-Billancourt;Crepuscule ou aube;Autre;Intersection en T;Route departementale;Autre collision;VL seul;TourNon renseignee nt A$roite;Non renseignee ;82;Masculin;Indemne;Non renseignee ;2;1;1;0;1;0;Senior (65+);Avec pieton;Sans moto;1 VL;Sans poids lourd;Senior (65+);2 usagers
Leger;19/06/2014;22:50;Clamart;Nuit avec eclairage public allumee;Autre;Giratoire;Route departementale;Autre collision;VL seul;TourNon renseignee nt A$roite;Non renseignee ;61;Feminin;Indemne;Non renseignee ;2;1;1;0;1;0;Senior actif (50-64);Avec pieton;Sans moto;1 VL;Sans poids lourd;Senior actif (50-64);2 usagers
Leger;16/05/2014;16:00;Clichy;Plein jour;Autre;Hors intersection;Voie commuNon renseignee le;Autre collision;VU seul 1,5T <= PTAC <= 3,5T;En marche arriere;Non renseignee ;27;Masculin;Indemne;Non renseignee ;2;1;1;0;1;0;Adulte jeune (25-34);Avec pieton;Sans moto;1 VL;Sans poids lourd;Adulte jeune (25-34);2 usagers
Leger;25/09/2014;19:05;Courbevoie;Plein jour;Autre;Hors intersection;Voie commuNon renseignee le;Autre collision;VL seul;Sans changement de direction;Non renseignee ;27;Masculin;Indemne;Non renseignee ;2;1;1;0;1;0;Adulte jeune (25-34);Avec pieton;Sans moto;1 VL;Sans poids lourd;Adulte jeune (25-34);2 usagers
Leger;16/01/2014;22:30;Issy-les-Moulineaux;Nuit avec eclairage public allumee;Autre;Hors intersection;Route departementale;Autre collision;Scooter > 125 cm3;Sans changement de direction;Non renseignee ;48;Masculin;Indemne;Non renseignee ;2;1;1;1;0;0;Adulte (35-49);Avec pieton;Avec moto;Aucun VL;Sans poids lourd;Adulte (35-49);2 usagers
Leger;04/07/2014;15:15;Issy-les-Moulineaux;Plein jour;Autre;Hors intersection;Voie commuNon renseignee le;Autre collision;VU seul 1,5T <= PTAC <= 3,5T;Sans changement de direction;Motocyclette > 50 cm3 et <= 125 cm3;54;Masculin;Indemne;Non renseignee ;2;2;1;1;1;0;Senior actif (50-64);Avec pieton;Avec moto;1 VL;Sans poids lourd;Senior actif (50-64);2 usagers
Leger;24/07/2014;10:30;Issy-les-Moulineaux;Plein jour;Autre;Hors intersection;Voie commuNon renseignee le;Autre collision;VU seul 1,5T <= PTAC <= 3,5T;En marche arriere;Non renseignee ;21;Masculin;Indemne;Non renseignee ;2;1;1;0;1;0;Jeune adulte (18-24);Avec pieton;Sans moto;1 VL;Sans poids lourd;Jeune adulte (18-24);2 usagers
Leger;04/02/2014;20:00;Chatillon;Nuit avec eclairage public allumee;Autre;Intersection en X;Voie commuNon renseignee le;Autre collision;VL seul;TourNon renseignee nt A'auche;Non renseignee ;29;Masculin;Indemne;Non renseignee ;2;1;1;0;1;0;Adulte jeune (25-34);Avec pieton;Sans moto;1 VL;Sans poids lourd;Adulte jeune (25-34);2 usagers
Leger;03/03/2014;09:00;Non renseignee nterre;Plein jour;Pluie legere;Intersection en T;Voie commuNon renseignee le;Autre collision;VL seul;TourNon renseignee nt A$roite;Non renseignee ;47;Feminin;Indemne;Non renseignee ;2;1;1;0;1;0;Adulte (35-49);Avec pieton;Sans moto;1 VL;Sans poids lourd;Adulte (35-49);2 usagers
Leger;05/12/2014;15:30;Chatillon;Plein jour;Autre;Hors intersection;Route departementale;Autre collision;Tramway;Sans changement de direction;Non renseignee ;33;Masculin;Indemne;Non renseignee ;2;1;1;0;0;0;Adulte jeune (25-34);Avec pieton;Sans moto;Aucun VL;Sans poids lourd;Adulte jeune (25-34);2 usagers
Leger;25/04/2014;07:10;Neuilly-sur-Seine;Crepuscule ou aube;Pluie forte;Intersection en X;Voie commuNon renseignee le;Autre collision;VL seul;TourNon renseignee nt A'auche;Non renseignee ;26;Masculin;Indemne;Non renseignee ;2;1;1;0;1;0;Adulte jeune (25-34);Avec pieton;Sans moto;1 VL;Sans poids lourd;Adulte jeune (25-34);2 usagers
Leger;15/05/2014;15:55;Neuilly-sur-Seine;Plein jour;Autre;Intersection en X;Voie commuNon renseignee le;Autre collision;VL seul;Sans changement de direction;Non renseignee ;39;Feminin;Indemne;Non renseignee ;2;1;1;0;1;0;Adulte (35-49);Avec pieton;Sans moto;1 VL;Sans poids lourd;Adulte (35-49);2 usagers
Leger;14/06/2014;12:00;Neuilly-sur-Seine;Plein jour;Autre;Hors intersection;Voie commuNon renseignee le;Autre collision;VL seul;Sans changement de direction;Non renseignee ;53;Masculin;Indemne;Non renseignee ;2;1;1;0;1;0;Senior actif (50-64);Avec pieton;Sans moto;1 VL;Sans poids lourd;Senior actif (50-64);2 usagers