type_acci;date;heure;commune;luminosite_accident;cond_atmos;Intersection;categorie_route;type_collision;type_vehicule_1;manoeuvre_vehicule_1;type_vehicule_2;age_usager;sexe_usager;gravite_usager;etat_usager;nombre_usagers;nb_veh;nombre_pietons;nombre_motos;nombre_vl;nombre_pl;age_usa1_categ;accident_pieton;accident_moto;categorie_vl;accident_pl;categorie_age;categorie_usagers
Leger;27/11/2018;07:55;Meudon;Crepuscule ou aube;Temps couvert;Hors intersection;Voie commuNon renseignee le;Sans collision;Scooter < 50 cm3;Sans changement de direction;Non renseignee ;30;Masculin;Blessee Leger;Non renseignee ;1;1;0;0;0;0;Adulte jeune (25-34);Sans pieton;Sans moto;Aucun VL;Sans poids lourd;Adulte jeune (25-34);1 usager
Leger;30/09/2018;20:10;Non renseignee nterre;Nuit avec eclairage public allumee;Autre;Intersection à plus de 4 branches;Voie commuNon renseignee le;Collision par le cote;Scooter < 50 cm3;Non renseignee ;VL seul;18;Masculin;Blessee Leger;Non renseignee ;2;2;0;0;1;0;Jeune adulte (18-24);Sans pieton;Sans moto;1 VL;Sans poids lourd;Jeune adulte (18-24);2 usagers
Leger;27/12/2018;22:10;Non renseignee nterre;Nuit avec eclairage public allumee;Autre;Intersection en X;Voie commuNon renseignee le;Collision par le cote;VL seul;Sans changement de direction;VL seul;41;Masculin;Indemne;Non renseignee ;4;2;0;0;2;0;Adulte (35-49);Sans pieton;Sans moto;2 VL;Sans poids lourd;Adulte (35-49);3-5 usagers
Leger;13/03/2018;09:00;Neuilly-sur-Seine;Plein jour;Autre;Intersection en T;Route departementale;Collision par le cote;VL seul;Sans changement de direction;VL seul;32;Feminin;Blessee Leger;Non renseignee ;2;2;0;0;2;0;Adulte jeune (25-34);Sans pieton;Sans moto;2 VL;Sans poids lourd;Adulte jeune (25-34);2 usagers
Leger;24/04/2018;17:10;Neuilly-sur-Seine;Plein jour;Autre;Intersection en X;Route departementale;Collisions en chaine;VL seul;Meme sens, Meme file;VL seul;35;Masculin;Indemne;Non renseignee ;3;3;0;0;3;0;Adulte (35-49);Sans pieton;Sans moto;3 VL ou plus;Sans poids lourd;Adulte (35-49);3-5 usagers
Leger;12/03/2018;06:00;Rueil-Malmaison;Nuit avec eclairage public allumee;Autre;Intersection en X;Route departementale;Collision par le cote;VL seul;Sans changement de direction;VL seul;40;Masculin;Indemne;Non renseignee ;2;2;0;0;2;0;Adulte (35-49);Sans pieton;Sans moto;2 VL;Sans poids lourd;Adulte (35-49);2 usagers
Leger;27/02/2018;17:15;Sevres;Plein jour;Autre;Hors intersection;Voie commuNon renseignee le;Sans collision;VL seul;Sedeportant A'auche;Non renseignee ;85;Feminin;Blessee Leger;Non renseignee ;1;1;0;0;1;0;Senior (65+);Sans pieton ;Sans moto;1 VL;Sans poids lourd;Senior (65+);1 usager
Leger;21/10/2018;06:39;Suresnes;Nuit avec eclairage public allumee;Autre;Hors intersection;Route departementale;Collision par le cote;VL seul;Sans changement de direction;VL seul;29;Feminin;Blessee Leger;Non renseignee ;2;2;0;0;2;0;Adulte jeune (25-34);Sans pieton;Sans moto;2 VL;Sans poids lourd;Adulte jeune (25-34);2 usagers
Leger;15/04/2014;11:00;Arcueil;Plein jour;Autre;Intersection à plus de 4 branches;Route departementale;Sans collision;VL seul;Sans changement de direction;Non renseignee ;31;Masculin;Blessee Leger;Non renseignee ;1;1;0;0;1;0;Adulte jeune (25-34);Sans pieton;Sans moto;1 VL;Sans poids lourd;Adulte jeune (25-34);1 usager
Grave;10/06/2014;07:50;Arcueil;Plein jour;Autre;Intersection en T;Route departementale;Collision par le cote;VL seul;Sans changement de direction;Scooter < 50 cm3;46;Masculin;Indemne;Non renseignee ;2;2;0;0;1;0;Adulte (35-49);Sans pieton;Sans moto;1 VL;Sans poids lourd;Adulte (35-49);2 usagers
Leger;24/09/2020;13:50;Antony;Plein jour;Pluie legere;Hors intersection;Autoroute;Non renseignee ;PL seul > 7,5T;Meme sens, Meme file;Tracteur routier + semi-remorque;67;Masculin;Blessee Leger;Non renseignee ;4;3;0;0;1;2;Senior (65+);Sans pieton;Sans moto;1 VL;Avec poids lourd;Senior (65+);3-5 usagers
Leger;18/06/2021;20:00;Antony;Plein jour;Normale;Hors intersection;Autoroute;Non renseignee ;VU seul 1,5T <= PTAC <= 3,5T;Meme sens, Meme file;Non renseignee ;41;Feminin;Blessee Leger;Non renseignee ;6;3;0;0;3;0;Adulte (35-49);Sans pieton;Sans moto;3 VL ou plus;Sans poids lourd;Adulte (35-49);Plus de 5 usagers
Leger;21/09/2020;14:22;Antony;Plein jour;Normale;Intersection en T;Route departementale;Non renseignee ;Non renseignee ;Autres manoeuvre;Non renseignee ;76;Masculin;Blessee Leger;Non renseignee ;2;2;0;0;1;0;Senior (65+);Sans pieton;Sans moto;1 VL;Sans poids lourd;Senior (65+);2 usagers
Leger;18/09/2021;11:10;Antony;Plein jour;Normale;Intersection en Y;Voie commuNon renseignee le;Non renseignee ;Non renseignee ;TourNon renseignee nt A$roite;Non renseignee ;73;Feminin;Blessee Leger;Non renseignee ;2;1;1;0;1;0;Senior (65+);Avec pieton;Sans moto;1 VL;Sans poids lourd;Senior (65+);2 usagers
Leger;07/03/2020;12:00;ChateNon renseignee y-Malabry;Plein jour;Normale;Hors intersection;Route Non renseignee tioNon renseignee le;Non renseignee ;Scooter > 125 cm3;Depassant A$roite;Non renseignee ;23;Masculin;Blessee Leger;Non renseignee ;2;2;0;1;1;0;Jeune adulte (18-24);Sans pieton;Avec moto;1 VL;Sans poids lourd;Jeune adulte (18-24);2 usagers
Leger;24/04/2021;20:39;ChateNon renseignee y-Malabry;Plein jour;Normale;Hors intersection;Route Non renseignee tioNon renseignee le;Non renseignee ;Non renseignee ;Changeant de file A$roite;Motocyclette > 125 cm3;32;Masculin;Blessee Leger;Non renseignee ;2;2;0;1;1;0;Adulte jeune (25-34);Sans pieton;Avec moto;1 VL;Sans poids lourd;Adulte jeune (25-34);2 usagers
Leger;06/06/2019;01:20;Antony;Nuit avec eclairage public non allumee;Temps couvert;Hors intersection;Autoroute;Non renseignee ;Non renseignee ;Sans changement de direction;Non renseignee ;35;Masculin;Blessee Leger;Non renseignee ;1;1;0;0;1;0;Adulte (35-49);Sans pieton;Sans moto;1 VL;Sans poids lourd;Adulte (35-49);1 usager
Leger;15/03/2021;18:30;ChateNon renseignee y-Malabry;Crepuscule ou aube;Pluie legere;Hors intersection;Route departementale;Non renseignee ;Non renseignee ;Meme sens, Meme file;Motocyclette > 125 cm3;20;Masculin;Blessee Leger;Non renseignee ;2;2;0;1;1;0;Jeune adulte (18-24);Sans pieton;Avec moto;1 VL;Sans poids lourd;Jeune adulte (18-24);2 usagers
Leger;03/02/2021;12:30;ChateNon renseignee y-Malabry;Plein jour;Normale;Hors intersection;Route departementale;Non renseignee ;Non renseignee ;Sans changement de direction;Non renseignee ;14;Feminin;Blessee Leger;Non renseignee ;2;1;1;0;1;0;Mineur (-18 ans);Avec pieton;Sans moto;1 VL;Sans poids lourd;Mineur (-18 ans);2 usagers
Leger;20/09/2020;06:35;Le Plessis-Robinson;Crepuscule ou aube;Temps couvert;Hors intersection;Route departementale;Non renseignee ;Motocyclette > 125 cm3;Sans changement de direction;Non renseignee ;53;Masculin;Blessee Leger;Non renseignee ;1;1;0;1;0;0;Senior actif (50-64);Sans pieton;Avec moto;Aucun VL;Sans poids lourd;Senior actif (50-64);1 usager
Leger;10/06/2020;18:15;Clamart;Plein jour;Normale;Hors intersection;Voie commuNon renseignee le;Non renseignee ;Non renseignee ;TourNon renseignee nt A'auche;Non renseignee ;54;Feminin;Blessee Leger;Non renseignee ;2;1;1;0;1;0;Senior actif (50-64);Avec pieton;Sans moto;1 VL;Sans poids lourd;Senior actif (50-64);2 usagers
Leger;27/04/2021;19:30;Bourg-la-Reine;Plein jour;Normale;Intersection en T;Route departementale;Non renseignee ;Non renseignee ;Sans changement de direction;Non renseignee ;50;Masculin;Blessee Leger;Non renseignee ;2;2;0;0;1;0;Senior actif (50-64);Sans pieton;Sans moto;1 VL;Sans poids lourd;Senior actif (50-64);2 usagers
Leger;08/11/2021;18:25;Clamart;Nuit avec eclairage public allumee;Normale;Hors intersection;Voie commuNon renseignee le;Non renseignee ;EDP A-oteur;Sans changement de direction;Non renseignee ;60;Masculin;Blessee Leger;Non renseignee ;2;1;1;0;0;0;Senior actif (50-64);Avec pieton;Sans moto;Aucun VL;Sans poids lourd;Senior actif (50-64);2 usagers
Grave;16/09/2019;08:45;Clamart;Plein jour;Temps couvert;Hors intersection;Voie commuNon renseignee le;Non renseignee ;Non renseignee ;Sans changement de direction;Non renseignee ;34;Feminin;Indemne;Non renseignee ;3;1;1;0;1;0;Adulte jeune (25-34);Avec pieton;Sans moto;1 VL;Sans poids lourd;Adulte jeune (25-34);3-5 usagers
Grave;10/09/2020;20:48;Clamart;Nuit avec eclairage public allumee;Normale;Passage à niveau;Route departementale;Non renseignee ;Non renseignee ;Traversant la  chaussee;Scooter < 50 cm3;48;Masculin;Blessee hospitalisee;Non renseignee ;2;2;0;0;0;0;Adulte (35-49);Sans pieton;Sans moto;Aucun VL;Sans poids lourd;Adulte (35-49);2 usagers
Leger;21/12/2021;11:25;Clamart;Plein jour;Normale;Intersection en T;Route departementale;Non renseignee ;Non renseignee ;TourNon renseignee nt A$roite;Motocyclette > 125 cm3;30;Masculin;Blessee Leger;Non renseignee ;2;2;0;1;1;0;Adulte jeune (25-34);Sans pieton ;Avec moto;1 VL;Sans poids lourd;Adulte jeune (25-34);2 usagers
Leger;12/12/2019;06:40;Bagneux;Nuit avec eclairage public allumee;Pluie legere;Intersection en Y;Route departementale;Non renseignee ;VU seul 1,5T <= PTAC <= 3,5T;Sans changement de direction;Non renseignee ;20;Feminin;Blessee Leger;Non renseignee ;2;1;1;0;1;0;Jeune adulte (18-24);Avec pieton;Sans moto;1 VL;Sans poids lourd;Jeune adulte (18-24);2 usagers
Leger;16/06/2020;10:50;Meudon;Plein jour;Normale;Intersection en T;Route departementale;Non renseignee ;Non renseignee ;Traversant la  chaussee;Non renseignee ;56;Feminin;Blessee Leger;Non renseignee ;2;2;0;0;2;0;Senior actif (50-64);Sans pieton;Sans moto;2 VL;Sans poids lourd;Senior actif (50-64);2 usagers
Grave;17/10/2019;18:10;Bagneux;Plein jour;Normale;Intersection en T;Route departementale;Non renseignee ;Motocyclette > 125 cm3;Entre 2 files;VU seul 1,5T <= PTAC <= 3,5T;30;Masculin;Blessee hospitalisee;Non renseignee ;2;2;0;1;1;0;Adulte jeune (25-34);Sans pieton;Avec moto;1 VL;Sans poids lourd;Adulte jeune (25-34);2 usagers
Leger;06/11/2019;14:55;Bagneux;Plein jour;Normale;Hors intersection;Voie commuNon renseignee le;Non renseignee ;Non renseignee ;Sans changement de direction;Non renseignee ;44;Feminin;Blessee Leger;Non renseignee ;1;1;0;0;1;0;Adulte (35-49);Sans pieton;Sans moto;1 VL;Sans poids lourd;Adulte (35-49);1 usager
Leger;08/06/2021;09:30;Meudon;Plein jour;Normale;Intersection en T;Voie commuNon renseignee le;Non renseignee ;Non renseignee ;S inserant;Scooter < 50 cm3;22;Masculin;Blessee Leger;Non renseignee ;2;2;0;0;1;0;Jeune adulte (18-24);Sans pieton;Sans moto;1 VL;Sans poids lourd;Jeune adulte (18-24);2 usagers
Grave;11/05/2020;21:45;FonteNon renseignee y-aux-Roses;Nuit avec eclairage public allumee;Normale;Intersection en X;Route departementale;Non renseignee ;Non renseignee ;TourNon renseignee nt A$roite;Non renseignee ;26;Masculin;Blessee hospitalisee;Non renseignee ;2;2;0;0;1;0;Adulte jeune (25-34);Sans pieton ;Sans moto;1 VL;Sans poids lourd;Adulte jeune (25-34);2 usagers
Leger;28/05/2019;18:40;Clamart;Plein jour;Normale;Intersection en T;Route departementale;Non renseignee ;EDP sans moteur;Dans le couloir bus, dans le sens inverse;Non renseignee ;36;Masculin;Blessee Leger;Non renseignee ;2;2;0;0;1;0;Adulte (35-49);Sans pieton;Sans moto;1 VL;Sans poids lourd;Adulte (35-49);2 usagers
Leger;05/01/2021;08:02;FonteNon renseignee y-aux-Roses;Nuit avec eclairage public allumee;Normale;Intersection en X;Route departementale;Non renseignee ;Non renseignee ;TourNon renseignee nt A'auche;Non renseignee ;53;Feminin;Blessee Leger;Non renseignee ;2;1;1;0;1;0;Senior actif (50-64);Avec pieton;Sans moto;1 VL;Sans poids lourd;Senior actif (50-64);2 usagers
Leger;18/12/2021;08:17;Bagneux;Crepuscule ou aube;Normale;Hors intersection;Route departementale;Non renseignee ;Non renseignee ;A contresens;Non renseignee ;23;Feminin;Blessee Leger;Non renseignee ;4;2;0;0;2;0;Jeune adulte (18-24);Sans pieton;Sans moto;2 VL;Sans poids lourd;Jeune adulte (18-24);3-5 usagers
Leger;26/07/2019;22:45;Cachan;Nuit avec eclairage public allumee;Normale;Intersection en T;Non renseignee ;Non renseignee ;Non renseignee ;TourNon renseignee nt A$roite;Scooter < 50 cm3;39;Masculin;Blessee Leger;Non renseignee ;2;2;0;0;1;0;Adulte (35-49);Sans pieton ;Sans moto;1 VL;Sans poids lourd;Adulte (35-49);2 usagers
Leger;07/10/2021;17:10;Bagneux;Plein jour;Normale;Hors intersection;Route departementale;Non renseignee ;Non renseignee ;Ouverture de porte;Non renseignee ;43;Feminin;Blessee Leger;Non renseignee ;2;2;0;0;1;0;Adulte (35-49);Sans pieton;Sans moto;1 VL;Sans poids lourd;Adulte (35-49);2 usagers
Leger;24/04/2019;07:40;Bagneux;Crepuscule ou aube;Temps couvert;Intersection en T;Voie commuNon renseignee le;Non renseignee ;VU seul 1,5T <= PTAC <= 3,5T;Sans changement de direction;VU seul 1,5T <= PTAC <= 3,5T;38;Masculin;Indemne;Non renseignee ;2;2;0;0;2;0;Adulte (35-49);Sans pieton;Sans moto;2 VL;Sans poids lourd;Adulte (35-49);2 usagers
Leger;27/09/2019;09:00;Chatillon;Plein jour;Normale;Intersection en X;Route departementale;Non renseignee ;Motocyclette > 50 cm3 et <= 125 cm3;Sans changement de direction;Non renseignee ;29;Masculin;Indemne;Non renseignee ;2;2;0;1;1;0;Adulte jeune (25-34);Sans pieton;Avec moto;1 VL;Sans poids lourd;Adulte jeune (25-34);2 usagers
Leger;23/01/2019;09:20;Bagneux;Plein jour;Neige - grele;Hors intersection;Voie commuNon renseignee le;Non renseignee ;Scooter > 50 cm3 et <= 125 cm3;Inconnue;Non renseignee ;44;Masculin;Indemne;Non renseignee ;2;1;0;1;0;0;Adulte (35-49);Sans pieton;Avec moto;Aucun VL;Sans poids lourd;Adulte (35-49);2 usagers
Leger;26/02/2021;21:50;Chaville;Nuit sanseclairage public;Normale;Hors intersection;Voie commuNon renseignee le;Non renseignee ;Scooter < 50 cm3;Manoeuvre devitement;Non renseignee ;37;Masculin;Blessee Leger;Non renseignee ;1;1;0;0;0;0;Adulte (35-49);Sans pieton;Sans moto;Aucun VL;Sans poids lourd;Adulte (35-49);1 usager
Leger;07/06/2021;20:24;Meudon;Plein jour;Normale;Hors intersection;Route departementale;Non renseignee ;Scooter < 50 cm3;Autres manoeuvre;VU seul 1,5T <= PTAC <= 3,5T;30;Masculin;Blessee Leger;Non renseignee ;3;2;0;0;1;0;Adulte jeune (25-34);Sans pieton;Sans moto;1 VL;Sans poids lourd;Adulte jeune (25-34);3-5 usagers
Leger;31/08/2021;09:20;Meudon;Plein jour;Normale;Hors intersection;Route Non renseignee tioNon renseignee le;Non renseignee ;Motocyclette > 125 cm3;Entre 2 files;Non renseignee ;27;Masculin;Blessee Leger;Non renseignee ;2;2;0;1;1;0;Adulte jeune (25-34);Sans pieton;Avec moto;1 VL;Sans poids lourd;Adulte jeune (25-34);2 usagers
Leger;03/01/2021;20:00;Montrouge;Nuit avec eclairage public allumee;Pluie legere;Hors intersection;Route departementale;Non renseignee ;Non renseignee ;Autres manoeuvre;Non renseignee ;21;Masculin;Blessee Leger;Non renseignee ;2;1;0;0;1;0;Jeune adulte (18-24);Sans pieton;Sans moto;1 VL;Sans poids lourd;Jeune adulte (18-24);2 usagers
Grave;18/10/2021;17:55;Chaville;Plein jour;Normale;Hors intersection;Voie commuNon renseignee le;Non renseignee ;Non renseignee ;Manoeuvre de stationnement;Non renseignee ;89;Masculin;Blessee hospitalisee;Non renseignee ;2;1;1;0;1;0;Senior (65+);Avec pieton;Sans moto;1 VL;Sans poids lourd;Senior (65+);2 usagers
Leger;04/08/2021;16:15;Malakoff;Plein jour;Temps couvert;Intersection en T;Route departementale;Non renseignee ;VU seul 1,5T <= PTAC <= 3,5T;TourNon renseignee nt A$roite;Scooter > 50 cm3 et <= 125 cm3;70;Masculin;Blessee Leger;Non renseignee ;2;2;0;1;1;0;Senior (65+);Sans pieton ;Avec moto;1 VL;Sans poids lourd;Senior (65+);2 usagers
Grave;24/11/2009;11:25;Non renseignee nterre;Plein jour;Temps couvert;Intersection en X;Route departementale;Collision par le cote;VL seul;TourNon renseignee nt A'auche;VL seul;25;Feminin;Blessee hospitalisee;Non renseignee ;2;2;0;0;2;0;Adulte jeune (25-34);Sans pieton ;Sans moto;2 VL;Sans poids lourd;Adulte jeune (25-34);2 usagers
Leger;21/09/2009;07:15;Malakoff;Crepuscule ou aube;Autre;Place;Route departementale;Collision par le cote;VL seul;TourNon renseignee nt A'auche;Motocyclette > 125 cm3;55;Feminin;Indemne;Non renseignee ;2;2;0;1;1;0;Senior actif (50-64);Sans pieton ;Avec moto;1 VL;Sans poids lourd;Senior actif (50-64);2 usagers
Leger;15/12/2009;09:00;Sevres;Plein jour;Autre;Hors intersection;Route Non renseignee tioNon renseignee le;Collision par le cote;Scooter > 50 cm3 et <= 125 cm3;Sans changement de direction;VL seul;33;Masculin;Blessee Leger;Non renseignee ;2;2;0;1;1;0;Adulte jeune (25-34);Sans pieton;Avec moto;1 VL;Sans poids lourd;Adulte jeune (25-34);2 usagers
Leger;05/12/2009;07:40;Antony;Plein jour;Pluie legere;Hors intersection;Route departementale;Collision par l'arriere;VU seul 1,5T <= PTAC <= 3,5T;Meme sens, Meme file;VU seul 1,5T <= PTAC <= 3,5T;50;Feminin;Blessee Leger;Non renseignee ;2;2;0;0;2;0;Senior actif (50-64);Sans pieton;Sans moto;2 VL;Sans poids lourd;Senior actif (50-64);2 usagers
Leger;31/07/2009;08:05;Clamart;Plein jour;Autre;Hors intersection;Route departementale;Sans collision;Motocyclette > 125 cm3;Sans changement de direction;Non renseignee ;36;Masculin;Blessee Leger;Non renseignee ;2;1;0;1;0;0;Adulte (35-49);Sans pieton;Avec moto;Aucun VL;Sans poids lourd;Adulte (35-49);2 usagers
Leger;26/02/2009;08:05;Puteaux;Plein jour;Autre;Hors intersection;Autoroute;Collision par le cote;Motocyclette > 125 cm3;Entre 2 files;VL seul;30;Masculin;Blessee Leger;Non renseignee ;2;2;0;1;1;0;Adulte jeune (25-34);Sans pieton;Avec moto;1 VL;Sans poids lourd;Adulte jeune (25-34);2 usagers
Leger;14/05/2009;12:35;Antony;Plein jour;Temps couvert;Intersection en T;Route departementale;Collision par l'arriere;VU seul 1,5T <= PTAC <= 3,5T;Non renseignee ;Motocyclette > 125 cm3;43;Masculin;Indemne;Non renseignee ;2;2;0;1;1;0;Adulte (35-49);Sans pieton;Avec moto;1 VL;Sans poids lourd;Adulte (35-49);2 usagers
Grave;17/04/2009;14:45;Saint-Cloud;Plein jour;Autre;Hors intersection;Voie commuNon renseignee le;Collision par le cote;Motocyclette > 50 cm3 et <= 125 cm3;Manoeuvre devitement;VL seul;35;Masculin;Blessee hospitalisee;Non renseignee ;2;2;0;1;1;0;Adulte (35-49);Sans pieton;Avec moto;1 VL;Sans poids lourd;Adulte (35-49);2 usagers
Leger;26/01/2021;08:55;Meudon;Plein jour;Temps couvert;Hors intersection;Voie commuNon renseignee le;Non renseignee ;VAE;Sans changement de direction;Non renseignee ;39;Masculin;Blessee Leger;Non renseignee ;2;1;1;0;0;0;Adulte (35-49);Avec pieton;Sans moto;Aucun VL;Sans poids lourd;Adulte (35-49);2 usagers
Leger;08/04/2021;10:00;Montrouge;Plein jour;Normale;Hors intersection;Route departementale;Non renseignee ;Non renseignee ;Sans changement de direction;Non renseignee ;31;Masculin;Blessee Leger;Non renseignee ;1;1;0;0;0;0;Adulte jeune (25-34);Sans pieton;Sans moto;Aucun VL;Sans poids lourd;Adulte jeune (25-34);1 usager
Leger;15/11/2020;09:05;Montrouge;Plein jour;Normale;Hors intersection;Route departementale;Non renseignee ;Non renseignee ;TourNon renseignee nt A'auche;Non renseignee ;50;Masculin;Blessee Leger;Non renseignee ;2;1;1;0;1;0;Senior actif (50-64);Avec pieton;Sans moto;1 VL;Sans poids lourd;Senior actif (50-64);2 usagers
Leger;07/06/2019;21:30;Malakoff;Nuit avec eclairage public allumee;Normale;Intersection en X;Voie commuNon renseignee le;Non renseignee ;Scooter < 50 cm3;S inserant;Autobus;21;Masculin;Blessee Leger;Non renseignee ;2;2;0;0;0;0;Jeune adulte (18-24);Sans pieton;Sans moto;Aucun VL;Sans poids lourd;Jeune adulte (18-24);2 usagers
Leger;22/12/2020;09:30;Vanves;Plein jour;Pluie legere;Hors intersection;Route departementale;Non renseignee ;Non renseignee ;Sans changement de direction;Non renseignee ;32;Masculin;Blessee Leger;Non renseignee ;2;1;1;0;1;0;Adulte jeune (25-34);Avec pieton;Sans moto;1 VL;Sans poids lourd;Adulte jeune (25-34);2 usagers
Leger;23/11/2021;20:15;Clamart;Nuit avec eclairage public allumee;Normale;Intersection en T;Route departementale;Non renseignee ;Non renseignee ;S inserant;Scooter > 125 cm3;27;Masculin;Blessee Leger;Non renseignee ;2;2;0;1;1;0;Adulte jeune (25-34);Sans pieton;Avec moto;1 VL;Sans poids lourd;Adulte jeune (25-34);2 usagers
Leger;23/12/2019;04:50;Montrouge;Nuit avec eclairage public allumee;Normale;Hors intersection;Route departementale;Non renseignee ;Non renseignee ;Sedeportant A'auche;Non renseignee ;23;Masculin;Blessee Leger;Non renseignee ;1;1;0;0;1;0;Jeune adulte (18-24);Sans pieton ;Sans moto;1 VL;Sans poids lourd;Jeune adulte (18-24);1 usager
Leger;16/07/2021;21:00;Issy-les-Moulineaux;Crepuscule ou aube;Normale;Intersection en T;Route departementale;Non renseignee ;Non renseignee ;TourNon renseignee nt A$roite;Scooter > 50 cm3 et <= 125 cm3;51;Masculin;Blessee Leger;Non renseignee ;2;2;0;1;1;0;Senior actif (50-64);Sans pieton ;Avec moto;1 VL;Sans poids lourd;Senior actif (50-64);2 usagers
Leger;03/05/2019;10:45;Malakoff;Plein jour;Normale;Intersection en X;Route departementale;Non renseignee ;Non renseignee ;TourNon renseignee nt A$roite;VU seul 1,5T <= PTAC <= 3,5T;55;Feminin;Indemne;Non renseignee ;2;2;0;0;2;0;Senior actif (50-64);Sans pieton ;Sans moto;2 VL;Sans poids lourd;Senior actif (50-64);2 usagers
Leger;22/07/2020;22:00;Issy-les-Moulineaux;Plein jour;Normale;Hors intersection;Route departementale;Non renseignee ;Non renseignee ;Sans changement de direction;Non renseignee ;55;Masculin;Blessee Leger;Non renseignee ;1;1;0;0;1;0;Senior actif (50-64);Sans pieton;Sans moto;1 VL;Sans poids lourd;Senior actif (50-64);1 usager
Leger;10/09/2020;08:20;Issy-les-Moulineaux;Plein jour;Normale;Hors intersection;Voie commuNon renseignee le;Non renseignee ;Non renseignee ;Sans changement de direction;Non renseignee ;29;Feminin;Blessee Leger;Non renseignee ;2;2;0;0;1;0;Adulte jeune (25-34);Sans pieton;Sans moto;1 VL;Sans poids lourd;Adulte jeune (25-34);2 usagers
Leger;26/03/2019;17:55;Malakoff;Plein jour;Normale;Intersection en X;Route departementale;Non renseignee ;Non renseignee ;Sans changement de direction;Non renseignee ;12;Masculin;Blessee Leger;Non renseignee ;2;1;1;0;1;0;Mineur (-18 ans);Avec pieton;Sans moto;1 VL;Sans poids lourd;Mineur (-18 ans);2 usagers
Leger;17/01/2019;08:45;Issy-les-Moulineaux;Plein jour;Temps couvert;Hors intersection;Route departementale;Non renseignee ;EDP A-oteur;Traversant la  chaussee;Scooter < 50 cm3;53;Masculin;Indemne;Non renseignee ;2;2;0;0;0;0;Senior actif (50-64);Sans pieton ;Sans moto;Aucun VL;Sans poids lourd;Senior actif (50-64);2 usagers
Leger;19/08/2021;14:50;Meudon;Plein jour;Temps couvert;Hors intersection;Route departementale;Non renseignee ;PL > 3,5T + remorque;En stationnement (avec occupants);Scooter < 50 cm3;31;Masculin;Blessee Leger;Non renseignee ;2;2;0;0;0;1;Adulte jeune (25-34);Sans pieton;Sans moto;Aucun VL;Avec poids lourd;Adulte jeune (25-34);2 usagers
Leger;29/01/2019;19:30;Issy-les-Moulineaux;Nuit avec eclairage public allumee;Pluie forte;Intersection en T;Route departementale;Non renseignee ;Non renseignee ;Sans changement de direction;Non renseignee ;33;Feminin;Indemne;Non renseignee ;2;1;1;0;1;0;Adulte jeune (25-34);Avec pieton;Sans moto;1 VL;Sans poids lourd;Adulte jeune (25-34);2 usagers
Leger;13/09/2019;21:20;Malakoff;Nuit avec eclairage public allumee;Normale;Intersection en X;Route departementale;Non renseignee ;VU seul 1,5T <= PTAC <= 3,5T;Meme sens, Meme file;Non renseignee ;35;Feminin;Indemne;Non renseignee ;3;2;0;0;2;0;Adulte (35-49);Sans pieton;Sans moto;2 VL;Sans poids lourd;Adulte (35-49);3-5 usagers
Grave;19/09/2021;22:20;Ville-d'Avray;Nuit avec eclairage public allumee;Pluie legere;Hors intersection;Route departementale;Non renseignee ;Scooter < 50 cm3;Sans changement de direction;Non renseignee ;27;Masculin;Blessee hospitalisee;Non renseignee ;1;1;0;0;0;0;Adulte jeune (25-34);Sans pieton;Sans moto;Aucun VL;Sans poids lourd;Adulte jeune (25-34);1 usager
Leger;01/07/2021;17:40;Sevres;Plein jour;Normale;Autre intersection;Route departementale;Non renseignee ;VU seul 1,5T <= PTAC <= 3,5T;TourNon renseignee nt A$roite;Non renseignee ;42;Feminin;Blessee Leger;Non renseignee ;2;1;1;0;1;0;Adulte (35-49);Avec pieton;Sans moto;1 VL;Sans poids lourd;Adulte (35-49);2 usagers
Mortel;10/05/2020;19:00;Vanves;Plein jour;Normale;Intersection en X;Route departementale;Non renseignee ;Non renseignee ;Depassant A'auche;Non renseignee ;25;Masculin;Tue;Non renseignee ;2;2;0;0;1;0;Adulte jeune (25-34);Sans pieton;Sans moto;1 VL;Sans poids lourd;Adulte jeune (25-34);2 usagers
Leger;21/01/2020;10:20;Vanves;Plein jour;Normale;Hors intersection;Route departementale;Non renseignee ;Non renseignee ;Sans changement de direction;Non renseignee ;28;Masculin;Blessee Leger;Non renseignee ;2;1;1;0;1;0;Adulte jeune (25-34);Avec pieton;Sans moto;1 VL;Sans poids lourd;Adulte jeune (25-34);2 usagers
Leger;13/09/2019;22:50;Issy-les-Moulineaux;Nuit avec eclairage public allumee;Normale;Hors intersection;Voie commuNon renseignee le;Non renseignee ;Non renseignee ;Manoeuvre de stationnement;Non renseignee ;61;Masculin;Indemne;Non renseignee ;2;1;1;0;1;0;Senior actif (50-64);Avec pieton;Sans moto;1 VL;Sans poids lourd;Senior actif (50-64);2 usagers
Grave;17/04/2021;21:15;Issy-les-Moulineaux;Nuit avec eclairage public allumee;Normale;Autre intersection;Autre;Non renseignee ;Tramway;Sans changement de direction;Non renseignee ;32;Masculin;Blessee hospitalisee;Non renseignee ;2;1;1;0;0;0;Adulte jeune (25-34);Avec pieton;Sans moto;Aucun VL;Sans poids lourd;Adulte jeune (25-34);2 usagers