type_acci;date;heure;commune;luminosite_accident;cond_atmos;Intersection;categorie_route;type_collision;type_vehicule_1;manoeuvre_vehicule_1;type_vehicule_2;age_usager;sexe_usager;gravite_usager;etat_usager;nombre_usagers;nb_veh;nombre_pietons;nombre_motos;nombre_vl;nombre_pl;age_usa1_categ;accident_pieton;accident_moto;categorie_vl;accident_pl;categorie_age;categorie_usagers
Leger;18/12/2008;10:40;Clichy;Plein jour;Pluie legere;Hors intersection;Route departementale;Collision par l'arriere;VL seul;Sans changement de direction;Scooter > 50 cm3 et <= 125 cm3;42;Masculin;Indemne;Non renseignee ;2;2;0;1;1;0;Adulte (35-49);Sans pieton;Avec moto;1 VL;Sans poids lourd;Adulte (35-49);2 usagers
Leger;29/09/2008;12:23;Colombes;Plein jour;Autre;Hors intersection;Route departementale;Collision par le cote;Motocyclette > 125 cm3;Non renseignee ;VU seul 1,5T <= PTAC <= 3,5T;34;Masculin;Indemne;Non renseignee ;3;2;0;1;1;0;Adulte jeune (25-34);Sans pieton;Avec moto;1 VL;Sans poids lourd;Adulte jeune (25-34);3-5 usagers
Leger;29/01/2008;08:00;Courbevoie;Crepuscule ou aube;Autre;Intersection en T;Route departementale;Collision par le cote;VU seul 1,5T <= PTAC <= 3,5T;TourNon renseignee nt A'auche;Motocyclette > 50 cm3 et <= 125 cm3;58;Masculin;Indemne;Non renseignee ;3;2;0;1;1;0;Senior actif (50-64);Sans pieton ;Avec moto;1 VL;Sans poids lourd;Senior actif (50-64);3-5 usagers
Leger;18/02/2008;09:06;Courbevoie;Plein jour;Autre;Hors intersection;Voie commuNon renseignee le;Collision par le cote;Bicyclette;A contresens;VL seul;14;Masculin;Blessee Leger;Non renseignee ;2;2;0;0;1;0;Mineur (-18 ans);Sans pieton;Sans moto;1 VL;Sans poids lourd;Mineur (-18 ans);2 usagers
Grave;23/10/2008;16:15;Courbevoie;Plein jour;Autre;Hors intersection;Route departementale;Collision par le cote;VL seul;TourNon renseignee nt A'auche;Cyclomoteur <50cm3;42;Feminin;Indemne;Non renseignee ;2;2;0;0;1;0;Adulte (35-49);Sans pieton ;Sans moto;1 VL;Sans poids lourd;Adulte (35-49);2 usagers
Grave;13/04/2008;02:15;Courbevoie;Nuit avec eclairage public allumee;Pluie legere;Intersection en X;Route departementale;Collision par le cote;Motocyclette > 50 cm3 et <= 125 cm3;TourNon renseignee nt A'auche;VL seul;33;Masculin;Blessee hospitalisee;Non renseignee ;3;2;0;1;1;0;Adulte jeune (25-34);Sans pieton ;Avec moto;1 VL;Sans poids lourd;Adulte jeune (25-34);3-5 usagers
Leger;26/12/2008;17:25;Courbevoie;Nuit avec eclairage public allumee;Autre;Place;Route departementale;Collision par l'arriere;VL seul;Non renseignee ;Cyclomoteur <50cm3;47;Feminin;Indemne;Non renseignee ;2;2;0;0;1;0;Adulte (35-49);Sans pieton;Sans moto;1 VL;Sans poids lourd;Adulte (35-49);2 usagers
Leger;24/10/2008;07:45;La Garenne-Colombes;Crepuscule ou aube;Autre;Intersection en T;Route departementale;Collision par le cote;VL seul;TourNon renseignee nt A'auche;Scooter < 50 cm3;18;Masculin;Blessee Leger;Non renseignee ;2;2;0;0;1;0;Jeune adulte (18-24);Sans pieton ;Sans moto;1 VL;Sans poids lourd;Jeune adulte (18-24);2 usagers
Leger;22/11/2008;16:50;La Garenne-Colombes;Plein jour;Autre;Hors intersection;Route departementale;Collision par le cote;VL seul;TourNon renseignee nt A'auche;Motocyclette > 125 cm3;36;Masculin;Blessee Leger;Non renseignee ;2;2;0;1;1;0;Adulte (35-49);Sans pieton ;Avec moto;1 VL;Sans poids lourd;Adulte (35-49);2 usagers
Leger;04/02/2008;09:00;Gennevilliers;Plein jour;Pluie legere;Intersection en X;Route departementale;Collision par le cote;VL seul;En faisant demi-tour sur la chaussee;Bicyclette;40;Masculin;Indemne;Non renseignee ;2;2;0;0;1;0;Adulte (35-49);Sans pieton;Sans moto;1 VL;Sans poids lourd;Adulte (35-49);2 usagers
Leger;07/02/2008;11:50;Gennevilliers;Plein jour;Autre;Intersection en X;Voie commuNon renseignee le;Collision par le cote;Cyclomoteur <50cm3;Sans changement de direction;VL seul;27;Feminin;Indemne;Non renseignee ;2;2;0;0;1;0;Adulte jeune (25-34);Sans pieton;Sans moto;1 VL;Sans poids lourd;Adulte jeune (25-34);2 usagers
Leger;24/04/2008;07:45;Gennevilliers;Plein jour;Autre;Intersection en Y;Route departementale;Autre collision;Autobus;Sans changement de direction;Non renseignee ;34;Masculin;Indemne;Non renseignee ;2;1;1;0;0;0;Adulte jeune (25-34);Avec pieton;Sans moto;Aucun VL;Sans poids lourd;Adulte jeune (25-34);2 usagers
Grave;17/11/2008;17:55;Issy-les-Moulineaux;Nuit avec eclairage public allumee;Autre;Intersection en X;Route departementale;Collision par le cote;VL seul;Sans changement de direction;Scooter > 125 cm3;34;Feminin;Blessee hospitalisee;Non renseignee ;2;2;0;1;1;0;Adulte jeune (25-34);Sans pieton;Avec moto;1 VL;Sans poids lourd;Adulte jeune (25-34);2 usagers
Grave;01/12/2008;15:10;Issy-les-Moulineaux;Plein jour;Temps couvert;Intersection à plus de 4 branches;Route departementale;Autre collision;VL seul;Sans changement de direction;Non renseignee ;81;Masculin;Blessee hospitalisee;Non renseignee ;2;1;1;0;1;0;Senior (65+);Avec pieton;Sans moto;1 VL;Sans poids lourd;Senior (65+);2 usagers
Leger;22/09/2008;11:55;Gennevilliers;Plein jour;Autre;Intersection en T;Route departementale;Collision par le cote;VL seul;TourNon renseignee nt A'auche;Cyclomoteur <50cm3;61;Masculin;Indemne;Non renseignee ;2;2;0;0;1;0;Senior actif (50-64);Sans pieton ;Sans moto;1 VL;Sans poids lourd;Senior actif (50-64);2 usagers
Grave;10/04/2008;10:05;Issy-les-Moulineaux;Plein jour;Autre;Hors intersection;Route departementale;Sans collision;VL seul;Sedeportant A'auche;Non renseignee ;30;Masculin;Blessee hospitalisee;Non renseignee ;1;1;0;0;1;0;Adulte jeune (25-34);Sans pieton ;Sans moto;1 VL;Sans poids lourd;Adulte jeune (25-34);1 usager
Grave;29/04/2008;07:45;Issy-les-Moulineaux;Plein jour;Pluie legere;Hors intersection;Voie commuNon renseignee le;Collision par l'arriere;Scooter > 50 cm3 et <= 125 cm3;Meme sens, Meme file;VL seul;52;Feminin;Indemne;Non renseignee ;2;2;0;1;1;0;Senior actif (50-64);Sans pieton;Avec moto;1 VL;Sans poids lourd;Senior actif (50-64);2 usagers
Grave;11/08/2008;09:00;Issy-les-Moulineaux;Plein jour;Autre;Hors intersection;Route departementale;Collision par le cote;VL seul;En faisant demi-tour sur la chaussee;Motocyclette > 125 cm3;47;Masculin;Blessee hospitalisee;Non renseignee ;2;2;0;1;1;0;Adulte (35-49);Sans pieton;Avec moto;1 VL;Sans poids lourd;Adulte (35-49);2 usagers
Grave;18/10/2008;20:50;Issy-les-Moulineaux;Nuit avec eclairage public allumee;Autre;Place;Route departementale;Collision par le cote;Scooter < 50 cm3;Sans changement de direction;VL seul;55;Masculin;Indemne;Non renseignee ;3;2;0;0;1;0;Senior actif (50-64);Sans pieton;Sans moto;1 VL;Sans poids lourd;Senior actif (50-64);3-5 usagers
Grave;07/12/2008;19:10;Issy-les-Moulineaux;Nuit avec eclairage public allumee;Autre;Hors intersection;Voie commuNon renseignee le;Collision par le cote;VL seul;En stationnement (avec occupants);Scooter < 50 cm3;23;Masculin;Indemne;Non renseignee ;2;2;0;0;1;0;Jeune adulte (18-24);Sans pieton;Sans moto;1 VL;Sans poids lourd;Jeune adulte (18-24);2 usagers
Leger;22/01/2008;14:06;Levallois-Perret;Plein jour;Autre;Intersection à plus de 4 branches;Route departementale;Autre collision;Motocyclette > 125 cm3;Sans changement de direction;Non renseignee ;45;Masculin;Indemne;Non renseignee ;2;1;1;1;0;0;Adulte (35-49);Avec pieton;Avec moto;Aucun VL;Sans poids lourd;Adulte (35-49);2 usagers
Leger;14/04/2008;16:30;Levallois-Perret;Plein jour;Pluie legere;Hors intersection;Route departementale;Collision par l'arriere;VL seul;Sans changement de direction;Scooter < 50 cm3;18;Masculin;Blessee Leger;Non renseignee ;2;2;0;0;1;0;Jeune adulte (18-24);Sans pieton;Sans moto;1 VL;Sans poids lourd;Jeune adulte (18-24);2 usagers
Leger;24/11/2008;13:25;Levallois-Perret;Plein jour;Autre;Intersection en X;Voie commuNon renseignee le;Autre collision;Scooter < 50 cm3;Sans changement de direction;VL seul;44;Masculin;Indemne;Non renseignee ;3;2;1;0;1;0;Adulte (35-49);Avec pieton;Sans moto;1 VL;Sans poids lourd;Adulte (35-49);3-5 usagers
Leger;27/09/2008;16:35;Meudon;Plein jour;Autre;Place;Route departementale;Collision frontale;VL seul;TourNon renseignee nt A'auche;Scooter > 50 cm3 et <= 125 cm3;51;Masculin;Indemne;Non renseignee ;2;2;0;1;1;0;Senior actif (50-64);Sans pieton ;Avec moto;1 VL;Sans poids lourd;Senior actif (50-64);2 usagers
Leger;18/11/2008;18:55;Meudon;Nuit avec eclairage public allumee;Pluie legere;Intersection en T;Route departementale;Collision par le cote;Scooter < 50 cm3;Sans changement de direction;VL seul;16;Masculin;Blessee Leger;Non renseignee ;2;2;0;0;1;0;Mineur (-18 ans);Sans pieton;Sans moto;1 VL;Sans poids lourd;Mineur (-18 ans);2 usagers
Leger;18/12/2008;13:40;Levallois-Perret;Plein jour;Pluie legere;Hors intersection;Route departementale;Autre collision;Motocyclette > 125 cm3;Sans changement de direction;Non renseignee ;38;Masculin;Indemne;Non renseignee ;2;1;1;1;0;0;Adulte (35-49);Avec pieton;Avec moto;Aucun VL;Sans poids lourd;Adulte (35-49);2 usagers
Mortel;17/06/2008;09:20;Meudon;Plein jour;Autre;Intersection en T;Voie commuNon renseignee le;Collision par le cote;VL seul;S inserant;Motocyclette > 125 cm3;30;Feminin;Indemne;Non renseignee ;2;2;0;1;1;0;Adulte jeune (25-34);Sans pieton;Avec moto;1 VL;Sans poids lourd;Adulte jeune (25-34);2 usagers
Leger;18/07/2008;08:45;Meudon;Plein jour;Autre;Hors intersection;Route departementale;Collision par l'arriere;VL seul;En marche arriere;Motocyclette > 125 cm3;26;Masculin;Blessee Leger;Non renseignee ;2;2;0;1;1;0;Adulte jeune (25-34);Sans pieton;Avec moto;1 VL;Sans poids lourd;Adulte jeune (25-34);2 usagers
Grave;17/08/2008;21:25;Meudon;Crepuscule ou aube;Autre;Giratoire;Voie commuNon renseignee le;Sans collision;Scooter > 125 cm3;Sans changement de direction;Non renseignee ;15;Masculin;Blessee hospitalisee;Non renseignee ;1;1;0;1;0;0;Mineur (-18 ans);Sans pieton;Avec moto;Aucun VL;Sans poids lourd;Mineur (-18 ans);1 usager
Leger;08/09/2008;18:10;Meudon;Plein jour;Autre;Hors intersection;Route departementale;Collision par l'arriere;Motocyclette > 125 cm3;Sans changement de direction;VL seul;43;Masculin;Indemne;Non renseignee ;2;2;0;1;1;0;Adulte (35-49);Sans pieton;Avec moto;1 VL;Sans poids lourd;Adulte (35-49);2 usagers
Leger;21/12/2008;19:00;Meudon;Nuit avec eclairage public allumee;Autre;Hors intersection;Route departementale;Collision frontale;Motocyclette > 125 cm3;Sedeportant A'auche;VL seul;34;Masculin;Blessee Leger;Non renseignee ;2;2;0;1;1;0;Adulte jeune (25-34);Sans pieton ;Avec moto;1 VL;Sans poids lourd;Adulte jeune (25-34);2 usagers
Leger;12/01/2008;11:30;Chatillon;Plein jour;Autre;Hors intersection;Route departementale;Autre collision;VL seul;S inserant;Non renseignee ;56;Masculin;Indemne;Non renseignee ;2;1;1;0;1;0;Senior actif (50-64);Avec pieton;Sans moto;1 VL;Sans poids lourd;Senior actif (50-64);2 usagers
Leger;16/10/2008;13:40;Montrouge;Plein jour;Pluie legere;Intersection en T;Route departementale;Collision par l'arriere;VL seul;Meme sens, Meme file;Scooter > 50 cm3 et <= 125 cm3;45;Feminin;Indemne;Non renseignee ;2;2;0;1;1;0;Adulte (35-49);Sans pieton;Avec moto;1 VL;Sans poids lourd;Adulte (35-49);2 usagers
Grave;01/03/2008;14:30;Non renseignee nterre;Plein jour;Autre;Hors intersection;Route departementale;Autre collision;VL seul;S inserant;VL seul;35;Feminin;Indemne;Non renseignee ;5;2;1;0;2;0;Adulte (35-49);Avec pieton;Sans moto;2 VL;Sans poids lourd;Adulte (35-49);3-5 usagers
Leger;22/12/2008;15:40;Chatillon;Plein jour;Autre;Intersection en X;Voie commuNon renseignee le;Autre collision;VL seul;TourNon renseignee nt A$roite;Non renseignee ;27;Feminin;Indemne;Non renseignee ;2;1;1;0;1;0;Adulte jeune (25-34);Avec pieton;Sans moto;1 VL;Sans poids lourd;Adulte jeune (25-34);2 usagers
Grave;14/01/2008;09:15;Non renseignee nterre;Plein jour;Autre;Hors intersection;Voie commuNon renseignee le;Autre collision;Scooter < 50 cm3;Sans changement de direction;Non renseignee ;25;Masculin;Blessee hospitalisee;Non renseignee ;1;1;1;0;0;0;Adulte jeune (25-34);Avec pieton;Sans moto;Aucun VL;Sans poids lourd;Adulte jeune (25-34);1 usager
Leger;08/12/2008;22:00;Non renseignee nterre;Nuit avec eclairage public allumee;Autre;Intersection en X;Voie commuNon renseignee le;Collision par l'arriere;VL seul;Sans changement de direction;Scooter < 50 cm3;25;Masculin;Indemne;Non renseignee ;2;2;0;0;1;0;Adulte jeune (25-34);Sans pieton;Sans moto;1 VL;Sans poids lourd;Adulte jeune (25-34);2 usagers
Leger;24/09/2008;11:40;Puteaux;Plein jour;Autre;Intersection en T;Voie commuNon renseignee le;Collision par le cote;Bicyclette;Sans changement de direction;VL seul;34;Feminin;Indemne;Non renseignee ;2;2;0;0;1;0;Adulte jeune (25-34);Sans pieton;Sans moto;1 VL;Sans poids lourd;Adulte jeune (25-34);2 usagers
Leger;15/09/2008;17:45;Rueil-Malmaison;Plein jour;Autre;Hors intersection;Route departementale;Collision par le cote;VL seul;Changeant de file A$roite;Motocyclette > 125 cm3;25;Feminin;Indemne;Non renseignee ;2;2;0;1;1;0;Adulte jeune (25-34);Sans pieton;Avec moto;1 VL;Sans poids lourd;Adulte jeune (25-34);2 usagers
Leger;26/09/2008;21:50;Rueil-Malmaison;Crepuscule ou aube;Autre;Hors intersection;Voie commuNon renseignee le;Collision par le cote;VL seul;S inserant;Cyclomoteur <50cm3;42;Feminin;Indemne;Non renseignee ;3;2;0;0;1;0;Adulte (35-49);Sans pieton;Sans moto;1 VL;Sans poids lourd;Adulte (35-49);3-5 usagers
Leger;05/06/2008;08:39;Sevres;Plein jour;Autre;Hors intersection;Route departementale;Collision par le cote;Motocyclette > 125 cm3;Non renseignee ;VL seul;32;Masculin;Indemne;Non renseignee ;2;2;0;1;1;0;Adulte jeune (25-34);Sans pieton;Avec moto;1 VL;Sans poids lourd;Adulte jeune (25-34);2 usagers
Leger;06/09/2008;16:50;Saint-Cloud;Plein jour;Autre;Intersection en T;Route departementale;Autre collision;Motocyclette > 125 cm3;Sans changement de direction;Non renseignee ;58;Masculin;Indemne;Non renseignee ;2;1;1;1;0;0;Senior actif (50-64);Avec pieton;Avec moto;Aucun VL;Sans poids lourd;Senior actif (50-64);2 usagers
Grave;01/07/2008;12:10;Malakoff;Plein jour;Autre;Intersection en T;Route departementale;Collision frontale;VL seul;TourNon renseignee nt A'auche;Scooter < 50 cm3;38;Masculin;Indemne;Non renseignee ;2;2;0;0;1;0;Adulte (35-49);Sans pieton ;Sans moto;1 VL;Sans poids lourd;Adulte (35-49);2 usagers
Leger;20/04/2008;23:55;Puteaux;Nuit avec eclairage public allumee;Pluie forte;Giratoire;Route departementale;Collision par le cote;VL seul;TourNon renseignee nt A$roite;VL seul;29;Masculin;Indemne;Non renseignee ;2;2;0;0;2;0;Adulte jeune (25-34);Sans pieton ;Sans moto;2 VL;Sans poids lourd;Adulte jeune (25-34);2 usagers
Grave;09/06/2008;20:20;Puteaux;Plein jour;Autre;Intersection en Y;Route Non renseignee tioNon renseignee le;Sans collision;Motocyclette > 125 cm3;Sans changement de direction;Non renseignee ;34;Masculin;Blessee hospitalisee;Non renseignee ;1;1;0;1;0;0;Adulte jeune (25-34);Sans pieton;Avec moto;Aucun VL;Sans poids lourd;Adulte jeune (25-34);1 usager
Leger;03/10/2008;10:30;Puteaux;Plein jour;Temps couvert;Hors intersection;Route Non renseignee tioNon renseignee le;Sans collision;Motocyclette > 125 cm3;Sans changement de direction;Non renseignee ;26;Masculin;Blessee Leger;Non renseignee ;1;1;0;1;0;0;Adulte jeune (25-34);Sans pieton;Avec moto;Aucun VL;Sans poids lourd;Adulte jeune (25-34);1 usager
Grave;15/05/2008;12:30;Cachan;Plein jour;Autre;Intersection en X;Route departementale;Collision frontale;VU seul 1,5T <= PTAC <= 3,5T;TourNon renseignee nt A'auche;VL seul;45;Masculin;Blessee hospitalisee;Non renseignee ;2;2;0;0;2;0;Adulte (35-49);Sans pieton ;Sans moto;2 VL;Sans poids lourd;Adulte (35-49);2 usagers
Leger;04/04/2008;19:00;Gennevilliers;Crepuscule ou aube;Autre;Hors intersection;Autoroute;Collision par l'arriere;VL seul;Non renseignee ;Motocyclette > 125 cm3;39;Masculin;Indemne;Non renseignee ;2;2;0;1;1;0;Adulte (35-49);Sans pieton;Avec moto;1 VL;Sans poids lourd;Adulte (35-49);2 usagers
Grave;19/07/2008;02:00;Gennevilliers;Nuit avec eclairage public allumee;Autre;Hors intersection;Autoroute;Collision par l'arriere;Motocyclette > 125 cm3;Manoeuvre devitement;Motocyclette > 125 cm3;29;Masculin;Blessee hospitalisee;Non renseignee ;3;2;0;2;0;0;Adulte jeune (25-34);Sans pieton;Avec moto;Aucun VL;Sans poids lourd;Adulte jeune (25-34);3-5 usagers
Grave;03/05/2008;01:30;Marnes-la-Coquette;Nuit avec eclairage public allumee;Autre;Hors intersection;Autoroute;Sans collision;Motocyclette > 125 cm3;Meme sens, Meme file;Non renseignee ;30;Masculin;Blessee hospitalisee;Non renseignee ;1;1;0;1;0;0;Adulte jeune (25-34);Sans pieton;Avec moto;Aucun VL;Sans poids lourd;Adulte jeune (25-34);1 usager
Leger;21/07/2008;19:20;Saint-Cloud;Plein jour;Autre;Hors intersection;Autoroute;Collisions en chaine;VL seul;Meme sens, Meme file;VL seul;52;Masculin;Indemne;Non renseignee ;4;3;0;0;3;0;Senior actif (50-64);Sans pieton;Sans moto;3 VL ou plus;Sans poids lourd;Senior actif (50-64);3-5 usagers
Grave;21/02/2009;22:15;Saint-Cloud;Nuit avec eclairage public allumee;Autre;Intersection en X;Voie commuNon renseignee le;Sans collision;VL seul;TourNon renseignee nt A$roite;Non renseignee ;78;Masculin;Blessee Leger;Non renseignee ;2;1;0;0;1;0;Senior (65+);Sans pieton ;Sans moto;1 VL;Sans poids lourd;Senior (65+);2 usagers
Leger;08/06/2009;11:40;Colombes;Plein jour;Pluie legere;Intersection en T;Route departementale;Collision par le cote;VL seul;TourNon renseignee nt A$roite;Motocyclette > 50 cm3 et <= 125 cm3;33;Masculin;Indemne;Non renseignee ;2;2;0;1;1;0;Adulte jeune (25-34);Sans pieton ;Avec moto;1 VL;Sans poids lourd;Adulte jeune (25-34);2 usagers
Grave;11/02/2009;19:10;Levallois-Perret;Nuit avec eclairage public allumee;Autre;Intersection en T;Voie commuNon renseignee le;Collision par le cote;Motocyclette > 50 cm3 et <= 125 cm3;Sans changement de direction;VL seul;36;Masculin;Blessee hospitalisee;Non renseignee ;2;2;0;1;1;0;Adulte (35-49);Sans pieton;Avec moto;1 VL;Sans poids lourd;Adulte (35-49);2 usagers
Leger;03/12/2009;12:50;Neuilly-sur-Seine;Plein jour;Autre;Hors intersection;Voie commuNon renseignee le;Collision par le cote;Scooter < 50 cm3;Sans changement de direction;VL seul;17;Masculin;Blessee Leger;Non renseignee ;2;2;0;0;1;0;Mineur (-18 ans);Sans pieton;Sans moto;1 VL;Sans poids lourd;Mineur (-18 ans);2 usagers
Leger;30/11/2009;18:10;Sevres;Nuit avec eclairage public allumee;Pluie legere;Hors intersection;Route departementale;Collisions multiples;VL seul;Meme sens, Meme file;Motocyclette > 50 cm3 et <= 125 cm3;62;Masculin;Indemne;Non renseignee ;3;3;0;1;2;0;Senior actif (50-64);Sans pieton;Avec moto;2 VL;Sans poids lourd;Senior actif (50-64);3-5 usagers
Grave;28/07/2009;13:20;Chatillon;Plein jour;Autre;Hors intersection;Voie commuNon renseignee le;Collision frontale;Scooter < 50 cm3;Sedeportant A'auche;VL seul;32;Masculin;Blessee hospitalisee;Non renseignee ;2;2;0;0;1;0;Adulte jeune (25-34);Sans pieton ;Sans moto;1 VL;Sans poids lourd;Adulte jeune (25-34);2 usagers
Leger;22/10/2009;09:25;Suresnes;Plein jour;Autre;Hors intersection;Voie commuNon renseignee le;Sans collision;Scooter > 50 cm3 et <= 125 cm3;Sedeportant A'auche;Non renseignee ;38;Masculin;Blessee Leger;Non renseignee ;1;1;0;1;0;0;Adulte (35-49);Sans pieton ;Avec moto;Aucun VL;Sans poids lourd;Adulte (35-49);1 usager
Leger;02/07/2009;13:00;Levallois-Perret;Plein jour;Autre;Hors intersection;Route departementale;Collision par le cote;Scooter > 125 cm3;Sans changement de direction;VL seul;24;Masculin;Blessee Leger;Non renseignee ;2;2;0;1;1;0;Jeune adulte (18-24);Sans pieton;Avec moto;1 VL;Sans poids lourd;Jeune adulte (18-24);2 usagers
Leger;01/01/2009;19:50;Suresnes;Nuit avec eclairage public allumee;Pluie legere;Intersection en Y;Route departementale;Sans collision;Scooter < 50 cm3;TourNon renseignee nt A$roite;Non renseignee ;28;Masculin;Blessee Leger;Non renseignee ;1;1;0;0;0;0;Adulte jeune (25-34);Sans pieton ;Sans moto;Aucun VL;Sans poids lourd;Adulte jeune (25-34);1 usager
Leger;05/08/2009;14:40;Gennevilliers;Plein jour;Autre;Intersection en T;Route departementale;Collision par le cote;Scooter < 50 cm3;Non renseignee ;VL seul;23;Masculin;Blessee Leger;Non renseignee ;2;2;0;0;1;0;Jeune adulte (18-24);Sans pieton;Sans moto;1 VL;Sans poids lourd;Jeune adulte (18-24);2 usagers
Leger;14/01/2009;10:10;Rueil-Malmaison;Plein jour;Temps couvert;Hors intersection;Route departementale;Collision par l'arriere;Scooter > 125 cm3;Meme sens, Meme file;VL seul;47;Masculin;Blessee Leger;Non renseignee ;3;2;0;1;1;0;Adulte (35-49);Sans pieton;Avec moto;1 VL;Sans poids lourd;Adulte (35-49);3-5 usagers
Grave;24/05/2006;14:30;Asnieres-sur-Seine;Non renseignee ;Autre;Non renseignee ;Non renseignee ;Non renseignee ;VL seul;Non renseignee ;Non renseignee ;38;Non renseignee ;Non renseignee ;Non renseignee ;2;1;1;0;1;0;Adulte (35-49);Avec pieton;Sans moto;1 VL;Sans poids lourd;Adulte (35-49);2 usagers
Leger;08/07/2009;11:30;Montrouge;Plein jour;Autre;Hors intersection;Route departementale;Autre collision;VL seul;Sans changement de direction;Non renseignee ;39;Feminin;Indemne;Non renseignee ;2;1;1;0;1;0;Adulte (35-49);Avec pieton;Sans moto;1 VL;Sans poids lourd;Adulte (35-49);2 usagers
Leger;11/09/2009;12:45;Neuilly-sur-Seine;Plein jour;Autre;Hors intersection;Voie commuNon renseignee le;Autre collision;VL seul;Sans changement de direction;Non renseignee ;32;Feminin;Indemne;Non renseignee ;2;1;1;0;1;0;Adulte jeune (25-34);Avec pieton;Sans moto;1 VL;Sans poids lourd;Adulte jeune (25-34);2 usagers
Leger;20/11/2009;15:00;Rueil-Malmaison;Plein jour;Autre;Intersection en T;Voie commuNon renseignee le;Autre collision;VL seul;Sans changement de direction;Non renseignee ;39;Masculin;Indemne;Non renseignee ;2;1;1;0;1;0;Adulte (35-49);Avec pieton;Sans moto;1 VL;Sans poids lourd;Adulte (35-49);2 usagers
Leger;14/01/2010;15:00;Issy-les-Moulineaux;Plein jour;Autre;Hors intersection;Route departementale;Collision par le cote;VL seul;TourNon renseignee nt A'auche;Scooter < 50 cm3;30;Feminin;Indemne;Non renseignee ;2;2;0;0;1;0;Adulte jeune (25-34);Sans pieton ;Sans moto;1 VL;Sans poids lourd;Adulte jeune (25-34);2 usagers
Leger;15/01/2010;23:00;Gennevilliers;Nuit sanseclairage public;Autre;Hors intersection;Autoroute;Collision par l'arriere;VL seul;Meme sens, Meme file;VL seul;61;Masculin;Blessee Leger;Non renseignee ;2;2;0;0;2;0;Senior actif (50-64);Sans pieton;Sans moto;2 VL;Sans poids lourd;Senior actif (50-64);2 usagers
Leger;17/01/2010;06:39;Courbevoie;Nuit avec eclairage public allumee;Autre;Intersection en Y;Route Non renseignee tioNon renseignee le;Collision par l'arriere;VL seul;Sans changement de direction;VL seul;21;Masculin;Blessee Leger;Ivresse apparente;4;2;0;0;2;0;Jeune adulte (18-24);Sans pieton;Sans moto;2 VL;Sans poids lourd;Jeune adulte (18-24);3-5 usagers
Leger;29/01/2010;17:45;Courbevoie;Plein jour;Pluie legere;Hors intersection;Voie commuNon renseignee le;Autre collision;VU seul 1,5T <= PTAC <= 3,5T;S inserant;Non renseignee ;54;Masculin;Indemne;Non renseignee ;2;1;1;0;1;0;Senior actif (50-64);Avec pieton;Sans moto;1 VL;Sans poids lourd;Senior actif (50-64);2 usagers
Leger;03/02/2010;12:05;Courbevoie;Plein jour;Pluie legere;Place;Route departementale;Autre collision;Motocyclette > 50 cm3 et <= 125 cm3;TourNon renseignee nt A$roite;Non renseignee ;31;Masculin;Blessee Leger;Non renseignee ;2;1;1;1;0;0;Adulte jeune (25-34);Avec pieton;Avec moto;Aucun VL;Sans poids lourd;Adulte jeune (25-34);2 usagers
Leger;04/02/2010;19:30;Bois-Colombes;Nuit avec eclairage public allumee;Autre;Intersection en X;Route departementale;Collision par le cote;VL seul;TourNon renseignee nt A'auche;Scooter < 50 cm3;56;Masculin;Indemne;Non renseignee ;2;2;0;0;1;0;Senior actif (50-64);Sans pieton ;Sans moto;1 VL;Sans poids lourd;Senior actif (50-64);2 usagers
Leger;06/02/2010;15:20;Boulogne-Billancourt;Plein jour;Autre;Hors intersection;Route departementale;Collision par le cote;VL seul;En faisant demi-tour sur la chaussee;VL seul;51;Masculin;Indemne;Non renseignee ;3;2;0;0;2;0;Senior actif (50-64);Sans pieton;Sans moto;2 VL;Sans poids lourd;Senior actif (50-64);3-5 usagers
Leger;06/02/2010;21:11;Marnes-la-Coquette;Nuit avec eclairage public allumee;Temps couvert;Hors intersection;Autoroute;Collisions en chaine;VL seul;Meme sens, Meme file;VL seul;26;Masculin;Indemne;Non renseignee ;3;3;0;0;3;0;Adulte jeune (25-34);Sans pieton;Sans moto;3 VL ou plus;Sans poids lourd;Adulte jeune (25-34);3-5 usagers
Leger;09/02/2010;10:15;Courbevoie;Plein jour;Autre;Giratoire;Route departementale;Collision par le cote;Motocyclette > 50 cm3 et <= 125 cm3;Sans changement de direction;VU seul 1,5T <= PTAC <= 3,5T;32;Masculin;Blessee Leger;Non renseignee ;2;2;0;1;1;0;Adulte jeune (25-34);Sans pieton;Avec moto;1 VL;Sans poids lourd;Adulte jeune (25-34);2 usagers
Leger;27/02/2010;19:30;Rueil-Malmaison;Nuit avec eclairage public allumee;Pluie legere;Intersection en T;Route departementale;Sans collision;VL seul;Sedeportant A'auche;Non renseignee ;68;Masculin;Blessee Leger;Non renseignee ;1;1;0;0;1;0;Senior (65+);Sans pieton ;Sans moto;1 VL;Sans poids lourd;Senior (65+);1 usager
Leger;04/03/2010;14:45;Asnieres-sur-Seine;Plein jour;Autre;Place;Route departementale;Autre collision;VL seul;Sans changement de direction;Non renseignee ;25;Masculin;Indemne;Non renseignee ;2;1;1;0;1;0;Adulte jeune (25-34);Avec pieton;Sans moto;1 VL;Sans poids lourd;Adulte jeune (25-34);2 usagers