type_acci;date;heure;commune;luminosite_accident;cond_atmos;Intersection;categorie_route;type_collision;type_vehicule_1;manoeuvre_vehicule_1;type_vehicule_2;age_usager;sexe_usager;gravite_usager;etat_usager;nombre_usagers;nb_veh;nombre_pietons;nombre_motos;nombre_vl;nombre_pl;age_usa1_categ;accident_pieton;accident_moto;categorie_vl;accident_pl;categorie_age;categorie_usagers
Leger;16/01/2017;17:45;Suresnes;Crepuscule ou aube;Autre;Hors intersection;Voie commuNon renseignee le;Autre collision;PL seul > 7,5T;Sans changement de direction;Non renseignee ;34;Masculin;Indemne;Non renseignee ;2;1;1;0;0;1;Adulte jeune (25-34);Avec pieton;Sans moto;Aucun VL;Avec poids lourd;Adulte jeune (25-34);2 usagers
Leger;27/03/2017;13:20;Villeneuve-la-Garenne;Plein jour;Autre;Intersection en T;Route departementale;Autre collision;VU seul 1,5T <= PTAC <= 3,5T;TourNon renseignee nt A$roite;Non renseignee ;26;Masculin;Indemne;Non renseignee ;2;1;1;0;1;0;Adulte jeune (25-34);Avec pieton;Sans moto;1 VL;Sans poids lourd;Adulte jeune (25-34);2 usagers
Leger;31/01/2017;13:40;Villeneuve-la-Garenne;Plein jour;Autre;Hors intersection;Autoroute;Sans collision;VU seul 1,5T <= PTAC <= 3,5T;Non renseignee ;Non renseignee ;49;Masculin;Blessee Leger;Non renseignee ;1;1;0;0;1;0;Adulte (35-49);Sans pieton;Sans moto;1 VL;Sans poids lourd;Adulte (35-49);1 usager
Leger;24/07/2017;22:10;Gennevilliers;Nuit sanseclairage public;Pluie legere;Hors intersection;Autoroute;Collision par l'arriere;VL seul;Meme sens, Meme file;VL seul;19;Masculin;Indemne;Non renseignee ;4;2;0;0;2;0;Jeune adulte (18-24);Sans pieton;Sans moto;2 VL;Sans poids lourd;Jeune adulte (18-24);3-5 usagers
Leger;17/08/2017;20:35;Villeneuve-la-Garenne;Plein jour;Autre;Hors intersection;Autoroute;Sans collision;VL seul;Meme sens, Meme file;Non renseignee ;49;Masculin;Blessee Leger;Non renseignee ;1;1;0;0;1;0;Adulte (35-49);Sans pieton;Sans moto;1 VL;Sans poids lourd;Adulte (35-49);1 usager
Leger;22/02/2017;21:00;Colombes;Nuit avec eclairage public allumee;Autre;Hors intersection;Autoroute;Collision par l'arriere;VL seul;Meme sens, Meme file;VL seul;45;Masculin;Blessee Leger;Non renseignee ;2;2;0;0;2;0;Adulte (35-49);Sans pieton;Sans moto;2 VL;Sans poids lourd;Adulte (35-49);2 usagers
Leger;21/02/2017;09:55;Gennevilliers;Plein jour;Autre;Intersection en T;Route departementale;Collision par l'arriere;PL seul > 7,5T;Meme sens, Meme file;VL seul;42;Masculin;Blessee Leger;Non renseignee ;3;2;0;0;1;1;Adulte (35-49);Sans pieton;Sans moto;1 VL;Avec poids lourd;Adulte (35-49);3-5 usagers
Leger;08/04/2017;16:46;Gennevilliers;Plein jour;Autre;Hors intersection;Autoroute;Collisions en chaine;VL seul;Sans changement de direction;VL seul;42;Masculin;Indemne;Non renseignee ;6;5;0;0;5;0;Adulte (35-49);Sans pieton;Sans moto;3 VL ou plus;Sans poids lourd;Adulte (35-49);Plus de 5 usagers
Leger;03/05/2017;21:10;Sevres;Nuit sanseclairage public;Pluie legere;Hors intersection;Route Non renseignee tioNon renseignee le;Sans collision;VL seul;Non renseignee ;Non renseignee ;38;Masculin;Blessee Leger;Non renseignee ;2;1;0;0;1;0;Adulte (35-49);Sans pieton;Sans moto;1 VL;Sans poids lourd;Adulte (35-49);2 usagers
Leger;18/06/2017;15:30;Colombes;Plein jour;Autre;Hors intersection;Autoroute;Collisions en chaine;VL seul;Non renseignee ;VL seul;29;Masculin;Indemne;Non renseignee ;6;3;0;0;3;0;Adulte jeune (25-34);Sans pieton;Sans moto;3 VL ou plus;Sans poids lourd;Adulte jeune (25-34);Plus de 5 usagers
Leger;02/02/2017;13:46;Non renseignee nterre;Plein jour;Autre;Hors intersection;Autoroute;Collision par l'arriere;PL seul > 7,5T;Sans changement de direction;VL seul;35;Masculin;Indemne;Non renseignee ;3;2;0;0;1;1;Adulte (35-49);Sans pieton;Sans moto;1 VL;Avec poids lourd;Adulte (35-49);3-5 usagers
Leger;03/05/2017;18:20;Antony;Plein jour;Pluie legere;Hors intersection;Autoroute;Sans collision;VL seul;Sans changement de direction;Non renseignee ;48;Masculin;Blessee Leger;Non renseignee ;1;1;0;0;1;0;Adulte (35-49);Sans pieton;Sans moto;1 VL;Sans poids lourd;Adulte (35-49);1 usager
Leger;15/06/2017;08:50;Asnieres-sur-Seine;Plein jour;Autre;Hors intersection;Route departementale;Collision par l'arriere;VU seul 1,5T <= PTAC <= 3,5T;Meme sens, Meme file;VL seul;26;Masculin;Blessee Leger;Non renseignee ;3;2;0;0;2;0;Adulte jeune (25-34);Sans pieton;Sans moto;2 VL;Sans poids lourd;Adulte jeune (25-34);3-5 usagers
Leger;17/02/2017;12:15;ChateNon renseignee y-Malabry;Plein jour;Autre;Hors intersection;Autoroute;Collisions multiples;PL seul > 7,5T;Sans changement de direction;VU seul 1,5T <= PTAC <= 3,5T;58;Masculin;Indemne;Non renseignee ;4;4;0;0;2;1;Senior actif (50-64);Sans pieton;Sans moto;2 VL;Avec poids lourd;Senior actif (50-64);3-5 usagers
Leger;07/01/2017;13:25;Boulogne-Billancourt;Plein jour;Autre;Hors intersection;Voie commuNon renseignee le;Sans collision;VL seul;Se deportant A$roite;Non renseignee ;23;Feminin;Blessee Leger;Non renseignee ;2;1;0;0;1;0;Jeune adulte (18-24);Sans pieton ;Sans moto;1 VL;Sans poids lourd;Jeune adulte (18-24);2 usagers
Leger;28/11/2017;10:25;Boulogne-Billancourt;Plein jour;Autre;Hors intersection;Route departementale;Collision par l'arriere;VL seul;Sans changement de direction;VL seul;51;Feminin;Blessee Leger;Non renseignee ;2;2;0;0;2;0;Senior actif (50-64);Sans pieton;Sans moto;2 VL;Sans poids lourd;Senior actif (50-64);2 usagers
Leger;04/06/2017;10:00;Clamart;Plein jour;Autre;Hors intersection;Route departementale;Sans collision;VL seul;Se deportant A$roite;Non renseignee ;86;Masculin;Blessee Leger;Non renseignee ;1;1;0;0;1;0;Senior (65+);Sans pieton ;Sans moto;1 VL;Sans poids lourd;Senior (65+);1 usager
Leger;17/08/2017;10:00;Le Plessis-Robinson;Plein jour;Pluie legere;Hors intersection;Route departementale;Sans collision;VL seul;Se deportant A$roite;Non renseignee ;45;Masculin;Blessee Leger;Non renseignee ;1;1;0;0;1;0;Adulte (35-49);Sans pieton ;Sans moto;1 VL;Sans poids lourd;Adulte (35-49);1 usager
Leger;28/09/2017;14:45;Asnieres-sur-Seine;Plein jour;Autre;Intersection en X;Route departementale;Collision par l'arriere;PL seul > 7,5T;Sans changement de direction;VL seul;36;Masculin;Indemne;Non renseignee ;3;2;0;0;1;1;Adulte (35-49);Sans pieton;Sans moto;1 VL;Avec poids lourd;Adulte (35-49);3-5 usagers
Leger;20/12/2017;19:45;Le Plessis-Robinson;Nuit avec eclairage public allumee;Pluie legere;Intersection en T;Route departementale;Collisions en chaine;VL seul;Meme sens, Meme file;VL seul;37;Masculin;Indemne;Non renseignee ;3;3;0;0;3;0;Adulte (35-49);Sans pieton;Sans moto;3 VL ou plus;Sans poids lourd;Adulte (35-49);3-5 usagers
Leger;14/02/2017;06:50;Clamart;Nuit avec eclairage public allumee;Pluie legere;Intersection en X;Route departementale;Collision par le cote;VL seul;Sans changement de direction;VL seul;54;Masculin;Indemne;Non renseignee ;2;2;0;0;2;0;Senior actif (50-64);Sans pieton;Sans moto;2 VL;Sans poids lourd;Senior actif (50-64);2 usagers
Leger;29/05/2017;07:00;Clichy;Crepuscule ou aube;Autre;Hors intersection;Route departementale;Sans collision;VL seul;Se deportant A$roite;Non renseignee ;28;Masculin;Blessee Leger;Non renseignee ;2;1;0;0;1;0;Adulte jeune (25-34);Sans pieton ;Sans moto;1 VL;Sans poids lourd;Adulte jeune (25-34);2 usagers
Leger;11/06/2017;15:25;Clichy;Plein jour;Autre;Intersection en X;Route departementale;Collision par le cote;VL seul;Sans changement de direction;VL seul;46;Feminin;Indemne;Non renseignee ;5;2;0;0;2;0;Adulte (35-49);Sans pieton;Sans moto;2 VL;Sans poids lourd;Adulte (35-49);3-5 usagers
Leger;11/12/2017;22:30;Villeneuve-la-Garenne;Nuit avec eclairage public allumee;Pluie legere;Intersection en T;Route departementale;Collisions multiples;VL seul;Sans changement de direction;VL seul;30;Feminin;Blessee Leger;Non renseignee ;3;3;0;0;3;0;Adulte jeune (25-34);Sans pieton;Sans moto;3 VL ou plus;Sans poids lourd;Adulte jeune (25-34);3-5 usagers
Leger;07/07/2017;19:40;Gennevilliers;Plein jour;Autre;Hors intersection;Route departementale;Collisions en chaine;VU seul 1,5T <= PTAC <= 3,5T;Meme sens, Meme file;VL seul;27;Masculin;Indemne;Non renseignee ;4;3;0;0;3;0;Adulte jeune (25-34);Sans pieton;Sans moto;3 VL ou plus;Sans poids lourd;Adulte jeune (25-34);3-5 usagers
Leger;10/06/2017;19:10;Saint-Cloud;Plein jour;Autre;Hors intersection;Voie commuNon renseignee le;Collision par l'arriere;VL seul;Sans changement de direction;VL seul;65;Feminin;Indemne;Non renseignee ;3;2;0;0;2;0;Senior (65+);Sans pieton;Sans moto;2 VL;Sans poids lourd;Senior (65+);3-5 usagers
Leger;08/04/2018;17:00;Colombes;Plein jour;Autre;Intersection en X;Route departementale;Collision frontale;Scooter < 50 cm3;Sans changement de direction;VL seul;49;Masculin;Blessee Leger;Non renseignee ;3;2;0;0;1;0;Adulte (35-49);Sans pieton;Sans moto;1 VL;Sans poids lourd;Adulte (35-49);3-5 usagers
Leger;05/02/2018;09:01;Non renseignee nterre;Nuit avec eclairage public non allumee;Autre;Hors intersection;Autoroute;Collision par le cote;Cyclomoteur <50cm3;Entre 2 files;VL seul;43;Masculin;Blessee Leger;Non renseignee ;2;2;0;0;1;0;Adulte (35-49);Sans pieton;Sans moto;1 VL;Sans poids lourd;Adulte (35-49);2 usagers
Leger;18/04/2018;15:35;Asnieres-sur-Seine;Plein jour;Autre;Intersection en T;Route departementale;Collision par l'arriere;VL seul;TourNon renseignee nt A'auche;Scooter < 50 cm3;30;Masculin;Indemne;Non renseignee ;2;2;0;0;1;0;Adulte jeune (25-34);Sans pieton ;Sans moto;1 VL;Sans poids lourd;Adulte jeune (25-34);2 usagers
Leger;17/07/2018;21:45;Boulogne-Billancourt;Nuit avec eclairage public allumee;Autre;Intersection en X;Voie commuNon renseignee le;Collision par le cote;Cyclomoteur <50cm3;Changeant de file A$roite;Scooter > 50 cm3 et <= 125 cm3;25;Masculin;Blessee Leger;Non renseignee ;2;2;0;1;0;0;Adulte jeune (25-34);Sans pieton;Avec moto;Aucun VL;Sans poids lourd;Adulte jeune (25-34);2 usagers
Leger;29/07/2018;21:20;Clamart;Crepuscule ou aube;Autre;Intersection en X;Route departementale;Collision par le cote;VL seul;TourNon renseignee nt A'auche;Scooter < 50 cm3;30;Masculin;Indemne;Non renseignee ;2;2;0;0;1;0;Adulte jeune (25-34);Sans pieton ;Sans moto;1 VL;Sans poids lourd;Adulte jeune (25-34);2 usagers
Leger;04/10/2018;07:54;Issy-les-Moulineaux;Plein jour;Autre;Hors intersection;Route departementale;Collision par le cote;Cyclomoteur <50cm3;Non renseignee ;VL seul;35;Feminin;Blessee Leger;Non renseignee ;2;2;0;0;1;0;Adulte (35-49);Sans pieton;Sans moto;1 VL;Sans poids lourd;Adulte (35-49);2 usagers
Leger;15/01/2018;19:50;Gennevilliers;Nuit avec eclairage public allumee;Pluie legere;Hors intersection;Route departementale;Collision par le cote;VL seul;TourNon renseignee nt A'auche;Scooter < 50 cm3;22;Feminin;Indemne;Non renseignee ;2;2;0;0;1;0;Jeune adulte (18-24);Sans pieton ;Sans moto;1 VL;Sans poids lourd;Jeune adulte (18-24);2 usagers
Leger;04/11/2018;14:45;Neuilly-sur-Seine;Plein jour;Autre;Intersection en X;Voie commuNon renseignee le;Collision par le cote;VL seul;TourNon renseignee nt A'auche;Cyclomoteur <50cm3;58;Feminin;Indemne;Non renseignee ;2;2;0;0;1;0;Senior actif (50-64);Sans pieton ;Sans moto;1 VL;Sans poids lourd;Senior actif (50-64);2 usagers
Leger;21/09/2018;14:50;Montrouge;Plein jour;Autre;Hors intersection;Route departementale;Collision par l'arriere;Non renseignee ;Changeant de file A'auche;VL seul;23;Masculin;Blessee Leger;Non renseignee ;1;2;0;0;1;0;Jeune adulte (18-24);Sans pieton;Sans moto;1 VL;Sans poids lourd;Jeune adulte (18-24);1 usager
Leger;16/05/2018;17:30;Issy-les-Moulineaux;Plein jour;Autre;Hors intersection;Route departementale;Collision par l'arriere;VL seul;Arrete (hors stationnement);Bicyclette;34;Feminin;Indemne;Non renseignee ;2;2;0;0;1;0;Adulte jeune (25-34);Sans pieton;Sans moto;1 VL;Sans poids lourd;Adulte jeune (25-34);2 usagers
Leger;23/07/2018;12:30;Chaville;Plein jour;Autre;Hors intersection;Route departementale;Collision par le cote;VL seul;S inserant;Bicyclette;68;Feminin;Indemne;Non renseignee ;2;2;0;0;1;0;Senior (65+);Sans pieton;Sans moto;1 VL;Sans poids lourd;Senior (65+);2 usagers
Leger;17/02/2018;12:30;Antony;Plein jour;Temps couvert;Intersection en T;Voie commuNon renseignee le;Autre collision;VL seul;En marche arriere;Non renseignee ;46;Masculin;Indemne;Non renseignee ;2;1;1;0;1;0;Adulte (35-49);Avec pieton;Sans moto;1 VL;Sans poids lourd;Adulte (35-49);2 usagers
Leger;22/09/2018;12:20;Asnieres-sur-Seine;Plein jour;Autre;Intersection en X;Route departementale;Autre collision;VL seul;TourNon renseignee nt A'auche;Non renseignee ;33;Masculin;Indemne;Non renseignee ;2;1;1;0;1;0;Adulte jeune (25-34);Avec pieton;Sans moto;1 VL;Sans poids lourd;Adulte jeune (25-34);2 usagers
Leger;05/04/2018;19:50;Bagneux;Plein jour;Autre;Hors intersection;Route departementale;Autre collision;VL seul;Sans changement de direction;Non renseignee ;45;Feminin;Indemne;Non renseignee ;2;1;1;0;1;0;Adulte (35-49);Avec pieton;Sans moto;1 VL;Sans poids lourd;Adulte (35-49);2 usagers
Leger;22/12/2018;20:40;Boulogne-Billancourt;Nuit avec eclairage public allumee;Autre;Intersection en T;Voie commuNon renseignee le;Autre collision;VL seul;En marche arriere;Non renseignee ;52;Masculin;Indemne;Non renseignee ;2;1;1;0;1;0;Senior actif (50-64);Avec pieton;Sans moto;1 VL;Sans poids lourd;Senior actif (50-64);2 usagers
Leger;02/05/2018;13:25;Colombes;Plein jour;Autre;Intersection en X;Voie commuNon renseignee le;Autre collision;VU seul 1,5T <= PTAC <= 3,5T;TourNon renseignee nt A$roite;Non renseignee ;33;Masculin;Indemne;Non renseignee ;2;1;1;0;1;0;Adulte jeune (25-34);Avec pieton;Sans moto;1 VL;Sans poids lourd;Adulte jeune (25-34);2 usagers
Leger;22/11/2018;08:00;Issy-les-Moulineaux;Crepuscule ou aube;Autre;Hors intersection;Route departementale;Autre collision;VL seul;Sans changement de direction;Non renseignee ;43;Feminin;Indemne;Non renseignee ;2;1;1;0;1;0;Adulte (35-49);Avec pieton;Sans moto;1 VL;Sans poids lourd;Adulte (35-49);2 usagers
Leger;12/12/2018;13:33;Montrouge;Plein jour;Autre;Hors intersection;Voie commuNon renseignee le;Autre collision;VU seul 1,5T <= PTAC <= 3,5T;Sans changement de direction;Non renseignee ;58;Masculin;Indemne;Non renseignee ;2;1;1;0;1;0;Senior actif (50-64);Avec pieton;Sans moto;1 VL;Sans poids lourd;Senior actif (50-64);2 usagers
Leger;12/10/2018;16:45;Non renseignee nterre;Plein jour;Autre;Intersection en X;Route departementale;Autre collision;VU seul 1,5T <= PTAC <= 3,5T;Sans changement de direction;Non renseignee ;20;Masculin;Indemne;Non renseignee ;2;1;1;0;1;0;Jeune adulte (18-24);Avec pieton;Sans moto;1 VL;Sans poids lourd;Jeune adulte (18-24);2 usagers
Leger;17/05/2018;08:30;Neuilly-sur-Seine;Plein jour;Autre;Intersection en T;Voie commuNon renseignee le;Autre collision;Motocyclette > 125 cm3;Sans changement de direction;Non renseignee ;68;Masculin;Indemne;Non renseignee ;2;1;1;1;0;0;Senior (65+);Avec pieton;Avec moto;Aucun VL;Sans poids lourd;Senior (65+);2 usagers
Leger;15/03/2018;21:47;Vaucresson;Nuit avec eclairage public allumee;Pluie forte;Hors intersection;Route departementale;Autre collision;VL seul;Sans changement de direction;Non renseignee ;27;Feminin;Indemne;Non renseignee ;2;1;1;0;1;0;Adulte jeune (25-34);Avec pieton;Sans moto;1 VL;Sans poids lourd;Adulte jeune (25-34);2 usagers
Leger;19/07/2018;19:30;Chaville;Plein jour;Autre;Intersection en Y;Route departementale;Autre collision;VL seul;Sans changement de direction;Non renseignee ;48;Masculin;Indemne;Non renseignee ;2;1;1;0;1;0;Adulte (35-49);Avec pieton;Sans moto;1 VL;Sans poids lourd;Adulte (35-49);2 usagers
Leger;17/05/2018;17:40;Suresnes;Plein jour;Autre;Hors intersection;Voie commuNon renseignee le;Autre collision;VL seul;Sans changement de direction;Non renseignee ;58;Masculin;Indemne;Non renseignee ;2;1;1;0;1;0;Senior actif (50-64);Avec pieton;Sans moto;1 VL;Sans poids lourd;Senior actif (50-64);2 usagers
Leger;20/02/2018;09:15;Malakoff;Plein jour;Temps eblouissant;Intersection en T;Voie commuNon renseignee le;Autre collision;VL seul;Sans changement de direction;Non renseignee ;29;Masculin;Indemne;Non renseignee ;2;1;1;0;1;0;Adulte jeune (25-34);Avec pieton;Sans moto;1 VL;Sans poids lourd;Adulte jeune (25-34);2 usagers
Leger;24/01/2018;08:15;Saint-Cloud;Plein jour;Pluie legere;Intersection en X;Voie commuNon renseignee le;Autre collision;Cyclomoteur <50cm3;Sans changement de direction;Non renseignee ;19;Feminin;Indemne;Non renseignee ;2;1;1;0;0;0;Jeune adulte (18-24);Avec pieton;Sans moto;Aucun VL;Sans poids lourd;Jeune adulte (18-24);2 usagers
Leger;22/12/2018;22:45;Gennevilliers;Nuit sanseclairage public;Autre;Hors intersection;Autoroute;Sans collision;VL seul;Se deportant A$roite;Non renseignee ;48;Masculin;Blessee Leger;Non renseignee ;1;1;0;0;1;0;Adulte (35-49);Sans pieton ;Sans moto;1 VL;Sans poids lourd;Adulte (35-49);1 usager
Leger;01/02/2018;20:30;Meudon;Nuit avec eclairage public allumee;Autre;Hors intersection;Route Non renseignee tioNon renseignee le;Collisions multiples;VU seul 1,5T <= PTAC <= 3,5T;Sans changement de direction;VU seul 1,5T <= PTAC <= 3,5T;40;Feminin;Indemne;Non renseignee ;5;4;0;0;4;0;Adulte (35-49);Sans pieton;Sans moto;3 VL ou plus;Sans poids lourd;Adulte (35-49);3-5 usagers
Leger;30/03/2018;17:45;Non renseignee nterre;Plein jour;Autre;Hors intersection;Autoroute;Sans collision;VL seul;Changeant de file A$roite;Non renseignee ;51;Masculin;Blessee Leger;Non renseignee ;1;1;0;0;1;0;Senior actif (50-64);Sans pieton;Sans moto;1 VL;Sans poids lourd;Senior actif (50-64);1 usager
Leger;18/07/2018;11:20;Colombes;Plein jour;Autre;Hors intersection;Autoroute;Collision par l'arriere;VL seul;Sans changement de direction;VL seul;37;Masculin;Blessee Leger;Non renseignee ;2;2;0;0;2;0;Adulte (35-49);Sans pieton;Sans moto;2 VL;Sans poids lourd;Adulte (35-49);2 usagers
Leger;20/07/2018;18:07;Rueil-Malmaison;Plein jour;Autre;Hors intersection;Autoroute;Collision par l'arriere;VL seul;Meme sens, Meme file;VL seul;24;Masculin;Indemne;Non renseignee ;3;2;0;0;2;0;Jeune adulte (18-24);Sans pieton;Sans moto;2 VL;Sans poids lourd;Jeune adulte (18-24);3-5 usagers
Leger;05/04/2018;19:30;Antony;Plein jour;Autre;Hors intersection;Autoroute;Collisions en chaine;VU seul 1,5T <= PTAC <= 3,5T;Meme sens, Meme file;VL seul;46;Masculin;Indemne;Non renseignee ;4;4;0;0;4;0;Adulte (35-49);Sans pieton;Sans moto;3 VL ou plus;Sans poids lourd;Adulte (35-49);3-5 usagers
Leger;23/10/2018;20:44;Antony;Nuit avec eclairage public allumee;Autre;Hors intersection;Autoroute;Collision par le cote;VL seul;Sans changement de direction;VU seul 1,5T <= PTAC <= 3,5T;42;Feminin;Indemne;Non renseignee ;2;2;0;0;2;0;Adulte (35-49);Sans pieton;Sans moto;2 VL;Sans poids lourd;Adulte (35-49);2 usagers
Leger;13/10/2018;10:25;Asnieres-sur-Seine;Plein jour;Autre;Hors intersection;Route departementale;Collision par l'arriere;VL seul;Meme sens, Meme file;VL seul;35;Feminin;Indemne;Non renseignee ;2;2;0;0;2;0;Adulte (35-49);Sans pieton;Sans moto;2 VL;Sans poids lourd;Adulte (35-49);2 usagers
Leger;26/02/2018;17:03;Vanves;Plein jour;Autre;Hors intersection;Route departementale;Collision par le cote;Autobus;Sans changement de direction;VL seul;35;Masculin;Indemne;Non renseignee ;3;2;0;0;1;0;Adulte (35-49);Sans pieton;Sans moto;1 VL;Sans poids lourd;Adulte (35-49);3-5 usagers
Leger;04/07/2018;06:45;Le Plessis-Robinson;Plein jour;Autre;Intersection en X;Route departementale;Collision par le cote;VL seul;TourNon renseignee nt A'auche;VL seul;19;Feminin;Blessee Leger;Non renseignee ;2;2;0;0;2;0;Jeune adulte (18-24);Sans pieton ;Sans moto;2 VL;Sans poids lourd;Jeune adulte (18-24);2 usagers
Leger;06/06/2018;12:10;Clichy;Plein jour;Autre;Intersection à plus de 4 branches;Route departementale;Collision par le cote;VU seul 1,5T <= PTAC <= 3,5T;Sans changement de direction;VL seul;24;Masculin;Indemne;Non renseignee ;4;2;0;0;2;0;Jeune adulte (18-24);Sans pieton;Sans moto;2 VL;Sans poids lourd;Jeune adulte (18-24);3-5 usagers
Leger;21/02/2018;09:50;Colombes;Plein jour;Autre;Intersection en X;Route departementale;Collision par le cote;VL seul;Sans changement de direction;VL seul;35;Feminin;Blessee Leger;Non renseignee ;2;2;0;0;2;0;Adulte (35-49);Sans pieton;Sans moto;2 VL;Sans poids lourd;Adulte (35-49);2 usagers
Leger;07/12/2018;23:50;Colombes;Nuit avec eclairage public allumee;Autre;Intersection en T;Route departementale;Collision par le cote;Autobus;Sans changement de direction;Autobus;30;Masculin;Indemne;Non renseignee ;5;2;0;0;0;0;Adulte jeune (25-34);Sans pieton;Sans moto;Aucun VL;Sans poids lourd;Adulte jeune (25-34);3-5 usagers
Leger;17/10/2018;10:00;Courbevoie;Plein jour;Autre;Hors intersection;Route departementale;Collision par l'arriere;VU seul 1,5T <= PTAC <= 3,5T;Meme sens, Meme file;VL seul;28;Feminin;Indemne;Non renseignee ;2;2;0;0;2;0;Adulte jeune (25-34);Sans pieton;Sans moto;2 VL;Sans poids lourd;Adulte jeune (25-34);2 usagers
Leger;10/09/2018;12:20;La Garenne-Colombes;Plein jour;Autre;Intersection en T;Route departementale;Collision par le cote;PL seul 3,5T <PTCA <= 7,5T;TourNon renseignee nt A'auche;VL seul;53;Masculin;Indemne;Non renseignee ;2;2;0;0;1;1;Senior actif (50-64);Sans pieton ;Sans moto;1 VL;Avec poids lourd;Senior actif (50-64);2 usagers
Leger;07/06/2018;20:00;Boulogne-Billancourt;Plein jour;Autre;Hors intersection;Voie commuNon renseignee le;Collision par le cote;VL seul;Ouverture de porte;Autobus;59;Feminin;Blessee Leger;Non renseignee ;2;2;0;0;1;0;Senior actif (50-64);Sans pieton;Sans moto;1 VL;Sans poids lourd;Senior actif (50-64);2 usagers
Leger;11/05/2018;17:15;Levallois-Perret;Plein jour;Autre;Intersection en X;Voie commuNon renseignee le;Collision par le cote;VL seul;Sans changement de direction;VL seul;43;Feminin;Blessee Leger;Non renseignee ;2;2;0;0;2;0;Adulte (35-49);Sans pieton;Sans moto;2 VL;Sans poids lourd;Adulte (35-49);2 usagers
Leger;25/07/2018;14:25;Levallois-Perret;Plein jour;Autre;Hors intersection;Voie commuNon renseignee le;Sans collision;VL seul;TourNon renseignee nt A$roite;Non renseignee ;46;Feminin;Blessee Leger;Non renseignee ;1;1;0;0;1;0;Adulte (35-49);Sans pieton ;Sans moto;1 VL;Sans poids lourd;Adulte (35-49);1 usager
Leger;17/11/2018;07:20;Levallois-Perret;Nuit avec eclairage public allumee;Autre;Intersection en X;Voie commuNon renseignee le;Collision par le cote;VU seul 1,5T <= PTAC <= 3,5T;Sans changement de direction;VU seul 1,5T <= PTAC <= 3,5T;29;Masculin;Indemne;Non renseignee ;4;2;0;0;2;0;Adulte jeune (25-34);Sans pieton;Sans moto;2 VL;Sans poids lourd;Adulte jeune (25-34);3-5 usagers
Leger;11/04/2018;03:20;Chatillon;Nuit avec eclairage public allumee;Autre;Hors intersection;Route departementale;Sans collision;VL seul;Se deportant A$roite;Non renseignee ;35;Feminin;Blessee Leger;Non renseignee ;1;1;0;0;1;0;Adulte (35-49);Sans pieton ;Sans moto;1 VL;Sans poids lourd;Adulte (35-49);1 usager
Leger;31/05/2018;14:25;Montrouge;Plein jour;Autre;Hors intersection;Route departementale;Sans collision;VL seul;Non renseignee ;Non renseignee ;66;Feminin;Blessee Leger;Non renseignee ;1;1;0;0;1;0;Senior (65+);Sans pieton;Sans moto;1 VL;Sans poids lourd;Senior (65+);1 usager
Leger;06/11/2018;07:40;Chatillon;Plein jour;Autre;Intersection en X;Route departementale;Collision par le cote;VU seul 1,5T <= PTAC <= 3,5T;Sans changement de direction;VL seul;51;Masculin;Blessee Leger;Non renseignee ;2;2;0;0;2;0;Senior actif (50-64);Sans pieton;Sans moto;2 VL;Sans poids lourd;Senior actif (50-64);2 usagers
Leger;06/05/2021;15:45;Antony;Plein jour;Pluie legere;Hors intersection;Autoroute;Non renseignee ;Motocyclette > 50 cm3 et <= 125 cm3;Meme sens, Meme file;VU seul 1,5T <= PTAC <= 3,5T;22;Feminin;Blessee Leger;Non renseignee ;2;2;0;1;1;0;Jeune adulte (18-24);Sans pieton;Avec moto;1 VL;Sans poids lourd;Jeune adulte (18-24);2 usagers
Leger;10/12/2019;09:55;Meudon;Plein jour;Normale;Intersection en T;Voie commuNon renseignee le;Non renseignee ;Non renseignee ;Sans changement de direction;Non renseignee ;13;Masculin;Blessee Leger;Non renseignee ;2;1;1;0;1;0;Mineur (-18 ans);Avec pieton;Sans moto;1 VL;Sans poids lourd;Mineur (-18 ans);2 usagers
Leger;11/01/2019;14:00;Meudon;Plein jour;Pluie legere;Hors intersection;Route departementale;Non renseignee ;Non renseignee ;A contresens;Autobus;41;Masculin;Blessee Leger;Non renseignee ;2;2;0;0;1;0;Adulte (35-49);Sans pieton;Sans moto;1 VL;Sans poids lourd;Adulte (35-49);2 usagers
Grave;08/03/2021;18:50;FonteNon renseignee y-aux-Roses;Nuit avec eclairage public allumee;Normale;Intersection en X;Route departementale;Non renseignee ;Scooter > 50 cm3 et <= 125 cm3;Sans changement de direction;Non renseignee ;46;Masculin;Blessee hospitalisee;Non renseignee ;3;3;0;1;2;0;Adulte (35-49);Sans pieton;Avec moto;2 VL;Sans poids lourd;Adulte (35-49);3-5 usagers
Leger;15/03/2019;16:45;Chatillon;Plein jour;Temps couvert;Hors intersection;Voie commuNon renseignee le;Non renseignee ;Non renseignee ;Depassant A'auche;EDP sans moteur;36;Feminin;Indemne;Non renseignee ;2;2;0;0;1;0;Adulte (35-49);Sans pieton;Sans moto;1 VL;Sans poids lourd;Adulte (35-49);2 usagers
Leger;19/12/2019;17:30;Meudon;Nuit avec eclairage public allumee;Normale;Hors intersection;Voie commuNon renseignee le;Non renseignee ;Motocyclette > 125 cm3;Depassant A'auche;Non renseignee ;22;Masculin;Indemne;Non renseignee ;3;2;1;1;1;0;Jeune adulte (18-24);Avec pieton;Avec moto;1 VL;Sans poids lourd;Jeune adulte (18-24);3-5 usagers