type_acci;date;heure;commune;luminosite_accident;cond_atmos;Intersection;categorie_route;type_collision;type_vehicule_1;manoeuvre_vehicule_1;type_vehicule_2;age_usager;sexe_usager;gravite_usager;etat_usager;nombre_usagers;nb_veh;nombre_pietons;nombre_motos;nombre_vl;nombre_pl;age_usa1_categ;accident_pieton;accident_moto;categorie_vl;accident_pl;categorie_age;categorie_usagers
Leger;14/01/2006;14:15;Neuilly-sur-Seine;Non renseignee ;Autre;Non renseignee ;Non renseignee ;Non renseignee ;VL seul;Non renseignee ;VL seul;38;Non renseignee ;Non renseignee ;Non renseignee ;2;2;0;0;2;0;Adulte (35-49);Sans pieton;Sans moto;2 VL;Sans poids lourd;Adulte (35-49);2 usagers
Leger;24/05/2006;14:35;Boulogne-Billancourt;Non renseignee ;Autre;Non renseignee ;Route departementale;Non renseignee ;Non renseignee ;Non renseignee ;VL seul;38;Non renseignee ;Non renseignee ;Non renseignee ;2;2;0;1;1;0;Adulte (35-49);Sans pieton;Avec moto;1 VL;Sans poids lourd;Adulte (35-49);2 usagers
Leger;02/05/2006;20:10;Gennevilliers;Non renseignee ;Autre;Non renseignee ;Non renseignee ;Non renseignee ;VL seul;Non renseignee ;Non renseignee ;38;Non renseignee ;Non renseignee ;Non renseignee ;2;1;1;0;1;0;Adulte (35-49);Avec pieton;Sans moto;1 VL;Sans poids lourd;Adulte (35-49);2 usagers
Leger;20/01/2006;20:05;Levallois-Perret;Non renseignee ;Autre;Non renseignee ;Route departementale;Non renseignee ;VL seul;Non renseignee ;Non renseignee ;38;Non renseignee ;Non renseignee ;Non renseignee ;2;2;0;1;1;0;Adulte (35-49);Sans pieton;Avec moto;1 VL;Sans poids lourd;Adulte (35-49);2 usagers
Leger;21/07/2006;13:50;Chatillon;Non renseignee ;Autre;Non renseignee ;Route departementale;Non renseignee ;VL seul;Non renseignee ;VL seul;38;Non renseignee ;Non renseignee ;Non renseignee ;2;2;0;0;2;0;Adulte (35-49);Sans pieton;Sans moto;2 VL;Sans poids lourd;Adulte (35-49);2 usagers
Leger;19/10/2006;17:35;Antony;Non renseignee ;Autre;Non renseignee ;Non renseignee ;Non renseignee ;VL seul;Non renseignee ;Non renseignee ;38;Non renseignee ;Non renseignee ;Non renseignee ;2;1;1;0;1;0;Adulte (35-49);Avec pieton;Sans moto;1 VL;Sans poids lourd;Adulte (35-49);2 usagers
Grave;25/12/2006;18:40;Antony;Non renseignee ;Autre;Non renseignee ;Route departementale;Non renseignee ;VL seul;Non renseignee ;VL seul;38;Non renseignee ;Non renseignee ;Non renseignee ;2;2;0;0;2;0;Adulte (35-49);Sans pieton;Sans moto;2 VL;Sans poids lourd;Adulte (35-49);2 usagers
Leger;15/02/2014;00:30;Bagneux;Nuit avec eclairage public allumee;Autre;Hors intersection;Route departementale;Autre collision;VL seul;Sans changement de direction;Non renseignee ;32;Feminin;Indemne;Non renseignee ;3;1;1;0;1;0;Adulte jeune (25-34);Avec pieton;Sans moto;1 VL;Sans poids lourd;Adulte jeune (25-34);3-5 usagers
Grave;14/09/2006;11:10;Montrouge;Non renseignee ;Autre;Non renseignee ;Route departementale;Non renseignee ;Cyclomoteur <50cm3;Non renseignee ;Non renseignee ;38;Non renseignee ;Non renseignee ;Non renseignee ;1;1;0;0;0;0;Adulte (35-49);Sans pieton;Sans moto;Aucun VL;Sans poids lourd;Adulte (35-49);1 usager
Leger;13/12/2014;17:35;Clamart;Nuit avec eclairage public allumee;Pluie legere;Hors intersection;Route departementale;Autre collision;VU seul 1,5T <= PTAC <= 3,5T;En marche arriere;Non renseignee ;32;Masculin;Indemne;Non renseignee ;2;1;1;0;1;0;Adulte jeune (25-34);Avec pieton;Sans moto;1 VL;Sans poids lourd;Adulte jeune (25-34);2 usagers
Leger;06/04/2006;08:37;Antony;Non renseignee ;Autre;Non renseignee ;Autoroute;Non renseignee ;Non renseignee ;Non renseignee ;VL seul;38;Non renseignee ;Non renseignee ;Non renseignee ;2;2;0;0;1;1;Adulte (35-49);Sans pieton;Sans moto;1 VL;Avec poids lourd;Adulte (35-49);2 usagers
Leger;16/01/2014;17:00;Colombes;Plein jour;Autre;Hors intersection;Voie commuNon renseignee le;Autre collision;Scooter > 50 cm3 et <= 125 cm3;A contresens;Non renseignee ;18;Masculin;Indemne;Non renseignee ;2;1;1;1;0;0;Jeune adulte (18-24);Avec pieton;Avec moto;Aucun VL;Sans poids lourd;Jeune adulte (18-24);2 usagers
Leger;15/04/2006;20:15;Villeneuve-la-Garenne;Non renseignee ;Autre;Non renseignee ;Autoroute;Non renseignee ;VL seul;Non renseignee ;Non renseignee ;38;Non renseignee ;Non renseignee ;Non renseignee ;2;1;0;0;1;0;Adulte (35-49);Sans pieton;Sans moto;1 VL;Sans poids lourd;Adulte (35-49);2 usagers
Leger;14/04/2014;18:00;Meudon;Crepuscule ou aube;Autre;Hors intersection;Voie commuNon renseignee le;Autre collision;VL seul;Sans changement de direction;Non renseignee ;21;Feminin;Indemne;Non renseignee ;2;1;1;0;1;0;Jeune adulte (18-24);Avec pieton;Sans moto;1 VL;Sans poids lourd;Jeune adulte (18-24);2 usagers
Leger;26/05/2014;12:05;Montrouge;Plein jour;Pluie legere;Intersection en T;Voie commuNon renseignee le;Autre collision;VL seul;En marche arriere;Non renseignee ;34;Feminin;Indemne;Non renseignee ;2;1;1;0;1;0;Adulte jeune (25-34);Avec pieton;Sans moto;1 VL;Sans poids lourd;Adulte jeune (25-34);2 usagers
Leger;15/06/2006;07:05;Gennevilliers;Non renseignee ;Autre;Non renseignee ;Route departementale;Non renseignee ;VU seul 1,5T <= PTAC <= 3,5T;Non renseignee ;Non renseignee ;38;Non renseignee ;Non renseignee ;Non renseignee ;1;1;0;0;1;0;Adulte (35-49);Sans pieton;Sans moto;1 VL;Sans poids lourd;Adulte (35-49);1 usager
Leger;29/01/2014;11:30;Rueil-Malmaison;Plein jour;Pluie legere;Hors intersection;Voie commuNon renseignee le;Autre collision;VL seul;En marche arriere;Non renseignee ;34;Masculin;Indemne;Non renseignee ;2;1;1;0;1;0;Adulte jeune (25-34);Avec pieton;Sans moto;1 VL;Sans poids lourd;Adulte jeune (25-34);2 usagers
Leger;08/12/2014;11:00;Saint-Cloud;Plein jour;Pluie legere;Intersection en T;Route departementale;Autre collision;VU seul 1,5T <= PTAC <= 3,5T;TourNon renseignee nt A'auche;Non renseignee ;50;Masculin;Indemne;Non renseignee ;2;1;1;0;1;0;Senior actif (50-64);Avec pieton;Sans moto;1 VL;Sans poids lourd;Senior actif (50-64);2 usagers
Leger;02/12/2014;21:50;Sevres;Nuit avec eclairage public allumee;Pluie legere;Hors intersection;Route departementale;Autre collision;VL seul;Sans changement de direction;Non renseignee ;33;Masculin;Indemne;Non renseignee ;2;1;1;0;1;0;Adulte jeune (25-34);Avec pieton;Sans moto;1 VL;Sans poids lourd;Adulte jeune (25-34);2 usagers
Leger;29/12/2014;10:45;Chaville;Plein jour;Autre;Intersection en T;Voie commuNon renseignee le;Autre collision;VL seul;Sans changement de direction;Non renseignee ;56;Masculin;Indemne;Non renseignee ;2;1;1;0;1;0;Senior actif (50-64);Avec pieton;Sans moto;1 VL;Sans poids lourd;Senior actif (50-64);2 usagers
Leger;04/12/2014;09:05;Chatillon;Plein jour;Temps couvert;Hors intersection;Route departementale;Autre collision;Scooter < 50 cm3;Sans changement de direction;Non renseignee ;15;Feminin;Indemne;Non renseignee ;2;1;1;0;0;0;Mineur (-18 ans);Avec pieton;Sans moto;Aucun VL;Sans poids lourd;Mineur (-18 ans);2 usagers
Leger;30/03/2014;18:25;Vanves;Plein jour;Autre;Intersection en T;Voie commuNon renseignee le;Autre collision;VL seul;Sans changement de direction;Non renseignee ;31;Masculin;Indemne;Non renseignee ;2;1;1;0;1;0;Adulte jeune (25-34);Avec pieton;Sans moto;1 VL;Sans poids lourd;Adulte jeune (25-34);2 usagers
Leger;23/10/2014;20:35;Colombes;Nuit avec eclairage public allumee;Autre;Hors intersection;Autoroute;Collisions multiples;VU seul 1,5T <= PTAC <= 3,5T;Non renseignee ;VL seul;37;Masculin;Indemne;Non renseignee ;3;3;0;0;3;0;Adulte (35-49);Sans pieton;Sans moto;3 VL ou plus;Sans poids lourd;Adulte (35-49);3-5 usagers
Leger;07/11/2014;22:05;Saint-Cloud;Nuit avec eclairage public allumee;Autre;Hors intersection;Autoroute;Collision par l'arriere;VL seul;Non renseignee ;VL seul;37;Masculin;Indemne;Non renseignee ;2;2;0;0;2;0;Adulte (35-49);Sans pieton;Sans moto;2 VL;Sans poids lourd;Adulte (35-49);2 usagers
Leger;30/04/2014;08:00;Asnieres-sur-Seine;Plein jour;Autre;Intersection en T;Route departementale;Collision par l'arriere;VL seul;Sans changement de direction;VL seul;58;Feminin;Blessee Leger;Non renseignee ;1;2;0;0;2;0;Senior actif (50-64);Sans pieton;Sans moto;2 VL;Sans poids lourd;Senior actif (50-64);1 usager
Leger;11/04/2014;03:35;Boulogne-Billancourt;Nuit avec eclairage public allumee;Autre;Hors intersection;Route departementale;Collision par l'arriere;VL seul;Sans changement de direction;VL seul;27;Feminin;Blessee Leger;Non renseignee ;1;2;0;0;2;0;Adulte jeune (25-34);Sans pieton;Sans moto;2 VL;Sans poids lourd;Adulte jeune (25-34);1 usager
Leger;18/03/2014;12:00;Asnieres-sur-Seine;Plein jour;Autre;Hors intersection;Route departementale;Collisions multiples;PL seul > 7,5T;Meme sens, Meme file;VL seul;35;Masculin;Indemne;Non renseignee ;3;3;0;0;2;1;Adulte (35-49);Sans pieton;Sans moto;2 VL;Avec poids lourd;Adulte (35-49);3-5 usagers
Leger;20/02/2014;12:00;Colombes;Plein jour;Pluie legere;Intersection en X;Route departementale;Sans collision;VL seul;Sans changement de direction;Non renseignee ;61;Masculin;Blessee Leger;Non renseignee ;1;1;0;0;1;0;Senior actif (50-64);Sans pieton;Sans moto;1 VL;Sans poids lourd;Senior actif (50-64);1 usager
Leger;16/10/2014;10:50;Clamart;Plein jour;Autre;Hors intersection;Voie commuNon renseignee le;Collision par l'arriere;PL seul 3,5T <PTCA <= 7,5T;Meme sens, Meme file;VL seul;40;Masculin;Indemne;Non renseignee ;3;2;0;0;1;1;Adulte (35-49);Sans pieton;Sans moto;1 VL;Avec poids lourd;Adulte (35-49);3-5 usagers
Leger;19/12/2014;13:10;Colombes;Plein jour;Autre;Hors intersection;Route departementale;Collision par le cote;VL seul;Sans changement de direction;VL seul;59;Feminin;Blessee Leger;Non renseignee ;2;2;0;0;2;0;Senior actif (50-64);Sans pieton;Sans moto;2 VL;Sans poids lourd;Senior actif (50-64);2 usagers
Leger;13/06/2014;15:15;Courbevoie;Plein jour;Autre;Hors intersection;Route departementale;Collision par le cote;VL seul;Changeant de file A'auche;VL seul;25;Masculin;Indemne;Non renseignee ;2;2;0;0;2;0;Adulte jeune (25-34);Sans pieton;Sans moto;2 VL;Sans poids lourd;Adulte jeune (25-34);2 usagers
Leger;01/07/2014;19:45;Gennevilliers;Plein jour;Autre;Hors intersection;Route departementale;Sans collision;VL seul;En faisant demi-tour sur la chaussee;Non renseignee ;43;Feminin;Blessee Leger;Non renseignee ;1;1;0;0;1;0;Adulte (35-49);Sans pieton;Sans moto;1 VL;Sans poids lourd;Adulte (35-49);1 usager
Leger;01/04/2014;16:10;Non renseignee nterre;Plein jour;Autre;Intersection en X;Route departementale;Collision par l'arriere;VL seul;Meme sens, Meme file;VL seul;50;Masculin;Blessee Leger;Non renseignee ;2;2;0;0;2;0;Senior actif (50-64);Sans pieton;Sans moto;2 VL;Sans poids lourd;Senior actif (50-64);2 usagers
Leger;18/07/2014;09:40;Non renseignee nterre;Plein jour;Autre;Intersection en X;Route departementale;Collision par l'arriere;VL seul;Meme sens, Meme file;VL seul;28;Feminin;Indemne;Non renseignee ;2;2;0;0;2;0;Adulte jeune (25-34);Sans pieton;Sans moto;2 VL;Sans poids lourd;Adulte jeune (25-34);2 usagers
Leger;02/08/2014;09:55;Non renseignee nterre;Plein jour;Autre;Hors intersection;Route departementale;Sans collision;VU seul 1,5T <= PTAC <= 3,5T;Sans changement de direction;Non renseignee ;66;Masculin;Blessee Leger;Non renseignee ;1;1;0;0;1;0;Senior (65+);Sans pieton;Sans moto;1 VL;Sans poids lourd;Senior (65+);1 usager
Leger;29/05/2014;14:20;Neuilly-sur-Seine;Plein jour;Autre;Hors intersection;Route Non renseignee tioNon renseignee le;Sans collision;VL seul;Se deportant A$roite;Non renseignee ;27;Feminin;Blessee Leger;Non renseignee ;1;1;0;0;1;0;Adulte jeune (25-34);Sans pieton ;Sans moto;1 VL;Sans poids lourd;Adulte jeune (25-34);1 usager
Leger;21/09/2014;14:30;Sevres;Plein jour;Pluie legere;Intersection en Y;Route departementale;Sans collision;VL seul;TourNon renseignee nt A$roite;Non renseignee ;36;Masculin;Blessee Leger;Non renseignee ;1;1;0;0;1;0;Adulte (35-49);Sans pieton ;Sans moto;1 VL;Sans poids lourd;Adulte (35-49);1 usager
Leger;25/08/2014;07:30;Suresnes;Plein jour;Pluie forte;Intersection en T;Route departementale;Sans collision;VL seul;Non renseignee ;Non renseignee ;19;Masculin;Blessee Leger;Non renseignee ;1;1;0;0;1;0;Jeune adulte (18-24);Sans pieton;Sans moto;1 VL;Sans poids lourd;Jeune adulte (18-24);1 usager
Leger;27/11/2014;17:50;Suresnes;Nuit avec eclairage public allumee;Autre;Hors intersection;Route departementale;Sans collision;VL seul;Se deportant A$roite;Non renseignee ;60;Feminin;Blessee Leger;Non renseignee ;1;1;0;0;1;0;Senior actif (50-64);Sans pieton ;Sans moto;1 VL;Sans poids lourd;Senior actif (50-64);1 usager
Leger;24/12/2014;14:20;Non renseignee nterre;Plein jour;Autre;Hors intersection;Voie commuNon renseignee le;Collision frontale;Scooter < 50 cm3;Sans changement de direction;VL seul;16;Masculin;Indemne;Non renseignee ;2;2;0;0;1;0;Mineur (-18 ans);Sans pieton;Sans moto;1 VL;Sans poids lourd;Mineur (-18 ans);2 usagers
Leger;05/06/2014;10:15;Malakoff;Plein jour;Autre;Hors intersection;Route departementale;Collision par le cote;VU seul 1,5T <= PTAC <= 3,5T;Changeant de file A'auche;PL seul > 7,5T;30;Masculin;Blessee Leger;Non renseignee ;2;2;0;0;1;1;Adulte jeune (25-34);Sans pieton;Sans moto;1 VL;Avec poids lourd;Adulte jeune (25-34);2 usagers
Leger;23/09/2014;11:50;Malakoff;Plein jour;Autre;Giratoire;Route departementale;Collision par l'arriere;VL seul;Sans changement de direction;VL seul;69;Masculin;Blessee Leger;Non renseignee ;1;2;0;0;2;0;Senior (65+);Sans pieton;Sans moto;2 VL;Sans poids lourd;Senior (65+);1 usager
Leger;22/08/2014;09:15;Vanves;Plein jour;Autre;Hors intersection;Voie commuNon renseignee le;Collision par le cote;PL seul 3,5T <PTCA <= 7,5T;Sans changement de direction;VL seul;30;Masculin;Indemne;Non renseignee ;3;2;0;0;1;1;Adulte jeune (25-34);Sans pieton;Sans moto;1 VL;Avec poids lourd;Adulte jeune (25-34);3-5 usagers
Leger;10/08/2014;15:00;Villeneuve-la-Garenne;Plein jour;Pluie forte;Intersection en T;Route departementale;Collision par l'arriere;VL seul;Meme sens, Meme file;VL seul;35;Masculin;Indemne;Non renseignee ;3;2;0;0;2;0;Adulte (35-49);Sans pieton;Sans moto;2 VL;Sans poids lourd;Adulte (35-49);3-5 usagers
Leger;09/02/2014;11:10;Courbevoie;Plein jour;Autre;Hors intersection;Route departementale;Collision par l'arriere;VL seul;Meme sens, Meme file;VL seul;43;Masculin;Indemne;Non renseignee ;3;2;0;0;2;0;Adulte (35-49);Sans pieton;Sans moto;2 VL;Sans poids lourd;Adulte (35-49);3-5 usagers
Mortel;06/02/2015;15:50;Levallois-Perret;Plein jour;Autre;Intersection en T;Voie commuNon renseignee le;Autre collision;VU seul 1,5T <= PTAC <= 3,5T;En marche arriere;Non renseignee ;22;Masculin;Indemne;Non renseignee ;2;1;1;0;1;0;Jeune adulte (18-24);Avec pieton;Sans moto;1 VL;Sans poids lourd;Jeune adulte (18-24);2 usagers
Grave;04/03/2015;13:50;Asnieres-sur-Seine;Plein jour;Autre;Hors intersection;Route Non renseignee tioNon renseignee le;Collisions en chaine;Scooter > 125 cm3;Meme sens, Meme file;VL seul;26;Masculin;Blessee hospitalisee;Non renseignee ;3;3;0;1;2;0;Adulte jeune (25-34);Sans pieton;Avec moto;2 VL;Sans poids lourd;Adulte jeune (25-34);3-5 usagers
Grave;16/04/2015;17:30;Boulogne-Billancourt;Plein jour;Autre;Hors intersection;Autoroute;Collision par le cote;VL seul;Se deportant A$roite;Scooter > 125 cm3;46;Masculin;Indemne;Non renseignee ;2;2;0;1;1;0;Adulte (35-49);Sans pieton ;Avec moto;1 VL;Sans poids lourd;Adulte (35-49);2 usagers
Grave;24/06/2015;17:32;Colombes;Plein jour;Autre;Hors intersection;Autoroute;Collisions multiples;Motocyclette > 125 cm3;Entre 2 files;VU seul 1,5T <= PTAC <= 3,5T;32;Masculin;Blessee hospitalisee;Non renseignee ;3;3;0;1;1;0;Adulte jeune (25-34);Sans pieton;Avec moto;1 VL;Sans poids lourd;Adulte jeune (25-34);3-5 usagers
Grave;19/08/2015;08:27;Colombes;Plein jour;Autre;Hors intersection;Autoroute;Collision par le cote;Motocyclette > 125 cm3;Non renseignee ;VL seul;59;Masculin;Blessee hospitalisee;Non renseignee ;4;2;0;1;1;0;Senior actif (50-64);Sans pieton;Avec moto;1 VL;Sans poids lourd;Senior actif (50-64);3-5 usagers
Grave;06/10/2015;11:40;Puteaux;Plein jour;Autre;Hors intersection;Autoroute;Sans collision;Motocyclette > 125 cm3;Sans changement de direction;Non renseignee ;42;Feminin;Blessee hospitalisee;Non renseignee ;1;1;0;1;0;0;Adulte (35-49);Sans pieton;Avec moto;Aucun VL;Sans poids lourd;Adulte (35-49);1 usager
Grave;26/05/2015;23:40;Asnieres-sur-Seine;Plein jour;Autre;Intersection en Y;Route departementale;Collision par le cote;Motocyclette > 50 cm3 et <= 125 cm3;Sans changement de direction;VL seul;43;Masculin;Blessee hospitalisee;Non renseignee ;2;2;0;1;1;0;Adulte (35-49);Sans pieton;Avec moto;1 VL;Sans poids lourd;Adulte (35-49);2 usagers
Grave;15/04/2015;13:35;Bagneux;Plein jour;Autre;Giratoire;Route departementale;Collision par le cote;Motocyclette > 125 cm3;TourNon renseignee nt A$roite;VL seul;35;Masculin;Blessee hospitalisee;Non renseignee ;3;2;0;1;1;0;Adulte (35-49);Sans pieton ;Avec moto;1 VL;Sans poids lourd;Adulte (35-49);3-5 usagers
Grave;13/10/2015;19:40;Colombes;Plein jour;Autre;Hors intersection;Route departementale;Collision par le cote;VL seul;Changeant de file A'auche;Motocyclette > 125 cm3;20;Masculin;Indemne;Non renseignee ;2;2;0;1;1;0;Jeune adulte (18-24);Sans pieton;Avec moto;1 VL;Sans poids lourd;Jeune adulte (18-24);2 usagers
Grave;31/03/2015;17:15;Neuilly-sur-Seine;Plein jour;Autre;Hors intersection;Voie commuNon renseignee le;Collision par le cote;Motocyclette > 125 cm3;Non renseignee ;VL seul;37;Masculin;Blessee hospitalisee;Non renseignee ;2;2;0;1;1;0;Adulte (35-49);Sans pieton;Avec moto;1 VL;Sans poids lourd;Adulte (35-49);2 usagers
Leger;04/12/2006;18:25;Montrouge;Non renseignee ;Autre;Non renseignee ;Route departementale;Non renseignee ;VL seul;Non renseignee ;VL seul;38;Non renseignee ;Non renseignee ;Non renseignee ;2;2;0;0;2;0;Adulte (35-49);Sans pieton;Sans moto;2 VL;Sans poids lourd;Adulte (35-49);2 usagers
Grave;04/03/2006;11:45;Villeneuve-la-Garenne;Non renseignee ;Autre;Non renseignee ;Route departementale;Non renseignee ;VL seul;Non renseignee ;Non renseignee ;38;Non renseignee ;Non renseignee ;Non renseignee ;2;1;1;0;1;0;Adulte (35-49);Avec pieton;Sans moto;1 VL;Sans poids lourd;Adulte (35-49);2 usagers
Leger;20/06/2006;20:50;Montrouge;Non renseignee ;Autre;Non renseignee ;Route departementale;Non renseignee ;Bicyclette;Non renseignee ;VL seul;38;Non renseignee ;Non renseignee ;Non renseignee ;1;2;0;0;1;0;Adulte (35-49);Sans pieton;Sans moto;1 VL;Sans poids lourd;Adulte (35-49);1 usager
Leger;27/01/2006;11:50;Montrouge;Non renseignee ;Autre;Non renseignee ;Route departementale;Non renseignee ;Non renseignee ;Non renseignee ;VL seul;38;Non renseignee ;Non renseignee ;Non renseignee ;2;2;0;1;1;0;Adulte (35-49);Sans pieton;Avec moto;1 VL;Sans poids lourd;Adulte (35-49);2 usagers
Leger;25/03/2007;09:20;Rueil-Malmaison;Plein jour;Pluie legere;Intersection en Y;Route departementale;Collision frontale;VL seul;Se deportant A$roite;VL seul;23;Masculin;Blessee Leger;Non renseignee ;6;2;0;0;2;0;Jeune adulte (18-24);Sans pieton ;Sans moto;2 VL;Sans poids lourd;Jeune adulte (18-24);Plus de 5 usagers
Grave;11/03/2007;01:10;Rueil-Malmaison;Nuit avec eclairage public allumee;Autre;Hors intersection;Route departementale;Collision par l'arriere;VL seul;En faisant demi-tour sur la chaussee;Motocyclette > 125 cm3;24;Feminin;Indemne;Non renseignee ;6;2;0;1;1;0;Jeune adulte (18-24);Sans pieton;Avec moto;1 VL;Sans poids lourd;Jeune adulte (18-24);Plus de 5 usagers
Grave;28/03/2007;14:00;Non renseignee nterre;Plein jour;Autre;Hors intersection;Non renseignee ;Collision frontale;Cyclomoteur <50cm3;Sans changement de direction;VU seul 1,5T <= PTAC <= 3,5T;24;Masculin;Blessee hospitalisee;Non renseignee ;2;2;0;0;1;0;Jeune adulte (18-24);Sans pieton;Sans moto;1 VL;Sans poids lourd;Jeune adulte (18-24);2 usagers
Leger;18/09/2008;15:55;Boulogne-Billancourt;Plein jour;Autre;Hors intersection;Voie commuNon renseignee le;Collision par le cote;Motocyclette > 50 cm3 et <= 125 cm3;TourNon renseignee nt A'auche;Motocyclette > 50 cm3 et <= 125 cm3;44;Masculin;Blessee Leger;Non renseignee ;2;2;0;2;0;0;Adulte (35-49);Sans pieton ;Avec moto;Aucun VL;Sans poids lourd;Adulte (35-49);2 usagers
Leger;16/11/2008;09:35;Boulogne-Billancourt;Plein jour;Autre;Intersection en X;Voie commuNon renseignee le;Collision frontale;VL seul;TourNon renseignee nt A'auche;Scooter > 50 cm3 et <= 125 cm3;41;Masculin;Blessee Leger;Non renseignee ;2;2;0;1;1;0;Adulte (35-49);Sans pieton ;Avec moto;1 VL;Sans poids lourd;Adulte (35-49);2 usagers
Leger;15/10/2007;21:15;Ville d'Avray;Nuit avec eclairage public allumee;Autre;Hors intersection;Route departementale;Autre collision;VL seul;Se deportant A$roite;Non renseignee ;57;Masculin;Indemne;Non renseignee ;2;1;1;0;1;0;Senior actif (50-64);Avec pieton;Sans moto;1 VL;Sans poids lourd;Senior actif (50-64);2 usagers
Leger;04/11/2008;13:35;FonteNon renseignee y-aux-Roses;Plein jour;Autre;Intersection en T;Route departementale;Collision par le cote;VL seul;Sans changement de direction;Bicyclette;44;Feminin;Indemne;Non renseignee ;2;2;0;0;1;0;Adulte (35-49);Sans pieton;Sans moto;1 VL;Sans poids lourd;Adulte (35-49);2 usagers
Leger;16/11/2007;21:00;Non renseignee nterre;Crepuscule ou aube;Autre;Intersection en Y;Route departementale;Collision par le cote;VL seul;Changeant de file A$roite;Motocyclette > 125 cm3;20;Masculin;Indemne;Non renseignee ;2;2;0;1;1;0;Jeune adulte (18-24);Sans pieton;Avec moto;1 VL;Sans poids lourd;Jeune adulte (18-24);2 usagers
Leger;30/06/2007;00:10;Saint-Cloud;Nuit avec eclairage public allumee;Pluie legere;Place;Route departementale;Sans collision;VL seul;TourNon renseignee nt A$roite;Non renseignee ;25;Masculin;Blessee Leger;Non renseignee ;1;1;0;0;1;0;Adulte jeune (25-34);Sans pieton ;Sans moto;1 VL;Sans poids lourd;Adulte jeune (25-34);1 usager
Grave;23/01/2007;12:55;Saint-Cloud;Plein jour;Autre;Hors intersection;Route departementale;Sans collision;Motocyclette > 125 cm3;Sans changement de direction;Non renseignee ;29;Masculin;Blessee hospitalisee;Non renseignee ;1;1;0;1;0;0;Adulte jeune (25-34);Sans pieton;Avec moto;Aucun VL;Sans poids lourd;Adulte jeune (25-34);1 usager
Leger;06/02/2008;09:40;Clichy;Plein jour;Autre;Intersection en X;Route departementale;Autre collision;Scooter > 50 cm3 et <= 125 cm3;Sans changement de direction;Non renseignee ;33;Masculin;Indemne;Non renseignee ;2;1;1;1;0;0;Adulte jeune (25-34);Avec pieton;Avec moto;Aucun VL;Sans poids lourd;Adulte jeune (25-34);2 usagers
Leger;16/11/2007;23:15;Courbevoie;Nuit avec eclairage public allumee;Autre;Intersection en X;Route departementale;Collision par le cote;Bicyclette;Sans changement de direction;Scooter < 50 cm3;17;Masculin;Blessee Leger;Non renseignee ;2;2;0;0;0;0;Mineur (-18 ans);Sans pieton;Sans moto;Aucun VL;Sans poids lourd;Mineur (-18 ans);2 usagers
Leger;17/02/2008;23:35;Clichy;Nuit avec eclairage public allumee;Autre;Hors intersection;Route departementale;Collisions en chaine;VU seul 1,5T <= PTAC <= 3,5T;Meme sens, Meme file;VL seul;48;Masculin;Indemne;Non renseignee ;4;3;0;0;3;0;Adulte (35-49);Sans pieton;Sans moto;3 VL ou plus;Sans poids lourd;Adulte (35-49);3-5 usagers
Leger;16/03/2008;13:30;Clichy;Plein jour;Autre;Intersection en X;Route departementale;Autre collision;VL seul;Sans changement de direction;Non renseignee ;60;Masculin;Indemne;Non renseignee ;2;1;1;0;1;0;Senior actif (50-64);Avec pieton;Sans moto;1 VL;Sans poids lourd;Senior actif (50-64);2 usagers
Leger;24/05/2007;17:05;Rueil-Malmaison;Plein jour;Autre;Hors intersection;Route departementale;Autre collision;Autocar;Sans changement de direction;Non renseignee ;37;Masculin;Indemne;Non renseignee ;2;1;1;0;0;0;Adulte (35-49);Avec pieton;Sans moto;Aucun VL;Sans poids lourd;Adulte (35-49);2 usagers
Grave;16/04/2007;00:25;Non renseignee nterre;Nuit avec eclairage public allumee;Autre;Intersection en T;Route departementale;Sans collision;VL seul;Traversant la  chaussee;Non renseignee ;28;Feminin;Blessee hospitalisee;Non renseignee ;1;1;0;0;1;0;Adulte jeune (25-34);Sans pieton;Sans moto;1 VL;Sans poids lourd;Adulte jeune (25-34);1 usager
Leger;19/10/2007;20:40;Non renseignee nterre;Crepuscule ou aube;Autre;Intersection en X;Route departementale;Autre collision;VL seul;Sans changement de direction;Non renseignee ;25;Feminin;Indemne;Non renseignee ;2;1;1;0;1;0;Adulte jeune (25-34);Avec pieton;Sans moto;1 VL;Sans poids lourd;Adulte jeune (25-34);2 usagers
Leger;08/10/2008;17:50;Clichy;Plein jour;Autre;Hors intersection;Voie commuNon renseignee le;Autre collision;Scooter > 50 cm3 et <= 125 cm3;Sans changement de direction;Non renseignee ;45;Feminin;Blessee Leger;Non renseignee ;2;1;1;1;0;0;Adulte (35-49);Avec pieton;Avec moto;Aucun VL;Sans poids lourd;Adulte (35-49);2 usagers
Leger;15/11/2008;14:05;Clichy;Plein jour;Autre;Hors intersection;Route departementale;Collision par le cote;VL seul;En faisant demi-tour sur la chaussee;Motocyclette > 125 cm3;84;Masculin;Indemne;Non renseignee ;2;2;0;1;1;0;Senior (65+);Sans pieton;Avec moto;1 VL;Sans poids lourd;Senior (65+);2 usagers