type_acci;date;heure;commune;luminosite_accident;cond_atmos;Intersection;categorie_route;type_collision;type_vehicule_1;manoeuvre_vehicule_1;type_vehicule_2;age_usager;sexe_usager;gravite_usager;etat_usager;nombre_usagers;nb_veh;nombre_pietons;nombre_motos;nombre_vl;nombre_pl;age_usa1_categ;accident_pieton;accident_moto;categorie_vl;accident_pl;categorie_age;categorie_usagers
Leger;09/11/2016;21:27;Issy-les-Moulineaux;Nuit avec eclairage public allumee;Pluie forte;Intersection en X;Route departementale;Autre collision;Motocyclette > 125 cm3;Sans changement de direction;Non renseignee ;29;Masculin;Indemne;Non renseignee ;2;1;1;1;0;0;Adulte jeune (25-34);Avec pieton;Avec moto;Aucun VL;Sans poids lourd;Adulte jeune (25-34);2 usagers
Leger;14/12/2016;09:05;Issy-les-Moulineaux;Plein jour;Autre;Hors intersection;Route departementale;Autre collision;VL seul;Sans changement de direction;Non renseignee ;38;Masculin;Indemne;Non renseignee ;2;1;1;0;1;0;Adulte (35-49);Avec pieton;Sans moto;1 VL;Sans poids lourd;Adulte (35-49);2 usagers
Leger;05/01/2016;08:55;Levallois-Perret;Crepuscule ou aube;Pluie legere;Intersection en X;Voie commuNon renseignee le;Autre collision;VL seul;Sans changement de direction;Non renseignee ;35;Masculin;Indemne;Non renseignee ;2;1;1;0;1;0;Adulte (35-49);Avec pieton;Sans moto;1 VL;Sans poids lourd;Adulte (35-49);2 usagers
Leger;14/10/2016;19:00;Levallois-Perret;Crepuscule ou aube;Autre;Intersection en X;Voie commuNon renseignee le;Autre collision;VL seul;TourNon renseignee nt A'auche;Non renseignee ;45;Feminin;Indemne;Non renseignee ;2;1;1;0;1;0;Adulte (35-49);Avec pieton;Sans moto;1 VL;Sans poids lourd;Adulte (35-49);2 usagers
Leger;29/09/2016;16:50;Chatillon;Plein jour;Autre;Intersection en X;Voie commuNon renseignee le;Autre collision;VU seul 1,5T <= PTAC <= 3,5T;Sans changement de direction;Non renseignee ;18;Feminin;Blessee Leger;Non renseignee ;1;1;1;0;1;0;Jeune adulte (18-24);Avec pieton;Sans moto;1 VL;Sans poids lourd;Jeune adulte (18-24);1 usager
Leger;07/03/2016;17:20;Rueil-Malmaison;Plein jour;Autre;Hors intersection;Voie commuNon renseignee le;Autre collision;VL seul;Sans changement de direction;Non renseignee ;41;Feminin;Indemne;Non renseignee ;2;1;1;0;1;0;Adulte (35-49);Avec pieton;Sans moto;1 VL;Sans poids lourd;Adulte (35-49);2 usagers
Leger;05/12/2016;16:05;Sevres;Plein jour;Autre;Intersection en X;Route departementale;Autre collision;Motocyclette > 125 cm3;Sans changement de direction;Non renseignee ;16;Feminin;Blessee Leger;Non renseignee ;1;1;1;1;0;0;Mineur (-18 ans);Avec pieton;Avec moto;Aucun VL;Sans poids lourd;Mineur (-18 ans);1 usager
Leger;08/11/2016;13:05;Suresnes;Plein jour;Autre;Intersection en T;Voie commuNon renseignee le;Autre collision;VL seul;En marche arriere;Non renseignee ;44;Feminin;Indemne;Non renseignee ;2;1;1;0;1;0;Adulte (35-49);Avec pieton;Sans moto;1 VL;Sans poids lourd;Adulte (35-49);2 usagers
Leger;22/03/2016;17:35;Villeneuve-la-Garenne;Plein jour;Autre;Intersection en X;Route departementale;Autre collision;Bicyclette;Sans changement de direction;Non renseignee ;52;Masculin;Indemne;Non renseignee ;2;1;1;0;0;0;Senior actif (50-64);Avec pieton;Sans moto;Aucun VL;Sans poids lourd;Senior actif (50-64);2 usagers
Leger;07/06/2016;13:40;Villeneuve-la-Garenne;Plein jour;Autre;Hors intersection;Voie commuNon renseignee le;Autre collision;VL seul;En marche arriere;Non renseignee ;18;Masculin;Indemne;Non renseignee ;2;1;1;0;1;0;Jeune adulte (18-24);Avec pieton;Sans moto;1 VL;Sans poids lourd;Jeune adulte (18-24);2 usagers
Leger;22/09/2016;14:30;Gennevilliers;Plein jour;Autre;Hors intersection;Autoroute;Collision par l'arriere;VL seul;Meme sens, Meme file;VL seul;69;Feminin;Indemne;Non renseignee ;2;2;0;0;2;0;Senior (65+);Sans pieton;Sans moto;2 VL;Sans poids lourd;Senior (65+);2 usagers
Leger;15/10/2016;21:45;Gennevilliers;Nuit sanseclairage public;Autre;Hors intersection;Autoroute;Collision par l'arriere;VL seul;Meme sens, Meme file;VL seul;30;Feminin;Indemne;Non renseignee ;3;2;0;0;2;0;Adulte jeune (25-34);Sans pieton;Sans moto;2 VL;Sans poids lourd;Adulte jeune (25-34);3-5 usagers
Leger;27/05/2016;00:35;Non renseignee nterre;Nuit avec eclairage public allumee;Autre;Hors intersection;Autoroute;Sans collision;VL seul;Non renseignee ;Non renseignee ;54;Masculin;Blessee Leger;Non renseignee ;1;1;0;0;1;0;Senior actif (50-64);Sans pieton;Sans moto;1 VL;Sans poids lourd;Senior actif (50-64);1 usager
Leger;06/08/2016;14:27;Non renseignee nterre;Plein jour;Autre;Hors intersection;Autoroute;Sans collision;VL seul;Sans changement de direction;Non renseignee ;33;Masculin;Blessee Leger;Non renseignee ;1;1;0;0;1;0;Adulte jeune (25-34);Sans pieton;Sans moto;1 VL;Sans poids lourd;Adulte jeune (25-34);1 usager
Leger;08/02/2016;21:50;Antony;Nuit sanseclairage public;Autre;Hors intersection;Autoroute;Sans collision;VL seul;Sans changement de direction;Non renseignee ;23;Masculin;Blessee Leger;Non renseignee ;1;1;0;0;1;0;Jeune adulte (18-24);Sans pieton;Sans moto;1 VL;Sans poids lourd;Jeune adulte (18-24);1 usager
Leger;07/05/2016;16:45;Antony;Plein jour;Autre;Hors intersection;Autoroute;Collisions en chaine;VL seul;Meme sens, Meme file;VL seul;42;Masculin;Indemne;Non renseignee ;4;3;0;0;3;0;Adulte (35-49);Sans pieton;Sans moto;3 VL ou plus;Sans poids lourd;Adulte (35-49);3-5 usagers
Leger;10/01/2016;18:05;Antony;Nuit avec eclairage public allumee;Autre;Hors intersection;Route departementale;Collision par l'arriere;VL seul;Meme sens, Meme file;VL seul;23;Masculin;Indemne;Non renseignee ;2;2;0;0;2;0;Jeune adulte (18-24);Sans pieton;Sans moto;2 VL;Sans poids lourd;Jeune adulte (18-24);2 usagers
Leger;11/07/2016;01:15;Boulogne-Billancourt;Nuit avec eclairage public allumee;Autre;Intersection en X;Route departementale;Collision par le cote;VL seul;Sans changement de direction;VL seul;20;Masculin;Blessee Leger;Non renseignee ;4;2;0;0;2;0;Jeune adulte (18-24);Sans pieton;Sans moto;2 VL;Sans poids lourd;Jeune adulte (18-24);3-5 usagers
Leger;19/10/2008;19:25;Sevres;Nuit avec eclairage public allumee;Autre;Intersection en Y;Route Non renseignee tioNon renseignee le;Sans collision;Motocyclette > 125 cm3;Sans changement de direction;Non renseignee ;26;Masculin;Blessee Leger;Non renseignee ;1;1;0;1;0;0;Adulte jeune (25-34);Sans pieton;Avec moto;Aucun VL;Sans poids lourd;Adulte jeune (25-34);1 usager
Leger;09/01/2008;18:00;Malakoff;Nuit avec eclairage public allumee;Autre;Hors intersection;Voie commuNon renseignee le;Autre collision;VL seul;Sans changement de direction;Non renseignee ;43;Masculin;Indemne;Non renseignee ;2;1;1;0;1;0;Adulte (35-49);Avec pieton;Sans moto;1 VL;Sans poids lourd;Adulte (35-49);2 usagers
Leger;14/02/2008;20:20;Vanves;Nuit avec eclairage public allumee;Autre;Hors intersection;Route departementale;Collision par l'arriere;Scooter < 50 cm3;Meme sens, Meme file;VL seul;30;Masculin;Blessee Leger;Non renseignee ;3;2;0;0;1;0;Adulte jeune (25-34);Sans pieton;Sans moto;1 VL;Sans poids lourd;Adulte jeune (25-34);3-5 usagers
Grave;19/03/2008;16:05;Vanves;Plein jour;Autre;Intersection en X;Voie commuNon renseignee le;Autre collision;VL seul;TourNon renseignee nt A$roite;Non renseignee ;34;Feminin;Indemne;Non renseignee ;2;1;1;0;1;0;Adulte jeune (25-34);Avec pieton;Sans moto;1 VL;Sans poids lourd;Adulte jeune (25-34);2 usagers
Leger;30/06/2008;19:00;Puteaux;Plein jour;Autre;Hors intersection;Route Non renseignee tioNon renseignee le;Collision par le cote;Motocyclette > 125 cm3;Sans changement de direction;VU seul 1,5T <= PTAC <= 3,5T;37;Masculin;Blessee Leger;Non renseignee ;2;2;0;1;1;0;Adulte (35-49);Sans pieton;Avec moto;1 VL;Sans poids lourd;Adulte (35-49);2 usagers
Leger;08/07/2008;09:25;Gennevilliers;Plein jour;Temps couvert;Hors intersection;Autoroute;Collision par l'arriere;Motocyclette > 125 cm3;Changeant de file A$roite;VL seul;49;Masculin;Blessee Leger;Non renseignee ;2;2;0;1;1;0;Adulte (35-49);Sans pieton;Avec moto;1 VL;Sans poids lourd;Adulte (35-49);2 usagers
Leger;29/09/2016;15:55;Boulogne-Billancourt;Plein jour;Autre;Hors intersection;Voie commuNon renseignee le;Collision par le cote;VL seul;Manoeuvre de stationnement;VL seul;61;Feminin;Indemne;Non renseignee ;3;2;0;0;2;0;Senior actif (50-64);Sans pieton;Sans moto;2 VL;Sans poids lourd;Senior actif (50-64);3-5 usagers
Leger;27/10/2016;13:30;Boulogne-Billancourt;Plein jour;Autre;Intersection en X;Voie commuNon renseignee le;Collision par le cote;VL seul;Sans changement de direction;VL seul;27;Feminin;Blessee Leger;Non renseignee ;2;2;0;0;2;0;Adulte jeune (25-34);Sans pieton;Sans moto;2 VL;Sans poids lourd;Adulte jeune (25-34);2 usagers
Leger;11/02/2016;23:50;Le Plessis-Robinson;Nuit avec eclairage public allumee;Autre;Hors intersection;Route departementale;Collision par l'arriere;VL seul;Sans changement de direction;VL seul;38;Masculin;Blessee Leger;Non renseignee ;2;2;0;0;2;0;Adulte (35-49);Sans pieton;Sans moto;2 VL;Sans poids lourd;Adulte (35-49);2 usagers
Leger;07/04/2016;19:17;Clamart;Plein jour;Autre;Hors intersection;Voie commuNon renseignee le;Collision par l'arriere;VU seul 1,5T <= PTAC <= 3,5T;Meme sens, Meme file;VU seul 1,5T <= PTAC <= 3,5T;31;Masculin;Indemne;Non renseignee ;4;2;0;0;2;0;Adulte jeune (25-34);Sans pieton;Sans moto;2 VL;Sans poids lourd;Adulte jeune (25-34);3-5 usagers
Leger;29/04/2016;15:30;La Garenne-Colombes;Plein jour;Pluie legere;Intersection en X;Route departementale;Sans collision;VL seul;TourNon renseignee nt A$roite;Non renseignee ;35;Feminin;Blessee Leger;Non renseignee ;1;1;0;0;1;0;Adulte (35-49);Sans pieton ;Sans moto;1 VL;Sans poids lourd;Adulte (35-49);1 usager
Leger;07/06/2016;02:30;Gennevilliers;Nuit sanseclairage public;Autre;Hors intersection;Voie commuNon renseignee le;Sans collision;VL seul;Sedeportant A'auche;Non renseignee ;51;Masculin;Blessee Leger;Non renseignee ;1;1;0;0;1;0;Senior actif (50-64);Sans pieton ;Sans moto;1 VL;Sans poids lourd;Senior actif (50-64);1 usager
Leger;29/07/2016;19:10;Gennevilliers;Plein jour;Autre;Intersection en T;Voie commuNon renseignee le;Collision par l'arriere;Autobus;Sans changement de direction;VL seul;29;Masculin;Indemne;Non renseignee ;3;2;0;0;1;0;Adulte jeune (25-34);Sans pieton;Sans moto;1 VL;Sans poids lourd;Adulte jeune (25-34);3-5 usagers
Leger;08/10/2016;01:20;Gennevilliers;Nuit avec eclairage public allumee;Autre;Intersection en X;Route departementale;Collision par le cote;VL seul;TourNon renseignee nt A'auche;VL seul;21;Masculin;Indemne;Non renseignee ;2;2;0;0;2;0;Jeune adulte (18-24);Sans pieton ;Sans moto;2 VL;Sans poids lourd;Jeune adulte (18-24);2 usagers
Leger;28/02/2016;15:35;Levallois-Perret;Plein jour;Autre;Intersection en X;Voie commuNon renseignee le;Collision par le cote;VL seul;Sans changement de direction;VL seul;26;Feminin;Blessee Leger;Non renseignee ;2;2;0;0;2;0;Adulte jeune (25-34);Sans pieton;Sans moto;2 VL;Sans poids lourd;Adulte jeune (25-34);2 usagers
Leger;07/05/2016;21:30;Levallois-Perret;Crepuscule ou aube;Autre;Intersection en X;Voie commuNon renseignee le;Collision par le cote;VL seul;Sans changement de direction;VL seul;23;Masculin;Indemne;Non renseignee ;3;2;0;0;2;0;Jeune adulte (18-24);Sans pieton;Sans moto;2 VL;Sans poids lourd;Jeune adulte (18-24);3-5 usagers
Leger;14/09/2016;17:35;Levallois-Perret;Plein jour;Autre;Hors intersection;Voie commuNon renseignee le;Collision par l'arriere;VL seul;Meme sens, Meme file;VL seul;28;Masculin;Indemne;Non renseignee ;2;2;0;0;2;0;Adulte jeune (25-34);Sans pieton;Sans moto;2 VL;Sans poids lourd;Adulte jeune (25-34);2 usagers
Leger;30/11/2016;13:49;Levallois-Perret;Plein jour;Autre;Intersection en X;Voie commuNon renseignee le;Collision par le cote;VL seul;Sans changement de direction;VL seul;37;Masculin;Blessee Leger;Non renseignee ;2;2;0;0;2;0;Adulte (35-49);Sans pieton;Sans moto;2 VL;Sans poids lourd;Adulte (35-49);2 usagers
Leger;30/11/2009;17:30;Puteaux;Nuit avec eclairage public non allumee;Pluie legere;Intersection en T;Route departementale;Collisions multiples;VL seul;Non renseignee ;Autobus;29;Masculin;Indemne;Non renseignee ;3;3;0;0;2;0;Adulte jeune (25-34);Sans pieton;Sans moto;2 VL;Sans poids lourd;Adulte jeune (25-34);3-5 usagers
Grave;25/08/2009;20:45;Sevres;Crepuscule ou aube;Autre;Hors intersection;Voie commuNon renseignee le;Sans collision;Motocyclette > 50 cm3 et <= 125 cm3;Se deportant A$roite;Non renseignee ;29;Masculin;Blessee hospitalisee;Non renseignee ;1;1;0;1;0;0;Adulte jeune (25-34);Sans pieton ;Avec moto;Aucun VL;Sans poids lourd;Adulte jeune (25-34);1 usager
Leger;04/11/2009;14:00;Saint-Cloud;Plein jour;Autre;Hors intersection;Autoroute;Collisions multiples;VU seul 1,5T <= PTAC <= 3,5T;Meme sens, Meme file;VU seul 1,5T <= PTAC <= 3,5T;40;Masculin;Indemne;Non renseignee ;4;3;0;0;3;0;Adulte (35-49);Sans pieton;Sans moto;3 VL ou plus;Sans poids lourd;Adulte (35-49);3-5 usagers
Leger;07/06/2009;18:00;Rueil-Malmaison;Plein jour;Pluie forte;Intersection en Y;Voie commuNon renseignee le;Collision par l'arriere;VL seul;Sans changement de direction;VL seul;48;Feminin;Indemne;Non renseignee ;3;2;0;0;2;0;Adulte (35-49);Sans pieton;Sans moto;2 VL;Sans poids lourd;Adulte (35-49);3-5 usagers
Leger;28/02/2009;15:40;Malakoff;Plein jour;Autre;Hors intersection;Route departementale;Collision par l'arriere;Scooter < 50 cm3;Sans changement de direction;VL seul;28;Masculin;Blessee Leger;Non renseignee ;2;2;0;0;1;0;Adulte jeune (25-34);Sans pieton;Sans moto;1 VL;Sans poids lourd;Adulte jeune (25-34);2 usagers
Leger;06/09/2009;00:45;Clichy;Nuit avec eclairage public allumee;Autre;Intersection en T;Route departementale;Collision frontale;VL seul;Sedeportant A'auche;VL seul;75;Feminin;Blessee Leger;Non renseignee ;3;2;0;0;2;0;Senior (65+);Sans pieton ;Sans moto;2 VL;Sans poids lourd;Senior (65+);3-5 usagers
Leger;24/04/2009;07:40;Asnieres-sur-Seine;Plein jour;Autre;Hors intersection;Route departementale;Collision par le cote;Scooter > 50 cm3 et <= 125 cm3;Entre 2 files;VU seul 1,5T <= PTAC <= 3,5T;43;Masculin;Blessee Leger;Non renseignee ;2;2;0;1;1;0;Adulte (35-49);Sans pieton;Avec moto;1 VL;Sans poids lourd;Adulte (35-49);2 usagers
Leger;17/11/2009;17:45;Boulogne-Billancourt;Crepuscule ou aube;Autre;Hors intersection;Route departementale;Collision par le cote;Scooter > 50 cm3 et <= 125 cm3;Non renseignee ;VL seul;33;Masculin;Blessee Leger;Non renseignee ;2;2;0;1;1;0;Adulte jeune (25-34);Sans pieton;Avec moto;1 VL;Sans poids lourd;Adulte jeune (25-34);2 usagers
Grave;27/11/2009;01:10;Non renseignee nterre;Nuit avec eclairage public allumee;Autre;Intersection en X;Route departementale;Collision par le cote;VL seul;Sans changement de direction;Scooter > 50 cm3 et <= 125 cm3;18;Feminin;Indemne;Non renseignee ;2;2;0;1;1;0;Jeune adulte (18-24);Sans pieton;Avec moto;1 VL;Sans poids lourd;Jeune adulte (18-24);2 usagers
Leger;19/08/2009;22:40;Rueil-Malmaison;Crepuscule ou aube;Autre;Intersection en X;Voie commuNon renseignee le;Collision par le cote;VL seul;Sans changement de direction;Cyclomoteur <50cm3;21;Masculin;Indemne;Non renseignee ;2;2;0;0;1;0;Jeune adulte (18-24);Sans pieton;Sans moto;1 VL;Sans poids lourd;Jeune adulte (18-24);2 usagers
Grave;09/06/2009;15:15;Saint-Cloud;Plein jour;Autre;Intersection en T;Route departementale;Collision par le cote;VL seul;TourNon renseignee nt A'auche;Motocyclette > 125 cm3;48;Feminin;Indemne;Non renseignee ;2;2;0;1;1;0;Adulte (35-49);Sans pieton ;Avec moto;1 VL;Sans poids lourd;Adulte (35-49);2 usagers
Leger;20/04/2009;17:35;Gennevilliers;Plein jour;Autre;Intersection en X;Route departementale;Collision par le cote;VL seul;TourNon renseignee nt A'auche;VL seul;52;Feminin;Blessee Leger;Non renseignee ;2;2;0;0;2;0;Senior actif (50-64);Sans pieton ;Sans moto;2 VL;Sans poids lourd;Senior actif (50-64);2 usagers
Leger;02/04/2009;08:35;Rueil-Malmaison;Plein jour;Autre;Giratoire;Route departementale;Collision par le cote;VL seul;Sans changement de direction;Cyclomoteur <50cm3;26;Masculin;Indemne;Non renseignee ;2;2;0;0;1;0;Adulte jeune (25-34);Sans pieton;Sans moto;1 VL;Sans poids lourd;Adulte jeune (25-34);2 usagers
Grave;03/06/2009;17:05;Colombes;Plein jour;Autre;Intersection en T;Route departementale;Collision par le cote;VL seul;TourNon renseignee nt A'auche;Scooter > 125 cm3;33;Masculin;Indemne;Non renseignee ;2;2;0;1;1;0;Adulte jeune (25-34);Sans pieton ;Avec moto;1 VL;Sans poids lourd;Adulte jeune (25-34);2 usagers
Leger;25/02/2009;10:40;Vanves;Plein jour;Autre;Intersection en T;Voie commuNon renseignee le;Collisions multiples;VL seul;S inserant;VL seul;40;Feminin;Indemne;Non renseignee ;4;3;0;0;3;0;Adulte (35-49);Sans pieton;Sans moto;3 VL ou plus;Sans poids lourd;Adulte (35-49);3-5 usagers
Leger;13/05/2009;09:30;Gennevilliers;Plein jour;Autre;Hors intersection;Autoroute;Collisions multiples;VL seul;Changeant de file A'auche;Motocyclette > 125 cm3;31;Masculin;Blessee Leger;Non renseignee ;3;3;0;1;2;0;Adulte jeune (25-34);Sans pieton;Avec moto;2 VL;Sans poids lourd;Adulte jeune (25-34);3-5 usagers
Leger;10/01/2009;22:40;Colombes;Nuit avec eclairage public allumee;Autre;Intersection en X;Route departementale;Collision par l'arriere;Autobus;Meme sens, Meme file;VL seul;53;Masculin;Indemne;Non renseignee ;3;2;0;0;1;0;Senior actif (50-64);Sans pieton;Sans moto;1 VL;Sans poids lourd;Senior actif (50-64);3-5 usagers
Leger;10/10/2009;23:05;Colombes;Nuit avec eclairage public allumee;Autre;Intersection en T;Route departementale;Collision par le cote;VL seul;TourNon renseignee nt A'auche;VL seul;37;Masculin;Blessee Leger;Non renseignee ;2;2;0;0;2;0;Adulte (35-49);Sans pieton ;Sans moto;2 VL;Sans poids lourd;Adulte (35-49);2 usagers
Leger;21/10/2009;14:35;Asnieres-sur-Seine;Plein jour;Pluie legere;Intersection en X;Route departementale;Collision par le cote;VL seul;TourNon renseignee nt A'auche;Scooter > 125 cm3;31;Masculin;Indemne;Non renseignee ;2;2;0;1;1;0;Adulte jeune (25-34);Sans pieton ;Avec moto;1 VL;Sans poids lourd;Adulte jeune (25-34);2 usagers
Leger;26/11/2009;09:50;Gennevilliers;Plein jour;Autre;Intersection en Y;Route departementale;Collision par l'arriere;VU seul 1,5T <= PTAC <= 3,5T;Meme sens, Meme file;VL seul;26;Feminin;Indemne;Non renseignee ;2;2;0;0;2;0;Adulte jeune (25-34);Sans pieton;Sans moto;2 VL;Sans poids lourd;Adulte jeune (25-34);2 usagers
Leger;07/07/2009;09:20;Neuilly-sur-Seine;Plein jour;Autre;Hors intersection;Voie commuNon renseignee le;Collision par l'arriere;VL seul;Meme sens, Meme file;Bicyclette;52;Masculin;Indemne;Non renseignee ;2;2;0;0;1;0;Senior actif (50-64);Sans pieton;Sans moto;1 VL;Sans poids lourd;Senior actif (50-64);2 usagers
Leger;06/10/2009;14:45;Rueil-Malmaison;Plein jour;Pluie legere;Hors intersection;Voie commuNon renseignee le;Sans collision;VL seul;Se deportant A$roite;Non renseignee ;73;Masculin;Blessee Leger;Malaise / fatigue;1;1;0;0;1;0;Senior (65+);Sans pieton ;Sans moto;1 VL;Sans poids lourd;Senior (65+);1 usager
Leger;15/05/2009;09:00;Meudon;Plein jour;Autre;Hors intersection;Route Non renseignee tioNon renseignee le;Collision par l'arriere;VL seul;Meme sens, Meme file;VL seul;31;Masculin;Indemne;Non renseignee ;2;2;0;0;2;0;Adulte jeune (25-34);Sans pieton;Sans moto;2 VL;Sans poids lourd;Adulte jeune (25-34);2 usagers
Leger;05/07/2009;19:30;Montrouge;Plein jour;Autre;Intersection en X;Route departementale;Collision par le cote;VL seul;TourNon renseignee nt A$roite;Bicyclette;53;Feminin;Indemne;Non renseignee ;2;2;0;0;1;0;Senior actif (50-64);Sans pieton ;Sans moto;1 VL;Sans poids lourd;Senior actif (50-64);2 usagers
Leger;29/09/2009;09:45;Bagneux;Plein jour;Autre;Intersection en T;Route departementale;Collision par le cote;VL seul;TourNon renseignee nt A'auche;Scooter > 50 cm3 et <= 125 cm3;50;Masculin;Blessee Leger;Non renseignee ;2;2;0;1;1;0;Senior actif (50-64);Sans pieton ;Avec moto;1 VL;Sans poids lourd;Senior actif (50-64);2 usagers
Leger;03/04/2009;09:05;La Garenne-Colombes;Plein jour;Autre;Intersection en X;Voie commuNon renseignee le;Collision par le cote;VL seul;Sans changement de direction;Bicyclette;20;Feminin;Blessee Leger;Non renseignee ;2;2;0;0;1;0;Jeune adulte (18-24);Sans pieton;Sans moto;1 VL;Sans poids lourd;Jeune adulte (18-24);2 usagers
Leger;28/02/2009;03:15;Chatillon;Nuit avec eclairage public allumee;Autre;Intersection en X;Route departementale;Collision par le cote;VL seul;En faisant demi-tour sur la chaussee;Motocyclette > 50 cm3 et <= 125 cm3;23;Masculin;Indemne;Non renseignee ;2;2;0;1;1;0;Jeune adulte (18-24);Sans pieton;Avec moto;1 VL;Sans poids lourd;Jeune adulte (18-24);2 usagers
Leger;08/01/2009;09:50;Courbevoie;Plein jour;Autre;Intersection en X;Route departementale;Collision par le cote;Motocyclette > 50 cm3 et <= 125 cm3;Sans changement de direction;VL seul;37;Masculin;Indemne;Non renseignee ;2;2;0;1;1;0;Adulte (35-49);Sans pieton;Avec moto;1 VL;Sans poids lourd;Adulte (35-49);2 usagers
Leger;08/07/2009;13:10;Neuilly-sur-Seine;Plein jour;Autre;Hors intersection;Route departementale;Collision par l'arriere;VL seul;Meme sens, Meme file;VL seul;26;Masculin;Indemne;Non renseignee ;3;2;0;0;2;0;Adulte jeune (25-34);Sans pieton;Sans moto;2 VL;Sans poids lourd;Adulte jeune (25-34);3-5 usagers
Leger;21/09/2009;15:30;Sevres;Plein jour;Autre;Intersection en Y;Route departementale;Collision par le cote;VL seul;Sans changement de direction;VL seul;47;Feminin;Indemne;Non renseignee ;2;2;0;0;2;0;Adulte (35-49);Sans pieton;Sans moto;2 VL;Sans poids lourd;Adulte (35-49);2 usagers
Leger;19/06/2009;18:24;Colombes;Plein jour;Autre;Hors intersection;Autoroute;Collisions en chaine;Motocyclette > 125 cm3;Manoeuvre devitement;VL seul;24;Masculin;Indemne;Non renseignee ;3;3;0;1;2;0;Jeune adulte (18-24);Sans pieton;Avec moto;2 VL;Sans poids lourd;Jeune adulte (18-24);3-5 usagers
Leger;06/09/2009;19:30;Non renseignee nterre;Plein jour;Autre;Hors intersection;Autoroute;Collision par l'arriere;Motocyclette > 125 cm3;Sans changement de direction;VL seul;35;Masculin;Blessee Leger;Non renseignee ;2;2;0;1;1;0;Adulte (35-49);Sans pieton;Avec moto;1 VL;Sans poids lourd;Adulte (35-49);2 usagers
Grave;19/06/2009;17:50;Gennevilliers;Plein jour;Autre;Hors intersection;Route departementale;Collision par le cote;Bicyclette;Traversant la  chaussee;VL seul;18;Masculin;Blessee hospitalisee;Non renseignee ;2;2;0;0;1;0;Jeune adulte (18-24);Sans pieton;Sans moto;1 VL;Sans poids lourd;Jeune adulte (18-24);2 usagers
Leger;31/07/2009;22:09;Issy-les-Moulineaux;Plein jour;Autre;Intersection en X;Route departementale;Collision par le cote;VL seul;Sans changement de direction;Cyclomoteur <50cm3;24;Masculin;Blessee Leger;Non renseignee ;2;2;0;0;1;0;Jeune adulte (18-24);Sans pieton;Sans moto;1 VL;Sans poids lourd;Jeune adulte (18-24);2 usagers
Leger;09/10/2009;10:00;Montrouge;Plein jour;Autre;Intersection en T;Voie commuNon renseignee le;Collision par le cote;VL seul;TourNon renseignee nt A'auche;Scooter > 50 cm3 et <= 125 cm3;86;Masculin;Indemne;Non renseignee ;2;2;0;1;1;0;Senior (65+);Sans pieton ;Avec moto;1 VL;Sans poids lourd;Senior (65+);2 usagers
Mortel;15/11/2009;15:32;Gennevilliers;Plein jour;Temps couvert;Hors intersection;Autoroute;Sans collision;Motocyclette > 125 cm3;Non renseignee ;Non renseignee ;64;Masculin;Tue;Non renseignee ;1;1;0;1;0;0;Senior actif (50-64);Sans pieton;Avec moto;Aucun VL;Sans poids lourd;Senior actif (50-64);1 usager
Leger;15/05/2009;20:55;Non renseignee nterre;Plein jour;Temps couvert;Intersection en T;Voie commuNon renseignee le;Collision par le cote;VL seul;TourNon renseignee nt A'auche;VL seul;35;Masculin;Blessee Leger;Non renseignee ;2;2;0;0;2;0;Adulte (35-49);Sans pieton ;Sans moto;2 VL;Sans poids lourd;Adulte (35-49);2 usagers
Leger;29/01/2009;21:40;Levallois-Perret;Nuit avec eclairage public allumee;Autre;Intersection en X;Voie commuNon renseignee le;Collision par le cote;Scooter < 50 cm3;Sans changement de direction;Motocyclette > 50 cm3 et <= 125 cm3;23;Masculin;Blessee Leger;Non renseignee ;2;2;0;1;0;0;Jeune adulte (18-24);Sans pieton;Avec moto;Aucun VL;Sans poids lourd;Jeune adulte (18-24);2 usagers
Leger;24/03/2009;16:15;Non renseignee nterre;Plein jour;Temps couvert;Intersection en T;Voie commuNon renseignee le;Collision par le cote;VL seul;Sans changement de direction;Scooter < 50 cm3;24;Feminin;Indemne;Non renseignee ;2;2;0;0;1;0;Jeune adulte (18-24);Sans pieton;Sans moto;1 VL;Sans poids lourd;Jeune adulte (18-24);2 usagers
Grave;10/06/2009;03:00;Courbevoie;Nuit avec eclairage public allumee;Autre;Intersection en T;Route departementale;Sans collision;Motocyclette > 125 cm3;TourNon renseignee nt A$roite;Non renseignee ;31;Masculin;Blessee hospitalisee;Non renseignee ;1;1;0;1;0;0;Adulte jeune (25-34);Sans pieton ;Avec moto;Aucun VL;Sans poids lourd;Adulte jeune (25-34);1 usager
Leger;27/06/2009;14:30;Issy-les-Moulineaux;Plein jour;Autre;Place;Route departementale;Collision par le cote;Cyclomoteur <50cm3;Sans changement de direction;Motocyclette > 125 cm3;20;Masculin;Indemne;Non renseignee ;2;2;0;1;0;0;Jeune adulte (18-24);Sans pieton;Avec moto;Aucun VL;Sans poids lourd;Jeune adulte (18-24);2 usagers