type_acci;date;heure;commune;luminosite_accident;cond_atmos;Intersection;categorie_route;type_collision;type_vehicule_1;manoeuvre_vehicule_1;type_vehicule_2;age_usager;sexe_usager;gravite_usager;etat_usager;nombre_usagers;nb_veh;nombre_pietons;nombre_motos;nombre_vl;nombre_pl;age_usa1_categ;accident_pieton;accident_moto;categorie_vl;accident_pl;categorie_age;categorie_usagers
Leger;10/01/2006;15:55;Bagneux;Non renseignee ;Autre;Non renseignee ;Route departementale;Non renseignee ;Non renseignee ;Non renseignee ;VL seul;38;Non renseignee ;Non renseignee ;Non renseignee ;3;2;0;1;1;0;Adulte (35-49);Sans pieton;Avec moto;1 VL;Sans poids lourd;Adulte (35-49);3-5 usagers
Leger;23/11/2006;09:45;Villeneuve-la-Garenne;Non renseignee ;Autre;Non renseignee ;Route departementale;Non renseignee ;VL seul;Non renseignee ;Non renseignee ;38;Non renseignee ;Non renseignee ;Non renseignee ;2;2;0;0;1;0;Adulte (35-49);Sans pieton;Sans moto;1 VL;Sans poids lourd;Adulte (35-49);2 usagers
Leger;23/10/2006;17:15;Montrouge;Non renseignee ;Autre;Non renseignee ;Route departementale;Non renseignee ;VU seul 1,5T <= PTAC <= 3,5T;Non renseignee ;VL seul;38;Non renseignee ;Non renseignee ;Non renseignee ;2;2;0;0;2;0;Adulte (35-49);Sans pieton;Sans moto;2 VL;Sans poids lourd;Adulte (35-49);2 usagers
Grave;22/06/2007;06:15;Vaucresson;Plein jour;Autre;Intersection en Y;Route departementale;Sans collision;VL seul;Se deportant A$roite;Non renseignee ;19;Masculin;Blessee hospitalisee;Non renseignee ;1;1;0;0;1;0;Jeune adulte (18-24);Sans pieton ;Sans moto;1 VL;Sans poids lourd;Jeune adulte (18-24);1 usager
Leger;05/07/2008;19:25;ChateNon renseignee y-Malabry;Plein jour;Autre;Intersection en X;Route departementale;Collision par l'arriere;VL seul;Meme sens, Meme file;VL seul;43;Masculin;Indemne;Non renseignee ;2;2;0;0;2;0;Adulte (35-49);Sans pieton;Sans moto;2 VL;Sans poids lourd;Adulte (35-49);2 usagers
Leger;01/05/2007;07:30;Suresnes;Plein jour;Autre;Intersection en T;Route departementale;Sans collision;Motocyclette > 50 cm3 et <= 125 cm3;Se deportant A$roite;Non renseignee ;42;Masculin;Blessee Leger;Non renseignee ;1;1;0;1;0;0;Adulte (35-49);Sans pieton ;Avec moto;Aucun VL;Sans poids lourd;Adulte (35-49);1 usager
Leger;20/11/2007;21:15;Boulogne-Billancourt;Nuit avec eclairage public allumee;Pluie legere;Intersection en X;Non renseignee ;Autre collision;VL seul;TourNon renseignee nt A'auche;Non renseignee ;48;Feminin;Indemne;Non renseignee ;2;1;1;0;1;0;Adulte (35-49);Avec pieton;Sans moto;1 VL;Sans poids lourd;Adulte (35-49);2 usagers
Grave;31/05/2007;22:40;Boulogne-Billancourt;Nuit avec eclairage public allumee;Autre;Intersection en X;Route departementale;Autre collision;VL seul;Sans changement de direction;Non renseignee ;23;Feminin;Indemne;Non renseignee ;2;1;1;0;1;0;Jeune adulte (18-24);Avec pieton;Sans moto;1 VL;Sans poids lourd;Jeune adulte (18-24);2 usagers
Leger;23/06/2007;18:50;Colombes;Plein jour;Autre;Hors intersection;Route departementale;Collision frontale;VL seul;TourNon renseignee nt A'auche;Motocyclette > 125 cm3;43;Masculin;Indemne;Non renseignee ;2;2;0;1;1;0;Adulte (35-49);Sans pieton ;Avec moto;1 VL;Sans poids lourd;Adulte (35-49);2 usagers
Leger;07/06/2008;16:40;Le Plessis-Robinson;Plein jour;Pluie legere;Intersection en T;Route departementale;Collision par l'arriere;VL seul;Sans changement de direction;VL seul;23;Masculin;Blessee Leger;Non renseignee ;2;2;0;0;2;0;Jeune adulte (18-24);Sans pieton;Sans moto;2 VL;Sans poids lourd;Jeune adulte (18-24);2 usagers
Leger;31/05/2007;17:30;Puteaux;Plein jour;Autre;Intersection en Y;Route Non renseignee tioNon renseignee le;Collision par l'arriere;Motocyclette > 125 cm3;S inserant;VU seul 1,5T <= PTAC <= 3,5T;24;Masculin;Blessee Leger;Non renseignee ;2;2;0;1;1;0;Jeune adulte (18-24);Sans pieton;Avec moto;1 VL;Sans poids lourd;Jeune adulte (18-24);2 usagers
Leger;22/12/2008;17:30;Clamart;Nuit avec eclairage public allumee;Pluie legere;Giratoire;Voie commuNon renseignee le;Autre collision;Motocyclette > 50 cm3 et <= 125 cm3;Meme sens, Meme file;Non renseignee ;57;Masculin;Indemne;Non renseignee ;2;1;1;1;0;0;Senior actif (50-64);Avec pieton;Avec moto;Aucun VL;Sans poids lourd;Senior actif (50-64);2 usagers
Leger;06/07/2007;08:40;Rueil-Malmaison;Plein jour;Autre;Intersection en T;Non renseignee ;Collision par le cote;Scooter > 50 cm3 et <= 125 cm3;Sans changement de direction;VL seul;27;Masculin;Blessee Leger;Non renseignee ;2;2;0;1;1;0;Adulte jeune (25-34);Sans pieton;Avec moto;1 VL;Sans poids lourd;Adulte jeune (25-34);2 usagers
Leger;10/10/2007;14:45;Non renseignee nterre;Plein jour;Autre;Giratoire;Route departementale;Collision par le cote;Scooter > 50 cm3 et <= 125 cm3;S inserant;VL seul;33;Feminin;Blessee Leger;Non renseignee ;2;2;0;1;1;0;Adulte jeune (25-34);Sans pieton;Avec moto;1 VL;Sans poids lourd;Adulte jeune (25-34);2 usagers
Leger;18/04/2008;19:55;Clichy;Plein jour;Autre;Intersection en X;Route departementale;Collision par le cote;VL seul;Sans changement de direction;VL seul;28;Masculin;Indemne;Non renseignee ;3;2;0;0;2;0;Adulte jeune (25-34);Sans pieton;Sans moto;2 VL;Sans poids lourd;Adulte jeune (25-34);3-5 usagers
Leger;09/09/2007;18:00;Rueil-Malmaison;Plein jour;Autre;Intersection en T;Route departementale;Collision par l'arriere;VL seul;Meme sens, Meme file;VL seul;52;Feminin;Blessee Leger;Non renseignee ;2;2;0;0;2;0;Senior actif (50-64);Sans pieton;Sans moto;2 VL;Sans poids lourd;Senior actif (50-64);2 usagers
Leger;18/06/2007;07:48;Garches;Plein jour;Autre;Hors intersection;Non renseignee ;Autre collision;Non renseignee ;Non renseignee ;Autobus;31;Masculin;Indemne;Non renseignee ;3;2;1;0;0;1;Adulte jeune (25-34);Avec pieton;Sans moto;Aucun VL;Avec poids lourd;Adulte jeune (25-34);3-5 usagers
Leger;18/09/2007;00:35;Chaville;Nuit avec eclairage public allumee;Pluie legere;Intersection en X;Route departementale;Sans collision;VL seul;TourNon renseignee nt A$roite;Non renseignee ;27;Masculin;Blessee Leger;Non renseignee ;4;1;0;0;1;0;Adulte jeune (25-34);Sans pieton ;Sans moto;1 VL;Sans poids lourd;Adulte jeune (25-34);3-5 usagers
Leger;10/04/2007;18:30;Rueil-Malmaison;Plein jour;Autre;Intersection en X;Non renseignee ;Collisions multiples;Cyclomoteur <50cm3;Sans changement de direction;VL seul;17;Masculin;Blessee Leger;Non renseignee ;3;3;0;0;2;0;Mineur (-18 ans);Sans pieton;Sans moto;2 VL;Sans poids lourd;Mineur (-18 ans);3-5 usagers
Leger;27/06/2007;14:30;Suresnes;Plein jour;Autre;Intersection en T;Non renseignee ;Autre collision;VU seul 1,5T <= PTAC <= 3,5T;TourNon renseignee nt A'auche;Non renseignee ;42;Masculin;Indemne;Non renseignee ;2;1;1;0;1;0;Adulte (35-49);Avec pieton;Sans moto;1 VL;Sans poids lourd;Adulte (35-49);2 usagers
Leger;11/02/2008;09:20;Courbevoie;Plein jour;Autre;Intersection en X;Route departementale;Collision par le cote;VU seul 1,5T <= PTAC <= 3,5T;Changeant de file A$roite;Bicyclette;31;Masculin;Indemne;Non renseignee ;2;2;0;0;1;0;Adulte jeune (25-34);Sans pieton;Sans moto;1 VL;Sans poids lourd;Adulte jeune (25-34);2 usagers
Leger;09/01/2007;14:45;Saint-Cloud;Plein jour;Temps couvert;Intersection en T;Autoroute;Collision par l'arriere;VL seul;Meme sens, Meme file;VL seul;69;Masculin;Indemne;Non renseignee ;3;2;0;0;2;0;Senior (65+);Sans pieton;Sans moto;2 VL;Sans poids lourd;Senior (65+);3-5 usagers
Grave;29/04/2007;02:55;Non renseignee nterre;Nuit sanseclairage public;Autre;Hors intersection;Route departementale;Sans collision;Motocyclette > 125 cm3;Sans changement de direction;Non renseignee ;50;Masculin;Blessee hospitalisee;Non renseignee ;1;1;0;1;0;0;Senior actif (50-64);Sans pieton;Avec moto;Aucun VL;Sans poids lourd;Senior actif (50-64);1 usager
Leger;22/11/2007;07:00;Non renseignee nterre;Nuit avec eclairage public allumee;Autre;Hors intersection;Autoroute;Collision par le cote;Scooter > 125 cm3;Entre 2 files;VL seul;43;Masculin;Blessee Leger;Non renseignee ;2;2;0;1;1;0;Adulte (35-49);Sans pieton;Avec moto;1 VL;Sans poids lourd;Adulte (35-49);2 usagers
Leger;21/07/2008;17:45;Courbevoie;Plein jour;Autre;Intersection en X;Route departementale;Collisions en chaine;Cyclomoteur <50cm3;Sans changement de direction;VL seul;16;Masculin;Blessee Leger;Non renseignee ;3;3;0;0;2;0;Mineur (-18 ans);Sans pieton;Sans moto;2 VL;Sans poids lourd;Mineur (-18 ans);3-5 usagers
Grave;21/11/2008;18:15;Issy-les-Moulineaux;Nuit avec eclairage public allumee;Autre;Intersection en T;Voie commuNon renseignee le;Collision par le cote;VL seul;Sans changement de direction;Scooter < 50 cm3;9;Masculin;Blessee hospitalisee;Non renseignee ;2;2;0;0;1;0;Mineur (-18 ans);Sans pieton;Sans moto;1 VL;Sans poids lourd;Mineur (-18 ans);2 usagers
Leger;16/06/2008;11:25;Gennevilliers;Plein jour;Autre;Intersection en X;Voie commuNon renseignee le;Collision par le cote;VL seul;TourNon renseignee nt A'auche;Scooter < 50 cm3;76;Masculin;Indemne;Non renseignee ;2;2;0;0;1;0;Senior (65+);Sans pieton ;Sans moto;1 VL;Sans poids lourd;Senior (65+);2 usagers
Grave;15/01/2008;08:00;Issy-les-Moulineaux;Nuit avec eclairage public allumee;Autre;Hors intersection;Route departementale;Sans collision;Scooter > 50 cm3 et <= 125 cm3;Sans changement de direction;Non renseignee ;34;Feminin;Blessee hospitalisee;Non renseignee ;1;1;0;1;0;0;Adulte jeune (25-34);Sans pieton;Avec moto;Aucun VL;Sans poids lourd;Adulte jeune (25-34);1 usager
Leger;31/08/2007;12:10;Non renseignee nterre;Plein jour;Autre;Hors intersection;Non renseignee ;Collision par l'arriere;VL seul;Arrete (hors stationnement);Scooter < 50 cm3;37;Feminin;Indemne;Non renseignee ;2;2;0;0;1;0;Adulte (35-49);Sans pieton;Sans moto;1 VL;Sans poids lourd;Adulte (35-49);2 usagers
Leger;18/10/2007;22:05;Non renseignee nterre;Crepuscule ou aube;Autre;Intersection en T;Route departementale;Collision par le cote;VL seul;TourNon renseignee nt A'auche;Motocyclette > 125 cm3;29;Masculin;Indemne;Non renseignee ;2;2;0;1;1;0;Adulte jeune (25-34);Sans pieton ;Avec moto;1 VL;Sans poids lourd;Adulte jeune (25-34);2 usagers
Leger;17/09/2007;10:25;Suresnes;Plein jour;Autre;Giratoire;Route departementale;Sans collision;Cyclomoteur <50cm3;Sans changement de direction;Non renseignee ;26;Feminin;Blessee Leger;Non renseignee ;1;1;0;0;0;0;Adulte jeune (25-34);Sans pieton;Sans moto;Aucun VL;Sans poids lourd;Adulte jeune (25-34);1 usager
Grave;17/06/2015;21:50;Neuilly-sur-Seine;Crepuscule ou aube;Autre;Hors intersection;Route departementale;Autre collision;VL seul;Non renseignee ;Non renseignee ;56;Masculin;Indemne;Non renseignee ;4;1;3;0;1;0;Senior actif (50-64);Avec pieton;Sans moto;1 VL;Sans poids lourd;Senior actif (50-64);3-5 usagers
Grave;14/08/2015;18:45;Gennevilliers;Plein jour;Pluie forte;Hors intersection;Autoroute;Sans collision;VL seul;Non renseignee ;Non renseignee ;24;Feminin;Blessee hospitalisee;Non renseignee ;1;1;0;0;1;0;Jeune adulte (18-24);Sans pieton;Sans moto;1 VL;Sans poids lourd;Jeune adulte (18-24);1 usager
Leger;22/12/2008;09:30;Issy-les-Moulineaux;Plein jour;Autre;Hors intersection;Route departementale;Autre collision;Autobus;Non renseignee ;Non renseignee ;37;Masculin;Blessee Leger;Non renseignee ;2;1;1;0;0;0;Adulte (35-49);Avec pieton;Sans moto;Aucun VL;Sans poids lourd;Adulte (35-49);2 usagers
Grave;08/11/2007;10:00;Clamart;Plein jour;Autre;Intersection en X;Route departementale;Autre collision;VL seul;Sans changement de direction;Non renseignee ;26;Feminin;Indemne;Non renseignee ;2;1;1;0;1;0;Adulte jeune (25-34);Avec pieton;Sans moto;1 VL;Sans poids lourd;Adulte jeune (25-34);2 usagers
Leger;18/03/2015;13:40;Clichy;Plein jour;Autre;Intersection en X;Route departementale;Collision par le cote;Scooter < 50 cm3;A contresens;Motocyclette > 125 cm3;26;Masculin;Blessee Leger;Non renseignee ;2;2;0;1;0;0;Adulte jeune (25-34);Sans pieton;Avec moto;Aucun VL;Sans poids lourd;Adulte jeune (25-34);2 usagers
Leger;23/09/2008;13:25;Meudon;Plein jour;Autre;Intersection en X;Route departementale;Autre collision;VL seul;Sans changement de direction;Non renseignee ;41;Feminin;Indemne;Non renseignee ;2;1;1;0;1;0;Adulte (35-49);Avec pieton;Sans moto;1 VL;Sans poids lourd;Adulte (35-49);2 usagers
Leger;07/02/2015;13:42;Gennevilliers;Plein jour;Autre;Hors intersection;Route Non renseignee tioNon renseignee le;Collisions multiples;Scooter > 50 cm3 et <= 125 cm3;Meme sens, Meme file;VL seul;25;Masculin;Blessee Leger;Non renseignee ;7;6;0;1;5;0;Adulte jeune (25-34);Sans pieton;Avec moto;3 VL ou plus;Sans poids lourd;Adulte jeune (25-34);Plus de 5 usagers
Leger;04/02/2008;14:00;Montrouge;Plein jour;Autre;Intersection en X;Route departementale;Autre collision;VL seul;TourNon renseignee nt A'auche;Non renseignee ;26;Feminin;Indemne;Non renseignee ;3;1;2;0;1;0;Adulte jeune (25-34);Avec pieton;Sans moto;1 VL;Sans poids lourd;Adulte jeune (25-34);3-5 usagers
Grave;02/02/2007;08:54;Courbevoie;Nuit sanseclairage public;Autre;Hors intersection;Autoroute;Collision par l'arriere;Scooter > 50 cm3 et <= 125 cm3;Entre 2 files;VL seul;25;Masculin;Blessee Leger;Non renseignee ;3;2;0;1;1;0;Adulte jeune (25-34);Sans pieton;Avec moto;1 VL;Sans poids lourd;Adulte jeune (25-34);3-5 usagers
Leger;13/06/2007;19:30;Puteaux;Plein jour;Autre;Intersection en X;Route departementale;Collision par le cote;Scooter > 50 cm3 et <= 125 cm3;Sans changement de direction;Motocyclette > 50 cm3 et <= 125 cm3;27;Masculin;Blessee Leger;Non renseignee ;2;2;0;2;0;0;Adulte jeune (25-34);Sans pieton;Avec moto;Aucun VL;Sans poids lourd;Adulte jeune (25-34);2 usagers
Leger;15/01/2007;12:45;Puteaux;Plein jour;Autre;Intersection en X;Route departementale;Collision par le cote;VL seul;TourNon renseignee nt A'auche;Scooter < 50 cm3;31;Masculin;Indemne;Non renseignee ;2;2;0;0;1;0;Adulte jeune (25-34);Sans pieton ;Sans moto;1 VL;Sans poids lourd;Adulte jeune (25-34);2 usagers
Leger;30/01/2015;12:00;Sceaux;Plein jour;Autre;Hors intersection;Voie commuNon renseignee le;Collision par le cote;Motocyclette > 125 cm3;Non renseignee ;VL seul;49;Masculin;Blessee Leger;Non renseignee ;2;2;0;1;1;0;Adulte (35-49);Sans pieton;Avec moto;1 VL;Sans poids lourd;Adulte (35-49);2 usagers
Leger;09/06/2015;18:45;Sceaux;Plein jour;Autre;Intersection en T;Route departementale;Collision par le cote;Motocyclette > 50 cm3 et <= 125 cm3;Non renseignee ;VL seul;21;Masculin;Blessee Leger;Non renseignee ;2;2;0;1;1;0;Jeune adulte (18-24);Sans pieton;Avec moto;1 VL;Sans poids lourd;Jeune adulte (18-24);2 usagers
Leger;08/04/2015;15:55;Clamart;Plein jour;Autre;Intersection en X;Route departementale;Collision par l'arriere;VU seul 1,5T <= PTAC <= 3,5T;Meme sens, Meme file;Motocyclette > 125 cm3;39;Masculin;Indemne;Non renseignee ;2;2;0;1;1;0;Adulte (35-49);Sans pieton;Avec moto;1 VL;Sans poids lourd;Adulte (35-49);2 usagers
Leger;15/09/2015;06:45;Clamart;Nuit sanseclairage public;Pluie legere;Intersection en X;Route departementale;Collision par le cote;VU seul 1,5T <= PTAC <= 3,5T;TourNon renseignee nt A'auche;Motocyclette > 125 cm3;42;Masculin;Indemne;Non renseignee ;2;2;0;1;1;0;Adulte (35-49);Sans pieton ;Avec moto;1 VL;Sans poids lourd;Adulte (35-49);2 usagers
Leger;19/05/2015;12:35;Colombes;Plein jour;Autre;Intersection en X;Route departementale;Collision par le cote;Scooter > 125 cm3;Changeant de file A$roite;VL seul;24;Masculin;Blessee Leger;Non renseignee ;2;2;0;1;1;0;Jeune adulte (18-24);Sans pieton;Avec moto;1 VL;Sans poids lourd;Jeune adulte (18-24);2 usagers
Leger;01/12/2015;18:55;Courbevoie;Nuit avec eclairage public allumee;Autre;Hors intersection;Route departementale;Collision par le cote;VL seul;En marche arriere;Motocyclette > 125 cm3;27;Masculin;Indemne;Non renseignee ;2;2;0;1;1;0;Adulte jeune (25-34);Sans pieton;Avec moto;1 VL;Sans poids lourd;Adulte jeune (25-34);2 usagers
Leger;22/05/2015;15:20;Issy-les-Moulineaux;Plein jour;Autre;Hors intersection;Route departementale;Sans collision;Motocyclette > 125 cm3;Sans changement de direction;Non renseignee ;24;Masculin;Blessee Leger;Non renseignee ;1;1;0;1;0;0;Jeune adulte (18-24);Sans pieton;Avec moto;Aucun VL;Sans poids lourd;Jeune adulte (18-24);1 usager
Leger;22/09/2015;06:37;Issy-les-Moulineaux;Nuit avec eclairage public allumee;Autre;Intersection à plus de 4 branches;Route departementale;Sans collision;Scooter > 50 cm3 et <= 125 cm3;Sans changement de direction;Non renseignee ;52;Feminin;Blessee Leger;Non renseignee ;1;1;0;1;0;0;Senior actif (50-64);Sans pieton;Avec moto;Aucun VL;Sans poids lourd;Senior actif (50-64);1 usager
Leger;17/06/2015;09:50;Levallois-Perret;Plein jour;Autre;Hors intersection;Route departementale;Collision par l'arriere;VL seul;TourNon renseignee nt A$roite;Motocyclette > 125 cm3;24;Feminin;Indemne;Non renseignee ;2;2;0;1;1;0;Jeune adulte (18-24);Sans pieton ;Avec moto;1 VL;Sans poids lourd;Jeune adulte (18-24);2 usagers
Leger;10/07/2015;20:00;Non renseignee nterre;Plein jour;Autre;Intersection en X;Route departementale;Collision par l'arriere;Motocyclette > 125 cm3;TourNon renseignee nt A$roite;VL seul;52;Masculin;Blessee Leger;Non renseignee ;1;2;0;1;1;0;Senior actif (50-64);Sans pieton ;Avec moto;1 VL;Sans poids lourd;Senior actif (50-64);1 usager
Leger;08/09/2015;16:15;Non renseignee nterre;Plein jour;Autre;Hors intersection;Route departementale;Collision par l'arriere;VL seul;Meme sens, Meme file;Motocyclette > 125 cm3;60;Masculin;Indemne;Non renseignee ;2;2;0;1;1;0;Senior actif (50-64);Sans pieton;Avec moto;1 VL;Sans poids lourd;Senior actif (50-64);2 usagers
Leger;09/01/2015;09:40;Villeneuve-la-Garenne;Plein jour;Temps couvert;Hors intersection;Route departementale;Collision par le cote;VL seul;En faisant demi-tour sur la chaussee;Scooter > 125 cm3;36;Masculin;Indemne;Non renseignee ;2;2;0;1;1;0;Adulte (35-49);Sans pieton;Avec moto;1 VL;Sans poids lourd;Adulte (35-49);2 usagers
Leger;23/02/2015;12:40;Courbevoie;Plein jour;Pluie legere;Hors intersection;Route departementale;Collision par l'arriere;Scooter < 50 cm3;Meme sens, Meme file;VL seul;21;Masculin;Blessee Leger;Non renseignee ;3;2;0;0;1;0;Jeune adulte (18-24);Sans pieton;Sans moto;1 VL;Sans poids lourd;Jeune adulte (18-24);3-5 usagers
Leger;12/05/2015;19:05;Puteaux;Plein jour;Autre;Hors intersection;Route departementale;Collision par le cote;Scooter < 50 cm3;Entre 2 files;VL seul;18;Masculin;Blessee Leger;Non renseignee ;3;2;0;0;1;0;Jeune adulte (18-24);Sans pieton;Sans moto;1 VL;Sans poids lourd;Jeune adulte (18-24);3-5 usagers
Leger;23/02/2015;21:10;Asnieres-sur-Seine;Nuit avec eclairage public allumee;Autre;Intersection en X;Route departementale;Collision par le cote;Scooter < 50 cm3;TourNon renseignee nt A'auche;VL seul;15;Masculin;Blessee Leger;Non renseignee ;2;2;0;0;1;0;Mineur (-18 ans);Sans pieton ;Sans moto;1 VL;Sans poids lourd;Mineur (-18 ans);2 usagers
Leger;22/07/2015;20:15;Boulogne-Billancourt;Plein jour;Autre;Hors intersection;Voie commuNon renseignee le;Collision par le cote;VL seul;Sedeportant A'auche;Scooter < 50 cm3;25;Feminin;Blessee Leger;Non renseignee ;1;2;0;0;1;0;Adulte jeune (25-34);Sans pieton ;Sans moto;1 VL;Sans poids lourd;Adulte jeune (25-34);1 usager
Leger;11/04/2008;17:40;Non renseignee nterre;Plein jour;Autre;Hors intersection;Voie commuNon renseignee le;Collision par l'arriere;Non renseignee ;Manoeuvre devitement;VL seul;20;Feminin;Blessee Leger;Non renseignee ;2;2;0;0;1;0;Jeune adulte (18-24);Sans pieton;Sans moto;1 VL;Sans poids lourd;Jeune adulte (18-24);2 usagers
Leger;08/10/2007;11:00;Courbevoie;Plein jour;Autre;Hors intersection;Route departementale;Collision par le cote;VL seul;Sans changement de direction;VL seul;75;Masculin;Indemne;Non renseignee ;2;2;0;0;2;0;Senior (65+);Sans pieton;Sans moto;2 VL;Sans poids lourd;Senior (65+);2 usagers
Leger;16/09/2007;12:40;Boulogne-Billancourt;Plein jour;Autre;Hors intersection;Non renseignee ;Autre collision;VL seul;Sans changement de direction;Non renseignee ;26;Feminin;Indemne;Non renseignee ;2;1;1;0;1;0;Adulte jeune (25-34);Avec pieton;Sans moto;1 VL;Sans poids lourd;Adulte jeune (25-34);2 usagers
Leger;29/01/2007;18:50;Boulogne-Billancourt;Plein jour;Autre;Intersection en X;Route departementale;Autre collision;Non renseignee ;Sans changement de direction;Non renseignee ;33;Masculin;Blessee Leger;Non renseignee ;2;1;1;1;0;0;Adulte jeune (25-34);Avec pieton;Avec moto;Aucun VL;Sans poids lourd;Adulte jeune (25-34);2 usagers
Leger;18/05/2007;17:20;Le Plessis-Robinson;Plein jour;Autre;Intersection en X;Route departementale;Collision par le cote;VL seul;TourNon renseignee nt A'auche;VL seul;35;Masculin;Blessee Leger;Non renseignee ;2;2;0;0;2;0;Adulte (35-49);Sans pieton ;Sans moto;2 VL;Sans poids lourd;Adulte (35-49);2 usagers
Grave;11/10/2007;17:20;Courbevoie;Plein jour;Autre;Hors intersection;Route departementale;Collision par le cote;VL seul;TourNon renseignee nt A'auche;Bicyclette;40;Masculin;Indemne;Non renseignee ;2;2;0;0;1;0;Adulte (35-49);Sans pieton ;Sans moto;1 VL;Sans poids lourd;Adulte (35-49);2 usagers
Leger;15/10/2007;06:50;Courbevoie;Crepuscule ou aube;Autre;Intersection en X;Route departementale;Autre collision;Bicyclette;Sans changement de direction;Non renseignee ;30;Masculin;Blessee Leger;Non renseignee ;1;1;1;0;0;0;Adulte jeune (25-34);Avec pieton;Sans moto;Aucun VL;Sans poids lourd;Adulte jeune (25-34);1 usager
Grave;08/07/2008;08:00;Rueil-Malmaison;Plein jour;Autre;Intersection en X;Route departementale;Collision par le cote;Motocyclette > 125 cm3;Sans changement de direction;PL seul > 7,5T;30;Masculin;Blessee hospitalisee;Non renseignee ;2;2;0;1;0;1;Adulte jeune (25-34);Sans pieton;Avec moto;Aucun VL;Avec poids lourd;Adulte jeune (25-34);2 usagers
Leger;23/01/2008;17:50;Garches;Nuit avec eclairage public allumee;Autre;Intersection en T;Route departementale;Autre collision;Motocyclette > 125 cm3;Sans changement de direction;Non renseignee ;22;Masculin;Indemne;Non renseignee ;2;1;1;1;0;0;Jeune adulte (18-24);Avec pieton;Avec moto;Aucun VL;Sans poids lourd;Jeune adulte (18-24);2 usagers
Leger;04/05/2007;12:25;Issy-les-Moulineaux;Plein jour;Autre;Place;Route departementale;Autre collision;VU seul 1,5T <= PTAC <= 3,5T;Sans changement de direction;Non renseignee ;29;Feminin;Indemne;Non renseignee ;2;1;1;0;1;0;Adulte jeune (25-34);Avec pieton;Sans moto;1 VL;Sans poids lourd;Adulte jeune (25-34);2 usagers
Leger;13/11/2008;18:50;Suresnes;Nuit avec eclairage public allumee;Autre;Intersection en X;Route departementale;Collision par le cote;VL seul;En faisant demi-tour sur la chaussee;Motocyclette > 125 cm3;34;Masculin;Blessee Leger;Non renseignee ;2;2;0;1;1;0;Adulte jeune (25-34);Sans pieton;Avec moto;1 VL;Sans poids lourd;Adulte jeune (25-34);2 usagers
Grave;25/01/2008;09:20;Malakoff;Plein jour;Autre;Intersection en X;Voie commuNon renseignee le;Autre collision;VL seul;TourNon renseignee nt A'auche;Non renseignee ;39;Masculin;Indemne;Non renseignee ;2;1;1;0;1;0;Adulte (35-49);Avec pieton;Sans moto;1 VL;Sans poids lourd;Adulte (35-49);2 usagers
Leger;30/05/2008;17:55;Vanves;Plein jour;Autre;Hors intersection;Route departementale;Collision par l'arriere;Non renseignee ;Changeant de file A$roite;VL seul;19;Masculin;Blessee Leger;Non renseignee ;2;2;0;1;1;0;Jeune adulte (18-24);Sans pieton;Avec moto;1 VL;Sans poids lourd;Jeune adulte (18-24);2 usagers
Leger;03/10/2008;07:40;Villeneuve-la-Garenne;Nuit avec eclairage public allumee;Pluie legere;Intersection en X;Route departementale;Collision par le cote;VL seul;Meme sens, Meme file;VL seul;37;Masculin;Blessee Leger;Non renseignee ;2;2;0;0;2;0;Adulte (35-49);Sans pieton;Sans moto;2 VL;Sans poids lourd;Adulte (35-49);2 usagers
Leger;29/12/2008;18:20;Villeneuve-la-Garenne;Nuit avec eclairage public allumee;Autre;Intersection en X;Route departementale;Collision par le cote;Motocyclette > 125 cm3;Sans changement de direction;VL seul;31;Masculin;Blessee Leger;Non renseignee ;2;2;0;1;1;0;Adulte jeune (25-34);Sans pieton;Avec moto;1 VL;Sans poids lourd;Adulte jeune (25-34);2 usagers
Leger;24/07/2007;18:00;Neuilly-sur-Seine;Plein jour;Autre;Hors intersection;Non renseignee ;Collision par le cote;Autobus;Meme sens, Meme file;VL seul;31;Feminin;Indemne;Non renseignee ;5;2;0;0;1;0;Adulte jeune (25-34);Sans pieton;Sans moto;1 VL;Sans poids lourd;Adulte jeune (25-34);3-5 usagers
Leger;03/12/2007;09:00;Neuilly-sur-Seine;Plein jour;Autre;Hors intersection;Non renseignee ;Collision par le cote;Bicyclette;Sans changement de direction;VL seul;82;Masculin;Blessee Leger;Non renseignee ;2;2;0;0;1;0;Senior (65+);Sans pieton;Sans moto;1 VL;Sans poids lourd;Senior (65+);2 usagers
Leger;04/10/2007;12:35;Asnieres-sur-Seine;Plein jour;Autre;Intersection en X;Non renseignee ;Collision par le cote;VU seul 1,5T <= PTAC <= 3,5T;Sans changement de direction;VU seul 1,5T <= PTAC <= 3,5T;48;Masculin;Indemne;Non renseignee ;3;2;0;0;2;0;Adulte (35-49);Sans pieton;Sans moto;2 VL;Sans poids lourd;Adulte (35-49);3-5 usagers
Leger;05/04/2007;09:05;Levallois-Perret;Plein jour;Autre;Intersection en T;Route departementale;Autre collision;Motocyclette > 50 cm3 et <= 125 cm3;Sans changement de direction;Non renseignee ;43;Feminin;Indemne;Non renseignee ;2;1;1;1;0;0;Adulte (35-49);Avec pieton;Avec moto;Aucun VL;Sans poids lourd;Adulte (35-49);2 usagers