type_acci;date;heure;commune;luminosite_accident;cond_atmos;Intersection;categorie_route;type_collision;type_vehicule_1;manoeuvre_vehicule_1;type_vehicule_2;age_usager;sexe_usager;gravite_usager;etat_usager;nombre_usagers;nb_veh;nombre_pietons;nombre_motos;nombre_vl;nombre_pl;age_usa1_categ;accident_pieton;accident_moto;categorie_vl;accident_pl;categorie_age;categorie_usagers
Leger;02/02/2014;08:00;Courbevoie;Crepuscule ou aube;Autre;Hors intersection;Route departementale;Collision par l'arriere;VL seul;Meme sens, Meme file;Motocyclette > 125 cm3;19;Masculin;Indemne;Non renseignee ;2;2;0;1;1;0;Jeune adulte (18-24);Sans pieton;Avec moto;1 VL;Sans poids lourd;Jeune adulte (18-24);2 usagers
Leger;26/03/2014;08:15;Issy-les-Moulineaux;Plein jour;Autre;Hors intersection;Route departementale;Collision par le cote;Scooter > 125 cm3;Meme sens, Meme file;VL seul;45;Feminin;Blessee Leger;Non renseignee ;2;2;0;1;1;0;Adulte (35-49);Sans pieton;Avec moto;1 VL;Sans poids lourd;Adulte (35-49);2 usagers
Leger;29/10/2014;19:00;Issy-les-Moulineaux;Nuit avec eclairage public allumee;Autre;Hors intersection;Route departementale;Collision par le cote;VL seul;TourNon renseignee nt A$roite;Motocyclette > 125 cm3;37;Masculin;Indemne;Non renseignee ;2;2;0;1;1;0;Adulte (35-49);Sans pieton ;Avec moto;1 VL;Sans poids lourd;Adulte (35-49);2 usagers
Leger;29/09/2014;12:05;Meudon;Plein jour;Pluie legere;Giratoire;Route departementale;Sans collision;Scooter > 50 cm3 et <= 125 cm3;Sans changement de direction;Non renseignee ;28;Feminin;Blessee Leger;Non renseignee ;1;1;0;1;0;0;Adulte jeune (25-34);Sans pieton;Avec moto;Aucun VL;Sans poids lourd;Adulte jeune (25-34);1 usager
Leger;18/07/2014;16:40;Montrouge;Plein jour;Autre;Hors intersection;Voie commuNon renseignee le;Collision par l'arriere;VL seul;En stationnement (avec occupants);Scooter > 125 cm3;22;Feminin;Indemne;Non renseignee ;3;2;0;1;1;0;Jeune adulte (18-24);Sans pieton;Avec moto;1 VL;Sans poids lourd;Jeune adulte (18-24);3-5 usagers
Leger;30/10/2014;10:55;Montrouge;Plein jour;Autre;Hors intersection;Voie commuNon renseignee le;Sans collision;Motocyclette > 125 cm3;Sans changement de direction;Non renseignee ;30;Masculin;Blessee Leger;Non renseignee ;1;1;0;1;0;0;Adulte jeune (25-34);Sans pieton;Avec moto;Aucun VL;Sans poids lourd;Adulte jeune (25-34);1 usager
Leger;09/07/2014;19:30;Non renseignee nterre;Plein jour;Pluie forte;Hors intersection;Route departementale;Collision par le cote;VL seul;Sedeportant A'auche;Scooter > 50 cm3 et <= 125 cm3;23;Feminin;Indemne;Non renseignee ;2;2;0;1;1;0;Jeune adulte (18-24);Sans pieton ;Avec moto;1 VL;Sans poids lourd;Jeune adulte (18-24);2 usagers
Leger;03/09/2014;14:20;Non renseignee nterre;Plein jour;Autre;Intersection en X;Voie commuNon renseignee le;Collision frontale;VL seul;TourNon renseignee nt A'auche;Motocyclette > 50 cm3 et <= 125 cm3;41;Feminin;Indemne;Non renseignee ;2;2;0;1;1;0;Adulte (35-49);Sans pieton ;Avec moto;1 VL;Sans poids lourd;Adulte (35-49);2 usagers
Leger;27/05/2014;18:55;Neuilly-sur-Seine;Plein jour;Autre;Intersection en T;Route departementale;Collision par le cote;VL seul;En faisant demi-tour sur la chaussee;Scooter > 125 cm3;34;Masculin;Indemne;Non renseignee ;2;2;0;1;1;0;Adulte jeune (25-34);Sans pieton;Avec moto;1 VL;Sans poids lourd;Adulte jeune (25-34);2 usagers
Leger;25/09/2014;16:00;Puteaux;Plein jour;Autre;Intersection en T;Route departementale;Collision par le cote;VL seul;Sans changement de direction;Scooter > 50 cm3 et <= 125 cm3;44;Feminin;Indemne;Non renseignee ;3;2;0;1;1;0;Adulte (35-49);Sans pieton;Avec moto;1 VL;Sans poids lourd;Adulte (35-49);3-5 usagers
Leger;17/01/2014;09:20;Rueil-Malmaison;Plein jour;Autre;Hors intersection;Route departementale;Collision par le cote;Motocyclette > 125 cm3;Sans changement de direction;VL seul;28;Masculin;Blessee Leger;Non renseignee ;2;2;0;1;1;0;Adulte jeune (25-34);Sans pieton;Avec moto;1 VL;Sans poids lourd;Adulte jeune (25-34);2 usagers
Leger;06/01/2014;07:48;Garches;Nuit avec eclairage public allumee;Pluie legere;Hors intersection;Voie commuNon renseignee le;Collision par le cote;Scooter > 50 cm3 et <= 125 cm3;Non renseignee ;VL seul;31;Masculin;Blessee Leger;Non renseignee ;2;2;0;1;1;0;Adulte jeune (25-34);Sans pieton;Avec moto;1 VL;Sans poids lourd;Adulte jeune (25-34);2 usagers
Leger;26/04/2014;12:15;Marnes-la-Coquette;Plein jour;Pluie legere;Intersection en Y;Route departementale;Collision par le cote;VL seul;TourNon renseignee nt A$roite;Motocyclette > 125 cm3;48;Masculin;Indemne;Non renseignee ;2;2;0;1;1;0;Adulte (35-49);Sans pieton ;Avec moto;1 VL;Sans poids lourd;Adulte (35-49);2 usagers
Leger;03/06/2014;16:00;Suresnes;Plein jour;Autre;Intersection en T;Route departementale;Collision par le cote;Scooter > 125 cm3;Sans changement de direction;VL seul;46;Masculin;Blessee Leger;Non renseignee ;2;2;0;1;1;0;Adulte (35-49);Sans pieton;Avec moto;1 VL;Sans poids lourd;Adulte (35-49);2 usagers
Leger;15/07/2014;06:55;Suresnes;Plein jour;Autre;Intersection en T;Route departementale;Collision par l'arriere;Motocyclette > 125 cm3;Meme sens, Meme file;VL seul;41;Masculin;Blessee Leger;Non renseignee ;2;2;0;1;1;0;Adulte (35-49);Sans pieton;Avec moto;1 VL;Sans poids lourd;Adulte (35-49);2 usagers
Leger;18/12/2014;12:00;Vanves;Plein jour;Autre;Hors intersection;Route departementale;Collision par le cote;VU seul 1,5T <= PTAC <= 3,5T;TourNon renseignee nt A'auche;Motocyclette > 50 cm3 et <= 125 cm3;26;Masculin;Indemne;Non renseignee ;3;2;0;1;1;0;Adulte jeune (25-34);Sans pieton ;Avec moto;1 VL;Sans poids lourd;Adulte jeune (25-34);3-5 usagers
Leger;01/08/2014;17:20;Gennevilliers;Plein jour;Autre;Intersection en X;Route departementale;Sans collision;Scooter < 50 cm3;Sans changement de direction;Non renseignee ;30;Masculin;Blessee Leger;Non renseignee ;2;1;0;0;0;0;Adulte jeune (25-34);Sans pieton;Sans moto;Aucun VL;Sans poids lourd;Adulte jeune (25-34);2 usagers
Leger;30/12/2014;16:30;Gennevilliers;Plein jour;Autre;Hors intersection;Route departementale;Collision par le cote;Scooter < 50 cm3;Non renseignee ;VL seul;15;Masculin;Blessee Leger;Non renseignee ;3;2;0;0;1;0;Mineur (-18 ans);Sans pieton;Sans moto;1 VL;Sans poids lourd;Mineur (-18 ans);3-5 usagers
Leger;16/11/2014;01:45;Suresnes;Nuit avec eclairage public allumee;Autre;Intersection en X;Route departementale;Collision par le cote;VL seul;TourNon renseignee nt A$roite;Scooter < 50 cm3;20;Masculin;Indemne;Non renseignee ;3;2;0;0;1;0;Jeune adulte (18-24);Sans pieton ;Sans moto;1 VL;Sans poids lourd;Jeune adulte (18-24);3-5 usagers
Leger;12/12/2014;15:00;Asnieres-sur-Seine;Plein jour;Pluie legere;Hors intersection;Route departementale;Sans collision;Scooter < 50 cm3;Sans changement de direction;Non renseignee ;23;Feminin;Blessee Leger;Non renseignee ;1;1;0;0;0;0;Jeune adulte (18-24);Sans pieton;Sans moto;Aucun VL;Sans poids lourd;Jeune adulte (18-24);1 usager
Leger;15/03/2014;15:25;Boulogne-Billancourt;Plein jour;Autre;Hors intersection;Voie commuNon renseignee le;Collision par l'arriere;Scooter < 50 cm3;Meme sens, Meme file;VL seul;33;Masculin;Blessee Leger;Non renseignee ;2;2;0;0;1;0;Adulte jeune (25-34);Sans pieton;Sans moto;1 VL;Sans poids lourd;Adulte jeune (25-34);2 usagers
Leger;30/03/2014;22:13;Boulogne-Billancourt;Nuit sanseclairage public;Autre;Hors intersection;Voie commuNon renseignee le;Collision par le cote;VL seul;TourNon renseignee nt A'auche;Scooter < 50 cm3;42;Masculin;Indemne;Non renseignee ;2;2;0;0;1;0;Adulte (35-49);Sans pieton ;Sans moto;1 VL;Sans poids lourd;Adulte (35-49);2 usagers
Leger;29/04/2014;20:15;Boulogne-Billancourt;Plein jour;Pluie legere;Hors intersection;Route departementale;Sans collision;Scooter < 50 cm3;Manoeuvre devitement;Non renseignee ;51;Masculin;Blessee Leger;Non renseignee ;1;1;0;0;0;0;Senior actif (50-64);Sans pieton;Sans moto;Aucun VL;Sans poids lourd;Senior actif (50-64);1 usager
Leger;23/09/2014;21:35;Boulogne-Billancourt;Nuit avec eclairage public allumee;Autre;Hors intersection;Voie commuNon renseignee le;Collision par l'arriere;Scooter < 50 cm3;Meme sens, Meme file;VL seul;26;Masculin;Blessee Leger;Non renseignee ;2;2;0;0;1;0;Adulte jeune (25-34);Sans pieton;Sans moto;1 VL;Sans poids lourd;Adulte jeune (25-34);2 usagers
Leger;27/10/2014;10:35;Boulogne-Billancourt;Plein jour;Autre;Intersection en X;Route departementale;Collision par le cote;VL seul;Sedeportant A'auche;Scooter < 50 cm3;61;Masculin;Indemne;Non renseignee ;2;2;0;0;1;0;Senior actif (50-64);Sans pieton ;Sans moto;1 VL;Sans poids lourd;Senior actif (50-64);2 usagers
Leger;18/12/2014;10:45;Boulogne-Billancourt;Plein jour;Autre;Intersection en T;Voie commuNon renseignee le;Collision par le cote;VL seul;Sans changement de direction;Cyclomoteur <50cm3;54;Feminin;Indemne;Non renseignee ;2;2;0;0;1;0;Senior actif (50-64);Sans pieton;Sans moto;1 VL;Sans poids lourd;Senior actif (50-64);2 usagers
Leger;04/04/2014;13:06;Clamart;Plein jour;Autre;Hors intersection;Voie commuNon renseignee le;Sans collision;Cyclomoteur <50cm3;Sans changement de direction;Non renseignee ;67;Masculin;Blessee Leger;Non renseignee ;1;1;0;0;0;0;Senior (65+);Sans pieton;Sans moto;Aucun VL;Sans poids lourd;Senior (65+);1 usager
Leger;29/09/2014;10:50;Clamart;Plein jour;Temps couvert;Hors intersection;Route departementale;Sans collision;Scooter < 50 cm3;Sans changement de direction;Non renseignee ;63;Masculin;Blessee Leger;Non renseignee ;1;1;0;0;0;0;Senior actif (50-64);Sans pieton;Sans moto;Aucun VL;Sans poids lourd;Senior actif (50-64);1 usager
Leger;02/04/2014;12:35;Clichy;Plein jour;Autre;Intersection en X;Route departementale;Collision par le cote;Scooter < 50 cm3;TourNon renseignee nt A'auche;VL seul;26;Masculin;Blessee Leger;Non renseignee ;2;2;0;0;1;0;Adulte jeune (25-34);Sans pieton ;Sans moto;1 VL;Sans poids lourd;Adulte jeune (25-34);2 usagers
Leger;30/08/2014;11:21;Boulogne-Billancourt;Plein jour;Autre;Hors intersection;Voie commuNon renseignee le;Collision par le cote;PL seul 3,5T <PTCA <= 7,5T;TourNon renseignee nt A'auche;Scooter < 50 cm3;38;Masculin;Indemne;Non renseignee ;2;2;0;0;0;1;Adulte (35-49);Sans pieton ;Sans moto;Aucun VL;Avec poids lourd;Adulte (35-49);2 usagers
Leger;18/05/2014;17:30;Courbevoie;Plein jour;Autre;Intersection en T;Voie commuNon renseignee le;Sans collision;Scooter < 50 cm3;Sans changement de direction;Non renseignee ;15;Masculin;Indemne;Non renseignee ;2;1;0;0;0;0;Mineur (-18 ans);Sans pieton;Sans moto;Aucun VL;Sans poids lourd;Mineur (-18 ans);2 usagers
Leger;07/06/2014;13:55;Gennevilliers;Plein jour;Autre;Intersection en T;Route departementale;Sans collision;Scooter < 50 cm3;TourNon renseignee nt A$roite;Non renseignee ;34;Feminin;Blessee Leger;Non renseignee ;1;1;0;0;0;0;Adulte jeune (25-34);Sans pieton ;Sans moto;Aucun VL;Sans poids lourd;Adulte jeune (25-34);1 usager
Leger;26/05/2014;20:50;Issy-les-Moulineaux;Plein jour;Autre;Intersection en T;Route departementale;Sans collision;Cyclomoteur <50cm3;Sans changement de direction;Non renseignee ;20;Masculin;Blessee Leger;Non renseignee ;1;1;0;0;0;0;Jeune adulte (18-24);Sans pieton;Sans moto;Aucun VL;Sans poids lourd;Jeune adulte (18-24);1 usager
Leger;03/05/2014;19:40;Levallois-Perret;Plein jour;Autre;Hors intersection;Voie commuNon renseignee le;Sans collision;Scooter < 50 cm3;Sans changement de direction;Non renseignee ;22;Masculin;Blessee Leger;Non renseignee ;1;1;0;0;0;0;Jeune adulte (18-24);Sans pieton;Sans moto;Aucun VL;Sans poids lourd;Jeune adulte (18-24);1 usager
Leger;08/08/2014;09:26;Montrouge;Plein jour;Pluie legere;Hors intersection;Voie commuNon renseignee le;Sans collision;Cyclomoteur <50cm3;Sans changement de direction;Non renseignee ;21;Masculin;Blessee Leger;Non renseignee ;1;1;0;0;0;0;Jeune adulte (18-24);Sans pieton;Sans moto;Aucun VL;Sans poids lourd;Jeune adulte (18-24);1 usager
Leger;28/07/2014;19:45;Levallois-Perret;Plein jour;Autre;Intersection en X;Voie commuNon renseignee le;Collision par l'arriere;Motocyclette > 50 cm3 et <= 125 cm3;Sans changement de direction;Scooter < 50 cm3;29;Masculin;Indemne;Non renseignee ;2;2;0;1;0;0;Adulte jeune (25-34);Sans pieton;Avec moto;Aucun VL;Sans poids lourd;Adulte jeune (25-34);2 usagers
Leger;22/11/2014;22:15;Non renseignee nterre;Nuit avec eclairage public allumee;Autre;Intersection en T;Voie commuNon renseignee le;Collision par l'arriere;Scooter < 50 cm3;Sans changement de direction;VL seul;51;Masculin;Indemne;Non renseignee ;2;2;0;0;1;0;Senior actif (50-64);Sans pieton;Sans moto;1 VL;Sans poids lourd;Senior actif (50-64);2 usagers
Leger;06/03/2014;13:05;Neuilly-sur-Seine;Plein jour;Autre;Intersection en X;Voie commuNon renseignee le;Collision par le cote;Scooter < 50 cm3;TourNon renseignee nt A'auche;Scooter > 125 cm3;27;Masculin;Blessee Leger;Non renseignee ;2;2;0;1;0;0;Adulte jeune (25-34);Sans pieton ;Avec moto;Aucun VL;Sans poids lourd;Adulte jeune (25-34);2 usagers
Leger;26/03/2014;12:30;Puteaux;Plein jour;Autre;Place;Route departementale;Sans collision;Scooter < 50 cm3;TourNon renseignee nt A$roite;Non renseignee ;16;Masculin;Blessee Leger;Non renseignee ;1;1;0;0;0;0;Mineur (-18 ans);Sans pieton ;Sans moto;Aucun VL;Sans poids lourd;Mineur (-18 ans);1 usager
Leger;31/10/2014;17:10;Non renseignee nterre;Crepuscule ou aube;Autre;Hors intersection;Route departementale;Collision par l'arriere;VL seul;Meme sens, Meme file;Cyclomoteur <50cm3;44;Masculin;Indemne;Non renseignee ;2;2;0;0;1;0;Adulte (35-49);Sans pieton;Sans moto;1 VL;Sans poids lourd;Adulte (35-49);2 usagers
Leger;28/07/2014;14:45;Saint-Cloud;Plein jour;Autre;Intersection en T;Route departementale;Collision par le cote;Cyclomoteur <50cm3;Traversant la  chaussee;Motocyclette > 125 cm3;20;Masculin;Blessee Leger;Non renseignee ;2;2;0;1;0;0;Jeune adulte (18-24);Sans pieton;Avec moto;Aucun VL;Sans poids lourd;Jeune adulte (18-24);2 usagers
Leger;09/03/2014;21:10;Saint-Cloud;Nuit avec eclairage public allumee;Autre;Intersection en T;Route departementale;Collision par le cote;VL seul;Sans changement de direction;Scooter < 50 cm3;21;Masculin;Indemne;Non renseignee ;2;2;0;0;1;0;Jeune adulte (18-24);Sans pieton;Sans moto;1 VL;Sans poids lourd;Jeune adulte (18-24);2 usagers
Leger;14/08/2014;19:00;Boulogne-Billancourt;Plein jour;Pluie legere;Hors intersection;Voie commuNon renseignee le;Collision par le cote;VL seul;En stationnement (avec occupants);Bicyclette;53;Feminin;Indemne;Non renseignee ;2;2;0;0;1;0;Senior actif (50-64);Sans pieton;Sans moto;1 VL;Sans poids lourd;Senior actif (50-64);2 usagers
Leger;08/05/2014;07:30;Courbevoie;Plein jour;Autre;Intersection en X;Route departementale;Autre collision;VL seul;Sans changement de direction;Non renseignee ;22;Masculin;Indemne;Non renseignee ;4;1;1;0;1;0;Jeune adulte (18-24);Avec pieton;Sans moto;1 VL;Sans poids lourd;Jeune adulte (18-24);3-5 usagers
Leger;17/07/2014;08:50;Suresnes;Plein jour;Autre;Intersection en T;Voie commuNon renseignee le;Autre collision;VL seul;TourNon renseignee nt A'auche;Non renseignee ;37;Feminin;Indemne;Non renseignee ;2;1;1;0;1;0;Adulte (35-49);Avec pieton;Sans moto;1 VL;Sans poids lourd;Adulte (35-49);2 usagers
Leger;20/12/2014;12:35;Villeneuve-la-Garenne;Plein jour;Autre;Intersection en X;Route departementale;Collisions multiples;VL seul;Changeant de file A$roite;Non renseignee ;35;Masculin;Indemne;Non renseignee ;4;3;0;0;3;0;Adulte (35-49);Sans pieton;Sans moto;3 VL ou plus;Sans poids lourd;Adulte (35-49);3-5 usagers
Leger;05/06/2014;16:30;Antony;Plein jour;Autre;Hors intersection;Autoroute;Collision par l'arriere;VL seul;Meme sens, Meme file;VL seul;41;Masculin;Indemne;Non renseignee ;2;2;0;0;2;0;Adulte (35-49);Sans pieton;Sans moto;2 VL;Sans poids lourd;Adulte (35-49);2 usagers
Leger;18/07/2014;09:00;Asnieres-sur-Seine;Plein jour;Autre;Intersection en X;Route departementale;Collisions en chaine;VL seul;Sans changement de direction;VL seul;33;Feminin;Indemne;Non renseignee ;3;3;0;0;3;0;Adulte jeune (25-34);Sans pieton;Sans moto;3 VL ou plus;Sans poids lourd;Adulte jeune (25-34);3-5 usagers
Leger;22/07/2014;13:50;Boulogne-Billancourt;Plein jour;Autre;Intersection en T;Voie commuNon renseignee le;Sans collision;VL seul;Sedeportant A'auche;Non renseignee ;77;Feminin;Blessee Leger;Non renseignee ;1;1;0;0;1;0;Senior (65+);Sans pieton ;Sans moto;1 VL;Sans poids lourd;Senior (65+);1 usager
Leger;04/08/2014;12:20;Clamart;Plein jour;Autre;Hors intersection;Route departementale;Sans collision;VU seul 1,5T <= PTAC <= 3,5T;Se deportant A$roite;Non renseignee ;20;Masculin;Blessee Leger;Non renseignee ;1;1;0;0;1;0;Jeune adulte (18-24);Sans pieton ;Sans moto;1 VL;Sans poids lourd;Jeune adulte (18-24);1 usager
Leger;22/05/2014;12:00;Boulogne-Billancourt;Plein jour;Autre;Intersection en X;Voie commuNon renseignee le;Collision par l'arriere;Autobus;Meme sens, Meme file;VL seul;26;Masculin;Indemne;Non renseignee ;2;2;0;0;1;0;Adulte jeune (25-34);Sans pieton;Sans moto;1 VL;Sans poids lourd;Adulte jeune (25-34);2 usagers
Leger;13/07/2014;16:40;Colombes;Plein jour;Pluie legere;Hors intersection;Route departementale;Collision par le cote;VL seul;TourNon renseignee nt A'auche;VL seul;47;Feminin;Indemne;Non renseignee ;2;2;0;0;2;0;Adulte (35-49);Sans pieton ;Sans moto;2 VL;Sans poids lourd;Adulte (35-49);2 usagers
Leger;21/08/2014;19:31;Colombes;Plein jour;Autre;Hors intersection;Route departementale;Collision par l'arriere;VL seul;Meme sens, Meme file;VL seul;47;Masculin;Blessee Leger;Non renseignee ;1;2;0;0;2;0;Adulte (35-49);Sans pieton;Sans moto;2 VL;Sans poids lourd;Adulte (35-49);1 usager
Leger;12/12/2014;07:30;Colombes;Nuit avec eclairage public allumee;Pluie legere;Intersection en X;Route departementale;Collision par le cote;VU seul 1,5T <= PTAC <= 3,5T;TourNon renseignee nt A'auche;VL seul;42;Masculin;Indemne;Non renseignee ;2;2;0;0;2;0;Adulte (35-49);Sans pieton ;Sans moto;2 VL;Sans poids lourd;Adulte (35-49);2 usagers
Leger;08/05/2014;11:30;La Garenne-Colombes;Plein jour;Autre;Intersection en T;Route departementale;Collision par l'arriere;VL seul;Meme sens, Meme file;VL seul;42;Feminin;Blessee Leger;Non renseignee ;2;2;0;0;2;0;Adulte (35-49);Sans pieton;Sans moto;2 VL;Sans poids lourd;Adulte (35-49);2 usagers
Leger;27/06/2014;10:45;La Garenne-Colombes;Plein jour;Autre;Intersection en X;Voie commuNon renseignee le;Sans collision;VL seul;Sans changement de direction;Non renseignee ;27;Feminin;Blessee Leger;Non renseignee ;1;1;0;0;1;0;Adulte jeune (25-34);Sans pieton;Sans moto;1 VL;Sans poids lourd;Adulte jeune (25-34);1 usager
Leger;07/08/2014;15:15;Meudon;Plein jour;Pluie legere;Intersection en X;Route departementale;Collision par le cote;VL seul;Sans changement de direction;VL seul;26;Feminin;Indemne;Non renseignee ;2;2;0;0;2;0;Adulte jeune (25-34);Sans pieton;Sans moto;2 VL;Sans poids lourd;Adulte jeune (25-34);2 usagers
Leger;17/05/2014;02:00;Montrouge;Nuit avec eclairage public allumee;Autre;Intersection en X;Route departementale;Collision par l'arriere;VL seul;Meme sens, Meme file;VL seul;24;Masculin;Blessee Leger;Non renseignee ;3;2;0;0;2;0;Jeune adulte (18-24);Sans pieton;Sans moto;2 VL;Sans poids lourd;Jeune adulte (18-24);3-5 usagers
Leger;19/01/2014;19:25;Neuilly-sur-Seine;Nuit avec eclairage public allumee;Autre;Hors intersection;Route Non renseignee tioNon renseignee le;Sans collision;VL seul;Se deportant A$roite;Non renseignee ;34;Masculin;Blessee Leger;Non renseignee ;1;1;0;0;1;0;Adulte jeune (25-34);Sans pieton ;Sans moto;1 VL;Sans poids lourd;Adulte jeune (25-34);1 usager
Leger;26/04/2014;01:40;Neuilly-sur-Seine;Nuit avec eclairage public allumee;Autre;Hors intersection;Route departementale;Sans collision;VL seul;Se deportant A$roite;Non renseignee ;28;Feminin;Blessee Leger;Non renseignee ;1;1;0;0;1;0;Adulte jeune (25-34);Sans pieton ;Sans moto;1 VL;Sans poids lourd;Adulte jeune (25-34);1 usager
Leger;04/06/2014;10:20;Neuilly-sur-Seine;Plein jour;Pluie legere;Intersection en X;Voie commuNon renseignee le;Collision par le cote;VL seul;Sans changement de direction;VL seul;24;Feminin;Blessee Leger;Non renseignee ;2;2;0;0;2;0;Jeune adulte (18-24);Sans pieton;Sans moto;2 VL;Sans poids lourd;Jeune adulte (18-24);2 usagers
Leger;02/04/2014;02:45;Rueil-Malmaison;Nuit avec eclairage public non allumee;Autre;Intersection en T;Route departementale;Collision par le cote;VU seul 1,5T <= PTAC <= 3,5T;Sans changement de direction;VL seul;26;Masculin;Blessee Leger;Non renseignee ;2;2;0;0;2;0;Adulte jeune (25-34);Sans pieton;Sans moto;2 VL;Sans poids lourd;Adulte jeune (25-34);2 usagers
Leger;29/05/2014;16:00;Rueil-Malmaison;Plein jour;Autre;Hors intersection;Voie commuNon renseignee le;Sans collision;VL seul;Se deportant A$roite;Non renseignee ;62;Feminin;Blessee Leger;Non renseignee ;1;1;0;0;1;0;Senior actif (50-64);Sans pieton ;Sans moto;1 VL;Sans poids lourd;Senior actif (50-64);1 usager
Leger;03/04/2014;15:05;Sevres;Plein jour;Autre;Giratoire;Route departementale;Collision par le cote;VL seul;Sans changement de direction;VL seul;53;Feminin;Blessee Leger;Non renseignee ;2;2;0;0;2;0;Senior actif (50-64);Sans pieton;Sans moto;2 VL;Sans poids lourd;Senior actif (50-64);2 usagers
Leger;16/03/2014;16:15;Courbevoie;Plein jour;Autre;Hors intersection;Route departementale;Collisions multiples;VL seul;Non renseignee ;VL seul;45;Masculin;Blessee Leger;Non renseignee ;3;3;0;0;3;0;Adulte (35-49);Sans pieton;Sans moto;3 VL ou plus;Sans poids lourd;Adulte (35-49);3-5 usagers
Grave;19/03/2015;10:05;Saint-Cloud;Plein jour;Autre;Hors intersection;Autoroute;Sans collision;Motocyclette > 125 cm3;Entre 2 files;Non renseignee ;44;Masculin;Blessee hospitalisee;Non renseignee ;1;1;0;1;0;0;Adulte (35-49);Sans pieton;Avec moto;Aucun VL;Sans poids lourd;Adulte (35-49);1 usager
Grave;02/12/2015;18:35;Colombes;Nuit avec eclairage public allumee;Autre;Hors intersection;Voie commuNon renseignee le;Collision par le cote;VU seul 1,5T <= PTAC <= 3,5T;En faisant demi-tour sur la chaussee;Motocyclette > 125 cm3;41;Masculin;Indemne;Non renseignee ;2;2;0;1;1;0;Adulte (35-49);Sans pieton;Avec moto;1 VL;Sans poids lourd;Adulte (35-49);2 usagers
Grave;30/09/2015;22:44;Levallois-Perret;Nuit avec eclairage public allumee;Autre;Intersection en T;Voie commuNon renseignee le;Autre collision;Scooter < 50 cm3;Sans changement de direction;Non renseignee ;19;Masculin;Indemne;Non renseignee ;2;1;1;0;0;0;Jeune adulte (18-24);Avec pieton;Sans moto;Aucun VL;Sans poids lourd;Jeune adulte (18-24);2 usagers
Grave;25/01/2015;08:02;Sevres;Nuit sanseclairage public;Autre;Hors intersection;Route Non renseignee tioNon renseignee le;Sans collision;VL seul;Meme sens, Meme file;Non renseignee ;22;Masculin;Blessee hospitalisee;Non renseignee ;1;1;0;0;1;0;Jeune adulte (18-24);Sans pieton;Sans moto;1 VL;Sans poids lourd;Jeune adulte (18-24);1 usager
Grave;22/04/2015;02:45;Issy-les-Moulineaux;Nuit avec eclairage public allumee;Autre;Hors intersection;Route departementale;Sans collision;VL seul;Sedeportant A'auche;Non renseignee ;61;Masculin;Blessee hospitalisee;Non renseignee ;1;1;0;0;1;0;Senior actif (50-64);Sans pieton ;Sans moto;1 VL;Sans poids lourd;Senior actif (50-64);1 usager
Leger;11/08/2015;17:05;Boulogne-Billancourt;Plein jour;Autre;Hors intersection;Route departementale;Sans collision;Scooter > 125 cm3;Sedeportant A'auche;Non renseignee ;34;Masculin;Blessee Leger;Non renseignee ;2;1;0;1;0;0;Adulte jeune (25-34);Sans pieton ;Avec moto;Aucun VL;Sans poids lourd;Adulte jeune (25-34);2 usagers
Leger;03/11/2015;17:10;Asnieres-sur-Seine;Nuit avec eclairage public allumee;Autre;Hors intersection;Route departementale;Collision par l'arriere;VU seul 1,5T <= PTAC <= 3,5T;TourNon renseignee nt A'auche;Motocyclette > 125 cm3;36;Masculin;Indemne;Non renseignee ;2;2;0;1;1;0;Adulte (35-49);Sans pieton ;Avec moto;1 VL;Sans poids lourd;Adulte (35-49);2 usagers
Leger;05/06/2015;06:55;ChateNon renseignee y-Malabry;Plein jour;Autre;Intersection en T;Route departementale;Collision par l'arriere;VL seul;Meme sens, Meme file;Motocyclette > 125 cm3;21;Feminin;Indemne;Non renseignee ;2;2;0;1;1;0;Jeune adulte (18-24);Sans pieton;Avec moto;1 VL;Sans poids lourd;Jeune adulte (18-24);2 usagers
Leger;08/01/2015;07:30;Clichy;Nuit avec eclairage public allumee;Autre;Hors intersection;Route departementale;Collision par le cote;VU seul 1,5T <= PTAC <= 3,5T;Changeant de file A'auche;Scooter > 50 cm3 et <= 125 cm3;52;Masculin;Indemne;Non renseignee ;2;2;0;1;1;0;Senior actif (50-64);Sans pieton;Avec moto;1 VL;Sans poids lourd;Senior actif (50-64);2 usagers
Leger;19/05/2015;12:00;Clichy;Plein jour;Autre;Giratoire;Voie commuNon renseignee le;Collision par l'arriere;VL seul;Meme sens, Meme file;Motocyclette > 125 cm3;35;Masculin;Indemne;Non renseignee ;2;2;0;1;1;0;Adulte (35-49);Sans pieton;Avec moto;1 VL;Sans poids lourd;Adulte (35-49);2 usagers
Leger;24/10/2015;18:35;Colombes;Plein jour;Autre;Intersection en X;Route departementale;Collision par le cote;VL seul;Arrete (hors stationnement);Motocyclette > 50 cm3 et <= 125 cm3;45;Masculin;Blessee Leger;Non renseignee ;2;2;0;1;1;0;Adulte (35-49);Sans pieton;Avec moto;1 VL;Sans poids lourd;Adulte (35-49);2 usagers