type_acci;date;heure;commune;luminosite_accident;cond_atmos;Intersection;categorie_route;type_collision;type_vehicule_1;manoeuvre_vehicule_1;type_vehicule_2;age_usager;sexe_usager;gravite_usager;etat_usager;nombre_usagers;nb_veh;nombre_pietons;nombre_motos;nombre_vl;nombre_pl;age_usa1_categ;accident_pieton;accident_moto;categorie_vl;accident_pl;categorie_age;categorie_usagers
Leger;18/12/2017;23:20;Rueil-Malmaison;Nuit avec eclairage public allumee;Pluie legere;Hors intersection;Voie commuNon renseignee le;Sans collision;VL seul;Sedeportant A'auche;Non renseignee ;29;Feminin;Blessee Leger;Non renseignee ;3;1;0;0;1;0;Adulte jeune (25-34);Sans pieton ;Sans moto;1 VL;Sans poids lourd;Adulte jeune (25-34);3-5 usagers
Leger;20/12/2017;15:35;Marnes-la-Coquette;Plein jour;Pluie legere;Hors intersection;Voie commuNon renseignee le;Collision par l'arriere;VL seul;Meme sens, Meme file;VL seul;72;Feminin;Blessee Leger;Non renseignee ;3;2;0;0;2;0;Senior (65+);Sans pieton;Sans moto;2 VL;Sans poids lourd;Senior (65+);3-5 usagers
Mortel;06/04/2018;01:38;Asnieres-sur-Seine;Nuit avec eclairage public allumee;Autre;Intersection en T;Route departementale;Sans collision;Scooter > 125 cm3;Sans changement de direction;Non renseignee ;40;Masculin;Tue;Non renseignee ;2;1;0;1;0;0;Adulte (35-49);Sans pieton;Avec moto;Aucun VL;Sans poids lourd;Adulte (35-49);2 usagers
Mortel;05/04/2018;13:46;Chatillon;Plein jour;Autre;Hors intersection;Route departementale;Autre collision;PL seul > 7,5T;Sans changement de direction;Non renseignee ;63;Masculin;Indemne;Non renseignee ;2;1;1;0;0;1;Senior actif (50-64);Avec pieton;Sans moto;Aucun VL;Avec poids lourd;Senior actif (50-64);2 usagers
Mortel;27/10/2018;17:50;Gennevilliers;Plein jour;Autre;Hors intersection;Autoroute;Collision par l'arriere;VL seul;Sans changement de direction;VL seul;36;Masculin;Blessee hospitalisee;Non renseignee ;7;2;0;0;2;0;Adulte (35-49);Sans pieton;Sans moto;2 VL;Sans poids lourd;Adulte (35-49);Plus de 5 usagers
Grave;01/04/2018;16:25;Villeneuve-la-Garenne;Plein jour;Autre;Intersection en X;Route departementale;Collision par le cote;VL seul;Sans changement de direction;Motocyclette > 50 cm3 et <= 125 cm3;25;Feminin;Indemne;Non renseignee ;4;2;0;1;1;0;Adulte jeune (25-34);Sans pieton;Avec moto;1 VL;Sans poids lourd;Adulte jeune (25-34);3-5 usagers
Grave;20/04/2018;16:25;Courbevoie;Plein jour;Autre;Hors intersection;Voie commuNon renseignee le;Collision par le cote;VL seul;Sans changement de direction;Motocyclette > 50 cm3 et <= 125 cm3;22;Masculin;Blessee hospitalisee;Non renseignee ;2;2;0;1;1;0;Jeune adulte (18-24);Sans pieton;Avec moto;1 VL;Sans poids lourd;Jeune adulte (18-24);2 usagers
Grave;16/10/2018;22:10;Asnieres-sur-Seine;Nuit avec eclairage public allumee;Autre;Hors intersection;Route departementale;Collision frontale;Scooter > 50 cm3 et <= 125 cm3;Non renseignee ;VL seul;31;Masculin;Blessee hospitalisee;Non renseignee ;2;2;0;1;1;0;Adulte jeune (25-34);Sans pieton;Avec moto;1 VL;Sans poids lourd;Adulte jeune (25-34);2 usagers
Grave;08/06/2018;18:43;Issy-les-Moulineaux;Plein jour;Autre;Hors intersection;Route departementale;Collision par l'arriere;Scooter > 125 cm3;Meme sens, Meme file;VL seul;22;Feminin;Blessee hospitalisee;Non renseignee ;3;2;0;1;1;0;Jeune adulte (18-24);Sans pieton;Avec moto;1 VL;Sans poids lourd;Jeune adulte (18-24);3-5 usagers
Grave;14/05/2018;20:25;Non renseignee nterre;Crepuscule ou aube;Pluie legere;Intersection en X;Route departementale;Collision par le cote;Motocyclette > 50 cm3 et <= 125 cm3;TourNon renseignee nt A'auche;VL seul;40;Masculin;Blessee hospitalisee;Non renseignee ;2;2;0;1;1;0;Adulte (35-49);Sans pieton ;Avec moto;1 VL;Sans poids lourd;Adulte (35-49);2 usagers
Grave;15/02/2018;09:00;Saint-Cloud;Plein jour;Pluie legere;Hors intersection;Route departementale;Collision frontale;Motocyclette > 50 cm3 et <= 125 cm3;Non renseignee ;Motocyclette > 50 cm3 et <= 125 cm3;42;Masculin;Blessee hospitalisee;Non renseignee ;2;2;0;2;0;0;Adulte (35-49);Sans pieton;Avec moto;Aucun VL;Sans poids lourd;Adulte (35-49);2 usagers
Grave;29/05/2018;16:05;Saint-Cloud;Plein jour;Autre;Intersection en T;Voie commuNon renseignee le;Collision par le cote;Scooter > 125 cm3;Sans changement de direction;VL seul;17;Feminin;Indemne;Non renseignee ;3;2;0;1;1;0;Mineur (-18 ans);Sans pieton;Avec moto;1 VL;Sans poids lourd;Mineur (-18 ans);3-5 usagers
Grave;03/10/2018;18:00;Asnieres-sur-Seine;Plein jour;Autre;Intersection en T;Route departementale;Autre collision;VL seul;TourNon renseignee nt A$roite;Non renseignee ;37;Masculin;Indemne;Non renseignee ;2;1;1;0;1;0;Adulte (35-49);Avec pieton;Sans moto;1 VL;Sans poids lourd;Adulte (35-49);2 usagers
Grave;23/03/2018;19:20;Clamart;Nuit avec eclairage public allumee;Autre;Hors intersection;Route departementale;Autre collision;VU seul 1,5T <= PTAC <= 3,5T;Sans changement de direction;Non renseignee ;41;Masculin;Indemne;Non renseignee ;2;1;1;0;1;0;Adulte (35-49);Avec pieton;Sans moto;1 VL;Sans poids lourd;Adulte (35-49);2 usagers
Grave;12/12/2018;07:05;Clamart;Nuit avec eclairage public allumee;Autre;Intersection en X;Route departementale;Autre collision;VL seul;Sans changement de direction;Non renseignee ;50;Masculin;Indemne;Non renseignee ;2;1;1;0;1;0;Senior actif (50-64);Avec pieton;Sans moto;1 VL;Sans poids lourd;Senior actif (50-64);2 usagers
Grave;05/05/2018;20:00;Colombes;Plein jour;Autre;Intersection en X;Route departementale;Autre collision;Scooter < 50 cm3;Sans changement de direction;VL seul;19;Masculin;Blessee Leger;Non renseignee ;3;2;1;0;1;0;Jeune adulte (18-24);Avec pieton;Sans moto;1 VL;Sans poids lourd;Jeune adulte (18-24);3-5 usagers
Grave;08/03/2018;10:20;Neuilly-sur-Seine;Plein jour;Autre;Hors intersection;Voie commuNon renseignee le;Autre collision;VU seul 1,5T <= PTAC <= 3,5T;En marche arriere;Non renseignee ;57;Masculin;Indemne;Non renseignee ;2;1;1;0;1;0;Senior actif (50-64);Avec pieton;Sans moto;1 VL;Sans poids lourd;Senior actif (50-64);2 usagers
Grave;11/04/2018;06:05;Meudon;Nuit sanseclairage public;Autre;Intersection en X;Route departementale;Autre collision;Scooter < 50 cm3;Sans changement de direction;Non renseignee ;36;Masculin;Indemne;Non renseignee ;2;1;1;0;0;0;Adulte (35-49);Avec pieton;Sans moto;Aucun VL;Sans poids lourd;Adulte (35-49);2 usagers
Grave;08/08/2018;11:30;Saint-Cloud;Plein jour;Autre;Hors intersection;Autoroute;Collision par l'arriere;PL seul 3,5T <PTCA <= 7,5T;Sans changement de direction;VU seul 1,5T <= PTAC <= 3,5T;40;Masculin;Indemne;Non renseignee ;2;2;0;0;1;1;Adulte (35-49);Sans pieton;Sans moto;1 VL;Avec poids lourd;Adulte (35-49);2 usagers
Grave;30/05/2018;20:00;Issy-les-Moulineaux;Plein jour;Autre;Hors intersection;Route departementale;Collisions en chaine;VL seul;Meme sens, Meme file;VL seul;48;Masculin;Indemne;Non renseignee ;4;4;0;0;4;0;Adulte (35-49);Sans pieton;Sans moto;3 VL ou plus;Sans poids lourd;Adulte (35-49);3-5 usagers
Leger;11/04/2018;16:10;Clamart;Plein jour;Autre;Giratoire;Voie commuNon renseignee le;Sans collision;Scooter > 125 cm3;Se deportant A$roite;Non renseignee ;22;Masculin;Blessee Leger;Non renseignee ;2;1;0;1;0;0;Jeune adulte (18-24);Sans pieton ;Avec moto;Aucun VL;Sans poids lourd;Jeune adulte (18-24);2 usagers
Leger;23/02/2018;08:17;Sevres;Plein jour;Autre;Hors intersection;Route Non renseignee tioNon renseignee le;Sans collision;Motocyclette > 125 cm3;Non renseignee ;Non renseignee ;58;Masculin;Blessee Leger;Non renseignee ;1;1;0;1;0;0;Senior actif (50-64);Sans pieton;Avec moto;Aucun VL;Sans poids lourd;Senior actif (50-64);1 usager
Leger;31/10/2018;23:30;Sevres;Nuit avec eclairage public allumee;Temps couvert;Hors intersection;Route Non renseignee tioNon renseignee le;Sans collision;Scooter > 50 cm3 et <= 125 cm3;S inserant;Non renseignee ;25;Feminin;Blessee Leger;Non renseignee ;1;1;0;1;0;0;Adulte jeune (25-34);Sans pieton;Avec moto;Aucun VL;Sans poids lourd;Adulte jeune (25-34);1 usager
Leger;12/12/2018;09:10;Clamart;Plein jour;Autre;Hors intersection;Autoroute;Collision par l'arriere;Motocyclette > 50 cm3 et <= 125 cm3;Meme sens, Meme file;VU seul 1,5T <= PTAC <= 3,5T;43;Masculin;Blessee Leger;Non renseignee ;2;2;0;1;1;0;Adulte (35-49);Sans pieton;Avec moto;1 VL;Sans poids lourd;Adulte (35-49);2 usagers
Leger;20/04/2018;09:20;Antony;Plein jour;Autre;Hors intersection;Autoroute;Collision par l'arriere;Motocyclette > 125 cm3;Sans changement de direction;VL seul;39;Masculin;Blessee Leger;Non renseignee ;2;2;0;1;1;0;Adulte (35-49);Sans pieton;Avec moto;1 VL;Sans poids lourd;Adulte (35-49);2 usagers
Leger;16/10/2018;06:30;Bourg-la-Reine;Nuit avec eclairage public allumee;Autre;Hors intersection;Route departementale;Collision par le cote;VL seul;TourNon renseignee nt A'auche;Motocyclette > 125 cm3;62;Masculin;Indemne;Non renseignee ;2;2;0;1;1;0;Senior actif (50-64);Sans pieton ;Avec moto;1 VL;Sans poids lourd;Senior actif (50-64);2 usagers
Leger;16/06/2018;22:30;Asnieres-sur-Seine;Nuit avec eclairage public allumee;Autre;Hors intersection;Route departementale;Collision par le cote;Motocyclette > 50 cm3 et <= 125 cm3;Sans changement de direction;VL seul;19;Masculin;Blessee Leger;Non renseignee ;2;2;0;1;1;0;Jeune adulte (18-24);Sans pieton;Avec moto;1 VL;Sans poids lourd;Jeune adulte (18-24);2 usagers
Grave;27/08/2008;23:33;Neuilly-sur-Seine;Nuit avec eclairage public allumee;Autre;Hors intersection;Route Non renseignee tioNon renseignee le;Autre collision;VL seul;Manoeuvre devitement;Non renseignee ;49;Masculin;Indemne;Non renseignee ;2;1;1;0;1;0;Adulte (35-49);Avec pieton;Sans moto;1 VL;Sans poids lourd;Adulte (35-49);2 usagers
Grave;18/11/2008;09:50;Marnes-la-Coquette;Plein jour;Pluie legere;Hors intersection;Autoroute;Sans collision;Scooter > 125 cm3;Sans changement de direction;Non renseignee ;33;Feminin;Blessee hospitalisee;Non renseignee ;1;1;0;1;0;0;Adulte jeune (25-34);Sans pieton;Avec moto;Aucun VL;Sans poids lourd;Adulte jeune (25-34);1 usager
Leger;31/12/2008;23:30;Gennevilliers;Nuit avec eclairage public non allumee;Autre;Hors intersection;Autoroute;Sans collision;VL seul;Sans changement de direction;Non renseignee ;23;Feminin;Blessee Leger;Non renseignee ;1;1;0;0;1;0;Jeune adulte (18-24);Sans pieton;Sans moto;1 VL;Sans poids lourd;Jeune adulte (18-24);1 usager
Leger;11/09/2008;23:53;Antony;Nuit avec eclairage public allumee;Temps couvert;Hors intersection;Autoroute;Collision par le cote;VL seul;Non renseignee ;VL seul;27;Masculin;Blessee Leger;Non renseignee ;3;2;0;0;2;0;Adulte jeune (25-34);Sans pieton;Sans moto;2 VL;Sans poids lourd;Adulte jeune (25-34);3-5 usagers
Leger;27/10/2008;07:51;Antony;Nuit sanseclairage public;Pluie forte;Hors intersection;Autoroute;Collision par l'arriere;PL seul > 7,5T;Meme sens, Meme file;VL seul;35;Masculin;Indemne;Non renseignee ;2;2;0;0;1;1;Adulte (35-49);Sans pieton;Sans moto;1 VL;Avec poids lourd;Adulte (35-49);2 usagers
Leger;23/06/2009;16:05;Bagneux;Plein jour;Autre;Giratoire;Route departementale;Collision par le cote;VL seul;Sans changement de direction;Bicyclette;26;Feminin;Indemne;Non renseignee ;2;2;0;0;1;0;Adulte jeune (25-34);Sans pieton;Sans moto;1 VL;Sans poids lourd;Adulte jeune (25-34);2 usagers
Leger;09/10/2009;17:35;Puteaux;Plein jour;Autre;Intersection en Y;Route Non renseignee tioNon renseignee le;Sans collision;Motocyclette > 125 cm3;Sans changement de direction;Non renseignee ;27;Masculin;Blessee Leger;Attention perturbée;1;1;0;1;0;0;Adulte jeune (25-34);Sans pieton;Avec moto;Aucun VL;Sans poids lourd;Adulte jeune (25-34);1 usager
Leger;26/07/2009;18:10;Malakoff;Plein jour;Autre;Intersection en X;Route departementale;Collision par l'arriere;Motocyclette > 125 cm3;Meme sens, Meme file;VL seul;21;Masculin;Blessee Leger;Non renseignee ;3;2;0;1;1;0;Jeune adulte (18-24);Sans pieton;Avec moto;1 VL;Sans poids lourd;Jeune adulte (18-24);3-5 usagers
Leger;03/06/2009;14:10;Antony;Plein jour;Autre;Intersection en X;Route departementale;Collision par le cote;VL seul;TourNon renseignee nt A$roite;Motocyclette > 125 cm3;31;Masculin;Blessee Leger;Non renseignee ;2;2;0;1;1;0;Adulte jeune (25-34);Sans pieton ;Avec moto;1 VL;Sans poids lourd;Adulte jeune (25-34);2 usagers
Leger;01/10/2009;14:30;Courbevoie;Plein jour;Autre;Intersection en T;Route departementale;Collision par le cote;Motocyclette > 125 cm3;Non renseignee ;VL seul;25;Masculin;Blessee Leger;Non renseignee ;3;2;0;1;1;0;Adulte jeune (25-34);Sans pieton;Avec moto;1 VL;Sans poids lourd;Adulte jeune (25-34);3-5 usagers
Leger;26/08/2009;15:40;Chatillon;Plein jour;Autre;Hors intersection;Route departementale;Collision par le cote;Motocyclette > 125 cm3;Sans changement de direction;VL seul;42;Masculin;Blessee Leger;Non renseignee ;2;2;0;1;1;0;Adulte (35-49);Sans pieton;Avec moto;1 VL;Sans poids lourd;Adulte (35-49);2 usagers
Leger;17/07/2009;01:45;Non renseignee nterre;Nuit avec eclairage public allumee;Pluie legere;Intersection en X;Route departementale;Collision par le cote;VL seul;Sans changement de direction;VL seul;23;Masculin;Indemne;Non renseignee ;2;2;0;0;2;0;Jeune adulte (18-24);Sans pieton;Sans moto;2 VL;Sans poids lourd;Jeune adulte (18-24);2 usagers
Leger;02/06/2009;08:55;Colombes;Plein jour;Autre;Hors intersection;Autoroute;Collisions multiples;Scooter > 50 cm3 et <= 125 cm3;Manoeuvre devitement;VL seul;23;Masculin;Blessee Leger;Non renseignee ;3;3;0;1;2;0;Jeune adulte (18-24);Sans pieton;Avec moto;2 VL;Sans poids lourd;Jeune adulte (18-24);3-5 usagers
Leger;29/07/2009;15:15;Clichy;Plein jour;Autre;Hors intersection;Route departementale;Collision par le cote;VL seul;En faisant demi-tour sur la chaussee;Scooter > 50 cm3 et <= 125 cm3;55;Masculin;Indemne;Non renseignee ;3;2;0;1;1;0;Senior actif (50-64);Sans pieton;Avec moto;1 VL;Sans poids lourd;Senior actif (50-64);3-5 usagers
Leger;25/06/2009;12:55;Chatillon;Plein jour;Autre;Intersection en X;Route departementale;Collision par l'arriere;Scooter < 50 cm3;Meme sens, Meme file;VL seul;30;Masculin;Blessee Leger;Non renseignee ;2;2;0;0;1;0;Adulte jeune (25-34);Sans pieton;Sans moto;1 VL;Sans poids lourd;Adulte jeune (25-34);2 usagers
Leger;02/02/2009;09:00;Neuilly-sur-Seine;Plein jour;Autre;Intersection en X;Voie commuNon renseignee le;Collision par l'arriere;VL seul;Meme sens, Meme file;VL seul;43;Feminin;Indemne;Non renseignee ;2;2;0;0;2;0;Adulte (35-49);Sans pieton;Sans moto;2 VL;Sans poids lourd;Adulte (35-49);2 usagers
Leger;25/10/2009;16:45;Gennevilliers;Plein jour;Autre;Hors intersection;Autoroute;Collisions en chaine;VL seul;Meme sens, Meme file;VL seul;35;Masculin;Indemne;Non renseignee ;3;3;0;0;3;0;Adulte (35-49);Sans pieton;Sans moto;3 VL ou plus;Sans poids lourd;Adulte (35-49);3-5 usagers
Leger;16/10/2018;18:40;Asnieres-sur-Seine;Plein jour;Autre;Hors intersection;Route departementale;Collision par le cote;VL seul;En faisant demi-tour sur la chaussee;Motocyclette > 125 cm3;42;Feminin;Indemne;Non renseignee ;2;2;0;1;1;0;Adulte (35-49);Sans pieton;Avec moto;1 VL;Sans poids lourd;Adulte (35-49);2 usagers
Leger;30/10/2018;17:50;Asnieres-sur-Seine;Crepuscule ou aube;Autre;Hors intersection;Route departementale;Collision par l'arriere;VL seul;Arrete (hors stationnement);Motocyclette > 125 cm3;73;Masculin;Indemne;Non renseignee ;2;2;0;1;1;0;Senior (65+);Sans pieton;Avec moto;1 VL;Sans poids lourd;Senior (65+);2 usagers
Leger;30/09/2018;19:00;Boulogne-Billancourt;Plein jour;Autre;Hors intersection;Route departementale;Collision par l'arriere;Scooter > 125 cm3;Meme sens, Meme file;VL seul;49;Masculin;Blessee Leger;Non renseignee ;2;2;0;1;1;0;Adulte (35-49);Sans pieton;Avec moto;1 VL;Sans poids lourd;Adulte (35-49);2 usagers
Leger;27/10/2018;17:30;Clichy;Crepuscule ou aube;Autre;Intersection en T;Voie commuNon renseignee le;Collision par le cote;VL seul;TourNon renseignee nt A'auche;Scooter > 50 cm3 et <= 125 cm3;56;Masculin;Indemne;Non renseignee ;2;2;0;1;1;0;Senior actif (50-64);Sans pieton ;Avec moto;1 VL;Sans poids lourd;Senior actif (50-64);2 usagers
Leger;27/06/2018;19:30;Colombes;Plein jour;Autre;Hors intersection;Voie commuNon renseignee le;Collision par l'arriere;Scooter > 125 cm3;Meme sens, Meme file;VL seul;56;Masculin;Blessee Leger;Non renseignee ;2;2;0;1;1;0;Senior actif (50-64);Sans pieton;Avec moto;1 VL;Sans poids lourd;Senior actif (50-64);2 usagers
Leger;11/12/2018;08:20;Colombes;Plein jour;Autre;Intersection en X;Route departementale;Collision par le cote;VL seul;Sans changement de direction;Scooter > 125 cm3;27;Masculin;Indemne;Non renseignee ;2;2;0;1;1;0;Adulte jeune (25-34);Sans pieton;Avec moto;1 VL;Sans poids lourd;Adulte jeune (25-34);2 usagers
Leger;02/05/2018;11:45;Courbevoie;Plein jour;Autre;Hors intersection;Route departementale;Collision par l'arriere;Scooter > 125 cm3;Non renseignee ;VU seul 1,5T <= PTAC <= 3,5T;28;Masculin;Blessee Leger;Non renseignee ;2;2;0;1;1;0;Adulte jeune (25-34);Sans pieton;Avec moto;1 VL;Sans poids lourd;Adulte jeune (25-34);2 usagers
Leger;17/05/2018;12:55;Courbevoie;Plein jour;Autre;Giratoire;Route departementale;Collision par le cote;VL seul;Sans changement de direction;Motocyclette > 125 cm3;34;Feminin;Indemne;Non renseignee ;2;2;0;1;1;0;Adulte jeune (25-34);Sans pieton;Avec moto;1 VL;Sans poids lourd;Adulte jeune (25-34);2 usagers
Leger;20/07/2018;17:00;Courbevoie;Plein jour;Autre;Hors intersection;Voie commuNon renseignee le;Collision par l'arriere;Scooter > 50 cm3 et <= 125 cm3;Arrete (hors stationnement);Scooter > 50 cm3 et <= 125 cm3;65;Masculin;Indemne;Non renseignee ;2;2;0;2;0;0;Senior (65+);Sans pieton;Avec moto;Aucun VL;Sans poids lourd;Senior (65+);2 usagers
Leger;22/02/2018;09:00;Courbevoie;Plein jour;Autre;Intersection en T;Route departementale;Collision par l'arriere;PL seul > 7,5T;Meme sens, Meme file;Motocyclette > 125 cm3;48;Masculin;Indemne;Non renseignee ;2;2;0;1;0;1;Adulte (35-49);Sans pieton;Avec moto;Aucun VL;Avec poids lourd;Adulte (35-49);2 usagers
Leger;10/09/2018;17:20;Chatillon;Plein jour;Autre;Hors intersection;Route departementale;Collision par l'arriere;Motocyclette > 125 cm3;Sans changement de direction;VU seul 1,5T <= PTAC <= 3,5T;22;Masculin;Blessee Leger;Non renseignee ;2;2;0;1;1;0;Jeune adulte (18-24);Sans pieton;Avec moto;1 VL;Sans poids lourd;Jeune adulte (18-24);2 usagers
Leger;31/01/2018;08:15;Non renseignee nterre;Crepuscule ou aube;Pluie legere;Intersection A0lus de 4 branches;Route departementale;Collision par le cote;VL seul;TourNon renseignee nt A'auche;Scooter > 50 cm3 et <= 125 cm3;57;Masculin;Indemne;Non renseignee ;2;2;0;1;1;0;Senior actif (50-64);Sans pieton ;Avec moto;1 VL;Sans poids lourd;Senior actif (50-64);2 usagers
Leger;03/07/2018;10:50;Suresnes;Plein jour;Autre;Hors intersection;Route departementale;Collision par l'arriere;VL seul;Sans changement de direction;Motocyclette > 125 cm3;33;Feminin;Indemne;Non renseignee ;2;2;0;1;1;0;Adulte jeune (25-34);Sans pieton;Avec moto;1 VL;Sans poids lourd;Adulte jeune (25-34);2 usagers
Leger;13/09/2018;12:15;Non renseignee nterre;Plein jour;Autre;Intersection en T;Route departementale;Collisions multiples;VL seul;En faisant demi-tour sur la chaussee;Motocyclette > 125 cm3;19;Masculin;Indemne;Non renseignee ;3;3;0;1;1;0;Jeune adulte (18-24);Sans pieton;Avec moto;1 VL;Sans poids lourd;Jeune adulte (18-24);3-5 usagers
Leger;07/04/2018;23:00;Rueil-Malmaison;Nuit avec eclairage public allumee;Autre;Intersection en T;Voie commuNon renseignee le;Collision par le cote;Motocyclette > 125 cm3;Sans changement de direction;VL seul;18;Masculin;Blessee Leger;Non renseignee ;2;2;0;1;1;0;Jeune adulte (18-24);Sans pieton;Avec moto;1 VL;Sans poids lourd;Jeune adulte (18-24);2 usagers
Leger;18/07/2018;13:20;Saint-Cloud;Plein jour;Autre;Intersection en T;Route departementale;Autre collision;Scooter > 50 cm3 et <= 125 cm3;TourNon renseignee nt A'auche;Non renseignee ;24;Feminin;Indemne;Non renseignee ;2;1;1;1;0;0;Jeune adulte (18-24);Avec pieton;Avec moto;Aucun VL;Sans poids lourd;Jeune adulte (18-24);2 usagers
Leger;04/01/2018;19:42;Suresnes;Nuit avec eclairage public allumee;Autre;Hors intersection;Route departementale;Autre collision;PL seul 3,5T <PTCA <= 7,5T;Sans changement de direction;Non renseignee ;44;Masculin;Indemne;Non renseignee ;2;1;1;0;0;1;Adulte (35-49);Avec pieton;Sans moto;Aucun VL;Avec poids lourd;Adulte (35-49);2 usagers
Leger;21/04/2018;17:00;Malakoff;Plein jour;Autre;Intersection en T;Voie commuNon renseignee le;Autre collision;VL seul;TourNon renseignee nt A$roite;Non renseignee ;37;Masculin;Indemne;Non renseignee ;2;1;1;0;1;0;Adulte (35-49);Avec pieton;Sans moto;1 VL;Sans poids lourd;Adulte (35-49);2 usagers
Leger;01/05/2018;06:45;Gennevilliers;Plein jour;Autre;Hors intersection;Autoroute;Sans collision;VL seul;Se deportant A$roite;Non renseignee ;38;Feminin;Blessee Leger;Non renseignee ;1;1;0;0;1;0;Adulte (35-49);Sans pieton ;Sans moto;1 VL;Sans poids lourd;Adulte (35-49);1 usager
Leger;19/05/2009;16:30;Chatillon;Plein jour;Autre;Intersection en X;Route departementale;Collision par le cote;VU seul 1,5T <= PTAC <= 3,5T;TourNon renseignee nt A'auche;Motocyclette > 125 cm3;48;Masculin;Indemne;Non renseignee ;3;2;0;1;1;0;Adulte (35-49);Sans pieton ;Avec moto;1 VL;Sans poids lourd;Adulte (35-49);3-5 usagers
Leger;25/05/2009;20:45;Bourg-la-Reine;Nuit avec eclairage public allumee;Autre;Intersection en X;Route departementale;Collision frontale;VL seul;TourNon renseignee nt A'auche;Scooter > 50 cm3 et <= 125 cm3;39;Feminin;Indemne;Non renseignee ;2;2;0;1;1;0;Adulte (35-49);Sans pieton ;Avec moto;1 VL;Sans poids lourd;Adulte (35-49);2 usagers
Grave;26/06/2009;19:00;Non renseignee nterre;Plein jour;Autre;Hors intersection;Route departementale;Collision par l'arriere;VL seul;Meme sens, Meme file;Bicyclette;32;Feminin;Indemne;Non renseignee ;2;2;0;0;1;0;Adulte jeune (25-34);Sans pieton;Sans moto;1 VL;Sans poids lourd;Adulte jeune (25-34);2 usagers
Leger;16/02/2009;10:40;Saint-Cloud;Plein jour;Temps couvert;Intersection en T;Route departementale;Collisions multiples;VL seul;Sedeportant A'auche;VU seul 1,5T <= PTAC <= 3,5T;21;Masculin;Indemne;Non renseignee ;3;3;0;1;2;0;Jeune adulte (18-24);Sans pieton ;Avec moto;2 VL;Sans poids lourd;Jeune adulte (18-24);3-5 usagers
Leger;05/01/2009;00:45;Gennevilliers;Nuit sanseclairage public;Autre;Hors intersection;Autoroute;Sans collision;VL seul;Non renseignee ;Non renseignee ;25;Masculin;Blessee Leger;Non renseignee ;1;1;0;0;1;0;Adulte jeune (25-34);Sans pieton;Sans moto;1 VL;Sans poids lourd;Adulte jeune (25-34);1 usager
Leger;21/02/2009;18:45;Neuilly-sur-Seine;Nuit avec eclairage public allumee;Autre;Hors intersection;Route departementale;Collision par le cote;VL seul;En faisant demi-tour sur la chaussee;Motocyclette > 125 cm3;74;Feminin;Indemne;Non renseignee ;2;2;0;1;1;0;Senior (65+);Sans pieton;Avec moto;1 VL;Sans poids lourd;Senior (65+);2 usagers
Leger;22/05/2009;11:40;Clichy;Plein jour;Autre;Intersection en Y;Route departementale;Collisions en chaine;VL seul;Meme sens, Meme file;VL seul;41;Feminin;Indemne;Attention perturbée;5;3;0;0;3;0;Adulte (35-49);Sans pieton;Sans moto;3 VL ou plus;Sans poids lourd;Adulte (35-49);3-5 usagers
Leger;27/07/2009;14:05;Levallois-Perret;Plein jour;Autre;Hors intersection;Route departementale;Collision par l'arriere;Scooter > 50 cm3 et <= 125 cm3;Meme sens, Meme file;VL seul;22;Masculin;Blessee Leger;Non renseignee ;2;2;0;1;1;0;Jeune adulte (18-24);Sans pieton;Avec moto;1 VL;Sans poids lourd;Jeune adulte (18-24);2 usagers
Leger;13/05/2009;10:40;Rueil-Malmaison;Plein jour;Temps couvert;Intersection en X;Route departementale;Collision par l'arriere;VL seul;Meme sens, Meme file;VL seul;32;Masculin;Indemne;Non renseignee ;2;2;0;0;2;0;Adulte jeune (25-34);Sans pieton;Sans moto;2 VL;Sans poids lourd;Adulte jeune (25-34);2 usagers
Leger;10/12/2018;00:01;Gennevilliers;Nuit avec eclairage public non allumee;Pluie legere;Hors intersection;Autoroute;Sans collision;VL seul;Se deportant A$roite;Non renseignee ;41;Masculin;Blessee Leger;Non renseignee ;1;1;0;0;1;0;Adulte (35-49);Sans pieton ;Sans moto;1 VL;Sans poids lourd;Adulte (35-49);1 usager
Leger;29/10/2018;01:55;Saint-Cloud;Nuit sanseclairage public;Autre;Hors intersection;Autoroute;Sans collision;VU seul 1,5T <= PTAC <= 3,5T;Sans changement de direction;Non renseignee ;28;Feminin;Blessee Leger;Non renseignee ;1;1;0;0;1;0;Adulte jeune (25-34);Sans pieton;Sans moto;1 VL;Sans poids lourd;Adulte jeune (25-34);1 usager
Leger;07/05/2018;09:30;Antony;Plein jour;Autre;Intersection en X;Route departementale;Collision par le cote;VL seul;Changeant de file A'auche;VU seul 1,5T <= PTAC <= 3,5T;34;Masculin;Blessee Leger;Non renseignee ;2;2;0;0;2;0;Adulte jeune (25-34);Sans pieton;Sans moto;2 VL;Sans poids lourd;Adulte jeune (25-34);2 usagers
Leger;17/05/2018;18:50;Asnieres-sur-Seine;Plein jour;Autre;Intersection en T;Route departementale;Collision par l'arriere;VL seul;Arrete (hors stationnement);Motocyclette > 50 cm3 et <= 125 cm3;18;Masculin;Blessee Leger;Non renseignee ;2;2;0;1;1;0;Jeune adulte (18-24);Sans pieton;Avec moto;1 VL;Sans poids lourd;Jeune adulte (18-24);2 usagers
Leger;27/06/2018;08:30;Clichy;Plein jour;Autre;Hors intersection;Voie commuNon renseignee le;Collision par l'arriere;VL seul;TourNon renseignee nt A$roite;VL seul;36;Feminin;Blessee Leger;Non renseignee ;2;2;0;0;2;0;Adulte (35-49);Sans pieton ;Sans moto;2 VL;Sans poids lourd;Adulte (35-49);2 usagers