type_acci;date;heure;commune;luminosite_accident;cond_atmos;Intersection;categorie_route;type_collision;type_vehicule_1;manoeuvre_vehicule_1;type_vehicule_2;age_usager;sexe_usager;gravite_usager;etat_usager;nombre_usagers;nb_veh;nombre_pietons;nombre_motos;nombre_vl;nombre_pl;age_usa1_categ;accident_pieton;accident_moto;categorie_vl;accident_pl;categorie_age;categorie_usagers
Leger;15/07/2006;21:30;Rueil-Malmaison;Non renseignee ;Autre;Non renseignee ;Route departementale;Non renseignee ;VL seul;Non renseignee ;VL seul;38;Non renseignee ;Non renseignee ;Non renseignee ;3;2;0;0;2;0;Adulte (35-49);Sans pieton;Sans moto;2 VL;Sans poids lourd;Adulte (35-49);3-5 usagers
Leger;09/02/2008;13:15;Chatillon;Plein jour;Autre;Giratoire;Route departementale;Collision par le cote;VL seul;Sans changement de direction;VL seul;59;Masculin;Indemne;Non renseignee ;2;2;0;0;2;0;Senior actif (50-64);Sans pieton;Sans moto;2 VL;Sans poids lourd;Senior actif (50-64);2 usagers
Leger;25/08/2008;16:30;Montrouge;Plein jour;Autre;Hors intersection;Route departementale;Collision par le cote;VU seul 1,5T <= PTAC <= 3,5T;Ouverture de porte;Bicyclette;54;Masculin;Indemne;Non renseignee ;2;2;0;0;1;0;Senior actif (50-64);Sans pieton;Sans moto;1 VL;Sans poids lourd;Senior actif (50-64);2 usagers
Grave;05/10/2017;18:00;Boulogne-Billancourt;Plein jour;Pluie legere;Intersection en X;Route departementale;Collision par le cote;VL seul;Sans changement de direction;VL seul;22;Masculin;Indemne;Non renseignee ;4;2;0;0;2;0;Jeune adulte (18-24);Sans pieton;Sans moto;2 VL;Sans poids lourd;Jeune adulte (18-24);3-5 usagers
Leger;02/08/2016;09:30;Neuilly-sur-Seine;Plein jour;Pluie legere;Intersection en X;Route Non renseignee tioNon renseignee le;Sans collision;Scooter < 50 cm3;Manoeuvre devitement;Non renseignee ;28;Masculin;Blessee Leger;Non renseignee ;1;1;0;0;0;0;Adulte jeune (25-34);Sans pieton;Sans moto;Aucun VL;Sans poids lourd;Adulte jeune (25-34);1 usager
Grave;05/07/2017;10:00;Courbevoie;Plein jour;Autre;Hors intersection;Route departementale;Collision par le cote;VL seul;Sans changement de direction;VL seul;40;Masculin;Blessee hospitalisee;Non renseignee ;2;2;0;0;2;0;Adulte (35-49);Sans pieton;Sans moto;2 VL;Sans poids lourd;Adulte (35-49);2 usagers
Leger;23/09/2020;07:30;Gennevilliers;Crepuscule ou aube;Normale;Passage A.iveau;Voie commuNon renseignee le;Non renseignee ;EDP A-oteur;Circulant sur trottoir;Non renseignee ;20;Masculin;Blessee Leger;Non renseignee ;1;1;0;0;0;0;Jeune adulte (18-24);Sans pieton ;Sans moto;Aucun VL;Sans poids lourd;Jeune adulte (18-24);1 usager
Leger;01/03/2017;07:35;Gennevilliers;Plein jour;Autre;Hors intersection;Autoroute;Collision par le cote;VL seul;Sedeportant A'auche;Motocyclette > 125 cm3;52;Masculin;Indemne;Non renseignee ;3;2;0;1;1;0;Senior actif (50-64);Sans pieton ;Avec moto;1 VL;Sans poids lourd;Senior actif (50-64);3-5 usagers
Leger;30/01/2020;08:15;Gennevilliers;Crepuscule ou aube;Normale;Hors intersection;Autoroute;Non renseignee ;Non renseignee ;Changeant de file A$roite;Scooter > 125 cm3;23;Masculin;Blessee Leger;Non renseignee ;2;2;0;1;1;0;Jeune adulte (18-24);Sans pieton;Avec moto;1 VL;Sans poids lourd;Jeune adulte (18-24);2 usagers
Leger;02/03/2011;13:00;Suresnes;Plein jour;Autre;Intersection en T;Route departementale;Collision par le cote;VU seul 1,5T <= PTAC <= 3,5T;TourNon renseignee nt A'auche;Motocyclette > 125 cm3;50;Masculin;Indemne;Non renseignee ;2;2;0;1;1;0;Senior actif (50-64);Sans pieton ;Avec moto;1 VL;Sans poids lourd;Senior actif (50-64);2 usagers
Leger;17/01/2011;07:45;Clichy;Crepuscule ou aube;Autre;Intersection en T;Route departementale;Collision par le cote;VL seul;Sans changement de direction;VL seul;37;Masculin;Indemne;Non renseignee ;2;2;0;0;2;0;Adulte (35-49);Sans pieton;Sans moto;2 VL;Sans poids lourd;Adulte (35-49);2 usagers
Leger;29/11/2017;09:50;Gennevilliers;Plein jour;Autre;Hors intersection;Autoroute;Collisions multiples;Motocyclette > 125 cm3;Entre 2 files;VL seul;26;Masculin;Blessee Leger;Non renseignee ;3;3;0;1;2;0;Adulte jeune (25-34);Sans pieton;Avec moto;2 VL;Sans poids lourd;Adulte jeune (25-34);3-5 usagers
Leger;12/09/2016;17:20;Rueil-Malmaison;Plein jour;Autre;Hors intersection;Voie commuNon renseignee le;Collision par le cote;Bicyclette;A contresens;Scooter > 50 cm3 et <= 125 cm3;12;Masculin;Blessee Leger;Non renseignee ;2;2;0;1;0;0;Mineur (-18 ans);Sans pieton;Avec moto;Aucun VL;Sans poids lourd;Mineur (-18 ans);2 usagers
Leger;28/02/2006;23:00;Vaucresson;Non renseignee ;Autre;Non renseignee ;Route departementale;Non renseignee ;VL seul;Non renseignee ;Non renseignee ;38;Non renseignee ;Non renseignee ;Non renseignee ;3;1;0;0;1;0;Adulte (35-49);Sans pieton;Sans moto;1 VL;Sans poids lourd;Adulte (35-49);3-5 usagers
Leger;06/12/2011;21:45;Le Plessis-Robinson;Nuit avec eclairage public allumee;Pluie legere;Intersection en T;Voie commuNon renseignee le;Collision par le cote;Scooter < 50 cm3;Sans changement de direction;VL seul;30;Masculin;Blessee Leger;Non renseignee ;2;2;0;0;1;0;Adulte jeune (25-34);Sans pieton;Sans moto;1 VL;Sans poids lourd;Adulte jeune (25-34);2 usagers
Leger;22/11/2006;18:00;Rueil-Malmaison;Non renseignee ;Autre;Non renseignee ;Route departementale;Non renseignee ;VL seul;Non renseignee ;Non renseignee ;38;Non renseignee ;Non renseignee ;Non renseignee ;1;1;0;0;1;0;Adulte (35-49);Sans pieton;Sans moto;1 VL;Sans poids lourd;Adulte (35-49);1 usager
Leger;27/10/2017;18:32;Asnieres-sur-Seine;Plein jour;Autre;Hors intersection;Route departementale;Collision frontale;Motocyclette > 125 cm3;Sans changement de direction;Motocyclette > 50 cm3 et <= 125 cm3;18;Masculin;Blessee Leger;Non renseignee ;2;2;0;2;0;0;Jeune adulte (18-24);Sans pieton;Avec moto;Aucun VL;Sans poids lourd;Jeune adulte (18-24);2 usagers
Leger;06/11/2017;12:55;Boulogne-Billancourt;Plein jour;Autre;Hors intersection;Route departementale;Collision par le cote;VU seul 1,5T <= PTAC <= 3,5T;Sedeportant A'auche;Motocyclette > 125 cm3;52;Masculin;Indemne;Non renseignee ;2;2;0;1;1;0;Senior actif (50-64);Sans pieton ;Avec moto;1 VL;Sans poids lourd;Senior actif (50-64);2 usagers
Leger;06/07/2016;19:55;La Garenne-Colombes;Plein jour;Autre;Place;Voie commuNon renseignee le;Collision par l'arriere;Scooter < 50 cm3;Sans changement de direction;Bicyclette;19;Masculin;Indemne;Non renseignee ;2;2;0;0;0;0;Jeune adulte (18-24);Sans pieton;Sans moto;Aucun VL;Sans poids lourd;Jeune adulte (18-24);2 usagers
Leger;07/02/2017;05:45;Clichy;Nuit avec eclairage public allumee;Pluie legere;Intersection en T;Route departementale;Collision par l'arriere;VU seul 1,5T <= PTAC <= 3,5T;Changeant de file A$roite;Motocyclette > 125 cm3;30;Masculin;Indemne;Non renseignee ;2;2;0;1;1;0;Adulte jeune (25-34);Sans pieton;Avec moto;1 VL;Sans poids lourd;Adulte jeune (25-34);2 usagers
Leger;09/07/2008;19:40;Non renseignee nterre;Plein jour;Autre;Hors intersection;Route departementale;Autre collision;VL seul;TourNon renseignee nt A'auche;Non renseignee ;41;Feminin;Indemne;Non renseignee ;3;1;2;0;1;0;Adulte (35-49);Avec pieton;Sans moto;1 VL;Sans poids lourd;Adulte (35-49);3-5 usagers
Leger;14/06/2011;09:00;ChateNon renseignee y-Malabry;Plein jour;Autre;Hors intersection;Autoroute;Collision par le cote;Motocyclette > 125 cm3;Sans changement de direction;VL seul;26;Feminin;Indemne;Non renseignee ;2;2;0;1;1;0;Adulte jeune (25-34);Sans pieton;Avec moto;1 VL;Sans poids lourd;Adulte jeune (25-34);2 usagers
Grave;16/03/2006;20:00;Sevres;Non renseignee ;Autre;Non renseignee ;Route departementale;Non renseignee ;VL seul;Non renseignee ;Non renseignee ;38;Non renseignee ;Non renseignee ;Non renseignee ;2;2;0;1;1;0;Adulte (35-49);Sans pieton;Avec moto;1 VL;Sans poids lourd;Adulte (35-49);2 usagers
Grave;09/02/2011;18:05;Courbevoie;Nuit avec eclairage public allumee;Autre;Intersection en T;Route Non renseignee tioNon renseignee le;Collision par le cote;VL seul;Sans changement de direction;PL seul 3,5T <PTCA <= 7,5T;27;Masculin;Indemne;Non renseignee ;3;2;0;0;1;1;Adulte jeune (25-34);Sans pieton;Sans moto;1 VL;Avec poids lourd;Adulte jeune (25-34);3-5 usagers
Leger;31/10/2006;18:25;Ville d'Avray;Non renseignee ;Autre;Non renseignee ;Route departementale;Non renseignee ;Non renseignee ;Non renseignee ;VL seul;38;Non renseignee ;Non renseignee ;Non renseignee ;2;2;0;1;1;0;Adulte (35-49);Sans pieton;Avec moto;1 VL;Sans poids lourd;Adulte (35-49);2 usagers
Grave;27/10/2006;08:00;Sevres;Non renseignee ;Autre;Non renseignee ;Route departementale;Non renseignee ;VL seul;Non renseignee ;Non renseignee ;38;Non renseignee ;Non renseignee ;Non renseignee ;2;1;1;0;1;0;Adulte (35-49);Avec pieton;Sans moto;1 VL;Sans poids lourd;Adulte (35-49);2 usagers
Leger;27/01/2011;14:45;Vanves;Plein jour;Autre;Intersection à plus de 4 branches;Route departementale;Collision par le cote;Scooter < 50 cm3;Sans changement de direction;VL seul;38;Masculin;Indemne;Non renseignee ;3;2;0;0;1;0;Adulte (35-49);Sans pieton;Sans moto;1 VL;Sans poids lourd;Adulte (35-49);3-5 usagers
Grave;20/03/2006;07:55;Ville d'Avray;Non renseignee ;Autre;Non renseignee ;Non renseignee ;Non renseignee ;Non renseignee ;Non renseignee ;Non renseignee ;38;Non renseignee ;Non renseignee ;Non renseignee ;1;1;0;1;0;0;Adulte (35-49);Sans pieton;Avec moto;Aucun VL;Sans poids lourd;Adulte (35-49);1 usager
Leger;15/03/2011;19:25;Neuilly-sur-Seine;Nuit avec eclairage public non allumee;Autre;Intersection en X;Voie commuNon renseignee le;Collision par l'arriere;Bicyclette;Traversant la  chaussee;Autobus;36;Feminin;Indemne;Non renseignee ;2;2;0;0;0;0;Adulte (35-49);Sans pieton;Sans moto;Aucun VL;Sans poids lourd;Adulte (35-49);2 usagers
Grave;12/03/2006;17:00;Saint-Cloud;Non renseignee ;Autre;Non renseignee ;Autoroute;Non renseignee ;Non renseignee ;Non renseignee ;VL seul;38;Non renseignee ;Non renseignee ;Non renseignee ;2;2;0;1;1;0;Adulte (35-49);Sans pieton;Avec moto;1 VL;Sans poids lourd;Adulte (35-49);2 usagers
Leger;05/05/2011;16:40;Bagneux;Plein jour;Autre;Intersection en Y;Route departementale;Collision par l'arriere;Motocyclette > 125 cm3;Traversant la  chaussee;VL seul;51;Feminin;Indemne;Non renseignee ;2;2;0;1;1;0;Senior actif (50-64);Sans pieton;Avec moto;1 VL;Sans poids lourd;Senior actif (50-64);2 usagers
Grave;31/07/2006;17:35;Ville d'Avray;Non renseignee ;Autre;Non renseignee ;Route departementale;Non renseignee ;VL seul;Non renseignee ;Cyclomoteur <50cm3;38;Non renseignee ;Non renseignee ;Non renseignee ;2;2;0;0;1;0;Adulte (35-49);Sans pieton;Sans moto;1 VL;Sans poids lourd;Adulte (35-49);2 usagers
Leger;13/12/2011;13:20;Non renseignee nterre;Plein jour;Autre;Hors intersection;Route departementale;Collision par le cote;Scooter < 50 cm3;Non renseignee ;VL seul;20;Masculin;Blessee Leger;Non renseignee ;2;2;0;0;1;0;Jeune adulte (18-24);Sans pieton;Sans moto;1 VL;Sans poids lourd;Jeune adulte (18-24);2 usagers
Grave;30/05/2006;21:45;Non renseignee nterre;Non renseignee ;Autre;Non renseignee ;Route departementale;Non renseignee ;Cyclomoteur <50cm3;Non renseignee ;VL seul;38;Non renseignee ;Non renseignee ;Non renseignee ;2;2;0;0;1;0;Adulte (35-49);Sans pieton;Sans moto;1 VL;Sans poids lourd;Adulte (35-49);2 usagers
Leger;31/12/2011;15:00;Levallois-Perret;Plein jour;Pluie legere;Intersection en T;Voie commuNon renseignee le;Collision par le cote;Scooter < 50 cm3;TourNon renseignee nt A$roite;PL seul > 7,5T;50;Masculin;Indemne;Non renseignee ;2;2;0;0;0;1;Senior actif (50-64);Sans pieton ;Sans moto;Aucun VL;Avec poids lourd;Senior actif (50-64);2 usagers
Leger;14/04/2016;19:50;Courbevoie;Nuit avec eclairage public allumee;Pluie legere;Intersection en X;Route departementale;Autre collision;VL seul;TourNon renseignee nt A'auche;Non renseignee ;33;Masculin;Indemne;Non renseignee ;2;1;1;0;1;0;Adulte jeune (25-34);Avec pieton;Sans moto;1 VL;Sans poids lourd;Adulte jeune (25-34);2 usagers
Leger;30/05/2011;09:00;Colombes;Plein jour;Autre;Hors intersection;Voie commuNon renseignee le;Collision par l'arriere;VU seul 1,5T <= PTAC <= 3,5T;Meme sens, Meme file;Cyclomoteur <50cm3;47;Feminin;Blessee Leger;Non renseignee ;2;2;0;0;1;0;Adulte (35-49);Sans pieton;Sans moto;1 VL;Sans poids lourd;Adulte (35-49);2 usagers
Leger;06/07/2011;16:35;La Garenne-Colombes;Plein jour;Autre;Place;Route departementale;Sans collision;VL seul;TourNon renseignee nt A'auche;Non renseignee ;86;Feminin;Blessee Leger;Non renseignee ;3;1;0;0;1;0;Senior (65+);Sans pieton ;Sans moto;1 VL;Sans poids lourd;Senior (65+);3-5 usagers
Grave;19/12/2017;16:15;Boulogne-Billancourt;Plein jour;Autre;Intersection en X;Voie commuNon renseignee le;Collision par le cote;VU seul 1,5T <= PTAC <= 3,5T;Sedeportant A'auche;Scooter > 50 cm3 et <= 125 cm3;44;Masculin;Indemne;Non renseignee ;2;2;0;1;1;0;Adulte (35-49);Sans pieton ;Avec moto;1 VL;Sans poids lourd;Adulte (35-49);2 usagers
Grave;02/02/2017;07:05;Issy-les-Moulineaux;Crepuscule ou aube;Autre;Intersection en X;Route departementale;Collision frontale;VL seul;Non renseignee ;Motocyclette > 125 cm3;45;Masculin;Indemne;Non renseignee ;2;2;0;1;1;0;Adulte (35-49);Sans pieton;Avec moto;1 VL;Sans poids lourd;Adulte (35-49);2 usagers
Grave;21/11/2017;14:30;Levallois-Perret;Plein jour;Autre;Hors intersection;Voie commuNon renseignee le;Collision par le cote;VL seul;Sans changement de direction;Scooter > 50 cm3 et <= 125 cm3;46;Masculin;Indemne;Non renseignee ;2;2;0;1;1;0;Adulte (35-49);Sans pieton;Avec moto;1 VL;Sans poids lourd;Adulte (35-49);2 usagers
Grave;16/09/2017;21:20;Non renseignee nterre;Nuit avec eclairage public allumee;Autre;Intersection en T;Route departementale;Collision par le cote;VL seul;Changeant de file A'auche;Scooter > 125 cm3;33;Masculin;Indemne;Non renseignee ;2;2;0;1;1;0;Adulte jeune (25-34);Sans pieton;Avec moto;1 VL;Sans poids lourd;Adulte jeune (25-34);2 usagers
Grave;15/11/2017;16:00;Non renseignee nterre;Crepuscule ou aube;Autre;Intersection en X;Route departementale;Collision par le cote;Motocyclette > 125 cm3;Non renseignee ;VU seul 1,5T <= PTAC <= 3,5T;23;Masculin;Blessee hospitalisee;Non renseignee ;2;2;0;1;1;0;Jeune adulte (18-24);Sans pieton;Avec moto;1 VL;Sans poids lourd;Jeune adulte (18-24);2 usagers
Grave;08/09/2017;21:30;Boulogne-Billancourt;Nuit avec eclairage public allumee;Pluie forte;Intersection en X;Route departementale;Collision par le cote;Scooter < 50 cm3;Sans changement de direction;VL seul;18;Masculin;Blessee hospitalisee;Non renseignee ;2;2;0;0;1;0;Jeune adulte (18-24);Sans pieton;Sans moto;1 VL;Sans poids lourd;Jeune adulte (18-24);2 usagers
Grave;27/12/2017;07:01;Courbevoie;Nuit avec eclairage public allumee;Autre;Giratoire;Route departementale;Collision par le cote;Motocyclette > 125 cm3;TourNon renseignee nt A$roite;Bicyclette;56;Masculin;Indemne;Non renseignee ;2;2;0;1;0;0;Senior actif (50-64);Sans pieton ;Avec moto;Aucun VL;Sans poids lourd;Senior actif (50-64);2 usagers
Grave;06/02/2017;18:30;Neuilly-sur-Seine;Nuit avec eclairage public allumee;Autre;Intersection en T;Voie commuNon renseignee le;Autre collision;VL seul;TourNon renseignee nt A$roite;Non renseignee ;82;Masculin;Indemne;Non renseignee ;2;1;1;0;1;0;Senior (65+);Avec pieton;Sans moto;1 VL;Sans poids lourd;Senior (65+);2 usagers
Grave;08/07/2017;09:40;Non renseignee nterre;Plein jour;Autre;Hors intersection;Route departementale;Collision par le cote;VL seul;S inserant;VL seul;66;Masculin;Indemne;Non renseignee ;2;2;0;0;2;0;Senior (65+);Sans pieton;Sans moto;2 VL;Sans poids lourd;Senior (65+);2 usagers
Leger;21/08/2017;18:35;Asnieres-sur-Seine;Plein jour;Autre;Intersection en T;Route departementale;Autre collision;VL seul;Sans changement de direction;Non renseignee ;39;Feminin;Indemne;Non renseignee ;2;1;1;0;1;0;Adulte (35-49);Avec pieton;Sans moto;1 VL;Sans poids lourd;Adulte (35-49);2 usagers
Leger;03/02/2017;18:50;Boulogne-Billancourt;Nuit avec eclairage public allumee;Pluie legere;Intersection à plus de 4 branches;Route departementale;Autre collision;Motocyclette > 50 cm3 et <= 125 cm3;Sans changement de direction;Non renseignee ;73;Masculin;Indemne;Non renseignee ;2;1;1;1;0;0;Senior (65+);Avec pieton;Avec moto;Aucun VL;Sans poids lourd;Senior (65+);2 usagers
Leger;23/03/2017;12:45;Boulogne-Billancourt;Plein jour;Autre;Intersection A0lus de 4 branches;Route departementale;Autre collision;VL seul;TourNon renseignee nt A$roite;Non renseignee ;53;Masculin;Indemne;Non renseignee ;2;1;1;0;1;0;Senior actif (50-64);Avec pieton;Sans moto;1 VL;Sans poids lourd;Senior actif (50-64);2 usagers
Leger;01/11/2017;19:30;Non renseignee nterre;Nuit avec eclairage public allumee;Autre;Intersection en T;Voie commuNon renseignee le;Autre collision;VL seul;TourNon renseignee nt A'auche;Non renseignee ;24;Masculin;Indemne;Non renseignee ;2;1;1;0;1;0;Jeune adulte (18-24);Avec pieton;Sans moto;1 VL;Sans poids lourd;Jeune adulte (18-24);2 usagers
Leger;04/09/2017;19:35;Asnieres-sur-Seine;Plein jour;Autre;Intersection en T;Voie commuNon renseignee le;Autre collision;Bicyclette;Sans changement de direction;Non renseignee ;47;Masculin;Indemne;Non renseignee ;2;1;1;0;0;0;Adulte (35-49);Avec pieton;Sans moto;Aucun VL;Sans poids lourd;Adulte (35-49);2 usagers
Leger;28/03/2017;12:10;Villeneuve-la-Garenne;Plein jour;Autre;Hors intersection;Voie commuNon renseignee le;Autre collision;VL seul;Sans changement de direction;Non renseignee ;68;Masculin;Indemne;Non renseignee ;2;1;1;0;1;0;Senior (65+);Avec pieton;Sans moto;1 VL;Sans poids lourd;Senior (65+);2 usagers
Leger;08/12/2017;07:10;Courbevoie;Nuit avec eclairage public allumee;Autre;Hors intersection;Voie commuNon renseignee le;Sans collision;PL seul > 7,5T;Se deportant A$roite;Non renseignee ;49;Masculin;Blessee Leger;Non renseignee ;2;1;0;0;0;1;Adulte (35-49);Sans pieton ;Sans moto;Aucun VL;Avec poids lourd;Adulte (35-49);2 usagers
Leger;11/03/2017;01:55;Villeneuve-la-Garenne;Nuit sanseclairage public;Autre;Hors intersection;Autoroute;Collision par l'arriere;VL seul;Arrete (hors stationnement);VL seul;24;Masculin;Blessee Leger;Non renseignee ;3;2;0;0;2;0;Jeune adulte (18-24);Sans pieton;Sans moto;2 VL;Sans poids lourd;Jeune adulte (18-24);3-5 usagers
Leger;11/04/2017;12:13;Asnieres-sur-Seine;Plein jour;Autre;Intersection en X;Route departementale;Collision par l'arriere;PL seul > 7,5T;Meme sens, Meme file;VL seul;53;Masculin;Blessee Leger;Non renseignee ;3;2;0;0;1;1;Senior actif (50-64);Sans pieton;Sans moto;1 VL;Avec poids lourd;Senior actif (50-64);3-5 usagers
Leger;01/10/2017;23:55;Gennevilliers;Nuit sanseclairage public;Temps couvert;Hors intersection;Autoroute;Collision par le cote;VL seul;Changeant de file A'auche;VL seul;41;Feminin;Indemne;Non renseignee ;6;2;0;0;2;0;Adulte (35-49);Sans pieton;Sans moto;2 VL;Sans poids lourd;Adulte (35-49);Plus de 5 usagers
Leger;08/03/2017;08:24;Non renseignee nterre;Plein jour;Autre;Hors intersection;Autoroute;Collisions en chaine;VU seul 1,5T <= PTAC <= 3,5T;Changeant de file A$roite;VL seul;35;Masculin;Indemne;Non renseignee ;5;4;0;0;4;0;Adulte (35-49);Sans pieton;Sans moto;3 VL ou plus;Sans poids lourd;Adulte (35-49);3-5 usagers
Leger;07/10/2011;19:50;Non renseignee nterre;Nuit avec eclairage public allumee;Pluie legere;Hors intersection;Autoroute;Sans collision;Motocyclette > 50 cm3 et <= 125 cm3;Non renseignee ;Non renseignee ;38;Masculin;Blessee Leger;Non renseignee ;1;1;0;1;0;0;Adulte (35-49);Sans pieton;Avec moto;Aucun VL;Sans poids lourd;Adulte (35-49);1 usager
Leger;28/02/2011;05:45;Puteaux;Crepuscule ou aube;Autre;Intersection en T;Route departementale;Sans collision;Motocyclette > 125 cm3;Sans changement de direction;Non renseignee ;29;Masculin;Blessee Leger;Non renseignee ;1;1;0;1;0;0;Adulte jeune (25-34);Sans pieton;Avec moto;Aucun VL;Sans poids lourd;Adulte jeune (25-34);1 usager
Leger;11/03/2011;17:00;Courbevoie;Plein jour;Temps couvert;Hors intersection;Route departementale;Collision par l'arriere;VL seul;Sans changement de direction;Cyclomoteur <50cm3;30;Feminin;Indemne;Non renseignee ;2;2;0;0;1;0;Adulte jeune (25-34);Sans pieton;Sans moto;1 VL;Sans poids lourd;Adulte jeune (25-34);2 usagers
Leger;09/05/2011;08:45;Saint-Cloud;Plein jour;Autre;Hors intersection;Autoroute;Collision par l'arriere;VL seul;Meme sens, Meme file;VL seul;36;Feminin;Blessee Leger;Non renseignee ;2;2;0;0;2;0;Adulte (35-49);Sans pieton;Sans moto;2 VL;Sans poids lourd;Adulte (35-49);2 usagers
Leger;21/05/2011;20:30;Clichy;Plein jour;Autre;Intersection en T;Route departementale;Collision par le cote;VL seul;TourNon renseignee nt A'auche;Motocyclette > 125 cm3;27;Masculin;Blessee Leger;Non renseignee ;2;2;0;1;1;0;Adulte jeune (25-34);Sans pieton ;Avec moto;1 VL;Sans poids lourd;Adulte jeune (25-34);2 usagers
Leger;14/09/2017;19:20;Suresnes;Plein jour;Autre;Intersection en X;Route departementale;Collision frontale;VL seul;TourNon renseignee nt A'auche;Motocyclette > 125 cm3;49;Feminin;Indemne;Non renseignee ;2;2;0;1;1;0;Adulte (35-49);Sans pieton ;Avec moto;1 VL;Sans poids lourd;Adulte (35-49);2 usagers
Leger;15/12/2017;09:17;Vanves;Plein jour;Autre;Hors intersection;Route departementale;Collision par le cote;VU seul 1,5T <= PTAC <= 3,5T;Sans changement de direction;Motocyclette > 50 cm3 et <= 125 cm3;27;Masculin;Indemne;Non renseignee ;2;2;0;1;1;0;Adulte jeune (25-34);Sans pieton;Avec moto;1 VL;Sans poids lourd;Adulte jeune (25-34);2 usagers
Leger;22/06/2017;14:10;Boulogne-Billancourt;Plein jour;Autre;Hors intersection;Route departementale;Collision par le cote;VL seul;Sans changement de direction;Cyclomoteur <50cm3;43;Masculin;Indemne;Non renseignee ;2;2;0;0;1;0;Adulte (35-49);Sans pieton;Sans moto;1 VL;Sans poids lourd;Adulte (35-49);2 usagers
Leger;08/04/2017;13:05;Clichy;Plein jour;Autre;Intersection en Y;Route departementale;Collision par le cote;VL seul;TourNon renseignee nt A'auche;Scooter < 50 cm3;41;Masculin;Blessee Leger;Non renseignee ;2;2;0;0;1;0;Adulte (35-49);Sans pieton ;Sans moto;1 VL;Sans poids lourd;Adulte (35-49);2 usagers
Leger;07/09/2017;18:00;Clichy;Plein jour;Autre;Intersection en T;Route departementale;Collision par l'arriere;VL seul;Sans changement de direction;Scooter < 50 cm3;62;Feminin;Indemne;Non renseignee ;2;2;0;0;1;0;Senior actif (50-64);Sans pieton;Sans moto;1 VL;Sans poids lourd;Senior actif (50-64);2 usagers
Leger;17/07/2017;16:30;La Garenne-Colombes;Plein jour;Autre;Intersection en X;Route departementale;Collision par le cote;VL seul;Sans changement de direction;Cyclomoteur <50cm3;53;Masculin;Indemne;Non renseignee ;2;2;0;0;1;0;Senior actif (50-64);Sans pieton;Sans moto;1 VL;Sans poids lourd;Senior actif (50-64);2 usagers
Leger;25/07/2017;10:25;Clichy;Plein jour;Autre;Giratoire;Voie commuNon renseignee le;Collision par le cote;VL seul;Sans changement de direction;Bicyclette;60;Feminin;Blessee Leger;Non renseignee ;2;2;0;0;1;0;Senior actif (50-64);Sans pieton;Sans moto;1 VL;Sans poids lourd;Senior actif (50-64);2 usagers
Leger;23/02/2017;14:00;Colombes;Plein jour;Autre;Intersection en X;Route departementale;Collision par le cote;Motocyclette > 125 cm3;Sans changement de direction;Non renseignee ;39;Masculin;Indemne;Non renseignee ;2;2;0;1;0;0;Adulte (35-49);Sans pieton;Avec moto;Aucun VL;Sans poids lourd;Adulte (35-49);2 usagers
Leger;23/08/2017;10:45;Meudon;Plein jour;Autre;Hors intersection;Voie commuNon renseignee le;Sans collision;Bicyclette;Sans changement de direction;Non renseignee ;34;Masculin;Blessee Leger;Non renseignee ;1;1;0;0;0;0;Adulte jeune (25-34);Sans pieton;Sans moto;Aucun VL;Sans poids lourd;Adulte jeune (25-34);1 usager
Leger;29/08/2017;12:10;Meudon;Plein jour;Autre;Intersection en T;Route departementale;Collision par le cote;VL seul;TourNon renseignee nt A'auche;Bicyclette;36;Masculin;Blessee Leger;Non renseignee ;1;2;0;0;1;0;Adulte (35-49);Sans pieton ;Sans moto;1 VL;Sans poids lourd;Adulte (35-49);1 usager
Leger;10/12/2017;17:30;Asnieres-sur-Seine;Crepuscule ou aube;Autre;Intersection en T;Voie commuNon renseignee le;Autre collision;Scooter > 50 cm3 et <= 125 cm3;Sans changement de direction;Non renseignee ;26;Masculin;Indemne;Non renseignee ;2;1;1;1;0;0;Adulte jeune (25-34);Avec pieton;Avec moto;Aucun VL;Sans poids lourd;Adulte jeune (25-34);2 usagers
Leger;09/05/2017;19:00;Boulogne-Billancourt;Plein jour;Autre;Intersection en T;Voie commuNon renseignee le;Autre collision;VL seul;TourNon renseignee nt A$roite;Non renseignee ;36;Feminin;Indemne;Non renseignee ;2;1;1;0;1;0;Adulte (35-49);Avec pieton;Sans moto;1 VL;Sans poids lourd;Adulte (35-49);2 usagers
Leger;07/09/2018;17:30;Meudon;Plein jour;Autre;Hors intersection;Route Non renseignee tioNon renseignee le;Collisions en chaine;Motocyclette > 125 cm3;Entre 2 files;Motocyclette > 125 cm3;23;Masculin;Blessee Leger;Non renseignee ;3;3;0;2;1;0;Jeune adulte (18-24);Sans pieton;Avec moto;1 VL;Sans poids lourd;Jeune adulte (18-24);3-5 usagers
Leger;11/10/2018;15:55;Colombes;Plein jour;Autre;Hors intersection;Autoroute;Collision par le cote;Scooter > 50 cm3 et <= 125 cm3;Non renseignee ;VL seul;42;Masculin;Blessee Leger;Non renseignee ;1;2;0;1;1;0;Adulte (35-49);Sans pieton;Avec moto;1 VL;Sans poids lourd;Adulte (35-49);1 usager