type_acci;date;heure;commune;luminosite_accident;cond_atmos;Intersection;categorie_route;type_collision;type_vehicule_1;manoeuvre_vehicule_1;type_vehicule_2;age_usager;sexe_usager;gravite_usager;etat_usager;nombre_usagers;nb_veh;nombre_pietons;nombre_motos;nombre_vl;nombre_pl;age_usa1_categ;accident_pieton;accident_moto;categorie_vl;accident_pl;categorie_age;categorie_usagers
Leger;10/05/2019;22:50;Courbevoie;Nuit avec eclairage public allumee;Pluie forte;Intersection en T;Route departementale;Non renseignee ;Non renseignee ;TourNon renseignee nt A$roite;Scooter > 50 cm3 et <= 125 cm3;24;Feminin;Indemne;Non renseignee ;2;2;0;1;1;0;Jeune adulte (18-24);Sans pieton ;Avec moto;1 VL;Sans poids lourd;Jeune adulte (18-24);2 usagers
Leger;09/03/2021;16:45;Levallois-Perret;Plein jour;Normale;Intersection en X;Voie commuNon renseignee le;Non renseignee ;Non renseignee ;Sans changement de direction;Non renseignee ;12;Masculin;Blessee Leger;Non renseignee ;2;1;1;0;1;0;Mineur (-18 ans);Avec pieton;Sans moto;1 VL;Sans poids lourd;Mineur (-18 ans);2 usagers
Leger;09/09/2020;12:40;Non renseignee nterre;Plein jour;Normale;Hors intersection;Voie commuNon renseignee le;Non renseignee ;Non renseignee ;Sans changement de direction;Non renseignee ;13;Masculin;Blessee Leger;Non renseignee ;2;1;1;0;1;0;Mineur (-18 ans);Avec pieton;Sans moto;1 VL;Sans poids lourd;Mineur (-18 ans);2 usagers
Leger;24/10/2019;20:00;Non renseignee nterre;Nuit avec eclairage public allumee;Normale;Intersection en T;Voie commuNon renseignee le;Non renseignee ;Motocyclette > 125 cm3;Depassant A'auche;Non renseignee ;40;Feminin;Indemne;Non renseignee ;6;4;0;1;3;0;Adulte (35-49);Sans pieton;Avec moto;3 VL ou plus;Sans poids lourd;Adulte (35-49);Plus de 5 usagers
Leger;09/01/2020;08:30;Neuilly-sur-Seine;Crepuscule ou aube;Pluie legere;Hors intersection;Voie commuNon renseignee le;Non renseignee ;Non renseignee ;En faisant demi-tour sur la chaussee;Non renseignee ;16;Masculin;Blessee Leger;Non renseignee ;3;2;0;0;1;0;Mineur (-18 ans);Sans pieton;Sans moto;1 VL;Sans poids lourd;Mineur (-18 ans);3-5 usagers
Leger;06/06/2019;20:25;Levallois-Perret;Crepuscule ou aube;Normale;Intersection en T;Voie commuNon renseignee le;Non renseignee ;Scooter > 125 cm3;TourNon renseignee nt A'auche;Non renseignee ;31;Masculin;Blessee Leger;Non renseignee ;3;2;0;1;1;0;Adulte jeune (25-34);Sans pieton ;Avec moto;1 VL;Sans poids lourd;Adulte jeune (25-34);3-5 usagers
Leger;16/02/2019;17:50;Non renseignee nterre;Crepuscule ou aube;Normale;Intersection en T;Voie commuNon renseignee le;Non renseignee ;Non renseignee ;TourNon renseignee nt A$roite;Motocyclette > 50 cm3 et <= 125 cm3;27;Masculin;Indemne;Non renseignee ;3;2;0;1;1;0;Adulte jeune (25-34);Sans pieton ;Avec moto;1 VL;Sans poids lourd;Adulte jeune (25-34);3-5 usagers
Leger;28/08/2019;16:15;Courbevoie;Plein jour;Temps eblouissant;Hors intersection;Route departementale;Non renseignee ;Non renseignee ;Circulant sur trottoir;Non renseignee ;27;Masculin;Blessee Leger;Non renseignee ;2;2;0;0;0;0;Adulte jeune (25-34);Sans pieton;Sans moto;Aucun VL;Sans poids lourd;Adulte jeune (25-34);2 usagers
Leger;22/03/2021;14:10;Levallois-Perret;Plein jour;Normale;Hors intersection;Voie commuNon renseignee le;Non renseignee ;Non renseignee ;Sans changement de direction;Non renseignee ;18;Masculin;Blessee Leger;Non renseignee ;2;1;0;0;0;0;Jeune adulte (18-24);Sans pieton;Sans moto;Aucun VL;Sans poids lourd;Jeune adulte (18-24);2 usagers
Leger;23/06/2021;19:30;Levallois-Perret;Plein jour;Normale;Autre intersection;Voie commuNon renseignee le;Non renseignee ;Non renseignee ;Sans changement de direction;Non renseignee ;11;Masculin;Blessee Leger;Non renseignee ;3;1;2;0;0;0;Mineur (-18 ans);Avec pieton;Sans moto;Aucun VL;Sans poids lourd;Mineur (-18 ans);3-5 usagers
Leger;16/06/2021;07:30;Non renseignee nterre;Plein jour;Normale;Intersection en T;Route departementale;Non renseignee ;Autocar;TourNon renseignee nt A$roite;3RM > 125 cm3;38;Masculin;Blessee Leger;Non renseignee ;2;2;0;1;0;0;Adulte (35-49);Sans pieton ;Avec moto;Aucun VL;Sans poids lourd;Adulte (35-49);2 usagers
Leger;04/12/2019;20:05;Puteaux;Nuit avec eclairage public allumee;Normale;Hors intersection;Autoroute;Non renseignee ;Motocyclette > 125 cm3;Entre 2 files;Non renseignee ;47;Masculin;Blessee Leger;Non renseignee ;2;2;0;1;1;0;Adulte (35-49);Sans pieton;Avec moto;1 VL;Sans poids lourd;Adulte (35-49);2 usagers
Leger;23/11/2021;17:49;Non renseignee nterre;Nuit avec eclairage public allumee;Normale;Intersection en Y;Route departementale;Non renseignee ;Non renseignee ;Changeant de file A$roite;Motocyclette > 125 cm3;45;Masculin;Blessee Leger;Non renseignee ;2;2;0;1;1;0;Adulte (35-49);Sans pieton;Avec moto;1 VL;Sans poids lourd;Adulte (35-49);2 usagers
Leger;06/07/2020;10:44;Levallois-Perret;Plein jour;Normale;Intersection en X;Voie commuNon renseignee le;Non renseignee ;VU seul 1,5T <= PTAC <= 3,5T;TourNon renseignee nt A$roite;Non renseignee ;84;Masculin;Blessee Leger;Non renseignee ;2;1;1;0;1;0;Senior (65+);Avec pieton;Sans moto;1 VL;Sans poids lourd;Senior (65+);2 usagers
Leger;10/10/2019;17:00;Non renseignee nterre;Plein jour;Normale;Autre intersection;Route departementale;Non renseignee ;Non renseignee ;Se deportant A$roite;Scooter < 50 cm3;44;Feminin;Indemne;Non renseignee ;2;2;0;0;1;0;Adulte (35-49);Sans pieton ;Sans moto;1 VL;Sans poids lourd;Adulte (35-49);2 usagers
Leger;30/07/2019;05:55;Non renseignee nterre;Crepuscule ou aube;Normale;Hors intersection;Voie commuNon renseignee le;Non renseignee ;Non renseignee ;Manoeuvre de stationnement;Non renseignee ;21;Masculin;Indemne;Non renseignee ;2;1;1;0;1;0;Jeune adulte (18-24);Avec pieton;Sans moto;1 VL;Sans poids lourd;Jeune adulte (18-24);2 usagers
Leger;24/11/2021;17:50;Courbevoie;Nuit avec eclairage public allumee;Normale;Hors intersection;Route departementale;Non renseignee ;Non renseignee ;Autres manoeuvre;Non renseignee ;69;Masculin;Blessee Leger;Non renseignee ;2;1;1;0;1;0;Senior (65+);Avec pieton;Sans moto;1 VL;Sans poids lourd;Senior (65+);2 usagers
Leger;25/03/2019;13:50;Courbevoie;Plein jour;Normale;Place;Route departementale;Non renseignee ;Motocyclette > 50 cm3 et <= 125 cm3;TourNon renseignee nt A'auche;Non renseignee ;13;Masculin;Blessee Leger;Non renseignee ;2;1;1;1;0;0;Mineur (-18 ans);Avec pieton;Avec moto;Aucun VL;Sans poids lourd;Mineur (-18 ans);2 usagers
Leger;15/11/2019;21:10;Non renseignee nterre;Nuit avec eclairage public allumee;Pluie legere;Hors intersection;Autoroute;Non renseignee ;Non renseignee ;Autres manoeuvre;Non renseignee ;23;Feminin;Blessee Leger;Non renseignee ;2;1;0;0;1;0;Jeune adulte (18-24);Sans pieton;Sans moto;1 VL;Sans poids lourd;Jeune adulte (18-24);2 usagers
Leger;19/12/2019;15:15;Non renseignee nterre;Plein jour;Normale;Hors intersection;Autoroute;Non renseignee ;Non renseignee ;Meme sens, Meme file;Non renseignee ;30;Masculin;Indemne;Non renseignee ;3;2;0;0;2;0;Adulte jeune (25-34);Sans pieton;Sans moto;2 VL;Sans poids lourd;Adulte jeune (25-34);3-5 usagers
Leger;26/02/2021;08:50;Non renseignee nterre;Plein jour;Temps couvert;Hors intersection;Voie commuNon renseignee le;Non renseignee ;Non renseignee ;Ouverture de porte;Non renseignee ;49;Masculin;Blessee Leger;Non renseignee ;2;2;0;0;1;0;Adulte (35-49);Sans pieton;Sans moto;1 VL;Sans poids lourd;Adulte (35-49);2 usagers
Leger;27/03/2021;18:45;Levallois-Perret;Plein jour;Normale;Intersection en X;Voie commuNon renseignee le;Non renseignee ;Non renseignee ;Sans changement de direction;Motocyclette > 50 cm3 et <= 125 cm3;22;Masculin;Blessee Leger;Non renseignee ;2;2;0;1;1;0;Jeune adulte (18-24);Sans pieton;Avec moto;1 VL;Sans poids lourd;Jeune adulte (18-24);2 usagers
Grave;19/07/2018;17:35;Boulogne-Billancourt;Plein jour;Autre;Intersection en X;Route departementale;Collision par le cote;Non renseignee ;TourNon renseignee nt A'auche;Motocyclette > 125 cm3;52;Feminin;Indemne;Non renseignee ;2;2;0;1;1;0;Senior actif (50-64);Sans pieton ;Avec moto;1 VL;Sans poids lourd;Senior actif (50-64);2 usagers
Grave;13/11/2018;08:10;Non renseignee nterre;Plein jour;Autre;Hors intersection;Route departementale;Collisions multiples;Scooter > 125 cm3;Non renseignee ;VL seul;55;Masculin;Blessee hospitalisee;Non renseignee ;4;3;0;1;2;0;Senior actif (50-64);Sans pieton;Avec moto;2 VL;Sans poids lourd;Senior actif (50-64);3-5 usagers
Grave;04/05/2018;20:38;Neuilly-sur-Seine;Crepuscule ou aube;Autre;Hors intersection;Voie commuNon renseignee le;Collision par le cote;VL seul;S inserant;Scooter > 125 cm3;23;Masculin;Indemne;Non renseignee ;2;2;0;1;1;0;Jeune adulte (18-24);Sans pieton;Avec moto;1 VL;Sans poids lourd;Jeune adulte (18-24);2 usagers
Grave;24/01/2018;08:00;Sevres;Crepuscule ou aube;Pluie legere;Hors intersection;Route departementale;Collision frontale;Motocyclette > 125 cm3;Meme sens, Meme file;VL seul;26;Masculin;Blessee hospitalisee;Non renseignee ;2;2;0;1;1;0;Adulte jeune (25-34);Sans pieton;Avec moto;1 VL;Sans poids lourd;Adulte jeune (25-34);2 usagers
Grave;09/04/2018;04:32;Chaville;Nuit avec eclairage public allumee;Autre;Intersection en T;Route departementale;Sans collision;Motocyclette > 50 cm3 et <= 125 cm3;Se deportant A$roite;Non renseignee ;25;Masculin;Blessee hospitalisee;Non renseignee ;1;1;0;1;0;0;Adulte jeune (25-34);Sans pieton ;Avec moto;Aucun VL;Sans poids lourd;Adulte jeune (25-34);1 usager
Grave;23/11/2018;16:50;Sevres;Plein jour;Autre;Hors intersection;Route departementale;Sans collision;Motocyclette > 125 cm3;Sans changement de direction;Non renseignee ;20;Masculin;Blessee hospitalisee;Non renseignee ;1;1;0;1;0;0;Jeune adulte (18-24);Sans pieton;Avec moto;Aucun VL;Sans poids lourd;Jeune adulte (18-24);1 usager
Grave;18/05/2018;19:50;Vanves;Plein jour;Autre;Intersection en X;Voie commuNon renseignee le;Collision par le cote;Motocyclette > 50 cm3 et <= 125 cm3;S inserant;VL seul;19;Masculin;Indemne;Non renseignee ;3;2;0;1;1;0;Jeune adulte (18-24);Sans pieton;Avec moto;1 VL;Sans poids lourd;Jeune adulte (18-24);3-5 usagers
Grave;18/09/2018;12:30;Bagneux;Plein jour;Autre;Hors intersection;Voie commuNon renseignee le;Sans collision;Scooter < 50 cm3;Non renseignee ;Non renseignee ;60;Feminin;Blessee hospitalisee;Non renseignee ;1;1;0;0;0;0;Senior actif (50-64);Sans pieton;Sans moto;Aucun VL;Sans poids lourd;Senior actif (50-64);1 usager
Grave;11/05/2018;17:00;Le Plessis-Robinson;Plein jour;Autre;Hors intersection;Route departementale;Sans collision;Bicyclette;Se deportant A$roite;Non renseignee ;68;Masculin;Blessee hospitalisee;Non renseignee ;1;1;0;0;0;0;Senior (65+);Sans pieton ;Sans moto;Aucun VL;Sans poids lourd;Senior (65+);1 usager
Grave;23/02/2018;22:45;Boulogne-Billancourt;Nuit avec eclairage public allumee;Autre;Intersection en X;Voie commuNon renseignee le;Autre collision;VL seul;TourNon renseignee nt A'auche;Scooter > 50 cm3 et <= 125 cm3;42;Masculin;Indemne;Non renseignee ;3;2;1;1;1;0;Adulte (35-49);Avec pieton;Avec moto;1 VL;Sans poids lourd;Adulte (35-49);3-5 usagers
Grave;26/08/2018;17:25;Bagneux;Plein jour;Autre;Intersection en X;Route departementale;Autre collision;VL seul;TourNon renseignee nt A$roite;Non renseignee ;27;Feminin;Blessee hospitalisee;Non renseignee ;1;1;1;0;1;0;Adulte jeune (25-34);Avec pieton;Sans moto;1 VL;Sans poids lourd;Adulte jeune (25-34);1 usager
Grave;26/07/2018;11:50;Clamart;Plein jour;Autre;Hors intersection;Voie commuNon renseignee le;Autre collision;VL seul;En marche arriere;Non renseignee ;45;Masculin;Indemne;Non renseignee ;2;1;1;0;1;0;Adulte (35-49);Avec pieton;Sans moto;1 VL;Sans poids lourd;Adulte (35-49);2 usagers
Grave;02/09/2018;17:50;Clichy;Plein jour;Autre;Intersection A0lus de 4 branches;Route departementale;Autre collision;VL seul;TourNon renseignee nt A'auche;Non renseignee ;40;Feminin;Indemne;Non renseignee ;2;1;1;0;1;0;Adulte (35-49);Avec pieton;Sans moto;1 VL;Sans poids lourd;Adulte (35-49);2 usagers
Grave;27/06/2018;20:10;Levallois-Perret;Plein jour;Autre;Hors intersection;Voie commuNon renseignee le;Autre collision;VL seul;Sans changement de direction;Non renseignee ;66;Masculin;Indemne;Non renseignee ;2;1;1;0;1;0;Senior (65+);Avec pieton;Sans moto;1 VL;Sans poids lourd;Senior (65+);2 usagers
Grave;07/04/2018;09:45;Ville d'Avray;Plein jour;Autre;Hors intersection;Route departementale;Autre collision;VL seul;Sans changement de direction;Non renseignee ;21;Masculin;Indemne;Non renseignee ;2;1;1;0;1;0;Jeune adulte (18-24);Avec pieton;Sans moto;1 VL;Sans poids lourd;Jeune adulte (18-24);2 usagers
Leger;01/06/2018;20:15;Gennevilliers;Plein jour;Autre;Hors intersection;Autoroute;Collisions multiples;VL seul;Changeant de file A$roite;Motocyclette > 125 cm3;43;Masculin;Indemne;Non renseignee ;4;3;0;1;2;0;Adulte (35-49);Sans pieton;Avec moto;2 VL;Sans poids lourd;Adulte (35-49);3-5 usagers
Leger;05/07/2018;19:50;Rueil-Malmaison;Plein jour;Autre;Intersection en X;Route departementale;Collision par le cote;Motocyclette > 125 cm3;Traversant la  chaussee;Motocyclette > 125 cm3;50;Masculin;Blessee Leger;Non renseignee ;2;2;0;2;0;0;Senior actif (50-64);Sans pieton;Avec moto;Aucun VL;Sans poids lourd;Senior actif (50-64);2 usagers
Leger;15/01/2018;18:15;Villeneuve-la-Garenne;Nuit sanseclairage public;Temps couvert;Hors intersection;Autoroute;Collisions multiples;Scooter > 125 cm3;Entre 2 files;VL seul;49;Masculin;Blessee Leger;Non renseignee ;3;3;0;1;2;0;Adulte (35-49);Sans pieton;Avec moto;2 VL;Sans poids lourd;Adulte (35-49);3-5 usagers
Leger;31/01/2018;07:45;Non renseignee nterre;Nuit avec eclairage public allumee;Autre;Hors intersection;Autoroute;Collision par l'arriere;Motocyclette > 125 cm3;Entre 2 files;VL seul;45;Masculin;Blessee Leger;Non renseignee ;2;2;0;1;1;0;Adulte (35-49);Sans pieton;Avec moto;1 VL;Sans poids lourd;Adulte (35-49);2 usagers
Leger;16/02/2018;09:25;Meudon;Plein jour;Autre;Hors intersection;Route Non renseignee tioNon renseignee le;Collision par l'arriere;Scooter > 125 cm3;Entre 2 files;Scooter > 50 cm3 et <= 125 cm3;56;Masculin;Indemne;Non renseignee ;2;2;0;2;0;0;Senior actif (50-64);Sans pieton;Avec moto;Aucun VL;Sans poids lourd;Senior actif (50-64);2 usagers
Leger;26/07/2018;18:50;Saint-Cloud;Plein jour;Autre;Hors intersection;Autoroute;Collision par l'arriere;Motocyclette > 125 cm3;Entre 2 files;VL seul;33;Masculin;Blessee Leger;Non renseignee ;2;2;0;1;1;0;Adulte jeune (25-34);Sans pieton;Avec moto;1 VL;Sans poids lourd;Adulte jeune (25-34);2 usagers
Leger;11/05/2018;19:15;Antony;Plein jour;Autre;Hors intersection;Autoroute;Collisions multiples;Scooter > 50 cm3 et <= 125 cm3;Non renseignee ;VU seul 1,5T <= PTAC <= 3,5T;40;Masculin;Blessee Leger;Non renseignee ;3;3;0;1;2;0;Adulte (35-49);Sans pieton;Avec moto;2 VL;Sans poids lourd;Adulte (35-49);3-5 usagers
Leger;10/01/2018;14:38;Boulogne-Billancourt;Plein jour;Pluie legere;Intersection en X;Route departementale;Autre collision;Motocyclette > 50 cm3 et <= 125 cm3;Non renseignee ;VL seul;59;Masculin;Blessee Leger;Non renseignee ;4;3;1;1;2;0;Senior actif (50-64);Avec pieton;Avec moto;2 VL;Sans poids lourd;Senior actif (50-64);3-5 usagers
Leger;13/03/2018;19:50;Asnieres-sur-Seine;Crepuscule ou aube;Autre;Hors intersection;Route departementale;Sans collision;Scooter > 125 cm3;Non renseignee ;Non renseignee ;56;Masculin;Blessee Leger;Non renseignee ;1;1;0;1;0;0;Senior actif (50-64);Sans pieton;Avec moto;Aucun VL;Sans poids lourd;Senior actif (50-64);1 usager
Leger;23/02/2018;12:50;Asnieres-sur-Seine;Plein jour;Autre;Hors intersection;Route departementale;Collision par le cote;VL seul;TourNon renseignee nt A'auche;Motocyclette > 50 cm3 et <= 125 cm3;55;Masculin;Indemne;Non renseignee ;2;2;0;1;1;0;Senior actif (50-64);Sans pieton ;Avec moto;1 VL;Sans poids lourd;Senior actif (50-64);2 usagers
Leger;28/09/2018;14:45;Asnieres-sur-Seine;Plein jour;Autre;Intersection en X;Route departementale;Collision par le cote;VL seul;TourNon renseignee nt A'auche;Motocyclette > 125 cm3;50;Feminin;Blessee Leger;Non renseignee ;2;2;0;1;1;0;Senior actif (50-64);Sans pieton ;Avec moto;1 VL;Sans poids lourd;Senior actif (50-64);2 usagers
Leger;23/05/2018;16:39;Boulogne-Billancourt;Plein jour;Autre;Hors intersection;Route departementale;Collision par le cote;Motocyclette > 125 cm3;Non renseignee ;VL seul;33;Masculin;Blessee Leger;Non renseignee ;2;2;0;1;1;0;Adulte jeune (25-34);Sans pieton;Avec moto;1 VL;Sans poids lourd;Adulte jeune (25-34);2 usagers
Leger;12/04/2018;21:55;Clamart;Nuit avec eclairage public allumee;Pluie legere;Intersection en X;Route departementale;Collision par le cote;VL seul;TourNon renseignee nt A'auche;Motocyclette > 125 cm3;23;Masculin;Indemne;Non renseignee ;2;2;0;1;1;0;Jeune adulte (18-24);Sans pieton ;Avec moto;1 VL;Sans poids lourd;Jeune adulte (18-24);2 usagers
Leger;21/04/2018;18:30;Le Plessis-Robinson;Plein jour;Autre;Intersection en T;Voie commuNon renseignee le;Collision par le cote;VL seul;TourNon renseignee nt A'auche;Scooter > 50 cm3 et <= 125 cm3;22;Masculin;Indemne;Non renseignee ;2;2;0;1;1;0;Jeune adulte (18-24);Sans pieton ;Avec moto;1 VL;Sans poids lourd;Jeune adulte (18-24);2 usagers
Leger;18/04/2018;13:30;Asnieres-sur-Seine;Plein jour;Autre;Intersection en T;Route departementale;Collision par l'arriere;Autobus;Sans changement de direction;Scooter > 125 cm3;35;Masculin;Indemne;Non renseignee ;2;2;0;1;0;0;Adulte (35-49);Sans pieton;Avec moto;Aucun VL;Sans poids lourd;Adulte (35-49);2 usagers
Leger;20/09/2018;09:25;La Garenne-Colombes;Plein jour;Autre;Intersection en Y;Route departementale;Collision par le cote;VL seul;TourNon renseignee nt A'auche;Motocyclette > 50 cm3 et <= 125 cm3;57;Masculin;Indemne;Non renseignee ;2;2;0;1;1;0;Senior actif (50-64);Sans pieton ;Avec moto;1 VL;Sans poids lourd;Senior actif (50-64);2 usagers
Leger;24/09/2018;08:35;Colombes;Plein jour;Autre;Intersection en T;Route departementale;Collisions multiples;Scooter > 125 cm3;Entre 2 files;Tracteur routier + semi-remorque;44;Masculin;Blessee Leger;Non renseignee ;3;3;0;1;0;2;Adulte (35-49);Sans pieton;Avec moto;Aucun VL;Avec poids lourd;Adulte (35-49);3-5 usagers
Leger;13/04/2018;07:15;Gennevilliers;Plein jour;Autre;Hors intersection;Route departementale;Collision par le cote;VU seul 1,5T <= PTAC <= 3,5T;TourNon renseignee nt A$roite;Motocyclette > 125 cm3;55;Masculin;Indemne;Non renseignee ;2;2;0;1;1;0;Senior actif (50-64);Sans pieton ;Avec moto;1 VL;Sans poids lourd;Senior actif (50-64);2 usagers
Leger;21/10/2020;17:15;Clichy;Plein jour;Normale;Hors intersection;Route departementale;Non renseignee ;Scooter > 125 cm3;Meme sens, Meme file;Non renseignee ;20;Masculin;Blessee Leger;Non renseignee ;2;2;0;1;1;0;Jeune adulte (18-24);Sans pieton;Avec moto;1 VL;Sans poids lourd;Jeune adulte (18-24);2 usagers
Leger;08/01/2021;19:57;Clichy;Nuit avec eclairage public allumee;Normale;Intersection en X;Route departementale;Non renseignee ;Scooter < 50 cm3;Sans changement de direction;Non renseignee ;60;Feminin;Blessee Leger;Non renseignee ;3;1;1;0;0;0;Senior actif (50-64);Avec pieton;Sans moto;Aucun VL;Sans poids lourd;Senior actif (50-64);3-5 usagers
Leger;07/11/2019;13:38;Clichy;Plein jour;Normale;Hors intersection;Voie commuNon renseignee le;Non renseignee ;Scooter > 50 cm3 et <= 125 cm3;S inserant;Motocyclette > 125 cm3;37;Masculin;Blessee Leger;Non renseignee ;2;2;0;2;0;0;Adulte (35-49);Sans pieton;Avec moto;Aucun VL;Sans poids lourd;Adulte (35-49);2 usagers
Leger;25/09/2018;18:05;Issy-les-Moulineaux;Plein jour;Autre;Intersection en X;Route departementale;Collision frontale;VL seul;TourNon renseignee nt A'auche;Scooter > 125 cm3;28;Masculin;Indemne;Non renseignee ;2;2;0;1;1;0;Adulte jeune (25-34);Sans pieton ;Avec moto;1 VL;Sans poids lourd;Adulte jeune (25-34);2 usagers
Leger;18/12/2018;17:40;Issy-les-Moulineaux;Nuit avec eclairage public allumee;Autre;Hors intersection;Route departementale;Collision par le cote;Motocyclette > 125 cm3;Non renseignee ;VL seul;22;Masculin;Blessee Leger;Non renseignee ;2;2;0;1;1;0;Jeune adulte (18-24);Sans pieton;Avec moto;1 VL;Sans poids lourd;Jeune adulte (18-24);2 usagers
Leger;10/09/2018;09:05;Levallois-Perret;Plein jour;Autre;Hors intersection;Voie commuNon renseignee le;Collision par l'arriere;Scooter > 50 cm3 et <= 125 cm3;Non renseignee ;VU seul 1,5T <= PTAC <= 3,5T;43;Masculin;Blessee Leger;Non renseignee ;2;2;0;1;1;0;Adulte (35-49);Sans pieton;Avec moto;1 VL;Sans poids lourd;Adulte (35-49);2 usagers
Leger;11/04/2019;10:25;Clichy;Plein jour;Normale;Hors intersection;Voie commuNon renseignee le;Non renseignee ;PL seul > 7,5T;S inserant;Scooter > 50 cm3 et <= 125 cm3;29;Masculin;Blessee Leger;Non renseignee ;2;2;0;1;0;1;Adulte jeune (25-34);Sans pieton;Avec moto;Aucun VL;Avec poids lourd;Adulte jeune (25-34);2 usagers
Leger;15/11/2019;17:03;Courbevoie;Nuit sanseclairage public;Pluie forte;Intersection en X;Voie commuNon renseignee le;Non renseignee ;VU seul 1,5T <= PTAC <= 3,5T;TourNon renseignee nt A'auche;Non renseignee ;24;Feminin;Blessee Leger;Non renseignee ;1;1;1;0;1;0;Jeune adulte (18-24);Avec pieton;Sans moto;1 VL;Sans poids lourd;Jeune adulte (18-24);1 usager
Leger;01/04/2018;20:35;Chatillon;Nuit sanseclairage public;Autre;Hors intersection;Route departementale;Collision par le cote;VL seul;TourNon renseignee nt A'auche;Scooter > 50 cm3 et <= 125 cm3;37;Feminin;Indemne;Non renseignee ;2;2;0;1;1;0;Adulte (35-49);Sans pieton ;Avec moto;1 VL;Sans poids lourd;Adulte (35-49);2 usagers
Leger;13/11/2020;01:50;Non renseignee nterre;Nuit avec eclairage public allumee;Normale;Hors intersection;Autoroute;Non renseignee ;Non renseignee ;Sans changement de direction;Non renseignee ;24;Masculin;Blessee Leger;Non renseignee ;2;1;0;0;1;0;Jeune adulte (18-24);Sans pieton;Sans moto;1 VL;Sans poids lourd;Jeune adulte (18-24);2 usagers
Leger;07/07/2020;09:20;Courbevoie;Plein jour;Normale;Giratoire;Route departementale;Non renseignee ;Non renseignee ;TourNon renseignee nt A$roite;Non renseignee ;41;Feminin;Blessee Leger;Non renseignee ;2;2;0;0;1;0;Adulte (35-49);Sans pieton ;Sans moto;1 VL;Sans poids lourd;Adulte (35-49);2 usagers
Leger;26/04/2018;16:15;Non renseignee nterre;Plein jour;Autre;Intersection en T;Route departementale;Collision par le cote;VU seul 1,5T <= PTAC <= 3,5T;En faisant demi-tour sur la chaussee;Motocyclette > 125 cm3;42;Masculin;Indemne;Non renseignee ;2;2;0;1;1;0;Adulte (35-49);Sans pieton;Avec moto;1 VL;Sans poids lourd;Adulte (35-49);2 usagers
Leger;16/05/2009;17:15;Meudon;Plein jour;Autre;Place;Route departementale;Collision frontale;VL seul;TourNon renseignee nt A'auche;VL seul;21;Feminin;Indemne;Non renseignee ;2;2;0;0;2;0;Jeune adulte (18-24);Sans pieton ;Sans moto;2 VL;Sans poids lourd;Jeune adulte (18-24);2 usagers
Leger;19/01/2009;14:00;Colombes;Plein jour;Autre;Intersection en Y;Voie commuNon renseignee le;Collision par le cote;VL seul;TourNon renseignee nt A'auche;Scooter > 125 cm3;43;Feminin;Indemne;Non renseignee ;2;2;0;1;1;0;Adulte (35-49);Sans pieton ;Avec moto;1 VL;Sans poids lourd;Adulte (35-49);2 usagers
Grave;02/10/2009;16:10;Courbevoie;Plein jour;Autre;Intersection en T;Voie commuNon renseignee le;Collision par le cote;Scooter < 50 cm3;Sans changement de direction;VL seul;17;Masculin;Blessee hospitalisee;Non renseignee ;2;2;0;0;1;0;Mineur (-18 ans);Sans pieton;Sans moto;1 VL;Sans poids lourd;Mineur (-18 ans);2 usagers
Leger;22/06/2018;08:30;Saint-Cloud;Plein jour;Autre;Intersection en T;Route departementale;Collision par le cote;Scooter > 125 cm3;Non renseignee ;VL seul;49;Masculin;Blessee Leger;Non renseignee ;2;2;0;1;1;0;Adulte (35-49);Sans pieton;Avec moto;1 VL;Sans poids lourd;Adulte (35-49);2 usagers
Leger;17/09/2009;08:30;Sevres;Plein jour;Autre;Intersection en T;Route departementale;Collision par l'arriere;Motocyclette > 50 cm3 et <= 125 cm3;Sans changement de direction;VL seul;45;Masculin;Blessee Leger;Non renseignee ;1;2;0;1;1;0;Adulte (35-49);Sans pieton;Avec moto;1 VL;Sans poids lourd;Adulte (35-49);1 usager
Leger;20/03/2009;08:30;Cachan;Plein jour;Autre;Intersection en X;Route departementale;Collision par le cote;VL seul;TourNon renseignee nt A'auche;Scooter > 50 cm3 et <= 125 cm3;20;Masculin;Indemne;Non renseignee ;3;2;0;1;1;0;Jeune adulte (18-24);Sans pieton ;Avec moto;1 VL;Sans poids lourd;Jeune adulte (18-24);3-5 usagers
Leger;24/01/2018;18:45;Vanves;Crepuscule ou aube;Autre;Hors intersection;Route departementale;Collision par le cote;Motocyclette > 125 cm3;Non renseignee ;VL seul;52;Masculin;Blessee Leger;Non renseignee ;2;2;0;1;1;0;Senior actif (50-64);Sans pieton;Avec moto;1 VL;Sans poids lourd;Senior actif (50-64);2 usagers
Leger;23/11/2009;19:05;Courbevoie;Nuit avec eclairage public non allumee;Pluie legere;Intersection en T;Route departementale;Collision par le cote;Cyclomoteur <50cm3;Sans changement de direction;VL seul;34;Feminin;Blessee Leger;Non renseignee ;2;2;0;0;1;0;Adulte jeune (25-34);Sans pieton;Sans moto;1 VL;Sans poids lourd;Adulte jeune (25-34);2 usagers
Leger;03/01/2018;21:25;Colombes;Nuit avec eclairage public allumee;Autre;Intersection en X;Voie commuNon renseignee le;Collision par le cote;VL seul;Changeant de file A$roite;Scooter < 50 cm3;32;Feminin;Blessee Leger;Non renseignee ;2;2;0;0;1;0;Adulte jeune (25-34);Sans pieton;Sans moto;1 VL;Sans poids lourd;Adulte jeune (25-34);2 usagers