type_acci;date;heure;commune;luminosite_accident;cond_atmos;Intersection;categorie_route;type_collision;type_vehicule_1;manoeuvre_vehicule_1;type_vehicule_2;age_usager;sexe_usager;gravite_usager;etat_usager;nombre_usagers;nb_veh;nombre_pietons;nombre_motos;nombre_vl;nombre_pl;age_usa1_categ;accident_pieton;accident_moto;categorie_vl;accident_pl;categorie_age;categorie_usagers
Grave;02/09/2013;11:05;Colombes;Plein jour;Autre;Intersection en T;Voie commuNon renseignee le;Collision par le cote;VL seul;Non renseignee ;Scooter < 50 cm3;23;Masculin;Blessee Leger;Non renseignee ;2;2;0;0;1;0;Jeune adulte (18-24);Sans pieton;Sans moto;1 VL;Sans poids lourd;Jeune adulte (18-24);2 usagers
Leger;10/10/2013;06:55;Colombes;Crepuscule ou aube;Autre;Intersection en X;Route departementale;Autre collision;VL seul;Non renseignee ;Non renseignee ;31;Masculin;Indemne;Non renseignee ;2;1;1;0;1;0;Adulte jeune (25-34);Avec pieton;Sans moto;1 VL;Sans poids lourd;Adulte jeune (25-34);2 usagers
Leger;10/10/2013;15:15;Colombes;Plein jour;Autre;Hors intersection;Route departementale;Collision par l'arriere;Scooter > 50 cm3 et <= 125 cm3;Meme sens, Meme file;VL seul;19;Masculin;Blessee Leger;Non renseignee ;2;2;0;1;1;0;Jeune adulte (18-24);Sans pieton;Avec moto;1 VL;Sans poids lourd;Jeune adulte (18-24);2 usagers
Leger;20/11/2013;09:10;Colombes;Plein jour;Autre;Intersection en T;Voie commuNon renseignee le;Autre collision;VL seul;Sans changement de direction;Non renseignee ;49;Masculin;Indemne;Non renseignee ;2;1;1;0;1;0;Adulte (35-49);Avec pieton;Sans moto;1 VL;Sans poids lourd;Adulte (35-49);2 usagers
Leger;06/03/2013;20:05;Courbevoie;Nuit avec eclairage public allumee;Autre;Intersection en T;Route departementale;Collision par le cote;VL seul;Changeant de file A$roite;Motocyclette > 125 cm3;31;Feminin;Indemne;Non renseignee ;2;2;0;1;1;0;Adulte jeune (25-34);Sans pieton;Avec moto;1 VL;Sans poids lourd;Adulte jeune (25-34);2 usagers
Grave;28/05/2013;08:45;Courbevoie;Plein jour;Autre;Hors intersection;Route departementale;Collision par l'arriere;VL seul;S inserant;Scooter > 50 cm3 et <= 125 cm3;32;Feminin;Indemne;Non renseignee ;3;2;0;1;1;0;Adulte jeune (25-34);Sans pieton;Avec moto;1 VL;Sans poids lourd;Adulte jeune (25-34);3-5 usagers
Mortel;18/09/2013;09:00;Courbevoie;Plein jour;Autre;Intersection en X;Voie commuNon renseignee le;Autre collision;PL seul > 7,5T;TourNon renseignee nt A$roite;Non renseignee ;62;Masculin;Indemne;Non renseignee ;2;1;1;0;0;1;Senior actif (50-64);Avec pieton;Sans moto;Aucun VL;Avec poids lourd;Senior actif (50-64);2 usagers
Leger;01/10/2013;10:50;Courbevoie;Plein jour;Temps couvert;Intersection en X;Route departementale;Autre collision;Scooter > 50 cm3 et <= 125 cm3;Sans changement de direction;Non renseignee ;37;Masculin;Indemne;Non renseignee ;2;1;1;1;0;0;Adulte (35-49);Avec pieton;Avec moto;Aucun VL;Sans poids lourd;Adulte (35-49);2 usagers
Leger;15/10/2013;13:20;Courbevoie;Plein jour;Temps couvert;Hors intersection;Route departementale;Autre collision;Scooter > 125 cm3;Sans changement de direction;Non renseignee ;53;Masculin;Indemne;Non renseignee ;2;1;1;1;0;0;Senior actif (50-64);Avec pieton;Avec moto;Aucun VL;Sans poids lourd;Senior actif (50-64);2 usagers
Leger;11/09/2013;06:35;Gennevilliers;Nuit sanseclairage public;Pluie legere;Hors intersection;Voie commuNon renseignee le;Autre collision;VL seul;Sans changement de direction;Non renseignee ;55;Masculin;Indemne;Non renseignee ;2;1;1;0;1;0;Senior actif (50-64);Avec pieton;Sans moto;1 VL;Sans poids lourd;Senior actif (50-64);2 usagers
Leger;30/04/2013;10:20;Issy-les-Moulineaux;Plein jour;Autre;Hors intersection;Route departementale;Autre collision;Motocyclette > 50 cm3 et <= 125 cm3;Sans changement de direction;Non renseignee ;37;Masculin;Indemne;Non renseignee ;2;1;1;1;0;0;Adulte (35-49);Avec pieton;Avec moto;Aucun VL;Sans poids lourd;Adulte (35-49);2 usagers
Leger;28/09/2013;11:30;Issy-les-Moulineaux;Plein jour;Autre;Intersection en X;Route departementale;Collision frontale;VL seul;TourNon renseignee nt A'auche;VL seul;84;Masculin;Blessee Leger;Non renseignee ;2;2;0;0;2;0;Senior (65+);Sans pieton ;Sans moto;2 VL;Sans poids lourd;Senior (65+);2 usagers
Leger;14/01/2013;06:50;Levallois-Perret;Nuit avec eclairage public allumee;Autre;Giratoire;Route departementale;Collision par le cote;VL seul;Sans changement de direction;VL seul;52;Masculin;Indemne;Non renseignee ;2;2;0;0;2;0;Senior actif (50-64);Sans pieton;Sans moto;2 VL;Sans poids lourd;Senior actif (50-64);2 usagers
Leger;05/02/2013;12:40;Levallois-Perret;Plein jour;Autre;Intersection en X;Route departementale;Collision par le cote;VL seul;Sans changement de direction;Bicyclette;15;Masculin;Blessee Leger;Non renseignee ;2;2;0;0;1;0;Mineur (-18 ans);Sans pieton;Sans moto;1 VL;Sans poids lourd;Mineur (-18 ans);2 usagers
Grave;29/06/2013;03:36;Levallois-Perret;Nuit avec eclairage public allumee;Autre;Hors intersection;Route departementale;Collision par le cote;VL seul;Arrete (hors stationnement);Scooter < 50 cm3;43;Masculin;Indemne;Non renseignee ;2;2;0;0;1;0;Adulte (35-49);Sans pieton;Sans moto;1 VL;Sans poids lourd;Adulte (35-49);2 usagers
Leger;09/09/2013;17:40;Levallois-Perret;Plein jour;Pluie legere;Intersection en X;Voie commuNon renseignee le;Autre collision;VL seul;Sans changement de direction;Non renseignee ;34;Masculin;Indemne;Non renseignee ;2;1;1;0;1;0;Adulte jeune (25-34);Avec pieton;Sans moto;1 VL;Sans poids lourd;Adulte jeune (25-34);2 usagers
Leger;15/10/2016;16:00;Asnieres-sur-Seine;Plein jour;Autre;Hors intersection;Route departementale;Collision par le cote;Autobus;Sans changement de direction;VL seul;30;Masculin;Indemne;Non renseignee ;2;2;0;0;1;0;Adulte jeune (25-34);Sans pieton;Sans moto;1 VL;Sans poids lourd;Adulte jeune (25-34);2 usagers
Grave;23/08/2013;12:45;Meudon;Plein jour;Autre;Intersection en X;Voie commuNon renseignee le;Collision par le cote;VL seul;TourNon renseignee nt A'auche;Autobus;29;Feminin;Blessee hospitalisee;Non renseignee ;5;2;0;0;1;0;Adulte jeune (25-34);Sans pieton ;Sans moto;1 VL;Sans poids lourd;Adulte jeune (25-34);3-5 usagers
Leger;07/10/2016;16:00;ChateNon renseignee y-Malabry;Plein jour;Autre;Intersection en X;Route departementale;Collision par le cote;VL seul;Sans changement de direction;Autobus;35;Feminin;Blessee Leger;Non renseignee ;2;2;0;0;1;0;Adulte (35-49);Sans pieton;Sans moto;1 VL;Sans poids lourd;Adulte (35-49);2 usagers
Leger;20/07/2013;00:15;Chatillon;Nuit avec eclairage public allumee;Autre;Hors intersection;Route departementale;Autre collision;VL seul;Sans changement de direction;Non renseignee ;59;Masculin;Indemne;Non renseignee ;2;1;1;0;1;0;Senior actif (50-64);Avec pieton;Sans moto;1 VL;Sans poids lourd;Senior actif (50-64);2 usagers
Leger;23/07/2016;12:40;Courbevoie;Plein jour;Autre;Intersection en X;Route departementale;Collision par le cote;VL seul;Sans changement de direction;VL seul;28;Masculin;Indemne;Non renseignee ;4;2;0;0;2;0;Adulte jeune (25-34);Sans pieton;Sans moto;2 VL;Sans poids lourd;Adulte jeune (25-34);3-5 usagers
Leger;20/07/2016;10:00;La Garenne-Colombes;Plein jour;Autre;Intersection en X;Voie commuNon renseignee le;Collision par le cote;VL seul;TourNon renseignee nt A'auche;VL seul;36;Masculin;Blessee Leger;Non renseignee ;2;2;0;0;2;0;Adulte (35-49);Sans pieton ;Sans moto;2 VL;Sans poids lourd;Adulte (35-49);2 usagers
Leger;25/07/2016;19:40;Gennevilliers;Crepuscule ou aube;Autre;Hors intersection;Route departementale;Collision par l'arriere;VU seul 1,5T <= PTAC <= 3,5T;Meme sens, Meme file;VU seul 1,5T <= PTAC <= 3,5T;46;Masculin;Indemne;Non renseignee ;2;2;0;0;2;0;Adulte (35-49);Sans pieton;Sans moto;2 VL;Sans poids lourd;Adulte (35-49);2 usagers
Leger;09/11/2016;10:25;Issy-les-Moulineaux;Plein jour;Pluie legere;Intersection en T;Route departementale;Collision par le cote;Autobus;Non renseignee ;VL seul;31;Masculin;Indemne;Non renseignee ;3;2;0;0;1;0;Adulte jeune (25-34);Sans pieton;Sans moto;1 VL;Sans poids lourd;Adulte jeune (25-34);3-5 usagers
Leger;02/02/2016;10:40;Levallois-Perret;Plein jour;Autre;Intersection en X;Voie commuNon renseignee le;Sans collision;VL seul;TourNon renseignee nt A$roite;Non renseignee ;28;Masculin;Blessee Leger;Non renseignee ;1;1;0;0;1;0;Adulte jeune (25-34);Sans pieton ;Sans moto;1 VL;Sans poids lourd;Adulte jeune (25-34);1 usager
Leger;01/06/2016;15:35;Levallois-Perret;Plein jour;Autre;Intersection en T;Route departementale;Collision par l'arriere;VL seul;Meme sens, Meme file;VL seul;32;Masculin;Indemne;Non renseignee ;2;2;0;0;2;0;Adulte jeune (25-34);Sans pieton;Sans moto;2 VL;Sans poids lourd;Adulte jeune (25-34);2 usagers
Leger;27/11/2016;06:30;Chatillon;Nuit avec eclairage public allumee;Autre;Hors intersection;Route departementale;Sans collision;VL seul;Se deportant A$roite;Non renseignee ;27;Masculin;Blessee Leger;Non renseignee ;1;1;0;0;1;0;Adulte jeune (25-34);Sans pieton ;Sans moto;1 VL;Sans poids lourd;Adulte jeune (25-34);1 usager
Leger;24/05/2007;06:55;Non renseignee nterre;Plein jour;Autre;Intersection en X;Non renseignee ;Autre collision;Scooter < 50 cm3;Sans changement de direction;Non renseignee ;51;Masculin;Blessee Leger;Non renseignee ;2;1;1;0;0;0;Senior actif (50-64);Avec pieton;Sans moto;Aucun VL;Sans poids lourd;Senior actif (50-64);2 usagers
Leger;11/05/2007;14:05;Non renseignee nterre;Plein jour;Autre;Hors intersection;Non renseignee ;Collision par le cote;VL seul;TourNon renseignee nt A'auche;Scooter > 50 cm3 et <= 125 cm3;20;Feminin;Indemne;Non renseignee ;2;2;0;1;1;0;Jeune adulte (18-24);Sans pieton ;Avec moto;1 VL;Sans poids lourd;Jeune adulte (18-24);2 usagers
Leger;08/02/2007;08:10;Suresnes;Crepuscule ou aube;Autre;Hors intersection;Route departementale;Collisions multiples;Motocyclette > 125 cm3;Non renseignee ;Motocyclette > 125 cm3;26;Masculin;Blessee Leger;Non renseignee ;4;4;0;3;1;0;Adulte jeune (25-34);Sans pieton;Avec moto;1 VL;Sans poids lourd;Adulte jeune (25-34);3-5 usagers
Leger;16/11/2007;10:15;Puteaux;Plein jour;Autre;Intersection en Y;Route Non renseignee tioNon renseignee le;Collision par l'arriere;VL seul;Meme sens, Meme file;Scooter > 125 cm3;39;Masculin;Indemne;Non renseignee ;2;2;0;1;1;0;Adulte (35-49);Sans pieton;Avec moto;1 VL;Sans poids lourd;Adulte (35-49);2 usagers
Leger;05/12/2007;17:45;Puteaux;Nuit avec eclairage public allumee;Pluie legere;Intersection en X;Route departementale;Collision par le cote;VL seul;Changeant de file A'auche;Scooter > 50 cm3 et <= 125 cm3;26;Feminin;Blessee Leger;Non renseignee ;2;2;0;1;1;0;Adulte jeune (25-34);Sans pieton;Avec moto;1 VL;Sans poids lourd;Adulte jeune (25-34);2 usagers
Leger;13/10/2007;16:40;Colombes;Plein jour;Autre;Hors intersection;Non renseignee ;Autre collision;VL seul;Sans changement de direction;Non renseignee ;20;Masculin;Indemne;Non renseignee ;2;1;1;0;1;0;Jeune adulte (18-24);Avec pieton;Sans moto;1 VL;Sans poids lourd;Jeune adulte (18-24);2 usagers
Leger;23/10/2007;14:45;Colombes;Plein jour;Autre;Intersection en X;Route departementale;Autre collision;VL seul;TourNon renseignee nt A'auche;Non renseignee ;54;Masculin;Indemne;Non renseignee ;2;1;1;0;1;0;Senior actif (50-64);Avec pieton;Sans moto;1 VL;Sans poids lourd;Senior actif (50-64);2 usagers
Leger;06/06/2007;13:40;Colombes;Plein jour;Autre;Hors intersection;Non renseignee ;Autre collision;VL seul;Sans changement de direction;Non renseignee ;54;Masculin;Indemne;Non renseignee ;2;1;1;0;1;0;Senior actif (50-64);Avec pieton;Sans moto;1 VL;Sans poids lourd;Senior actif (50-64);2 usagers
Leger;05/09/2007;10:25;Rueil-Malmaison;Plein jour;Autre;Hors intersection;Non renseignee ;Autre collision;VL seul;En marche arriere;Non renseignee ;30;Masculin;Indemne;Non renseignee ;2;1;1;0;1;0;Adulte jeune (25-34);Avec pieton;Sans moto;1 VL;Sans poids lourd;Adulte jeune (25-34);2 usagers
Leger;17/10/2007;07:30;Rueil-Malmaison;Plein jour;Pluie legere;Intersection en T;Route departementale;Autre collision;VL seul;Sans changement de direction;Non renseignee ;30;Masculin;Indemne;Non renseignee ;2;1;1;0;1;0;Adulte jeune (25-34);Avec pieton;Sans moto;1 VL;Sans poids lourd;Adulte jeune (25-34);2 usagers
Grave;01/09/2007;16:20;Marnes-la-Coquette;Plein jour;Autre;Intersection en T;Route departementale;Collision par l'arriere;Scooter < 50 cm3;Meme sens, Meme file;VL seul;17;Feminin;Blessee hospitalisee;Non renseignee ;3;2;0;0;1;0;Mineur (-18 ans);Sans pieton;Sans moto;1 VL;Sans poids lourd;Mineur (-18 ans);3-5 usagers
Mortel;08/10/2007;15:00;Non renseignee nterre;Plein jour;Autre;Hors intersection;Route departementale;Collision par le cote;Scooter > 125 cm3;Sedeportant A'auche;VL seul;22;Masculin;Tue;Non renseignee ;2;2;0;1;1;0;Jeune adulte (18-24);Sans pieton ;Avec moto;1 VL;Sans poids lourd;Jeune adulte (18-24);2 usagers
Leger;16/10/2007;18:20;Saint-Cloud;Plein jour;Autre;Hors intersection;Autoroute;Collisions multiples;VL seul;Meme sens, Meme file;VL seul;73;Masculin;Indemne;Non renseignee ;4;3;0;0;3;0;Senior (65+);Sans pieton;Sans moto;3 VL ou plus;Sans poids lourd;Senior (65+);3-5 usagers
Leger;28/04/2007;16:30;Saint-Cloud;Plein jour;Autre;Intersection en T;Route departementale;Collisions multiples;VL seul;TourNon renseignee nt A'auche;Motocyclette > 125 cm3;74;Masculin;Indemne;Non renseignee ;3;3;0;1;2;0;Senior (65+);Sans pieton ;Avec moto;2 VL;Sans poids lourd;Senior (65+);3-5 usagers
Grave;05/03/2007;00:25;Colombes;Nuit avec eclairage public allumee;Pluie forte;Intersection en X;Route departementale;Autre collision;VL seul;Sans changement de direction;Non renseignee ;71;Masculin;Indemne;Non renseignee ;2;1;1;0;1;0;Senior (65+);Avec pieton;Sans moto;1 VL;Sans poids lourd;Senior (65+);2 usagers
Leger;01/06/2013;02:00;Neuilly-sur-Seine;Nuit avec eclairage public allumee;Autre;Hors intersection;Route departementale;Collision par l'arriere;VL seul;Meme sens, Meme file;VL seul;53;Masculin;Blessee Leger;Non renseignee ;2;2;0;0;2;0;Senior actif (50-64);Sans pieton;Sans moto;2 VL;Sans poids lourd;Senior actif (50-64);2 usagers
Leger;26/06/2013;10:40;Neuilly-sur-Seine;Plein jour;Autre;Hors intersection;Voie commuNon renseignee le;Sans collision;VL seul;Non renseignee ;Non renseignee ;28;Masculin;Blessee Leger;Non renseignee ;1;1;0;0;1;0;Adulte jeune (25-34);Sans pieton;Sans moto;1 VL;Sans poids lourd;Adulte jeune (25-34);1 usager
Leger;19/10/2013;23:00;Malakoff;Nuit avec eclairage public allumee;Autre;Hors intersection;Route departementale;Collision par l'arriere;Scooter < 50 cm3;Meme sens, Meme file;VL seul;32;Masculin;Blessee Leger;Non renseignee ;2;2;0;0;1;0;Adulte jeune (25-34);Sans pieton;Sans moto;1 VL;Sans poids lourd;Adulte jeune (25-34);2 usagers
Leger;28/06/2020;14:40;Colombes;Plein jour;Normale;Hors intersection;Route departementale;Non renseignee ;Non renseignee ;Se deportant A$roite;Non renseignee ;29;Masculin;Blessee Leger;Non renseignee ;2;2;0;0;2;0;Adulte jeune (25-34);Sans pieton ;Sans moto;2 VL;Sans poids lourd;Adulte jeune (25-34);2 usagers
Leger;26/06/2020;23:10;Gennevilliers;Nuit avec eclairage public allumee;Normale;Intersection en X;Route departementale;Non renseignee ;Non renseignee ;Sans changement de direction;VU seul 1,5T <= PTAC <= 3,5T;35;Masculin;Blessee Leger;Non renseignee ;2;2;0;0;1;0;Adulte (35-49);Sans pieton;Sans moto;1 VL;Sans poids lourd;Adulte (35-49);2 usagers
Leger;13/10/2020;06:25;Colombes;Nuit avec eclairage public allumee;Pluie legere;Intersection en X;Route departementale;Non renseignee ;Non renseignee ;Sans changement de direction;Non renseignee ;52;Masculin;Blessee Leger;Non renseignee ;2;2;0;0;2;0;Senior actif (50-64);Sans pieton;Sans moto;2 VL;Sans poids lourd;Senior actif (50-64);2 usagers
Leger;17/12/2020;08:30;Non renseignee nterre;Plein jour;Pluie legere;Hors intersection;Autoroute;Non renseignee ;Motocyclette > 125 cm3;Autres manoeuvre;Non renseignee ;46;Masculin;Blessee Leger;Non renseignee ;1;1;0;1;0;0;Adulte (35-49);Sans pieton;Avec moto;Aucun VL;Sans poids lourd;Adulte (35-49);1 usager
Grave;12/10/2014;07:15;Gennevilliers;Nuit sanseclairage public;Autre;Hors intersection;Autoroute;Collisions multiples;VL seul;Sans changement de direction;Motocyclette > 125 cm3;20;Masculin;Blessee hospitalisee;Non renseignee ;5;4;0;1;3;0;Jeune adulte (18-24);Sans pieton;Avec moto;3 VL ou plus;Sans poids lourd;Jeune adulte (18-24);3-5 usagers
Grave;23/04/2014;07:50;Villeneuve-la-Garenne;Crepuscule ou aube;Autre;Hors intersection;Autoroute;Collision par l'arriere;Motocyclette > 125 cm3;Non renseignee ;VL seul;41;Masculin;Blessee hospitalisee;Non renseignee ;2;2;0;1;1;0;Adulte (35-49);Sans pieton;Avec moto;1 VL;Sans poids lourd;Adulte (35-49);2 usagers
Leger;01/03/2021;12:10;Gennevilliers;Plein jour;Normale;Hors intersection;Route departementale;Non renseignee ;VU seul 1,5T <= PTAC <= 3,5T;TourNon renseignee nt A$roite;Non renseignee ;22;Feminin;Blessee Leger;Non renseignee ;2;2;0;0;1;0;Jeune adulte (18-24);Sans pieton ;Sans moto;1 VL;Sans poids lourd;Jeune adulte (18-24);2 usagers
Grave;11/04/2014;10:00;Sceaux;Plein jour;Autre;Intersection en T;Route departementale;Collision par l'arriere;Motocyclette > 50 cm3 et <= 125 cm3;Meme sens, Meme file;VL seul;37;Masculin;Blessee hospitalisee;Non renseignee ;2;2;0;1;1;0;Adulte (35-49);Sans pieton;Avec moto;1 VL;Sans poids lourd;Adulte (35-49);2 usagers
Leger;15/10/2020;15:15;Gennevilliers;Plein jour;Normale;Hors intersection;Route departementale;Non renseignee ;VU seul 1,5T <= PTAC <= 3,5T;En faisant demi-tour sur la chaussee;Non renseignee ;22;Masculin;Blessee Leger;Non renseignee ;2;2;0;0;1;0;Jeune adulte (18-24);Sans pieton;Sans moto;1 VL;Sans poids lourd;Jeune adulte (18-24);2 usagers
Grave;11/06/2014;11:20;Colombes;Plein jour;Autre;Intersection en X;Route departementale;Collision par l'arriere;Scooter > 50 cm3 et <= 125 cm3;Meme sens, Meme file;PL seul > 7,5T;20;Masculin;Blessee hospitalisee;Non renseignee ;2;2;0;1;0;1;Jeune adulte (18-24);Sans pieton;Avec moto;Aucun VL;Avec poids lourd;Jeune adulte (18-24);2 usagers
Leger;17/02/2020;20:05;Gennevilliers;Nuit avec eclairage public allumee;Normale;Intersection en X;Route departementale;Non renseignee ;Non renseignee ;Sans changement de direction;Non renseignee ;41;Masculin;Blessee Leger;Non renseignee ;3;2;0;0;2;0;Adulte (35-49);Sans pieton;Sans moto;2 VL;Sans poids lourd;Adulte (35-49);3-5 usagers
Grave;30/10/2014;09:45;Courbevoie;Plein jour;Autre;Hors intersection;Voie commuNon renseignee le;Autre collision;VL seul;Non renseignee ;Non renseignee ;27;Masculin;Indemne;Non renseignee ;2;1;1;0;1;0;Adulte jeune (25-34);Avec pieton;Sans moto;1 VL;Sans poids lourd;Adulte jeune (25-34);2 usagers
Grave;04/04/2014;11:40;Garches;Plein jour;Autre;Hors intersection;Voie commuNon renseignee le;Autre collision;VL seul;Sans changement de direction;Non renseignee ;51;Feminin;Indemne;Non renseignee ;2;1;1;0;1;0;Senior actif (50-64);Avec pieton;Sans moto;1 VL;Sans poids lourd;Senior actif (50-64);2 usagers
Grave;29/05/2014;08:15;Gennevilliers;Plein jour;Autre;Hors intersection;Autoroute;Sans collision;VL seul;Non renseignee ;Non renseignee ;46;Feminin;Blessee hospitalisee;Non renseignee ;1;1;0;0;1;0;Adulte (35-49);Sans pieton;Sans moto;1 VL;Sans poids lourd;Adulte (35-49);1 usager
Grave;25/08/2014;02:10;Rueil-Malmaison;Nuit avec eclairage public allumee;Autre;Hors intersection;Route departementale;Sans collision;VL seul;Sedeportant A'auche;Non renseignee ;27;Masculin;Indemne;Non renseignee ;3;1;0;0;1;0;Adulte jeune (25-34);Sans pieton ;Sans moto;1 VL;Sans poids lourd;Adulte jeune (25-34);3-5 usagers
Leger;21/02/2014;19:55;Colombes;Nuit avec eclairage public allumee;Autre;Intersection en T;Route departementale;Collision par le cote;Scooter < 50 cm3;TourNon renseignee nt A'auche;Motocyclette > 125 cm3;19;Masculin;Blessee Leger;Non renseignee ;3;2;0;1;0;0;Jeune adulte (18-24);Sans pieton ;Avec moto;Aucun VL;Sans poids lourd;Jeune adulte (18-24);3-5 usagers
Grave;03/02/2021;11:25;Colombes;Plein jour;Normale;Intersection en X;Route departementale;Non renseignee ;Non renseignee ;TourNon renseignee nt A$roite;Scooter > 50 cm3 et <= 125 cm3;29;Masculin;Blessee hospitalisee;Non renseignee ;2;2;0;1;1;0;Adulte jeune (25-34);Sans pieton ;Avec moto;1 VL;Sans poids lourd;Adulte jeune (25-34);2 usagers
Leger;02/10/2014;10:24;Marnes-la-Coquette;Plein jour;Autre;Hors intersection;Autoroute;Collisions multiples;Scooter > 125 cm3;Entre 2 files;VU seul 1,5T <= PTAC <= 3,5T;47;Masculin;Blessee Leger;Non renseignee ;3;3;0;1;2;0;Adulte (35-49);Sans pieton;Avec moto;2 VL;Sans poids lourd;Adulte (35-49);3-5 usagers
Grave;11/03/2019;23:45;Villeneuve-la-Garenne;Nuit avec eclairage public allumee;Normale;Hors intersection;Route departementale;Non renseignee ;Autobus;Sans changement de direction;Non renseignee ;49;Masculin;Indemne;Non renseignee ;2;1;1;0;0;0;Adulte (35-49);Avec pieton;Sans moto;Aucun VL;Sans poids lourd;Adulte (35-49);2 usagers
Leger;02/04/2021;21:15;Asnieres-sur-Seine;Nuit avec eclairage public allumee;Normale;Intersection en X;Route departementale;Non renseignee ;Non renseignee ;TourNon renseignee nt A$roite;Autobus;38;Masculin;Blessee Leger;Non renseignee ;2;2;0;0;1;0;Adulte (35-49);Sans pieton ;Sans moto;1 VL;Sans poids lourd;Adulte (35-49);2 usagers
Leger;26/04/2020;20:30;Villeneuve-la-Garenne;Plein jour;Normale;Hors intersection;Autoroute;Non renseignee ;Non renseignee ;Sans changement de direction;Non renseignee ;47;Feminin;Blessee Leger;Non renseignee ;1;1;0;0;1;0;Adulte (35-49);Sans pieton;Sans moto;1 VL;Sans poids lourd;Adulte (35-49);1 usager
Leger;19/05/2021;19:40;Colombes;Plein jour;Normale;Hors intersection;Autoroute;Non renseignee ;PL seul 3,5T <PTCA <= 7,5T;Autres manoeuvre;Non renseignee ;29;Feminin;Blessee Leger;Non renseignee ;3;3;0;0;2;1;Adulte jeune (25-34);Sans pieton;Sans moto;2 VL;Avec poids lourd;Adulte jeune (25-34);3-5 usagers
Leger;11/06/2019;22:00;Villeneuve-la-Garenne;Crepuscule ou aube;Pluie forte;Hors intersection;Autoroute;Non renseignee ;Non renseignee ;Sedeportant A'auche;Non renseignee ;21;Masculin;Indemne;Non renseignee ;2;1;0;0;1;0;Jeune adulte (18-24);Sans pieton ;Sans moto;1 VL;Sans poids lourd;Jeune adulte (18-24);2 usagers
Leger;30/01/2019;18:45;Colombes;Plein jour;Normale;Hors intersection;Voie commuNon renseignee le;Non renseignee ;Non renseignee ;S inserant;Non renseignee ;24;Feminin;Indemne;Non renseignee ;2;2;0;0;1;0;Jeune adulte (18-24);Sans pieton;Sans moto;1 VL;Sans poids lourd;Jeune adulte (18-24);2 usagers
Leger;10/07/2020;13:20;Colombes;Plein jour;Normale;Intersection en X;Route departementale;Non renseignee ;VU seul 1,5T <= PTAC <= 3,5T;TourNon renseignee nt A$roite;Scooter > 125 cm3;49;Masculin;Blessee Leger;Non renseignee ;2;2;0;1;1;0;Adulte (35-49);Sans pieton ;Avec moto;1 VL;Sans poids lourd;Adulte (35-49);2 usagers
Leger;20/07/2021;14:00;Villeneuve-la-Garenne;Plein jour;Normale;Hors intersection;Autoroute;Non renseignee ;Non renseignee ;Meme sens, Meme file;Non renseignee ;48;Masculin;Blessee Leger;Non renseignee ;3;3;0;0;3;0;Adulte (35-49);Sans pieton;Sans moto;3 VL ou plus;Sans poids lourd;Adulte (35-49);3-5 usagers
Leger;30/12/2020;19:40;Colombes;Nuit avec eclairage public allumee;Normale;Hors intersection;Route departementale;Non renseignee ;Non renseignee ;Inconnue;Non renseignee ;24;Masculin;Blessee Leger;Non renseignee ;2;1;1;0;1;0;Jeune adulte (18-24);Avec pieton;Sans moto;1 VL;Sans poids lourd;Jeune adulte (18-24);2 usagers
Leger;25/07/2019;18:45;Villeneuve-la-Garenne;Plein jour;Normale;Hors intersection;Autoroute;Non renseignee ;3RM > 125 cm3;Entre 2 files;Non renseignee ;55;Masculin;Blessee Leger;Non renseignee ;2;3;0;1;2;0;Senior actif (50-64);Sans pieton;Avec moto;2 VL;Sans poids lourd;Senior actif (50-64);2 usagers
Leger;21/08/2019;19:55;Colombes;Plein jour;Normale;Hors intersection;Autoroute;Non renseignee ;Scooter > 125 cm3;Entre 2 files;VU seul 1,5T <= PTAC <= 3,5T;32;Masculin;Blessee Leger;Non renseignee ;2;2;0;1;1;0;Adulte jeune (25-34);Sans pieton;Avec moto;1 VL;Sans poids lourd;Adulte jeune (25-34);2 usagers
Leger;17/11/2020;05:55;Colombes;Nuit avec eclairage public allumee;Normale;Intersection en X;Route departementale;Non renseignee ;Non renseignee ;Sans changement de direction;Non renseignee ;36;Masculin;Blessee Leger;Non renseignee ;1;2;0;0;1;0;Adulte (35-49);Sans pieton;Sans moto;1 VL;Sans poids lourd;Adulte (35-49);1 usager
Leger;03/11/2020;18:15;Gennevilliers;Nuit avec eclairage public allumee;Normale;Intersection en X;Route departementale;Non renseignee ;Non renseignee ;TourNon renseignee nt A$roite;Scooter > 125 cm3;48;Masculin;Blessee Leger;Non renseignee ;2;2;0;1;1;0;Adulte (35-49);Sans pieton ;Avec moto;1 VL;Sans poids lourd;Adulte (35-49);2 usagers
Leger;09/01/2007;15:35;Suresnes;Plein jour;Autre;Hors intersection;Non renseignee ;Sans collision;Cyclomoteur <50cm3;Sans changement de direction;Non renseignee ;30;Masculin;Blessee Leger;Non renseignee ;2;1;0;0;0;0;Adulte jeune (25-34);Sans pieton;Sans moto;Aucun VL;Sans poids lourd;Adulte jeune (25-34);2 usagers