type_acci;date;heure;commune;luminosite_accident;cond_atmos;Intersection;categorie_route;type_collision;type_vehicule_1;manoeuvre_vehicule_1;type_vehicule_2;age_usager;sexe_usager;gravite_usager;etat_usager;nombre_usagers;nb_veh;nombre_pietons;nombre_motos;nombre_vl;nombre_pl;age_usa1_categ;accident_pieton;accident_moto;categorie_vl;accident_pl;categorie_age;categorie_usagers
Leger;26/07/2007;13:10;Meudon;Plein jour;Autre;Place;Route departementale;Collision frontale;Cyclomoteur <50cm3;TourNon renseignee nt A'auche;Autobus;27;Masculin;Blessee Leger;Non renseignee ;2;2;0;0;0;0;Adulte jeune (25-34);Sans pieton ;Sans moto;Aucun VL;Sans poids lourd;Adulte jeune (25-34);2 usagers
Grave;10/03/2007;19:30;Meudon;Nuit avec eclairage public allumee;Autre;Intersection en X;Route departementale;Collision par l'arriere;Motocyclette > 50 cm3 et <= 125 cm3;Non renseignee ;VL seul;35;Masculin;Blessee Leger;Non renseignee ;3;2;0;1;1;0;Adulte (35-49);Sans pieton;Avec moto;1 VL;Sans poids lourd;Adulte (35-49);3-5 usagers
Leger;24/02/2007;15:35;Clamart;Plein jour;Pluie legere;Intersection en T;Route departementale;Collision par l'arriere;VL seul;Non renseignee ;VL seul;25;Feminin;Indemne;Non renseignee ;2;2;0;0;2;0;Adulte jeune (25-34);Sans pieton;Sans moto;2 VL;Sans poids lourd;Adulte jeune (25-34);2 usagers
Leger;18/10/2007;20:50;Puteaux;Crepuscule ou aube;Autre;Hors intersection;Route departementale;Collision par l'arriere;VL seul;Arrete (hors stationnement);Motocyclette > 50 cm3 et <= 125 cm3;24;Masculin;Indemne;Non renseignee ;2;2;0;1;1;0;Jeune adulte (18-24);Sans pieton;Avec moto;1 VL;Sans poids lourd;Jeune adulte (18-24);2 usagers
Leger;02/08/2007;10:00;Puteaux;Plein jour;Autre;Hors intersection;Route Non renseignee tioNon renseignee le;Collision par le cote;PL seul > 7,5T;Changeant de file A$roite;VL seul;29;Masculin;Indemne;Non renseignee ;2;2;0;0;1;1;Adulte jeune (25-34);Sans pieton;Sans moto;1 VL;Avec poids lourd;Adulte jeune (25-34);2 usagers
Leger;14/05/2007;12:30;Puteaux;Plein jour;Autre;Hors intersection;Route Non renseignee tioNon renseignee le;Sans collision;Scooter > 50 cm3 et <= 125 cm3;Sans changement de direction;Non renseignee ;26;Masculin;Blessee Leger;Non renseignee ;2;1;0;1;0;0;Adulte jeune (25-34);Sans pieton;Avec moto;Aucun VL;Sans poids lourd;Adulte jeune (25-34);2 usagers
Leger;19/06/2007;22:30;Puteaux;Nuit avec eclairage public allumee;Pluie legere;Intersection en X;Non renseignee ;Autre collision;Scooter > 125 cm3;Sans changement de direction;Non renseignee ;34;Masculin;Indemne;Non renseignee ;2;1;1;1;0;0;Adulte jeune (25-34);Avec pieton;Avec moto;Aucun VL;Sans poids lourd;Adulte jeune (25-34);2 usagers
Leger;12/01/2007;11:02;Boulogne-Billancourt;Plein jour;Autre;Hors intersection;Non renseignee ;Collisions en chaine;VL seul;Sans changement de direction;VL seul;23;Masculin;Indemne;Non renseignee ;4;3;0;0;3;0;Jeune adulte (18-24);Sans pieton;Sans moto;3 VL ou plus;Sans poids lourd;Jeune adulte (18-24);3-5 usagers
Leger;15/03/2007;10:55;Colombes;Plein jour;Autre;Intersection en T;Route departementale;Collision par le cote;VL seul;TourNon renseignee nt A$roite;Autobus;72;Masculin;Indemne;Non renseignee ;7;2;0;0;1;0;Senior (65+);Sans pieton ;Sans moto;1 VL;Sans poids lourd;Senior (65+);Plus de 5 usagers
Leger;12/07/2007;01:30;Meudon;Nuit avec eclairage public allumee;Autre;Giratoire;Non renseignee ;Sans collision;VL seul;Sans changement de direction;Non renseignee ;62;Feminin;Blessee Leger;Non renseignee ;1;1;0;0;1;0;Senior actif (50-64);Sans pieton;Sans moto;1 VL;Sans poids lourd;Senior actif (50-64);1 usager
Grave;06/12/2007;21:15;Le Plessis-Robinson;Nuit avec eclairage public allumee;Pluie legere;Hors intersection;Route departementale;Autre collision;Scooter < 50 cm3;Meme sens, Meme file;Non renseignee ;18;Masculin;Blessee Leger;Non renseignee ;2;1;1;0;0;0;Jeune adulte (18-24);Avec pieton;Sans moto;Aucun VL;Sans poids lourd;Jeune adulte (18-24);2 usagers
Leger;03/07/2007;09:00;Courbevoie;Plein jour;Autre;Hors intersection;Route departementale;Collision par l'arriere;VL seul;S inserant;Motocyclette > 50 cm3 et <= 125 cm3;43;Masculin;Indemne;Non renseignee ;2;2;0;1;1;0;Adulte (35-49);Sans pieton;Avec moto;1 VL;Sans poids lourd;Adulte (35-49);2 usagers
Leger;12/09/2007;15:40;Courbevoie;Plein jour;Autre;Hors intersection;Route departementale;Collision par le cote;Scooter > 125 cm3;Sans changement de direction;VL seul;18;Masculin;Indemne;Non renseignee ;2;2;0;1;1;0;Jeune adulte (18-24);Sans pieton;Avec moto;1 VL;Sans poids lourd;Jeune adulte (18-24);2 usagers
Grave;02/07/2007;08:20;Issy-les-Moulineaux;Plein jour;Autre;Intersection en T;Route departementale;Autre collision;VL seul;Non renseignee ;Non renseignee ;31;Masculin;Blessee hospitalisee;Non renseignee ;2;1;1;0;1;0;Adulte jeune (25-34);Avec pieton;Sans moto;1 VL;Sans poids lourd;Adulte jeune (25-34);2 usagers
Mortel;20/01/2007;20:30;Clamart;Nuit avec eclairage public allumee;Autre;Hors intersection;Route departementale;Autre collision;VL seul;Sans changement de direction;Non renseignee ;74;Masculin;Indemne;Non renseignee ;5;1;4;0;1;0;Senior (65+);Avec pieton;Sans moto;1 VL;Sans poids lourd;Senior (65+);3-5 usagers
Grave;02/01/2007;14:40;Le Plessis-Robinson;Plein jour;Pluie legere;Hors intersection;Non renseignee ;Collision frontale;VL seul;Sedeportant A'auche;Autobus;46;Masculin;Indemne;Non renseignee ;3;2;0;0;1;0;Adulte (35-49);Sans pieton ;Sans moto;1 VL;Sans poids lourd;Adulte (35-49);3-5 usagers
Leger;08/05/2007;13:45;Colombes;Plein jour;Autre;Intersection en T;Route departementale;Collision par l'arriere;VL seul;Meme sens, Meme file;VL seul;33;Masculin;Indemne;Non renseignee ;2;2;0;0;2;0;Adulte jeune (25-34);Sans pieton;Sans moto;2 VL;Sans poids lourd;Adulte jeune (25-34);2 usagers
Leger;17/09/2007;13:30;Bois-Colombes;Plein jour;Autre;Hors intersection;Non renseignee ;Autre collision;Bicyclette;Sans changement de direction;Non renseignee ;16;Feminin;Blessee Leger;Non renseignee ;2;1;1;0;0;0;Mineur (-18 ans);Avec pieton;Sans moto;Aucun VL;Sans poids lourd;Mineur (-18 ans);2 usagers
Leger;28/07/2007;09:15;Courbevoie;Plein jour;Temps couvert;Giratoire;Route departementale;Collision par l'arriere;Scooter < 50 cm3;Sans changement de direction;VU seul 1,5T <= PTAC <= 3,5T;27;Feminin;Blessee Leger;Non renseignee ;1;2;0;0;1;0;Adulte jeune (25-34);Sans pieton;Sans moto;1 VL;Sans poids lourd;Adulte jeune (25-34);1 usager
Leger;30/10/2007;04:00;Gennevilliers;Nuit avec eclairage public allumee;Autre;Hors intersection;Autoroute;Sans collision;VL seul;Sans changement de direction;Non renseignee ;19;Masculin;Blessee Leger;Non renseignee ;1;1;0;0;1;0;Jeune adulte (18-24);Sans pieton;Sans moto;1 VL;Sans poids lourd;Jeune adulte (18-24);1 usager
Leger;28/07/2007;11:40;Neuilly-sur-Seine;Plein jour;Autre;Hors intersection;Non renseignee ;Collision par le cote;VL seul;Ouverture de porte;Bicyclette;74;Masculin;Indemne;Non renseignee ;2;2;0;0;1;0;Senior (65+);Sans pieton;Sans moto;1 VL;Sans poids lourd;Senior (65+);2 usagers
Leger;10/08/2007;05:20;Neuilly-sur-Seine;Nuit avec eclairage public allumee;Pluie legere;Intersection en T;Route Non renseignee tioNon renseignee le;Collision par l'arriere;VU seul 1,5T <= PTAC <= 3,5T;Meme sens, Meme file;VL seul;43;Masculin;Indemne;Non renseignee ;2;2;0;0;2;0;Adulte (35-49);Sans pieton;Sans moto;2 VL;Sans poids lourd;Adulte (35-49);2 usagers
Leger;16/10/2007;19:50;ChateNon renseignee y-Malabry;Nuit avec eclairage public allumee;Autre;Intersection en X;Route departementale;Collision par le cote;VL seul;TourNon renseignee nt A'auche;Motocyclette > 125 cm3;35;Masculin;Blessee Leger;Non renseignee ;2;2;0;1;1;0;Adulte (35-49);Sans pieton ;Avec moto;1 VL;Sans poids lourd;Adulte (35-49);2 usagers
Leger;22/05/2007;20:37;Neuilly-sur-Seine;Plein jour;Autre;Intersection en X;Route departementale;Collision par le cote;VL seul;TourNon renseignee nt A'auche;VL seul;22;Masculin;Blessee Leger;Non renseignee ;3;2;0;0;2;0;Jeune adulte (18-24);Sans pieton ;Sans moto;2 VL;Sans poids lourd;Jeune adulte (18-24);3-5 usagers
Leger;17/06/2007;14:58;Neuilly-sur-Seine;Plein jour;Autre;Hors intersection;Route Non renseignee tioNon renseignee le;Collision par le cote;VL seul;Se deportant A$roite;VL seul;34;Masculin;Indemne;Non renseignee ;2;2;0;0;2;0;Adulte jeune (25-34);Sans pieton ;Sans moto;2 VL;Sans poids lourd;Adulte jeune (25-34);2 usagers
Leger;20/09/2007;13:30;Neuilly-sur-Seine;Plein jour;Autre;Intersection en X;Route Non renseignee tioNon renseignee le;Collision par l'arriere;Motocyclette > 125 cm3;Meme sens, Meme file;VL seul;29;Masculin;Blessee Leger;Non renseignee ;2;2;0;1;1;0;Adulte jeune (25-34);Sans pieton;Avec moto;1 VL;Sans poids lourd;Adulte jeune (25-34);2 usagers
Leger;09/01/2007;12:35;Clamart;Plein jour;Autre;Hors intersection;Non renseignee ;Collision par l'arriere;Scooter < 50 cm3;Meme sens, Meme file;VL seul;17;Masculin;Blessee Leger;Non renseignee ;3;2;0;0;1;0;Mineur (-18 ans);Sans pieton;Sans moto;1 VL;Sans poids lourd;Mineur (-18 ans);3-5 usagers
Leger;19/09/2007;08:55;ChateNon renseignee y-Malabry;Plein jour;Autre;Intersection en X;Route departementale;Collision par le cote;VL seul;Sans changement de direction;VL seul;52;Feminin;Blessee Leger;Non renseignee ;2;2;0;0;2;0;Senior actif (50-64);Sans pieton;Sans moto;2 VL;Sans poids lourd;Senior actif (50-64);2 usagers
Leger;26/06/2007;21:30;Asnieres-sur-Seine;Crepuscule ou aube;Autre;Intersection en T;Route departementale;Collision par le cote;Scooter < 50 cm3;Sans changement de direction;VL seul;19;Feminin;Blessee Leger;Non renseignee ;2;2;0;0;1;0;Jeune adulte (18-24);Sans pieton;Sans moto;1 VL;Sans poids lourd;Jeune adulte (18-24);2 usagers
Leger;30/11/2007;15:45;Asnieres-sur-Seine;Plein jour;Autre;Intersection en T;Non renseignee ;Collision par le cote;VL seul;Ouverture de porte;Bicyclette;32;Feminin;Indemne;Non renseignee ;2;2;0;0;1;0;Adulte jeune (25-34);Sans pieton;Sans moto;1 VL;Sans poids lourd;Adulte jeune (25-34);2 usagers
Leger;13/10/2007;15:30;Asnieres-sur-Seine;Plein jour;Autre;Intersection en T;Route departementale;Collision par le cote;Scooter > 50 cm3 et <= 125 cm3;Non renseignee ;VL seul;17;Masculin;Indemne;Non renseignee ;3;2;0;1;1;0;Mineur (-18 ans);Sans pieton;Avec moto;1 VL;Sans poids lourd;Mineur (-18 ans);3-5 usagers
Grave;23/09/2007;06:30;Chatillon;Nuit avec eclairage public allumee;Autre;Intersection en T;Route departementale;Sans collision;VL seul;Se deportant A$roite;Non renseignee ;18;Masculin;Blessee Leger;Non renseignee ;2;1;0;0;1;0;Jeune adulte (18-24);Sans pieton ;Sans moto;1 VL;Sans poids lourd;Jeune adulte (18-24);2 usagers
Mortel;17/06/2007;00:25;Antony;Nuit avec eclairage public allumee;Autre;Hors intersection;Non renseignee ;Sans collision;VL seul;Sans changement de direction;Non renseignee ;27;Masculin;Tue;Non renseignee ;1;1;0;0;1;0;Adulte jeune (25-34);Sans pieton;Sans moto;1 VL;Sans poids lourd;Adulte jeune (25-34);1 usager
Grave;15/07/2007;18:15;Gennevilliers;Plein jour;Autre;Intersection en X;Route departementale;Collision frontale;Scooter > 50 cm3 et <= 125 cm3;Sedeportant A'auche;Bicyclette;35;Masculin;Blessee Leger;Non renseignee ;2;2;0;1;0;0;Adulte (35-49);Sans pieton ;Avec moto;Aucun VL;Sans poids lourd;Adulte (35-49);2 usagers
Grave;17/07/2007;10:00;Levallois-Perret;Plein jour;Autre;Intersection en X;Non renseignee ;Autre collision;Engin special;TourNon renseignee nt A$roite;Non renseignee ;36;Feminin;Blessee hospitalisee;Non renseignee ;2;1;1;0;0;1;Adulte (35-49);Avec pieton;Sans moto;Aucun VL;Avec poids lourd;Adulte (35-49);2 usagers
Leger;08/06/2007;20:55;Malakoff;Plein jour;Autre;Intersection en T;Route departementale;Collision frontale;VL seul;TourNon renseignee nt A'auche;VL seul;23;Masculin;Indemne;Non renseignee ;6;2;0;0;2;0;Jeune adulte (18-24);Sans pieton ;Sans moto;2 VL;Sans poids lourd;Jeune adulte (18-24);Plus de 5 usagers
Leger;02/11/2007;18:35;Malakoff;Nuit avec eclairage public allumee;Autre;Intersection en T;Route departementale;Collision par l'arriere;VU seul 1,5T <= PTAC <= 3,5T;Sans changement de direction;VL seul;48;Masculin;Blessee Leger;Non renseignee ;4;2;0;0;2;0;Adulte (35-49);Sans pieton;Sans moto;2 VL;Sans poids lourd;Adulte (35-49);3-5 usagers
Leger;02/05/2007;09:15;Chatillon;Plein jour;Autre;Intersection en X;Route departementale;Collision par le cote;Motocyclette > 50 cm3 et <= 125 cm3;TourNon renseignee nt A$roite;VL seul;47;Feminin;Indemne;Non renseignee ;2;2;0;1;1;0;Adulte (35-49);Sans pieton ;Avec moto;1 VL;Sans poids lourd;Adulte (35-49);2 usagers
Leger;22/10/2007;14:45;Gennevilliers;Plein jour;Autre;Hors intersection;Autoroute;Collision par le cote;Non renseignee ;Sans changement de direction;VL seul;33;Feminin;Blessee Leger;Non renseignee ;2;2;0;0;1;1;Adulte jeune (25-34);Sans pieton;Sans moto;1 VL;Avec poids lourd;Adulte jeune (25-34);2 usagers
Leger;27/05/2007;15:30;Gennevilliers;Plein jour;Pluie legere;Hors intersection;Autoroute;Sans collision;VL seul;Sans changement de direction;Non renseignee ;20;Feminin;Blessee Leger;Non renseignee ;1;1;0;0;1;0;Jeune adulte (18-24);Sans pieton;Sans moto;1 VL;Sans poids lourd;Jeune adulte (18-24);1 usager
Leger;06/11/2007;09:35;Gennevilliers;Plein jour;Autre;Intersection en X;Route departementale;Collision frontale;VL seul;Sans changement de direction;Bicyclette;41;Masculin;Blessee Leger;Non renseignee ;2;2;0;0;1;0;Adulte (35-49);Sans pieton;Sans moto;1 VL;Sans poids lourd;Adulte (35-49);2 usagers
Leger;23/06/2014;08:34;Bois-Colombes;Plein jour;Autre;Intersection en X;Route departementale;Collision par le cote;Scooter > 50 cm3 et <= 125 cm3;Non renseignee ;VL seul;23;Masculin;Blessee Leger;Non renseignee ;2;2;0;1;1;0;Jeune adulte (18-24);Sans pieton;Avec moto;1 VL;Sans poids lourd;Jeune adulte (18-24);2 usagers
Leger;26/05/2020;09:13;Gennevilliers;Plein jour;Normale;Hors intersection;Autoroute;Non renseignee ;Motocyclette > 125 cm3;Entre 2 files;Non renseignee ;47;Masculin;Blessee Leger;Non renseignee ;1;1;0;1;0;0;Adulte (35-49);Sans pieton;Avec moto;Aucun VL;Sans poids lourd;Adulte (35-49);1 usager
Leger;27/08/2014;09:50;Clichy;Plein jour;Autre;Intersection en X;Voie commuNon renseignee le;Sans collision;Scooter < 50 cm3;Sans changement de direction;Non renseignee ;32;Feminin;Blessee Leger;Non renseignee ;1;1;0;0;0;0;Adulte jeune (25-34);Sans pieton;Sans moto;Aucun VL;Sans poids lourd;Adulte jeune (25-34);1 usager
Leger;26/12/2014;05:55;Colombes;Nuit avec eclairage public allumee;Autre;Hors intersection;Route departementale;Collision frontale;Scooter < 50 cm3;A contresens;VL seul;34;Masculin;Blessee Leger;Non renseignee ;2;2;0;0;1;0;Adulte jeune (25-34);Sans pieton;Sans moto;1 VL;Sans poids lourd;Adulte jeune (25-34);2 usagers
Leger;03/10/2014;21:00;La Garenne-Colombes;Nuit avec eclairage public allumee;Autre;Giratoire;Route departementale;Sans collision;Scooter < 50 cm3;Sans changement de direction;Non renseignee ;19;Masculin;Blessee Leger;Non renseignee ;1;1;0;0;0;0;Jeune adulte (18-24);Sans pieton;Sans moto;Aucun VL;Sans poids lourd;Jeune adulte (18-24);1 usager
Leger;13/01/2019;23:00;Gennevilliers;Nuit sanseclairage public;Pluie legere;Hors intersection;Autoroute;Non renseignee ;Non renseignee ;Inconnue;Non renseignee ;47;Feminin;Blessee Leger;Non renseignee ;1;1;0;0;1;0;Adulte (35-49);Sans pieton;Sans moto;1 VL;Sans poids lourd;Adulte (35-49);1 usager
Leger;07/09/2019;20:30;Gennevilliers;Crepuscule ou aube;Normale;Hors intersection;Autoroute;Non renseignee ;Scooter > 50 cm3 et <= 125 cm3;Entre 2 files;Non renseignee ;23;Masculin;Blessee Leger;Non renseignee ;3;3;0;1;2;0;Jeune adulte (18-24);Sans pieton;Avec moto;2 VL;Sans poids lourd;Jeune adulte (18-24);3-5 usagers
Leger;24/02/2014;12:55;Non renseignee nterre;Plein jour;Autre;Hors intersection;Route departementale;Collision par le cote;Cyclomoteur <50cm3;Sans changement de direction;VL seul;50;Feminin;Blessee Leger;Non renseignee ;2;2;0;0;1;0;Senior actif (50-64);Sans pieton;Sans moto;1 VL;Sans poids lourd;Senior actif (50-64);2 usagers
Leger;27/07/2019;21:25;Gennevilliers;Crepuscule ou aube;Normale;Hors intersection;Autoroute;Non renseignee ;Non renseignee ;Manoeuvre devitement;Non renseignee ;34;Feminin;Blessee Leger;Non renseignee ;2;1;0;0;1;0;Adulte jeune (25-34);Sans pieton;Sans moto;1 VL;Sans poids lourd;Adulte jeune (25-34);2 usagers
Leger;29/03/2019;12:05;Gennevilliers;Plein jour;Normale;Hors intersection;Voie commuNon renseignee le;Non renseignee ;VU seul 1,5T <= PTAC <= 3,5T;Meme sens, Meme file;Non renseignee ;33;Masculin;Indemne;Non renseignee ;2;2;0;0;1;0;Adulte jeune (25-34);Sans pieton;Sans moto;1 VL;Sans poids lourd;Adulte jeune (25-34);2 usagers
Leger;28/05/2014;09:55;Vanves;Plein jour;Autre;Hors intersection;Route departementale;Collision par le cote;VL seul;TourNon renseignee nt A'auche;Scooter < 50 cm3;48;Feminin;Indemne;Non renseignee ;2;2;0;0;1;0;Adulte (35-49);Sans pieton ;Sans moto;1 VL;Sans poids lourd;Adulte (35-49);2 usagers
Leger;08/11/2014;16:03;ChateNon renseignee y-Malabry;Plein jour;Autre;Intersection en X;Route departementale;Collision par le cote;VL seul;TourNon renseignee nt A$roite;Bicyclette;19;Masculin;Blessee Leger;Non renseignee ;2;2;0;0;1;0;Jeune adulte (18-24);Sans pieton ;Sans moto;1 VL;Sans poids lourd;Jeune adulte (18-24);2 usagers
Leger;08/01/2021;05:20;Gennevilliers;Nuit sanseclairage public;Normale;Hors intersection;Voie commuNon renseignee le;Non renseignee ;Scooter > 125 cm3;Inconnue;Non renseignee ;25;Masculin;Blessee Leger;Non renseignee ;1;1;0;1;0;0;Adulte jeune (25-34);Sans pieton;Avec moto;Aucun VL;Sans poids lourd;Adulte jeune (25-34);1 usager
Grave;20/10/2019;04:00;Gennevilliers;Nuit sanseclairage public;Pluie legere;Hors intersection;Autoroute;Non renseignee ;Non renseignee ;Sans changement de direction;Non renseignee ;24;Feminin;Blessee Leger;Non renseignee ;3;1;0;0;1;0;Jeune adulte (18-24);Sans pieton;Sans moto;1 VL;Sans poids lourd;Jeune adulte (18-24);3-5 usagers
Leger;06/10/2014;09:35;Colombes;Plein jour;Autre;Hors intersection;Voie commuNon renseignee le;Collision par le cote;VL seul;Meme sens, Meme file;Bicyclette;53;Feminin;Indemne;Non renseignee ;2;2;0;0;1;0;Senior actif (50-64);Sans pieton;Sans moto;1 VL;Sans poids lourd;Senior actif (50-64);2 usagers
Leger;06/02/2006;15:07;Marnes-la-Coquette;Non renseignee ;Autre;Non renseignee ;Autoroute;Non renseignee ;VL seul;Non renseignee ;VL seul;38;Non renseignee ;Non renseignee ;Non renseignee ;2;2;0;0;2;0;Adulte (35-49);Sans pieton;Sans moto;2 VL;Sans poids lourd;Adulte (35-49);2 usagers
Leger;12/02/2014;18:25;Non renseignee nterre;Nuit avec eclairage public allumee;Pluie forte;Hors intersection;Voie commuNon renseignee le;Collision par le cote;VL seul;S inserant;Bicyclette;38;Feminin;Indemne;Non renseignee ;2;2;0;0;1;0;Adulte (35-49);Sans pieton;Sans moto;1 VL;Sans poids lourd;Adulte (35-49);2 usagers
Grave;28/10/2006;19:30;Rueil-Malmaison;Non renseignee ;Autre;Non renseignee ;Route departementale;Non renseignee ;VL seul;Non renseignee ;Non renseignee ;38;Non renseignee ;Non renseignee ;Non renseignee ;2;2;0;1;1;0;Adulte (35-49);Sans pieton;Avec moto;1 VL;Sans poids lourd;Adulte (35-49);2 usagers
Leger;23/09/2014;22:20;Sevres;Plein jour;Autre;Giratoire;Route departementale;Collision par l'arriere;Bicyclette;Sans changement de direction;VL seul;26;Masculin;Blessee Leger;Non renseignee ;2;2;0;0;1;0;Adulte jeune (25-34);Sans pieton;Sans moto;1 VL;Sans poids lourd;Adulte jeune (25-34);2 usagers
Grave;22/11/2006;21:50;Non renseignee nterre;Non renseignee ;Autre;Non renseignee ;Route departementale;Non renseignee ;VL seul;Non renseignee ;VL seul;38;Non renseignee ;Non renseignee ;Non renseignee ;1;2;0;0;2;0;Adulte (35-49);Sans pieton;Sans moto;2 VL;Sans poids lourd;Adulte (35-49);1 usager
Leger;06/03/2014;16:55;Rueil-Malmaison;Plein jour;Autre;Intersection en T;Voie commuNon renseignee le;Autre collision;Scooter < 50 cm3;Sans changement de direction;Non renseignee ;19;Feminin;Blessee Leger;Non renseignee ;2;1;1;0;0;0;Jeune adulte (18-24);Avec pieton;Sans moto;Aucun VL;Sans poids lourd;Jeune adulte (18-24);2 usagers
Leger;27/07/2006;19:50;Non renseignee nterre;Non renseignee ;Autre;Non renseignee ;Route departementale;Non renseignee ;Non renseignee ;Non renseignee ;VL seul;38;Non renseignee ;Non renseignee ;Non renseignee ;3;3;0;1;2;0;Adulte (35-49);Sans pieton;Avec moto;2 VL;Sans poids lourd;Adulte (35-49);3-5 usagers
Leger;18/09/2006;11:45;Non renseignee nterre;Non renseignee ;Autre;Non renseignee ;Non renseignee ;Non renseignee ;VL seul;Non renseignee ;Non renseignee ;38;Non renseignee ;Non renseignee ;Non renseignee ;2;3;0;0;2;0;Adulte (35-49);Sans pieton;Sans moto;2 VL;Sans poids lourd;Adulte (35-49);2 usagers
Leger;21/07/2014;13:10;Asnieres-sur-Seine;Plein jour;Autre;Hors intersection;Route departementale;Autre collision;VL seul;Sans changement de direction;Non renseignee ;51;Masculin;Indemne;Non renseignee ;2;1;1;0;1;0;Senior actif (50-64);Avec pieton;Sans moto;1 VL;Sans poids lourd;Senior actif (50-64);2 usagers
Leger;10/01/2006;17:35;Non renseignee nterre;Non renseignee ;Autre;Non renseignee ;Non renseignee ;Non renseignee ;VL seul;Non renseignee ;Non renseignee ;38;Non renseignee ;Non renseignee ;Non renseignee ;2;1;1;0;1;0;Adulte (35-49);Avec pieton;Sans moto;1 VL;Sans poids lourd;Adulte (35-49);2 usagers
Leger;14/05/2006;13:15;Saint-Cloud;Non renseignee ;Autre;Non renseignee ;Route departementale;Non renseignee ;VL seul;Non renseignee ;Non renseignee ;38;Non renseignee ;Non renseignee ;Non renseignee ;1;1;0;0;1;0;Adulte (35-49);Sans pieton;Sans moto;1 VL;Sans poids lourd;Adulte (35-49);1 usager
Leger;24/11/2006;19:30;Saint-Cloud;Non renseignee ;Autre;Non renseignee ;Route departementale;Non renseignee ;Non renseignee ;Non renseignee ;VL seul;38;Non renseignee ;Non renseignee ;Non renseignee ;2;2;0;1;1;0;Adulte (35-49);Sans pieton;Avec moto;1 VL;Sans poids lourd;Adulte (35-49);2 usagers
Leger;15/05/2014;20:00;Boulogne-Billancourt;Nuit avec eclairage public allumee;Autre;Intersection en X;Voie commuNon renseignee le;Autre collision;VL seul;TourNon renseignee nt A'auche;Non renseignee ;31;Masculin;Indemne;Non renseignee ;2;1;1;0;1;0;Adulte jeune (25-34);Avec pieton;Sans moto;1 VL;Sans poids lourd;Adulte jeune (25-34);2 usagers
Grave;16/10/2006;13:25;Saint-Cloud;Non renseignee ;Autre;Non renseignee ;Route departementale;Non renseignee ;VL seul;Non renseignee ;Non renseignee ;38;Non renseignee ;Non renseignee ;Non renseignee ;2;1;1;0;1;0;Adulte (35-49);Avec pieton;Sans moto;1 VL;Sans poids lourd;Adulte (35-49);2 usagers
Leger;14/12/2007;19:36;Clichy;Nuit avec eclairage public allumee;Autre;Intersection en Y;Route departementale;Collision par le cote;Scooter < 50 cm3;Non renseignee ;VL seul;26;Masculin;Blessee Leger;Non renseignee ;2;2;0;0;1;0;Adulte jeune (25-34);Sans pieton;Sans moto;1 VL;Sans poids lourd;Adulte jeune (25-34);2 usagers
Leger;12/07/2007;14:20;Levallois-Perret;Plein jour;Temps couvert;Intersection en X;Route departementale;Autre collision;VL seul;TourNon renseignee nt A'auche;Non renseignee ;55;Masculin;Blessee Leger;Non renseignee ;2;1;1;0;1;0;Senior actif (50-64);Avec pieton;Sans moto;1 VL;Sans poids lourd;Senior actif (50-64);2 usagers
Leger;08/08/2007;12:45;Chatillon;Plein jour;Pluie legere;Hors intersection;Route departementale;Collision par l'arriere;VU seul 1,5T <= PTAC <= 3,5T;TourNon renseignee nt A'auche;Scooter > 50 cm3 et <= 125 cm3;34;Masculin;Indemne;Non renseignee ;2;2;0;1;1;0;Adulte jeune (25-34);Sans pieton ;Avec moto;1 VL;Sans poids lourd;Adulte jeune (25-34);2 usagers
Leger;25/05/2007;19:10;Gennevilliers;Crepuscule ou aube;Pluie forte;Hors intersection;Non renseignee ;Collision par le cote;VL seul;TourNon renseignee nt A'auche;Scooter > 50 cm3 et <= 125 cm3;40;Masculin;Indemne;Non renseignee ;2;2;0;1;1;0;Adulte (35-49);Sans pieton ;Avec moto;1 VL;Sans poids lourd;Adulte (35-49);2 usagers
Leger;22/02/2007;10:35;Clichy;Plein jour;Autre;Intersection en T;Non renseignee ;Collision par le cote;PL seul > 7,5T;TourNon renseignee nt A'auche;Motocyclette > 125 cm3;36;Masculin;Indemne;Non renseignee ;2;2;0;1;0;1;Adulte (35-49);Sans pieton ;Avec moto;Aucun VL;Avec poids lourd;Adulte (35-49);2 usagers
Leger;20/07/2007;15:40;Malakoff;Plein jour;Autre;Intersection en X;Route departementale;Collision par le cote;VL seul;Changeant de file A'auche;Autobus;47;Masculin;Indemne;Non renseignee ;3;2;0;0;1;0;Adulte (35-49);Sans pieton;Sans moto;1 VL;Sans poids lourd;Adulte (35-49);3-5 usagers
Grave;15/03/2007;00:30;Sceaux;Nuit avec eclairage public allumee;Autre;Hors intersection;Route departementale;Sans collision;Scooter < 50 cm3;Sans changement de direction;Non renseignee ;35;Masculin;Blessee hospitalisee;Non renseignee ;1;1;0;0;0;0;Adulte (35-49);Sans pieton;Sans moto;Aucun VL;Sans poids lourd;Adulte (35-49);1 usager
Leger;18/09/2007;11:20;Clichy;Plein jour;Autre;Hors intersection;Route departementale;Collision par l'arriere;Motocyclette > 125 cm3;Sans changement de direction;Bicyclette;45;Masculin;Blessee Leger;Non renseignee ;2;2;0;1;0;0;Adulte (35-49);Sans pieton;Avec moto;Aucun VL;Sans poids lourd;Adulte (35-49);2 usagers