type_acci;date;heure;commune;luminosite_accident;cond_atmos;Intersection;categorie_route;type_collision;type_vehicule_1;manoeuvre_vehicule_1;type_vehicule_2;age_usager;sexe_usager;gravite_usager;etat_usager;nombre_usagers;nb_veh;nombre_pietons;nombre_motos;nombre_vl;nombre_pl;age_usa1_categ;accident_pieton;accident_moto;categorie_vl;accident_pl;categorie_age;categorie_usagers
Leger;11/07/2018;06:40;La Garenne-Colombes;Plein jour;Autre;Intersection en Y;Voie commuNon renseignee le;Autre collision;Motocyclette > 125 cm3;Sans changement de direction;Non renseignee ;33;Masculin;Indemne;Non renseignee ;2;1;1;1;0;0;Adulte jeune (25-34);Avec pieton;Avec moto;Aucun VL;Sans poids lourd;Adulte jeune (25-34);2 usagers
Leger;02/03/2018;17:45;Gennevilliers;Plein jour;Autre;Intersection en T;Route departementale;Autre collision;VL seul;TourNon renseignee nt A$roite;Non renseignee ;45;Feminin;Indemne;Non renseignee ;2;1;1;0;1;0;Adulte (35-49);Avec pieton;Sans moto;1 VL;Sans poids lourd;Adulte (35-49);2 usagers
Leger;04/06/2018;08:28;Courbevoie;Plein jour;Temps couvert;Hors intersection;Route departementale;Autre collision;PL seul > 7,5T;Sans changement de direction;Non renseignee ;74;Feminin;Blessee Leger;Non renseignee ;1;1;1;0;0;1;Senior (65+);Avec pieton;Sans moto;Aucun VL;Avec poids lourd;Senior (65+);1 usager
Leger;25/10/2018;09:00;Gennevilliers;Plein jour;Autre;Hors intersection;Voie commuNon renseignee le;Autre collision;VU seul 1,5T <= PTAC <= 3,5T;Meme sens, Meme file;VL seul;33;Masculin;Indemne;Non renseignee ;3;2;1;0;2;0;Adulte jeune (25-34);Avec pieton;Sans moto;2 VL;Sans poids lourd;Adulte jeune (25-34);3-5 usagers
Leger;11/01/2018;16:30;Chatillon;Plein jour;Autre;Hors intersection;Route departementale;Autre collision;Motocyclette > 125 cm3;Sans changement de direction;Non renseignee ;59;Masculin;Indemne;Non renseignee ;2;1;1;1;0;0;Senior actif (50-64);Avec pieton;Avec moto;Aucun VL;Sans poids lourd;Senior actif (50-64);2 usagers
Leger;07/11/2018;18:10;Saint-Cloud;Nuit avec eclairage public allumee;Autre;Hors intersection;Route departementale;Autre collision;Motocyclette > 50 cm3 et <= 125 cm3;Sans changement de direction;Non renseignee ;44;Masculin;Indemne;Non renseignee ;2;1;1;1;0;0;Adulte (35-49);Avec pieton;Avec moto;Aucun VL;Sans poids lourd;Adulte (35-49);2 usagers
Leger;12/06/2018;17:30;Rueil-Malmaison;Plein jour;Autre;Hors intersection;Voie commuNon renseignee le;Autre collision;Scooter < 50 cm3;Sans changement de direction;Non renseignee ;15;Masculin;Indemne;Non renseignee ;2;1;1;0;0;0;Mineur (-18 ans);Avec pieton;Sans moto;Aucun VL;Sans poids lourd;Mineur (-18 ans);2 usagers
Leger;28/01/2018;17:16;Gennevilliers;Nuit sanseclairage public;Autre;Hors intersection;Autoroute;Collision par l'arriere;VU seul 1,5T <= PTAC <= 3,5T;Meme sens, Meme file;VL seul;39;Masculin;Indemne;Non renseignee ;2;2;0;0;2;0;Adulte (35-49);Sans pieton;Sans moto;2 VL;Sans poids lourd;Adulte (35-49);2 usagers
Leger;04/11/2008;18:15;Colombes;Nuit sanseclairage public;Autre;Hors intersection;Autoroute;Collision par le cote;Motocyclette > 125 cm3;Entre 2 files;VL seul;46;Masculin;Blessee Leger;Non renseignee ;2;2;0;1;1;0;Adulte (35-49);Sans pieton;Avec moto;1 VL;Sans poids lourd;Adulte (35-49);2 usagers
Grave;10/04/2009;07:45;Gennevilliers;Plein jour;Autre;Hors intersection;Autoroute;Collision par le cote;Motocyclette > 50 cm3 et <= 125 cm3;Entre 2 files;VL seul;37;Masculin;Blessee hospitalisee;Non renseignee ;2;2;0;1;1;0;Adulte (35-49);Sans pieton;Avec moto;1 VL;Sans poids lourd;Adulte (35-49);2 usagers
Leger;22/08/2009;08:00;Rueil-Malmaison;Plein jour;Autre;Hors intersection;Autoroute;Sans collision;VL seul;Non renseignee ;Non renseignee ;43;Masculin;Indemne;Non renseignee ;2;1;0;0;1;0;Adulte (35-49);Sans pieton;Sans moto;1 VL;Sans poids lourd;Adulte (35-49);2 usagers
Grave;07/09/2009;00:30;Clamart;Nuit avec eclairage public allumee;Autre;Intersection en X;Voie commuNon renseignee le;Collision par le cote;Cyclomoteur <50cm3;Sans changement de direction;VL seul;21;Masculin;Blessee hospitalisee;Non renseignee ;2;2;0;0;1;0;Jeune adulte (18-24);Sans pieton;Sans moto;1 VL;Sans poids lourd;Jeune adulte (18-24);2 usagers
Leger;12/06/2009;20:35;Asnieres-sur-Seine;Crepuscule ou aube;Autre;Intersection en X;Route departementale;Collision par l'arriere;Scooter > 125 cm3;Meme sens, Meme file;VL seul;29;Masculin;Blessee Leger;Attention perturbée;2;2;0;1;1;0;Adulte jeune (25-34);Sans pieton;Avec moto;1 VL;Sans poids lourd;Adulte jeune (25-34);2 usagers
Leger;15/05/2009;07:45;Clamart;Plein jour;Autre;Hors intersection;Route departementale;Collision par le cote;VL seul;TourNon renseignee nt A'auche;Cyclomoteur <50cm3;49;Masculin;Indemne;Non renseignee ;2;2;0;0;1;0;Adulte (35-49);Sans pieton ;Sans moto;1 VL;Sans poids lourd;Adulte (35-49);2 usagers
Leger;15/07/2009;08:20;Non renseignee nterre;Plein jour;Autre;Hors intersection;Route departementale;Collision par l'arriere;Motocyclette > 50 cm3 et <= 125 cm3;Meme sens, Meme file;VL seul;50;Masculin;Indemne;Non renseignee ;3;2;0;1;1;0;Senior actif (50-64);Sans pieton;Avec moto;1 VL;Sans poids lourd;Senior actif (50-64);3-5 usagers
Leger;15/07/2009;20:45;Rueil-Malmaison;Plein jour;Autre;Intersection en X;Route departementale;Collisions en chaine;VL seul;Meme sens, Meme file;VL seul;42;Feminin;Blessee Leger;Non renseignee ;3;3;0;0;3;0;Adulte (35-49);Sans pieton;Sans moto;3 VL ou plus;Sans poids lourd;Adulte (35-49);3-5 usagers
Leger;29/04/2009;17:25;Suresnes;Plein jour;Pluie legere;Hors intersection;Route departementale;Collision par l'arriere;Scooter < 50 cm3;Meme sens, Meme file;VL seul;22;Feminin;Blessee Leger;Non renseignee ;2;2;0;0;1;0;Jeune adulte (18-24);Sans pieton;Sans moto;1 VL;Sans poids lourd;Jeune adulte (18-24);2 usagers
Leger;10/11/2009;18:30;Asnieres-sur-Seine;Nuit avec eclairage public allumee;Autre;Intersection en T;Route departementale;Collision par le cote;VL seul;TourNon renseignee nt A'auche;Motocyclette > 125 cm3;45;Masculin;Indemne;Non renseignee ;2;2;0;1;1;0;Adulte (35-49);Sans pieton ;Avec moto;1 VL;Sans poids lourd;Adulte (35-49);2 usagers
Leger;18/06/2009;17:30;Non renseignee nterre;Plein jour;Autre;Hors intersection;Autoroute;Collision par le cote;VL seul;Changeant de file A'auche;Scooter > 125 cm3;21;Masculin;Indemne;Non renseignee ;2;2;0;1;1;0;Jeune adulte (18-24);Sans pieton;Avec moto;1 VL;Sans poids lourd;Jeune adulte (18-24);2 usagers
Leger;02/04/2009;13:35;Issy-les-Moulineaux;Plein jour;Autre;Hors intersection;Route departementale;Collision par le cote;Motocyclette > 50 cm3 et <= 125 cm3;S inserant;VU seul 1,5T <= PTAC <= 3,5T;23;Feminin;Blessee Leger;Non renseignee ;3;2;0;1;1;0;Jeune adulte (18-24);Sans pieton;Avec moto;1 VL;Sans poids lourd;Jeune adulte (18-24);3-5 usagers
Grave;17/06/2009;14:25;Levallois-Perret;Plein jour;Autre;Intersection en X;Voie commuNon renseignee le;Collision par le cote;VL seul;Sans changement de direction;VL seul;27;Feminin;Blessee hospitalisee;Non renseignee ;2;2;0;0;2;0;Adulte jeune (25-34);Sans pieton;Sans moto;2 VL;Sans poids lourd;Adulte jeune (25-34);2 usagers
Grave;13/03/2009;21:35;Levallois-Perret;Nuit avec eclairage public allumee;Autre;Intersection en Y;Route departementale;Collision par le cote;VL seul;TourNon renseignee nt A'auche;Motocyclette > 125 cm3;32;Feminin;Indemne;Non renseignee ;2;2;0;1;1;0;Adulte jeune (25-34);Sans pieton ;Avec moto;1 VL;Sans poids lourd;Adulte jeune (25-34);2 usagers
Leger;10/12/2009;18:45;Meudon;Nuit avec eclairage public allumee;Autre;Intersection en T;Voie commuNon renseignee le;Collision par le cote;Cyclomoteur <50cm3;Non renseignee ;VL seul;17;Masculin;Blessee Leger;Non renseignee ;2;2;0;0;1;0;Mineur (-18 ans);Sans pieton;Sans moto;1 VL;Sans poids lourd;Mineur (-18 ans);2 usagers
Leger;06/02/2009;21:15;Puteaux;Nuit avec eclairage public allumee;Autre;Hors intersection;Voie commuNon renseignee le;Collision par l'arriere;VL seul;Meme sens, Meme file;Motocyclette > 50 cm3 et <= 125 cm3;42;Masculin;Indemne;Non renseignee ;2;2;0;1;1;0;Adulte (35-49);Sans pieton;Avec moto;1 VL;Sans poids lourd;Adulte (35-49);2 usagers
Leger;11/06/2009;12:30;Marnes-la-Coquette;Plein jour;Autre;Hors intersection;Route departementale;Collision par le cote;VU seul 1,5T <= PTAC <= 3,5T;Sans changement de direction;Motocyclette > 50 cm3 et <= 125 cm3;54;Feminin;Indemne;Non renseignee ;2;2;0;1;1;0;Senior actif (50-64);Sans pieton;Avec moto;1 VL;Sans poids lourd;Senior actif (50-64);2 usagers
Leger;02/03/2009;10:00;Sevres;Plein jour;Autre;Intersection en T;Route departementale;Sans collision;Motocyclette > 50 cm3 et <= 125 cm3;Sans changement de direction;Non renseignee ;27;Masculin;Blessee Leger;Non renseignee ;1;1;0;1;0;0;Adulte jeune (25-34);Sans pieton;Avec moto;Aucun VL;Sans poids lourd;Adulte jeune (25-34);1 usager
Grave;20/08/2009;23:15;Chaville;Nuit avec eclairage public allumee;Autre;Intersection en Y;Route departementale;Sans collision;Scooter > 50 cm3 et <= 125 cm3;Sans changement de direction;Non renseignee ;29;Masculin;Blessee hospitalisee;Non renseignee ;1;1;0;1;0;0;Adulte jeune (25-34);Sans pieton;Avec moto;Aucun VL;Sans poids lourd;Adulte jeune (25-34);1 usager
Leger;13/11/2009;15:45;Villeneuve-la-Garenne;Plein jour;Autre;Intersection en X;Route departementale;Collision par le cote;VU seul 1,5T <= PTAC <= 3,5T;TourNon renseignee nt A'auche;VL seul;62;Masculin;Indemne;Non renseignee ;2;2;0;0;2;0;Senior actif (50-64);Sans pieton ;Sans moto;2 VL;Sans poids lourd;Senior actif (50-64);2 usagers
Grave;19/07/2009;02:35;Non renseignee nterre;Nuit avec eclairage public allumee;Autre;Intersection en X;Route departementale;Collision par le cote;Bicyclette;Sans changement de direction;Motocyclette > 125 cm3;34;Masculin;Blessee hospitalisee;Non renseignee ;3;2;0;1;0;0;Adulte jeune (25-34);Sans pieton;Avec moto;Aucun VL;Sans poids lourd;Adulte jeune (25-34);3-5 usagers
Leger;23/12/2009;11:30;Clamart;Plein jour;Autre;Intersection en T;Voie commuNon renseignee le;Collision par le cote;VL seul;TourNon renseignee nt A$roite;VL seul;22;Feminin;Blessee Leger;Non renseignee ;2;2;0;0;2;0;Jeune adulte (18-24);Sans pieton ;Sans moto;2 VL;Sans poids lourd;Jeune adulte (18-24);2 usagers
Leger;16/06/2009;18:55;Issy-les-Moulineaux;Plein jour;Autre;Giratoire;Route departementale;Sans collision;Scooter > 50 cm3 et <= 125 cm3;TourNon renseignee nt A$roite;Non renseignee ;26;Masculin;Blessee Leger;Non renseignee ;1;1;0;1;0;0;Adulte jeune (25-34);Sans pieton ;Avec moto;Aucun VL;Sans poids lourd;Adulte jeune (25-34);1 usager
Leger;09/12/2009;14:10;Neuilly-sur-Seine;Plein jour;Temps couvert;Hors intersection;Voie commuNon renseignee le;Collision par le cote;VL seul;TourNon renseignee nt A'auche;Motocyclette > 50 cm3 et <= 125 cm3;29;Feminin;Indemne;Non renseignee ;2;2;0;1;1;0;Adulte jeune (25-34);Sans pieton ;Avec moto;1 VL;Sans poids lourd;Adulte jeune (25-34);2 usagers
Leger;24/08/2018;09:15;Courbevoie;Plein jour;Autre;Intersection en X;Route departementale;Collision par le cote;VL seul;TourNon renseignee nt A'auche;Motocyclette > 125 cm3;26;Masculin;Indemne;Non renseignee ;2;2;0;1;1;0;Adulte jeune (25-34);Sans pieton ;Avec moto;1 VL;Sans poids lourd;Adulte jeune (25-34);2 usagers
Leger;16/03/2009;09:20;Puteaux;Plein jour;Autre;Giratoire;Route departementale;Collision par le cote;PL seul > 7,5T;TourNon renseignee nt A$roite;Cyclomoteur <50cm3;41;Masculin;Indemne;Non renseignee ;2;2;0;0;0;1;Adulte (35-49);Sans pieton ;Sans moto;Aucun VL;Avec poids lourd;Adulte (35-49);2 usagers
Leger;27/06/2018;00:05;Gennevilliers;Nuit avec eclairage public allumee;Autre;Hors intersection;Voie commuNon renseignee le;Collision par le cote;VL seul;S inserant;Motocyclette > 50 cm3 et <= 125 cm3;24;Masculin;Indemne;Non renseignee ;2;2;0;1;1;0;Jeune adulte (18-24);Sans pieton;Avec moto;1 VL;Sans poids lourd;Jeune adulte (18-24);2 usagers
Leger;06/02/2009;12:10;Non renseignee nterre;Plein jour;Autre;Hors intersection;Autoroute;Collision par le cote;VL seul;Non renseignee ;Motocyclette > 50 cm3 et <= 125 cm3;25;Feminin;Blessee Leger;Non renseignee ;2;2;0;1;1;0;Adulte jeune (25-34);Sans pieton;Avec moto;1 VL;Sans poids lourd;Adulte jeune (25-34);2 usagers
Leger;07/10/2009;07:09;Gennevilliers;Plein jour;Autre;Hors intersection;Autoroute;Collisions multiples;Motocyclette > 125 cm3;Entre 2 files;VU seul 1,5T <= PTAC <= 3,5T;35;Masculin;Indemne;Non renseignee ;3;3;0;1;2;0;Adulte (35-49);Sans pieton;Avec moto;2 VL;Sans poids lourd;Adulte (35-49);3-5 usagers
Leger;06/10/2018;23:10;Rueil-Malmaison;Nuit avec eclairage public allumee;Autre;Intersection en X;Voie commuNon renseignee le;Collision par le cote;Scooter < 50 cm3;Sans changement de direction;Scooter < 50 cm3;19;Feminin;Blessee Leger;Non renseignee ;1;2;0;0;0;0;Jeune adulte (18-24);Sans pieton;Sans moto;Aucun VL;Sans poids lourd;Jeune adulte (18-24);1 usager
Leger;02/12/2009;08:20;Marnes-la-Coquette;Plein jour;Autre;Hors intersection;Autoroute;Collision par l'arriere;Motocyclette > 125 cm3;Meme sens, Meme file;VL seul;39;Feminin;Indemne;Non renseignee ;3;2;0;1;1;0;Adulte (35-49);Sans pieton;Avec moto;1 VL;Sans poids lourd;Adulte (35-49);3-5 usagers
Leger;07/03/2009;14:10;Courbevoie;Plein jour;Autre;Intersection en T;Route departementale;Collision par le cote;Motocyclette > 50 cm3 et <= 125 cm3;Non renseignee ;VL seul;46;Masculin;Blessee Leger;Non renseignee ;2;2;0;1;1;0;Adulte (35-49);Sans pieton;Avec moto;1 VL;Sans poids lourd;Adulte (35-49);2 usagers
Grave;02/04/2009;18:45;Issy-les-Moulineaux;Plein jour;Autre;Intersection en X;Route departementale;Collision par le cote;PL seul 3,5T <PTCA <= 7,5T;TourNon renseignee nt A'auche;Motocyclette > 125 cm3;33;Masculin;Blessee hospitalisee;Non renseignee ;2;2;0;1;0;1;Adulte jeune (25-34);Sans pieton ;Avec moto;Aucun VL;Avec poids lourd;Adulte jeune (25-34);2 usagers
Leger;08/06/2009;08:30;Meudon;Plein jour;Autre;Intersection en Y;Voie commuNon renseignee le;Collision par le cote;VL seul;TourNon renseignee nt A'auche;Bicyclette;23;Masculin;Indemne;Non renseignee ;2;2;0;0;1;0;Jeune adulte (18-24);Sans pieton ;Sans moto;1 VL;Sans poids lourd;Jeune adulte (18-24);2 usagers
Leger;02/04/2009;20:15;Chatillon;Crepuscule ou aube;Autre;Intersection en T;Route departementale;Collision par le cote;VL seul;TourNon renseignee nt A$roite;Scooter > 50 cm3 et <= 125 cm3;30;Masculin;Indemne;Non renseignee ;2;2;0;1;1;0;Adulte jeune (25-34);Sans pieton ;Avec moto;1 VL;Sans poids lourd;Adulte jeune (25-34);2 usagers
Leger;18/11/2009;12:40;Puteaux;Plein jour;Autre;Intersection en X;Voie commuNon renseignee le;Collision par le cote;Scooter > 50 cm3 et <= 125 cm3;Sedeportant A'auche;Autobus;38;Masculin;Blessee Leger;Non renseignee ;2;2;0;1;0;0;Adulte (35-49);Sans pieton ;Avec moto;Aucun VL;Sans poids lourd;Adulte (35-49);2 usagers
Leger;16/08/2009;01:50;Clamart;Nuit avec eclairage public allumee;Autre;Intersection en X;Voie commuNon renseignee le;Sans collision;Motocyclette > 125 cm3;Sans changement de direction;Non renseignee ;28;Masculin;Blessee Leger;Non renseignee ;1;1;0;1;0;0;Adulte jeune (25-34);Sans pieton;Avec moto;Aucun VL;Sans poids lourd;Adulte jeune (25-34);1 usager
Leger;28/03/2009;18:30;Boulogne-Billancourt;Crepuscule ou aube;Autre;Hors intersection;Voie commuNon renseignee le;Collision par le cote;VL seul;S inserant;Motocyclette > 125 cm3;48;Masculin;Indemne;Non renseignee ;2;2;0;1;1;0;Adulte (35-49);Sans pieton;Avec moto;1 VL;Sans poids lourd;Adulte (35-49);2 usagers
Leger;09/07/2018;17:30;Colombes;Plein jour;Autre;Hors intersection;Voie commuNon renseignee le;Collision par le cote;VL seul;Ouverture de porte;Bicyclette;55;Masculin;Indemne;Non renseignee ;2;2;0;0;1;0;Senior actif (50-64);Sans pieton;Sans moto;1 VL;Sans poids lourd;Senior actif (50-64);2 usagers
Leger;20/09/2018;09:10;Antony;Plein jour;Autre;Intersection en X;Route departementale;Collision par le cote;VU seul 1,5T <= PTAC <= 3,5T;TourNon renseignee nt A$roite;Bicyclette;56;Masculin;Indemne;Non renseignee ;2;2;0;0;1;0;Senior actif (50-64);Sans pieton ;Sans moto;1 VL;Sans poids lourd;Senior actif (50-64);2 usagers
Leger;22/12/2018;17:37;Asnieres-sur-Seine;Nuit avec eclairage public allumee;Pluie legere;Place;Route departementale;Autre collision;VL seul;Non renseignee ;Non renseignee ;46;Feminin;Indemne;Non renseignee ;3;1;2;0;1;0;Adulte (35-49);Avec pieton;Sans moto;1 VL;Sans poids lourd;Adulte (35-49);3-5 usagers
Leger;03/02/2018;17:55;Asnieres-sur-Seine;Plein jour;Autre;Intersection en X;Route departementale;Autre collision;Bicyclette;TourNon renseignee nt A'auche;Non renseignee ;43;Masculin;Indemne;Non renseignee ;2;1;1;0;0;0;Adulte (35-49);Avec pieton;Sans moto;Aucun VL;Sans poids lourd;Adulte (35-49);2 usagers
Leger;15/01/2018;19:36;Levallois-Perret;Crepuscule ou aube;Pluie legere;Intersection en T;Voie commuNon renseignee le;Autre collision;VL seul;TourNon renseignee nt A'auche;Non renseignee ;41;Masculin;Indemne;Non renseignee ;2;1;1;0;1;0;Adulte (35-49);Avec pieton;Sans moto;1 VL;Sans poids lourd;Adulte (35-49);2 usagers
Leger;25/06/2018;08:35;Meudon;Plein jour;Autre;Hors intersection;Voie commuNon renseignee le;Autre collision;PL seul > 7,5T;Sans changement de direction;Non renseignee ;48;Masculin;Indemne;Non renseignee ;2;1;1;0;0;1;Adulte (35-49);Avec pieton;Sans moto;Aucun VL;Avec poids lourd;Adulte (35-49);2 usagers
Leger;22/10/2018;07:25;Chatillon;Nuit avec eclairage public allumee;Autre;Intersection en X;Route departementale;Autre collision;VU seul 1,5T <= PTAC <= 3,5T;Sans changement de direction;Non renseignee ;65;Masculin;Indemne;Non renseignee ;2;1;1;0;1;0;Senior (65+);Avec pieton;Sans moto;1 VL;Sans poids lourd;Senior (65+);2 usagers
Leger;14/11/2018;08:15;Non renseignee nterre;Plein jour;Autre;Intersection en X;Voie commuNon renseignee le;Autre collision;VL seul;TourNon renseignee nt A'auche;Non renseignee ;61;Feminin;Indemne;Non renseignee ;2;1;1;0;1;0;Senior actif (50-64);Avec pieton;Sans moto;1 VL;Sans poids lourd;Senior actif (50-64);2 usagers
Leger;27/11/2018;23:50;Colombes;Nuit avec eclairage public allumee;Autre;Hors intersection;Route departementale;Autre collision;Scooter < 50 cm3;Sans changement de direction;Non renseignee ;36;Masculin;Blessee Leger;Non renseignee ;1;1;1;0;0;0;Adulte (35-49);Avec pieton;Sans moto;Aucun VL;Sans poids lourd;Adulte (35-49);1 usager
Leger;12/11/2018;11:25;Chaville;Plein jour;Pluie legere;Intersection à plus de 4 branches;Route departementale;Autre collision;VL seul;Sans changement de direction;Non renseignee ;58;Masculin;Indemne;Non renseignee ;2;1;1;0;1;0;Senior actif (50-64);Avec pieton;Sans moto;1 VL;Sans poids lourd;Senior actif (50-64);2 usagers
Leger;23/11/2018;18:50;Sevres;Nuit avec eclairage public allumee;Autre;Intersection en T;Route departementale;Autre collision;VL seul;Sans changement de direction;Non renseignee ;48;Masculin;Indemne;Non renseignee ;2;1;1;0;1;0;Adulte (35-49);Avec pieton;Sans moto;1 VL;Sans poids lourd;Adulte (35-49);2 usagers
Leger;24/12/2018;01:40;Colombes;Nuit sanseclairage public;Pluie legere;Hors intersection;Autoroute;Sans collision;Non renseignee ;Se deportant A$roite;Non renseignee ;56;Masculin;Blessee Leger;Non renseignee ;1;1;0;0;0;1;Senior actif (50-64);Sans pieton ;Sans moto;Aucun VL;Avec poids lourd;Senior actif (50-64);1 usager
Leger;08/09/2018;13:30;Gennevilliers;Plein jour;Autre;Hors intersection;Autoroute;Collisions en chaine;VU seul 1,5T <= PTAC <= 3,5T;Sans changement de direction;VU seul 1,5T <= PTAC <= 3,5T;26;Feminin;Blessee Leger;Non renseignee ;3;3;0;0;3;0;Adulte jeune (25-34);Sans pieton;Sans moto;3 VL ou plus;Sans poids lourd;Adulte jeune (25-34);3-5 usagers
Leger;18/09/2018;15:30;Antony;Plein jour;Autre;Hors intersection;Voie commuNon renseignee le;Collision par le cote;VL seul;Se deportant A$roite;VL seul;56;Feminin;Indemne;Non renseignee ;2;2;0;0;2;0;Senior actif (50-64);Sans pieton ;Sans moto;2 VL;Sans poids lourd;Senior actif (50-64);2 usagers
Leger;18/01/2018;21:30;Asnieres-sur-Seine;Nuit avec eclairage public non allumee;Autre;Intersection en T;Route departementale;Collisions en chaine;VL seul;Sans changement de direction;VL seul;20;Masculin;Blessee Leger;Non renseignee ;3;3;0;0;3;0;Jeune adulte (18-24);Sans pieton;Sans moto;3 VL ou plus;Sans poids lourd;Jeune adulte (18-24);3-5 usagers
Leger;16/12/2018;05:00;Le Plessis-Robinson;Nuit sanseclairage public;Autre;Hors intersection;Route departementale;Sans collision;VL seul;Sans changement de direction;Non renseignee ;20;Masculin;Blessee Leger;Non renseignee ;2;1;0;0;1;0;Jeune adulte (18-24);Sans pieton;Sans moto;1 VL;Sans poids lourd;Jeune adulte (18-24);2 usagers
Leger;30/06/2018;18:30;Courbevoie;Plein jour;Autre;Hors intersection;Route departementale;Collisions multiples;VL seul;S inserant;VL seul;46;Masculin;Indemne;Non renseignee ;3;3;0;0;3;0;Adulte (35-49);Sans pieton;Sans moto;3 VL ou plus;Sans poids lourd;Adulte (35-49);3-5 usagers
Leger;30/03/2018;19:15;Gennevilliers;Plein jour;Autre;Intersection en T;Route departementale;Collision par l'arriere;VL seul;Meme sens, Meme file;VL seul;32;Feminin;Indemne;Non renseignee ;5;2;0;0;2;0;Adulte jeune (25-34);Sans pieton;Sans moto;2 VL;Sans poids lourd;Adulte jeune (25-34);3-5 usagers
Leger;03/03/2018;06:50;Gennevilliers;Nuit sanseclairage public;Autre;Hors intersection;Autoroute;Sans collision;VL seul;Meme sens, Meme file;Non renseignee ;61;Masculin;Blessee Leger;Non renseignee ;1;1;0;0;1;0;Senior actif (50-64);Sans pieton;Sans moto;1 VL;Sans poids lourd;Senior actif (50-64);1 usager
Leger;30/04/2018;22:35;Boulogne-Billancourt;Nuit avec eclairage public allumee;Pluie legere;Hors intersection;Autoroute;Collisions multiples;VL seul;Non renseignee ;VL seul;22;Feminin;Blessee Leger;Non renseignee ;5;3;0;0;3;0;Jeune adulte (18-24);Sans pieton;Sans moto;3 VL ou plus;Sans poids lourd;Jeune adulte (18-24);3-5 usagers
Leger;16/06/2018;23:45;Gennevilliers;Nuit sanseclairage public;Autre;Hors intersection;Autoroute;Collision par le cote;VU seul 1,5T <= PTAC <= 3,5T;Meme sens, Meme file;VU seul 1,5T <= PTAC <= 3,5T;22;Masculin;Indemne;Non renseignee ;3;2;0;0;2;0;Jeune adulte (18-24);Sans pieton;Sans moto;2 VL;Sans poids lourd;Jeune adulte (18-24);3-5 usagers
Leger;19/07/2018;04:40;Saint-Cloud;Nuit avec eclairage public allumee;Autre;Hors intersection;Autoroute;Sans collision;VL seul;Sans changement de direction;Non renseignee ;33;Masculin;Blessee Leger;Non renseignee ;1;1;0;0;1;0;Adulte jeune (25-34);Sans pieton;Sans moto;1 VL;Sans poids lourd;Adulte jeune (25-34);1 usager
Leger;05/10/2018;18:30;Non renseignee nterre;Nuit avec eclairage public non allumee;Autre;Hors intersection;Autoroute;Collision par l'arriere;VL seul;Meme sens, Meme file;VL seul;67;Feminin;Indemne;Non renseignee ;3;2;0;0;2;0;Senior (65+);Sans pieton;Sans moto;2 VL;Sans poids lourd;Senior (65+);3-5 usagers
Leger;25/11/2018;20:50;Gennevilliers;Nuit sanseclairage public;Pluie legere;Hors intersection;Autoroute;Sans collision;VL seul;Changeant de file A'auche;Non renseignee ;27;Feminin;Blessee Leger;Non renseignee ;2;1;0;0;1;0;Adulte jeune (25-34);Sans pieton;Sans moto;1 VL;Sans poids lourd;Adulte jeune (25-34);2 usagers
Leger;21/12/2018;12:50;Rueil-Malmaison;Plein jour;Pluie legere;Hors intersection;Autoroute;Collision par le cote;VU seul 1,5T <= PTAC <= 3,5T;Non renseignee ;VL seul;35;Masculin;Indemne;Non renseignee ;2;2;0;0;2;0;Adulte (35-49);Sans pieton;Sans moto;2 VL;Sans poids lourd;Adulte (35-49);2 usagers
Leger;03/02/2018;10:10;Antony;Plein jour;Autre;Hors intersection;Voie commuNon renseignee le;Collision par le cote;VL seul;S inserant;VL seul;39;Masculin;Indemne;Non renseignee ;3;2;0;0;2;0;Adulte (35-49);Sans pieton;Sans moto;2 VL;Sans poids lourd;Adulte (35-49);3-5 usagers
Leger;11/06/2018;18:00;Antony;Plein jour;Pluie legere;Hors intersection;Autoroute;Collision par le cote;VL seul;Sans changement de direction;PL seul > 7,5T;33;Feminin;Blessee Leger;Non renseignee ;2;2;0;0;1;1;Adulte jeune (25-34);Sans pieton;Sans moto;1 VL;Avec poids lourd;Adulte jeune (25-34);2 usagers
Leger;24/01/2018;15:15;Clamart;Plein jour;Autre;Giratoire;Route departementale;Collision par l'arriere;VU seul 1,5T <= PTAC <= 3,5T;Sans changement de direction;VU seul 1,5T <= PTAC <= 3,5T;38;Masculin;Blessee Leger;Non renseignee ;6;2;0;0;2;0;Adulte (35-49);Sans pieton;Sans moto;2 VL;Sans poids lourd;Adulte (35-49);Plus de 5 usagers
Leger;22/02/2018;11:50;Chatillon;Plein jour;Autre;Hors intersection;Voie commuNon renseignee le;Sans collision;VL seul;Sedeportant A'auche;Non renseignee ;61;Feminin;Blessee Leger;Non renseignee ;1;1;0;0;1;0;Senior actif (50-64);Sans pieton ;Sans moto;1 VL;Sans poids lourd;Senior actif (50-64);1 usager
Leger;31/01/2018;09:30;Clamart;Plein jour;Pluie legere;Hors intersection;Voie commuNon renseignee le;Collision par le cote;VL seul;S inserant;VL seul;29;Feminin;Indemne;Non renseignee ;2;2;0;0;2;0;Adulte jeune (25-34);Sans pieton;Sans moto;2 VL;Sans poids lourd;Adulte jeune (25-34);2 usagers
Leger;08/04/2018;15:13;Colombes;Plein jour;Autre;Hors intersection;Voie commuNon renseignee le;Collision par l'arriere;VL seul;Se deportant A$roite;Autobus;56;Feminin;Blessee Leger;Non renseignee ;4;2;0;0;1;0;Senior actif (50-64);Sans pieton ;Sans moto;1 VL;Sans poids lourd;Senior actif (50-64);3-5 usagers