type_acci;date;heure;commune;luminosite_accident;cond_atmos;Intersection;categorie_route;type_collision;type_vehicule_1;manoeuvre_vehicule_1;type_vehicule_2;age_usager;sexe_usager;gravite_usager;etat_usager;nombre_usagers;nb_veh;nombre_pietons;nombre_motos;nombre_vl;nombre_pl;age_usa1_categ;accident_pieton;accident_moto;categorie_vl;accident_pl;categorie_age;categorie_usagers
Leger;11/12/2007;18:00;Non renseignee nterre;Nuit avec eclairage public allumee;Pluie legere;Hors intersection;Autoroute;Sans collision;Motocyclette > 125 cm3;Meme sens, Meme file;Non renseignee ;38;Masculin;Blessee Leger;Non renseignee ;1;1;0;1;0;0;Adulte (35-49);Sans pieton;Avec moto;Aucun VL;Sans poids lourd;Adulte (35-49);1 usager
Grave;23/06/2007;15:15;Suresnes;Plein jour;Autre;Intersection en X;Route departementale;Collisions multiples;VL seul;Sans changement de direction;VL seul;54;Masculin;Indemne;Non renseignee ;7;4;0;0;4;0;Senior actif (50-64);Sans pieton;Sans moto;3 VL ou plus;Sans poids lourd;Senior actif (50-64);Plus de 5 usagers
Leger;04/08/2007;11:45;Meudon;Plein jour;Autre;Hors intersection;Non renseignee ;Autre collision;VL seul;Sans changement de direction;Non renseignee ;36;Masculin;Indemne;Non renseignee ;2;1;1;0;1;0;Adulte (35-49);Avec pieton;Sans moto;1 VL;Sans poids lourd;Adulte (35-49);2 usagers
Leger;30/08/2007;17:55;Clamart;Plein jour;Autre;Hors intersection;Non renseignee ;Autre collision;VU seul 1,5T <= PTAC <= 3,5T;Non renseignee ;Non renseignee ;8;Feminin;Blessee Leger;Non renseignee ;1;1;1;0;1;0;Mineur (-18 ans);Avec pieton;Sans moto;1 VL;Sans poids lourd;Mineur (-18 ans);1 usager
Leger;13/11/2007;09:10;Puteaux;Plein jour;Autre;Intersection en X;Non renseignee ;Sans collision;Scooter < 50 cm3;Sans changement de direction;Non renseignee ;19;Masculin;Blessee Leger;Non renseignee ;1;1;0;0;0;0;Jeune adulte (18-24);Sans pieton;Sans moto;Aucun VL;Sans poids lourd;Jeune adulte (18-24);1 usager
Leger;15/03/2007;21:35;Puteaux;Nuit avec eclairage public allumee;Autre;Hors intersection;Non renseignee ;Autre collision;Scooter < 50 cm3;Sans changement de direction;Non renseignee ;18;Masculin;Indemne;Non renseignee ;2;1;1;0;0;0;Jeune adulte (18-24);Avec pieton;Sans moto;Aucun VL;Sans poids lourd;Jeune adulte (18-24);2 usagers
Grave;21/08/2007;07:15;Boulogne-Billancourt;Crepuscule ou aube;Autre;Hors intersection;Autoroute;Collision par l'arriere;Motocyclette > 125 cm3;TourNon renseignee nt A$roite;VL seul;25;Masculin;Blessee hospitalisee;Non renseignee ;1;2;0;1;1;0;Adulte jeune (25-34);Sans pieton ;Avec moto;1 VL;Sans poids lourd;Adulte jeune (25-34);1 usager
Leger;29/06/2007;08:10;Boulogne-Billancourt;Plein jour;Autre;Hors intersection;Non renseignee ;Collision par le cote;VL seul;Arrete (hors stationnement);Cyclomoteur <50cm3;42;Feminin;Indemne;Non renseignee ;2;2;0;0;1;0;Adulte (35-49);Sans pieton;Sans moto;1 VL;Sans poids lourd;Adulte (35-49);2 usagers
Leger;06/04/2007;12:53;Boulogne-Billancourt;Plein jour;Autre;Intersection en X;Non renseignee ;Collision par le cote;VL seul;TourNon renseignee nt A'auche;Motocyclette > 50 cm3 et <= 125 cm3;32;Masculin;Indemne;Non renseignee ;2;2;0;1;1;0;Adulte jeune (25-34);Sans pieton ;Avec moto;1 VL;Sans poids lourd;Adulte jeune (25-34);2 usagers
Leger;03/04/2007;02:30;Boulogne-Billancourt;Nuit avec eclairage public non allumee;Autre;Intersection en X;Non renseignee ;Collision par le cote;VL seul;Sans changement de direction;Scooter < 50 cm3;39;Masculin;Indemne;Non renseignee ;2;2;0;0;1;0;Adulte (35-49);Sans pieton;Sans moto;1 VL;Sans poids lourd;Adulte (35-49);2 usagers
Leger;25/09/2007;18:30;Boulogne-Billancourt;Crepuscule ou aube;Autre;Intersection en X;Route departementale;Autre collision;VL seul;Manoeuvre de stationnement;Non renseignee ;66;Masculin;Indemne;Non renseignee ;2;1;1;0;1;0;Senior (65+);Avec pieton;Sans moto;1 VL;Sans poids lourd;Senior (65+);2 usagers
Leger;28/04/2007;09:25;Meudon;Plein jour;Autre;Intersection en X;Non renseignee ;Collision par le cote;VL seul;TourNon renseignee nt A'auche;Bicyclette;41;Masculin;Indemne;Non renseignee ;2;2;0;0;1;0;Adulte (35-49);Sans pieton ;Sans moto;1 VL;Sans poids lourd;Adulte (35-49);2 usagers
Leger;22/04/2007;16:00;Colombes;Plein jour;Autre;Intersection en Y;Non renseignee ;Autre collision;VL seul;Sans changement de direction;Non renseignee ;58;Masculin;Indemne;Non renseignee ;2;1;1;0;1;0;Senior actif (50-64);Avec pieton;Sans moto;1 VL;Sans poids lourd;Senior actif (50-64);2 usagers
Leger;12/07/2007;19:40;Puteaux;Plein jour;Autre;Hors intersection;Route departementale;Collisions en chaine;VL seul;Meme sens, Meme file;VL seul;37;Feminin;Indemne;Non renseignee ;5;3;0;0;3;0;Adulte (35-49);Sans pieton;Sans moto;3 VL ou plus;Sans poids lourd;Adulte (35-49);3-5 usagers
Leger;14/09/2007;10:15;Boulogne-Billancourt;Plein jour;Autre;Place;Route departementale;Collision par l'arriere;VL seul;Sans changement de direction;Motocyclette > 125 cm3;35;Masculin;Indemne;Non renseignee ;2;2;0;1;1;0;Adulte (35-49);Sans pieton;Avec moto;1 VL;Sans poids lourd;Adulte (35-49);2 usagers
Leger;18/02/2007;16:55;Boulogne-Billancourt;Plein jour;Autre;Intersection en T;Non renseignee ;Autre collision;VL seul;Sans changement de direction;Non renseignee ;53;Feminin;Indemne;Non renseignee ;2;1;1;0;1;0;Senior actif (50-64);Avec pieton;Sans moto;1 VL;Sans poids lourd;Senior actif (50-64);2 usagers
Leger;11/12/2007;19:20;Colombes;Nuit avec eclairage public allumee;Pluie legere;Intersection en T;Non renseignee ;Collision par le cote;VL seul;Sedeportant A'auche;Scooter > 50 cm3 et <= 125 cm3;52;Masculin;Indemne;Non renseignee ;2;2;0;1;1;0;Senior actif (50-64);Sans pieton ;Avec moto;1 VL;Sans poids lourd;Senior actif (50-64);2 usagers
Leger;25/11/2007;12:45;Courbevoie;Plein jour;Autre;Intersection en X;Route departementale;Autre collision;VL seul;TourNon renseignee nt A$roite;Non renseignee ;63;Masculin;Indemne;Non renseignee ;2;1;1;0;1;0;Senior actif (50-64);Avec pieton;Sans moto;1 VL;Sans poids lourd;Senior actif (50-64);2 usagers
Mortel;28/11/2007;10:15;Puteaux;Plein jour;Autre;Hors intersection;Route departementale;Collision par le cote;Motocyclette > 125 cm3;Sans changement de direction;PL seul 3,5T <PTCA <= 7,5T;22;Masculin;Tue;Non renseignee ;2;2;0;1;0;1;Jeune adulte (18-24);Sans pieton;Avec moto;Aucun VL;Avec poids lourd;Jeune adulte (18-24);2 usagers
Leger;06/11/2007;16:30;Boulogne-Billancourt;Plein jour;Autre;Hors intersection;Non renseignee ;Collision par le cote;Motocyclette > 125 cm3;En faisant demi-tour sur la chaussee;Motocyclette > 125 cm3;37;Masculin;Indemne;Non renseignee ;2;2;0;2;0;0;Adulte (35-49);Sans pieton;Avec moto;Aucun VL;Sans poids lourd;Adulte (35-49);2 usagers
Leger;05/11/2007;17:30;Issy-les-Moulineaux;Crepuscule ou aube;Autre;Giratoire;Route departementale;Collision par le cote;VL seul;Changeant de file A'auche;Motocyclette > 125 cm3;61;Masculin;Blessee Leger;Non renseignee ;2;2;0;1;1;0;Senior actif (50-64);Sans pieton;Avec moto;1 VL;Sans poids lourd;Senior actif (50-64);2 usagers
Leger;20/07/2007;17:30;Issy-les-Moulineaux;Plein jour;Autre;Intersection en X;Route departementale;Autre collision;VL seul;TourNon renseignee nt A'auche;Non renseignee ;47;Masculin;Blessee Leger;Non renseignee ;3;1;2;0;1;0;Adulte (35-49);Avec pieton;Sans moto;1 VL;Sans poids lourd;Adulte (35-49);3-5 usagers
Leger;27/08/2007;21:00;Courbevoie;Crepuscule ou aube;Autre;Intersection en X;Route departementale;Collision frontale;Scooter < 50 cm3;Sans changement de direction;Scooter < 50 cm3;19;Masculin;Blessee Leger;Non renseignee ;2;2;0;0;0;0;Jeune adulte (18-24);Sans pieton;Sans moto;Aucun VL;Sans poids lourd;Jeune adulte (18-24);2 usagers
Leger;08/03/2007;12:20;Courbevoie;Plein jour;Autre;Hors intersection;Route departementale;Collision par le cote;VL seul;En faisant demi-tour sur la chaussee;Motocyclette > 50 cm3 et <= 125 cm3;32;Masculin;Indemne;Non renseignee ;3;2;0;1;1;0;Adulte jeune (25-34);Sans pieton;Avec moto;1 VL;Sans poids lourd;Adulte jeune (25-34);3-5 usagers
Leger;08/03/2007;10:50;Courbevoie;Plein jour;Autre;Intersection en T;Route departementale;Collision par le cote;Scooter > 50 cm3 et <= 125 cm3;En faisant demi-tour sur la chaussee;Cyclomoteur <50cm3;20;Masculin;Indemne;Non renseignee ;2;2;0;1;0;0;Jeune adulte (18-24);Sans pieton;Avec moto;Aucun VL;Sans poids lourd;Jeune adulte (18-24);2 usagers
Leger;28/09/2007;13:10;Courbevoie;Plein jour;Pluie legere;Hors intersection;Route departementale;Autre collision;Motocyclette > 125 cm3;Sans changement de direction;Non renseignee ;28;Masculin;Indemne;Non renseignee ;2;1;1;1;0;0;Adulte jeune (25-34);Avec pieton;Avec moto;Aucun VL;Sans poids lourd;Adulte jeune (25-34);2 usagers
Leger;09/06/2007;19:40;Neuilly-sur-Seine;Plein jour;Autre;Hors intersection;Route Non renseignee tioNon renseignee le;Collision par le cote;VL seul;Changeant de file A'auche;VL seul;37;Masculin;Indemne;Non renseignee ;2;2;0;0;2;0;Adulte (35-49);Sans pieton;Sans moto;2 VL;Sans poids lourd;Adulte (35-49);2 usagers
Leger;04/09/2007;09:40;Courbevoie;Plein jour;Autre;Hors intersection;Route departementale;Collision par l'arriere;VL seul;Sans changement de direction;Motocyclette > 125 cm3;42;Feminin;Indemne;Non renseignee ;2;2;0;1;1;0;Adulte (35-49);Sans pieton;Avec moto;1 VL;Sans poids lourd;Adulte (35-49);2 usagers
Leger;23/03/2007;12:09;Courbevoie;Plein jour;Pluie legere;Intersection en T;Route departementale;Sans collision;VL seul;TourNon renseignee nt A'auche;Non renseignee ;83;Masculin;Blessee Leger;Non renseignee ;2;1;0;0;1;0;Senior (65+);Sans pieton ;Sans moto;1 VL;Sans poids lourd;Senior (65+);2 usagers
Leger;27/04/2015;12:15;Boulogne-Billancourt;Plein jour;Autre;Intersection en X;Route departementale;Collision par le cote;Scooter > 50 cm3 et <= 125 cm3;TourNon renseignee nt A$roite;Scooter > 50 cm3 et <= 125 cm3;35;Masculin;Blessee Leger;Non renseignee ;2;2;0;2;0;0;Adulte (35-49);Sans pieton ;Avec moto;Aucun VL;Sans poids lourd;Adulte (35-49);2 usagers
Leger;27/12/2015;15:40;Non renseignee nterre;Plein jour;Autre;Hors intersection;Route departementale;Sans collision;Motocyclette > 125 cm3;TourNon renseignee nt A$roite;Non renseignee ;28;Masculin;Blessee Leger;Non renseignee ;2;1;0;1;0;0;Adulte jeune (25-34);Sans pieton ;Avec moto;Aucun VL;Sans poids lourd;Adulte jeune (25-34);2 usagers
Leger;10/03/2015;18:00;Gennevilliers;Crepuscule ou aube;Autre;Hors intersection;Autoroute;Collision frontale;Scooter > 125 cm3;Entre 2 files;VL seul;43;Masculin;Blessee Leger;Non renseignee ;2;2;0;1;1;0;Adulte (35-49);Sans pieton;Avec moto;1 VL;Sans poids lourd;Adulte (35-49);2 usagers
Leger;08/04/2015;15:05;Non renseignee nterre;Plein jour;Autre;Hors intersection;Autoroute;Collisions multiples;Scooter > 125 cm3;Non renseignee ;Scooter > 125 cm3;28;Masculin;Indemne;Non renseignee ;4;3;0;2;1;0;Adulte jeune (25-34);Sans pieton;Avec moto;1 VL;Sans poids lourd;Adulte jeune (25-34);3-5 usagers
Leger;19/06/2015;20:20;Saint-Cloud;Plein jour;Autre;Hors intersection;Autoroute;Collisions en chaine;Motocyclette > 125 cm3;Entre 2 files;VL seul;30;Masculin;Blessee Leger;Non renseignee ;4;3;0;1;2;0;Adulte jeune (25-34);Sans pieton;Avec moto;2 VL;Sans poids lourd;Adulte jeune (25-34);3-5 usagers
Leger;14/09/2015;19:12;Saint-Cloud;Plein jour;Temps couvert;Hors intersection;Autoroute;Sans collision;Motocyclette > 125 cm3;Sans changement de direction;Non renseignee ;57;Masculin;Blessee Leger;Non renseignee ;1;1;0;1;0;0;Senior actif (50-64);Sans pieton;Avec moto;Aucun VL;Sans poids lourd;Senior actif (50-64);1 usager
Leger;09/11/2015;10:55;ChateNon renseignee y-Malabry;Plein jour;Autre;Hors intersection;Autoroute;Collision par l'arriere;Motocyclette > 125 cm3;Entre 2 files;VU seul 1,5T <= PTAC <= 3,5T;31;Masculin;Blessee Leger;Non renseignee ;2;2;0;1;1;0;Adulte jeune (25-34);Sans pieton;Avec moto;1 VL;Sans poids lourd;Adulte jeune (25-34);2 usagers
Leger;23/10/2015;16:33;Antony;Plein jour;Autre;Giratoire;Route departementale;Collision par le cote;VL seul;TourNon renseignee nt A'auche;Motocyclette > 125 cm3;68;Masculin;Indemne;Non renseignee ;2;2;0;1;1;0;Senior (65+);Sans pieton ;Avec moto;1 VL;Sans poids lourd;Senior (65+);2 usagers
Leger;11/01/2015;12:35;Courbevoie;Plein jour;Autre;Giratoire;Route departementale;Sans collision;Motocyclette > 125 cm3;Sans changement de direction;Non renseignee ;41;Masculin;Blessee Leger;Non renseignee ;1;1;0;1;0;0;Adulte (35-49);Sans pieton;Avec moto;Aucun VL;Sans poids lourd;Adulte (35-49);1 usager
Leger;10/03/2015;11:30;Gennevilliers;Plein jour;Autre;Intersection en X;Route departementale;Collision frontale;Scooter > 125 cm3;TourNon renseignee nt A'auche;VL seul;34;Masculin;Blessee Leger;Non renseignee ;2;2;0;1;1;0;Adulte jeune (25-34);Sans pieton ;Avec moto;1 VL;Sans poids lourd;Adulte jeune (25-34);2 usagers
Leger;30/05/2015;15:10;Gennevilliers;Plein jour;Autre;Hors intersection;Route departementale;Sans collision;Scooter > 50 cm3 et <= 125 cm3;Non renseignee ;Non renseignee ;57;Masculin;Blessee Leger;Non renseignee ;1;1;0;1;0;0;Senior actif (50-64);Sans pieton;Avec moto;Aucun VL;Sans poids lourd;Senior actif (50-64);1 usager
Leger;09/04/2015;08:40;Rueil-Malmaison;Plein jour;Autre;Hors intersection;Voie commuNon renseignee le;Collision par le cote;VL seul;Sans changement de direction;Scooter > 50 cm3 et <= 125 cm3;60;Feminin;Indemne;Non renseignee ;2;2;0;1;1;0;Senior actif (50-64);Sans pieton;Avec moto;1 VL;Sans poids lourd;Senior actif (50-64);2 usagers
Leger;12/06/2015;12:45;Rueil-Malmaison;Plein jour;Autre;Intersection en T;Route departementale;Collisions multiples;Motocyclette > 125 cm3;Sans changement de direction;VL seul;29;Masculin;Blessee Leger;Non renseignee ;3;3;0;1;2;0;Adulte jeune (25-34);Sans pieton;Avec moto;2 VL;Sans poids lourd;Adulte jeune (25-34);3-5 usagers
Leger;09/11/2015;20:20;Ville d'Avray;Nuit avec eclairage public allumee;Autre;Intersection en X;Voie commuNon renseignee le;Collision par le cote;VL seul;Sans changement de direction;Scooter > 50 cm3 et <= 125 cm3;36;Masculin;Blessee Leger;Non renseignee ;2;2;0;1;1;0;Adulte (35-49);Sans pieton;Avec moto;1 VL;Sans poids lourd;Adulte (35-49);2 usagers
Leger;12/03/2015;18:30;Courbevoie;Plein jour;Autre;Hors intersection;Route departementale;Collision par le cote;VU seul 1,5T <= PTAC <= 3,5T;Changeant de file A'auche;Motocyclette > 125 cm3;49;Masculin;Blessee Leger;Non renseignee ;1;2;0;1;1;0;Adulte (35-49);Sans pieton;Avec moto;1 VL;Sans poids lourd;Adulte (35-49);1 usager
Leger;25/11/2015;20:27;Meudon;Nuit avec eclairage public allumee;Autre;Intersection en X;Route departementale;Sans collision;Scooter < 50 cm3;Sans changement de direction;Non renseignee ;31;Masculin;Blessee Leger;Non renseignee ;1;1;0;0;0;0;Adulte jeune (25-34);Sans pieton;Sans moto;Aucun VL;Sans poids lourd;Adulte jeune (25-34);1 usager
Leger;22/02/2015;17:20;Neuilly-sur-Seine;Plein jour;Autre;Intersection en X;Voie commuNon renseignee le;Collision par le cote;Scooter < 50 cm3;Non renseignee ;VL seul;15;Masculin;Blessee Leger;Non renseignee ;2;2;0;0;1;0;Mineur (-18 ans);Sans pieton;Sans moto;1 VL;Sans poids lourd;Mineur (-18 ans);2 usagers
Leger;15/10/2015;14:45;Non renseignee nterre;Plein jour;Autre;Hors intersection;Voie commuNon renseignee le;Collision par l'arriere;VL seul;TourNon renseignee nt A'auche;Scooter < 50 cm3;68;Feminin;Indemne;Non renseignee ;2;2;0;0;1;0;Senior (65+);Sans pieton ;Sans moto;1 VL;Sans poids lourd;Senior (65+);2 usagers
Leger;16/04/2015;12:45;Sevres;Plein jour;Autre;Intersection en T;Route departementale;Collision par le cote;Scooter < 50 cm3;Non renseignee ;VL seul;62;Masculin;Blessee Leger;Non renseignee ;2;2;0;0;1;0;Senior actif (50-64);Sans pieton;Sans moto;1 VL;Sans poids lourd;Senior actif (50-64);2 usagers
Leger;13/02/2015;20:00;Malakoff;Nuit avec eclairage public allumee;Pluie legere;Hors intersection;Route departementale;Collision par le cote;VL seul;S inserant;Scooter < 50 cm3;55;Feminin;Indemne;Non renseignee ;2;2;0;0;1;0;Senior actif (50-64);Sans pieton;Sans moto;1 VL;Sans poids lourd;Senior actif (50-64);2 usagers
Leger;05/12/2016;13:00;Colombes;Plein jour;Autre;Intersection en X;Route departementale;Autre collision;VL seul;Sans changement de direction;Non renseignee ;21;Masculin;Indemne;Non renseignee ;2;1;1;0;1;0;Jeune adulte (18-24);Avec pieton;Sans moto;1 VL;Sans poids lourd;Jeune adulte (18-24);2 usagers
Grave;14/09/2007;23:40;Chatillon;Nuit avec eclairage public allumee;Autre;Intersection en X;Route departementale;Collision par le cote;Motocyclette > 125 cm3;Sans changement de direction;VL seul;26;Masculin;Blessee hospitalisee;Non renseignee ;1;2;0;1;1;0;Adulte jeune (25-34);Sans pieton;Avec moto;1 VL;Sans poids lourd;Adulte jeune (25-34);1 usager
Leger;29/02/2016;22:15;Issy-les-Moulineaux;Nuit avec eclairage public allumee;Autre;Intersection en X;Voie commuNon renseignee le;Autre collision;VL seul;Sans changement de direction;Non renseignee ;73;Masculin;Indemne;Non renseignee ;2;1;1;0;1;0;Senior (65+);Avec pieton;Sans moto;1 VL;Sans poids lourd;Senior (65+);2 usagers
Leger;01/04/2007;17:00;Vanves;Plein jour;Autre;Intersection en T;Route departementale;Autre collision;Bicyclette;Sans changement de direction;Non renseignee ;36;Masculin;Indemne;Non renseignee ;2;1;1;0;0;0;Adulte (35-49);Avec pieton;Sans moto;Aucun VL;Sans poids lourd;Adulte (35-49);2 usagers
Leger;13/12/2007;08:45;Gennevilliers;Plein jour;Autre;Hors intersection;Route departementale;Collision par le cote;VL seul;S inserant;Scooter > 50 cm3 et <= 125 cm3;25;Masculin;Indemne;Non renseignee ;2;2;0;1;1;0;Adulte jeune (25-34);Sans pieton;Avec moto;1 VL;Sans poids lourd;Adulte jeune (25-34);2 usagers
Leger;09/06/2016;18:25;Gennevilliers;Plein jour;Autre;Hors intersection;Autoroute;Collision par l'arriere;VL seul;Meme sens, Meme file;VL seul;34;Masculin;Indemne;Non renseignee ;2;2;0;0;2;0;Adulte jeune (25-34);Sans pieton;Sans moto;2 VL;Sans poids lourd;Adulte jeune (25-34);2 usagers
Leger;22/10/2007;10:00;Montrouge;Plein jour;Autre;Hors intersection;Non renseignee ;Collision par le cote;Scooter > 50 cm3 et <= 125 cm3;Sans changement de direction;Engin special;29;Masculin;Blessee Leger;Non renseignee ;2;2;0;1;0;1;Adulte jeune (25-34);Sans pieton;Avec moto;Aucun VL;Avec poids lourd;Adulte jeune (25-34);2 usagers
Leger;07/07/2016;17:45;Marnes-la-Coquette;Plein jour;Autre;Hors intersection;Autoroute;Collision par l'arriere;VL seul;Meme sens, Meme file;VL seul;37;Masculin;Indemne;Non renseignee ;6;2;0;0;2;0;Adulte (35-49);Sans pieton;Sans moto;2 VL;Sans poids lourd;Adulte (35-49);Plus de 5 usagers
Grave;17/10/2007;07:10;Chatillon;Nuit avec eclairage public allumee;Pluie legere;Intersection en Y;Route departementale;Autre collision;VL seul;Sans changement de direction;Non renseignee ;56;Feminin;Indemne;Non renseignee ;2;1;1;0;1;0;Senior actif (50-64);Avec pieton;Sans moto;1 VL;Sans poids lourd;Senior actif (50-64);2 usagers
Grave;11/09/2007;08:20;Montrouge;Plein jour;Autre;Intersection en T;Route departementale;Sans collision;Scooter > 50 cm3 et <= 125 cm3;Se deportant A$roite;Non renseignee ;56;Masculin;Blessee hospitalisee;Non renseignee ;1;1;0;1;0;0;Senior actif (50-64);Sans pieton ;Avec moto;Aucun VL;Sans poids lourd;Senior actif (50-64);1 usager
Leger;20/05/2016;09:55;Antony;Plein jour;Pluie legere;Hors intersection;Autoroute;Collisions en chaine;VU seul 1,5T <= PTAC <= 3,5T;Meme sens, Meme file;VL seul;57;Masculin;Indemne;Non renseignee ;3;3;0;0;3;0;Senior actif (50-64);Sans pieton;Sans moto;3 VL ou plus;Sans poids lourd;Senior actif (50-64);3-5 usagers
Leger;29/10/2016;16:54;Antony;Plein jour;Autre;Hors intersection;Autoroute;Collisions en chaine;VL seul;Meme sens, Meme file;VL seul;40;Masculin;Indemne;Non renseignee ;6;5;0;0;5;0;Adulte (35-49);Sans pieton;Sans moto;3 VL ou plus;Sans poids lourd;Adulte (35-49);Plus de 5 usagers
Leger;16/01/2007;13:10;Antony;Plein jour;Autre;Intersection en X;Route departementale;Collisions en chaine;Scooter < 50 cm3;Entre 2 files;VL seul;35;Feminin;Blessee Leger;Non renseignee ;3;3;0;0;2;0;Adulte (35-49);Sans pieton;Sans moto;2 VL;Sans poids lourd;Adulte (35-49);3-5 usagers
Leger;22/10/2016;11:30;Bagneux;Plein jour;Autre;Hors intersection;Route departementale;Collision par le cote;VL seul;Sans changement de direction;VL seul;48;Feminin;Indemne;Non renseignee ;2;2;0;0;2;0;Adulte (35-49);Sans pieton;Sans moto;2 VL;Sans poids lourd;Adulte (35-49);2 usagers
Leger;20/03/2016;18:40;Colombes;Nuit avec eclairage public allumee;Autre;Intersection en X;Route departementale;Collision par le cote;VL seul;Sans changement de direction;VL seul;41;Masculin;Indemne;Non renseignee ;3;2;0;0;2;0;Adulte (35-49);Sans pieton;Sans moto;2 VL;Sans poids lourd;Adulte (35-49);3-5 usagers
Grave;07/12/2007;06:30;Gennevilliers;Nuit avec eclairage public allumee;Pluie legere;Hors intersection;Route departementale;Collision par le cote;VL seul;Non renseignee ;VL seul;45;Masculin;Blessee Leger;Non renseignee ;2;2;0;0;2;0;Adulte (35-49);Sans pieton;Sans moto;2 VL;Sans poids lourd;Adulte (35-49);2 usagers
Leger;03/04/2016;00:25;Issy-les-Moulineaux;Nuit avec eclairage public allumee;Autre;Intersection en X;Route departementale;Collision par le cote;VL seul;Sans changement de direction;VL seul;30;Masculin;Indemne;Non renseignee ;4;2;0;0;2;0;Adulte jeune (25-34);Sans pieton;Sans moto;2 VL;Sans poids lourd;Adulte jeune (25-34);3-5 usagers
Leger;02/03/2016;10:00;Non renseignee nterre;Plein jour;Autre;Intersection en X;Route departementale;Collision par l'arriere;VL seul;Sans changement de direction;VL seul;52;Feminin;Blessee Leger;Non renseignee ;2;2;0;0;2;0;Senior actif (50-64);Sans pieton;Sans moto;2 VL;Sans poids lourd;Senior actif (50-64);2 usagers
Leger;04/04/2016;15:45;Neuilly-sur-Seine;Plein jour;Autre;Hors intersection;Route departementale;Collisions en chaine;VU seul 1,5T <= PTAC <= 3,5T;Sans changement de direction;VL seul;29;Masculin;Indemne;Non renseignee ;4;3;0;0;3;0;Adulte jeune (25-34);Sans pieton;Sans moto;3 VL ou plus;Sans poids lourd;Adulte jeune (25-34);3-5 usagers
Leger;18/05/2016;15:30;Rueil-Malmaison;Plein jour;Autre;Intersection en X;Route departementale;Collision par le cote;PL seul > 7,5T;TourNon renseignee nt A$roite;VL seul;51;Masculin;Indemne;Non renseignee ;3;2;0;0;1;1;Senior actif (50-64);Sans pieton ;Sans moto;1 VL;Avec poids lourd;Senior actif (50-64);3-5 usagers
Leger;22/11/2016;19:55;Saint-Cloud;Nuit avec eclairage public allumee;Temps couvert;Hors intersection;Route departementale;Collisions en chaine;VL seul;Meme sens, Meme file;VL seul;26;Masculin;Indemne;Non renseignee ;3;3;0;0;3;0;Adulte jeune (25-34);Sans pieton;Sans moto;3 VL ou plus;Sans poids lourd;Adulte jeune (25-34);3-5 usagers
Leger;03/10/2020;23:31;Clichy;Nuit avec eclairage public allumee;Temps couvert;Hors intersection;Route departementale;Non renseignee ;Scooter > 50 cm3 et <= 125 cm3;Sans changement de direction;Non renseignee ;21;Masculin;Blessee Leger;Non renseignee ;2;2;0;1;1;0;Jeune adulte (18-24);Sans pieton;Avec moto;1 VL;Sans poids lourd;Jeune adulte (18-24);2 usagers
Leger;25/08/2021;15:15;La Garenne-Colombes;Plein jour;Normale;Intersection en X;Voie commuNon renseignee le;Non renseignee ;Non renseignee ;TourNon renseignee nt A'auche;Non renseignee ;27;Masculin;Blessee Leger;Non renseignee ;3;2;0;0;2;0;Adulte jeune (25-34);Sans pieton ;Sans moto;2 VL;Sans poids lourd;Adulte jeune (25-34);3-5 usagers
Mortel;03/11/2021;18:40;Clichy;Nuit avec eclairage public allumee;Temps couvert;Intersection en X;Route departementale;Non renseignee ;Non renseignee ;Sans changement de direction;VU seul 1,5T <= PTAC <= 3,5T;74;Masculin;Tue;Non renseignee ;2;2;0;0;2;0;Senior (65+);Sans pieton;Sans moto;2 VL;Sans poids lourd;Senior (65+);2 usagers
Leger;03/03/2020;11:35;Clichy;Plein jour;Normale;Intersection en X;Route departementale;Non renseignee ;VU seul 1,5T <= PTAC <= 3,5T;TourNon renseignee nt A'auche;Non renseignee ;33;Feminin;Blessee Leger;Non renseignee ;2;2;0;0;1;0;Adulte jeune (25-34);Sans pieton ;Sans moto;1 VL;Sans poids lourd;Adulte jeune (25-34);2 usagers
Leger;07/09/2020;07:40;Clichy;Plein jour;Normale;Hors intersection;Route departementale;Non renseignee ;Non renseignee ;Traversant la  chaussee;Scooter > 125 cm3;29;Masculin;Blessee Leger;Non renseignee ;2;2;0;1;0;0;Adulte jeune (25-34);Sans pieton;Avec moto;Aucun VL;Sans poids lourd;Adulte jeune (25-34);2 usagers
Grave;10/05/2019;19:35;Courbevoie;Crepuscule ou aube;Pluie legere;Intersection en T;Route departementale;Non renseignee ;Scooter > 125 cm3;Sans changement de direction;Non renseignee ;48;Masculin;Indemne;Non renseignee ;3;2;0;1;1;0;Adulte (35-49);Sans pieton;Avec moto;1 VL;Sans poids lourd;Adulte (35-49);3-5 usagers
Leger;30/09/2019;02:55;Non renseignee nterre;Nuit avec eclairage public allumee;Normale;Hors intersection;Autoroute;Non renseignee ;VU seul 1,5T <= PTAC <= 3,5T;S inserant;Non renseignee ;48;Masculin;Blessee Leger;Non renseignee ;1;1;0;0;1;0;Adulte (35-49);Sans pieton;Sans moto;1 VL;Sans poids lourd;Adulte (35-49);1 usager
Leger;30/01/2019;02:20;Asnieres-sur-Seine;Nuit avec eclairage public allumee;Neige - grele;Intersection en X;Route departementale;Non renseignee ;Non renseignee ;Meme sens, Meme file;Non renseignee ;29;Masculin;Indemne;Non renseignee ;3;2;0;0;2;0;Adulte jeune (25-34);Sans pieton;Sans moto;2 VL;Sans poids lourd;Adulte jeune (25-34);3-5 usagers