type_acci;date;heure;commune;luminosite_accident;cond_atmos;Intersection;categorie_route;type_collision;type_vehicule_1;manoeuvre_vehicule_1;type_vehicule_2;age_usager;sexe_usager;gravite_usager;etat_usager;nombre_usagers;nb_veh;nombre_pietons;nombre_motos;nombre_vl;nombre_pl;age_usa1_categ;accident_pieton;accident_moto;categorie_vl;accident_pl;categorie_age;categorie_usagers
Grave;26/06/2021;13:18;Courbevoie;Plein jour;Normale;Hors intersection;Route departementale;Non renseignee ;EDP sans moteur;Circulant sur trottoir;Non renseignee ;48;Feminin;Blessee hospitalisee;Non renseignee ;2;1;1;0;0;0;Adulte (35-49);Avec pieton;Sans moto;Aucun VL;Sans poids lourd;Adulte (35-49);2 usagers
Leger;26/08/2019;17:00;Non renseignee nterre;Plein jour;Normale;Intersection en X;Route departementale;Non renseignee ;PL seul > 7,5T;Changeant de file A$roite;Non renseignee ;33;Masculin;Indemne;Non renseignee ;2;2;0;0;1;1;Adulte jeune (25-34);Sans pieton;Sans moto;1 VL;Avec poids lourd;Adulte jeune (25-34);2 usagers
Leger;09/07/2021;19:08;Clichy;Plein jour;Normale;Hors intersection;Route departementale;Non renseignee ;Scooter < 50 cm3;Meme sens, Meme file;Scooter < 50 cm3;50;Masculin;Blessee Leger;Non renseignee ;2;2;0;0;0;0;Senior actif (50-64);Sans pieton;Sans moto;Aucun VL;Sans poids lourd;Senior actif (50-64);2 usagers
Leger;17/09/2019;10:20;Non renseignee nterre;Plein jour;Normale;Hors intersection;Route departementale;Non renseignee ;Motocyclette > 125 cm3;Sans changement de direction;Non renseignee ;38;Feminin;Blessee Leger;Non renseignee ;2;2;0;1;1;0;Adulte (35-49);Sans pieton;Avec moto;1 VL;Sans poids lourd;Adulte (35-49);2 usagers
Leger;16/04/2019;08:10;Asnieres-sur-Seine;Plein jour;Normale;Hors intersection;Route departementale;Non renseignee ;Non renseignee ;Sans changement de direction;Non renseignee ;57;Masculin;Blessee Leger;Non renseignee ;2;1;1;0;1;0;Senior actif (50-64);Avec pieton;Sans moto;1 VL;Sans poids lourd;Senior actif (50-64);2 usagers
Leger;21/02/2021;14:00;Clichy;Plein jour;Normale;Hors intersection;Voie commuNon renseignee le;Non renseignee ;Scooter < 50 cm3;A contresens;Non renseignee ;29;Masculin;Blessee Leger;Non renseignee ;2;2;0;0;1;0;Adulte jeune (25-34);Sans pieton;Sans moto;1 VL;Sans poids lourd;Adulte jeune (25-34);2 usagers
Leger;04/03/2021;08:36;Clichy;Plein jour;Temps couvert;Hors intersection;Route departementale;Non renseignee ;Motocyclette > 125 cm3;Sans changement de direction;Motocyclette > 125 cm3;60;Masculin;Blessee Leger;Non renseignee ;2;2;0;2;0;0;Senior actif (50-64);Sans pieton;Avec moto;Aucun VL;Sans poids lourd;Senior actif (50-64);2 usagers
Leger;09/07/2020;08:45;Non renseignee nterre;Plein jour;Normale;Autre intersection;Autoroute;Non renseignee ;Non renseignee ;Changeant de file A$roite;Non renseignee ;29;Masculin;Blessee Leger;Non renseignee ;2;2;0;0;2;0;Adulte jeune (25-34);Sans pieton;Sans moto;2 VL;Sans poids lourd;Adulte jeune (25-34);2 usagers
Leger;12/10/2015;12:00;Neuilly-sur-Seine;Plein jour;Autre;Hors intersection;Voie commuNon renseignee le;Collision par le cote;VL seul;Non renseignee ;Bicyclette;83;Masculin;Indemne;Non renseignee ;2;2;0;0;1;0;Senior (65+);Sans pieton;Sans moto;1 VL;Sans poids lourd;Senior (65+);2 usagers
Leger;19/06/2015;11:15;Puteaux;Plein jour;Autre;Hors intersection;Voie commuNon renseignee le;Collision par le cote;VL seul;Ouverture de porte;Bicyclette;54;Masculin;Indemne;Non renseignee ;2;2;0;0;1;0;Senior actif (50-64);Sans pieton;Sans moto;1 VL;Sans poids lourd;Senior actif (50-64);2 usagers
Leger;06/05/2015;17:00;Clichy;Plein jour;Autre;Hors intersection;Voie commuNon renseignee le;Autre collision;PL seul > 7,5T;Sans changement de direction;Non renseignee ;49;Masculin;Indemne;Non renseignee ;2;1;1;0;0;1;Adulte (35-49);Avec pieton;Sans moto;Aucun VL;Avec poids lourd;Adulte (35-49);2 usagers
Leger;10/01/2015;18:20;La Garenne-Colombes;Nuit avec eclairage public allumee;Pluie legere;Intersection en T;Voie commuNon renseignee le;Autre collision;VL seul;Sans changement de direction;Non renseignee ;51;Feminin;Indemne;Non renseignee ;2;1;1;0;1;0;Senior actif (50-64);Avec pieton;Sans moto;1 VL;Sans poids lourd;Senior actif (50-64);2 usagers
Leger;20/03/2015;13:30;Issy-les-Moulineaux;Plein jour;Autre;Hors intersection;Voie commuNon renseignee le;Autre collision;VL seul;Sans changement de direction;Non renseignee ;69;Masculin;Indemne;Non renseignee ;2;1;1;0;1;0;Senior (65+);Avec pieton;Sans moto;1 VL;Sans poids lourd;Senior (65+);2 usagers
Leger;16/01/2015;20:00;Chatillon;Nuit avec eclairage public allumee;Pluie forte;Intersection en X;Route departementale;Autre collision;VL seul;TourNon renseignee nt A$roite;Non renseignee ;53;Feminin;Blessee Leger;Non renseignee ;1;1;1;0;1;0;Senior actif (50-64);Avec pieton;Sans moto;1 VL;Sans poids lourd;Senior actif (50-64);1 usager
Leger;10/12/2015;19:35;Levallois-Perret;Nuit avec eclairage public allumee;Autre;Intersection en X;Route departementale;Autre collision;VL seul;TourNon renseignee nt A'auche;Non renseignee ;21;Masculin;Indemne;Non renseignee ;2;1;1;0;1;0;Jeune adulte (18-24);Avec pieton;Sans moto;1 VL;Sans poids lourd;Jeune adulte (18-24);2 usagers
Leger;15/10/2015;16:10;Meudon;Plein jour;Autre;Hors intersection;Voie commuNon renseignee le;Autre collision;VL seul;Sans changement de direction;Non renseignee ;44;Masculin;Indemne;Non renseignee ;2;1;1;0;1;0;Adulte (35-49);Avec pieton;Sans moto;1 VL;Sans poids lourd;Adulte (35-49);2 usagers
Leger;02/04/2015;16:20;Non renseignee nterre;Plein jour;Pluie legere;Hors intersection;Voie commuNon renseignee le;Autre collision;VL seul;Sans changement de direction;Non renseignee ;56;Feminin;Indemne;Non renseignee ;2;1;1;0;1;0;Senior actif (50-64);Avec pieton;Sans moto;1 VL;Sans poids lourd;Senior actif (50-64);2 usagers
Leger;05/01/2015;08:00;Rueil-Malmaison;Nuit avec eclairage public allumee;Autre;Intersection en T;Route departementale;Autre collision;VU seul 1,5T <= PTAC <= 3,5T;TourNon renseignee nt A'auche;Non renseignee ;57;Masculin;Indemne;Non renseignee ;2;1;1;0;1;0;Senior actif (50-64);Avec pieton;Sans moto;1 VL;Sans poids lourd;Senior actif (50-64);2 usagers
Leger;14/04/2015;08:46;Rueil-Malmaison;Plein jour;Autre;Hors intersection;Voie commuNon renseignee le;Autre collision;VL seul;Sans changement de direction;Non renseignee ;29;Feminin;Indemne;Non renseignee ;2;1;1;0;1;0;Adulte jeune (25-34);Avec pieton;Sans moto;1 VL;Sans poids lourd;Adulte jeune (25-34);2 usagers
Leger;21/09/2015;10:20;Rueil-Malmaison;Plein jour;Autre;Intersection en X;Route departementale;Autre collision;VU seul 1,5T <= PTAC <= 3,5T;Sans changement de direction;Non renseignee ;36;Masculin;Indemne;Non renseignee ;2;1;1;0;1;0;Adulte (35-49);Avec pieton;Sans moto;1 VL;Sans poids lourd;Adulte (35-49);2 usagers
Leger;02/10/2015;15:30;Rueil-Malmaison;Plein jour;Autre;Hors intersection;Voie commuNon renseignee le;Autre collision;VU seul 1,5T <= PTAC <= 3,5T;Sans changement de direction;Non renseignee ;46;Feminin;Indemne;Non renseignee ;2;1;1;0;1;0;Adulte (35-49);Avec pieton;Sans moto;1 VL;Sans poids lourd;Adulte (35-49);2 usagers
Leger;17/12/2015;10:00;Rueil-Malmaison;Plein jour;Autre;Intersection en X;Voie commuNon renseignee le;Autre collision;VL seul;TourNon renseignee nt A'auche;Non renseignee ;34;Feminin;Indemne;Non renseignee ;2;1;1;0;1;0;Adulte jeune (25-34);Avec pieton;Sans moto;1 VL;Sans poids lourd;Adulte jeune (25-34);2 usagers
Leger;27/06/2015;12:40;Saint-Cloud;Plein jour;Autre;Intersection en X;Route departementale;Autre collision;VL seul;Sans changement de direction;Non renseignee ;92;Masculin;Indemne;Non renseignee ;2;1;1;0;1;0;Senior (65+);Avec pieton;Sans moto;1 VL;Sans poids lourd;Senior (65+);2 usagers
Leger;06/10/2015;18:20;Saint-Cloud;Plein jour;Autre;Giratoire;Route departementale;Autre collision;VL seul;TourNon renseignee nt A$roite;Non renseignee ;43;Masculin;Indemne;Non renseignee ;2;1;1;0;1;0;Adulte (35-49);Avec pieton;Sans moto;1 VL;Sans poids lourd;Adulte (35-49);2 usagers
Leger;03/04/2015;10:00;Clichy;Plein jour;Autre;Intersection en X;Voie commuNon renseignee le;Autre collision;Scooter < 50 cm3;Sans changement de direction;Non renseignee ;25;Masculin;Indemne;Non renseignee ;2;1;1;0;0;0;Adulte jeune (25-34);Avec pieton;Sans moto;Aucun VL;Sans poids lourd;Adulte jeune (25-34);2 usagers
Leger;12/05/2015;16:00;Ville d'Avray;Plein jour;Autre;Intersection en X;Route departementale;Autre collision;VL seul;Sans changement de direction;Non renseignee ;67;Masculin;Indemne;Non renseignee ;2;1;1;0;1;0;Senior (65+);Avec pieton;Sans moto;1 VL;Sans poids lourd;Senior (65+);2 usagers
Leger;04/03/2015;13:35;Malakoff;Plein jour;Autre;Hors intersection;Voie commuNon renseignee le;Autre collision;VU seul 1,5T <= PTAC <= 3,5T;TourNon renseignee nt A'auche;Non renseignee ;46;Masculin;Indemne;Non renseignee ;2;1;1;0;1;0;Adulte (35-49);Avec pieton;Sans moto;1 VL;Sans poids lourd;Adulte (35-49);2 usagers
Leger;07/06/2015;16:55;Malakoff;Plein jour;Autre;Intersection en X;Route departementale;Autre collision;Motocyclette > 125 cm3;Sans changement de direction;Non renseignee ;30;Masculin;Indemne;Non renseignee ;2;1;1;1;0;0;Adulte jeune (25-34);Avec pieton;Avec moto;Aucun VL;Sans poids lourd;Adulte jeune (25-34);2 usagers
Leger;10/12/2015;19:05;Malakoff;Nuit avec eclairage public allumee;Autre;Intersection en Y;Route departementale;Autre collision;VL seul;Meme sens, Meme file;VL seul;37;Masculin;Indemne;Non renseignee ;3;2;1;0;2;0;Adulte (35-49);Avec pieton;Sans moto;2 VL;Sans poids lourd;Adulte (35-49);3-5 usagers
Leger;18/04/2015;12:28;Gennevilliers;Plein jour;Autre;Hors intersection;Autoroute;Collision par l'arriere;VU seul 1,5T <= PTAC <= 3,5T;Se deportant A$roite;VL seul;55;Masculin;Blessee Leger;Non renseignee ;2;2;0;0;2;0;Senior actif (50-64);Sans pieton ;Sans moto;2 VL;Sans poids lourd;Senior actif (50-64);2 usagers
Leger;25/04/2015;09:00;Gennevilliers;Plein jour;Pluie legere;Hors intersection;Autoroute;Sans collision;VL seul;Non renseignee ;Non renseignee ;62;Masculin;Blessee Leger;Non renseignee ;1;1;0;0;1;0;Senior actif (50-64);Sans pieton;Sans moto;1 VL;Sans poids lourd;Senior actif (50-64);1 usager
Leger;01/12/2015;16:35;Gennevilliers;Plein jour;Autre;Hors intersection;Autoroute;Collision par l'arriere;VL seul;Meme sens, Meme file;VL seul;46;Masculin;Indemne;Non renseignee ;2;2;0;0;2;0;Adulte (35-49);Sans pieton;Sans moto;2 VL;Sans poids lourd;Adulte (35-49);2 usagers
Leger;09/06/2015;08:51;Non renseignee nterre;Plein jour;Autre;Hors intersection;Autoroute;Collision par l'arriere;VL seul;Meme sens, Meme file;VL seul;45;Masculin;Blessee Leger;Non renseignee ;2;2;0;0;2;0;Adulte (35-49);Sans pieton;Sans moto;2 VL;Sans poids lourd;Adulte (35-49);2 usagers
Leger;02/05/2015;19:30;Antony;Plein jour;Pluie legere;Hors intersection;Autoroute;Collisions en chaine;VL seul;Meme sens, Meme file;VL seul;33;Masculin;Blessee Leger;Non renseignee ;3;3;0;0;3;0;Adulte jeune (25-34);Sans pieton;Sans moto;3 VL ou plus;Sans poids lourd;Adulte jeune (25-34);3-5 usagers
Leger;27/05/2015;08:20;Antony;Plein jour;Autre;Hors intersection;Autoroute;Collision par le cote;VL seul;Changeant de file A'auche;VL seul;24;Masculin;Blessee Leger;Non renseignee ;2;2;0;0;2;0;Jeune adulte (18-24);Sans pieton;Sans moto;2 VL;Sans poids lourd;Jeune adulte (18-24);2 usagers
Leger;31/03/2015;09:20;Antony;Plein jour;Autre;Intersection en Y;Route departementale;Collision par l'arriere;VL seul;Meme sens, Meme file;VL seul;50;Masculin;Indemne;Non renseignee ;2;2;0;0;2;0;Senior actif (50-64);Sans pieton;Sans moto;2 VL;Sans poids lourd;Senior actif (50-64);2 usagers
Leger;05/11/2015;08:45;Gennevilliers;Plein jour;Autre;Intersection en Y;Voie commuNon renseignee le;Collision par l'arriere;VL seul;TourNon renseignee nt A$roite;VL seul;51;Masculin;Indemne;Non renseignee ;2;2;0;0;2;0;Senior actif (50-64);Sans pieton ;Sans moto;2 VL;Sans poids lourd;Senior actif (50-64);2 usagers
Leger;27/11/2015;10:30;Boulogne-Billancourt;Plein jour;Autre;Intersection en T;Route departementale;Collision par l'arriere;VL seul;Sans changement de direction;VL seul;26;Masculin;Indemne;Non renseignee ;2;2;0;0;2;0;Adulte jeune (25-34);Sans pieton;Sans moto;2 VL;Sans poids lourd;Adulte jeune (25-34);2 usagers
Leger;09/12/2015;13:25;ChateNon renseignee y-Malabry;Plein jour;Autre;Giratoire;Route departementale;Collision par l'arriere;VL seul;Non renseignee ;VL seul;43;Masculin;Indemne;Non renseignee ;2;2;0;0;2;0;Adulte (35-49);Sans pieton;Sans moto;2 VL;Sans poids lourd;Adulte (35-49);2 usagers
Leger;05/11/2015;15:00;Le Plessis-Robinson;Plein jour;Autre;Intersection en X;Route departementale;Collision par le cote;VL seul;TourNon renseignee nt A'auche;VU seul 1,5T <= PTAC <= 3,5T;33;Masculin;Indemne;Non renseignee ;4;2;0;0;2;0;Adulte jeune (25-34);Sans pieton ;Sans moto;2 VL;Sans poids lourd;Adulte jeune (25-34);3-5 usagers
Leger;11/01/2015;00:35;Colombes;Nuit avec eclairage public allumee;Autre;Intersection en X;Voie commuNon renseignee le;Collision par le cote;VL seul;Sans changement de direction;VL seul;42;Masculin;Indemne;Non renseignee ;3;2;0;0;2;0;Adulte (35-49);Sans pieton;Sans moto;2 VL;Sans poids lourd;Adulte (35-49);3-5 usagers
Leger;21/02/2015;19:20;Colombes;Nuit avec eclairage public allumee;Autre;Intersection en X;Route departementale;Collision par le cote;VL seul;Sans changement de direction;VL seul;43;Masculin;Indemne;Non renseignee ;2;2;0;0;2;0;Adulte (35-49);Sans pieton;Sans moto;2 VL;Sans poids lourd;Adulte (35-49);2 usagers
Leger;12/03/2015;16:05;Clichy;Plein jour;Autre;Intersection en X;Route departementale;Collision par le cote;PL seul > 7,5T;Changeant de file A$roite;VL seul;30;Masculin;Indemne;Non renseignee ;3;2;0;0;1;1;Adulte jeune (25-34);Sans pieton;Sans moto;1 VL;Avec poids lourd;Adulte jeune (25-34);3-5 usagers
Leger;01/11/2015;21:15;La Garenne-Colombes;Nuit avec eclairage public allumee;Autre;Intersection à plus de 4 branches;Route departementale;Collision par le cote;VL seul;Sans changement de direction;VL seul;24;Masculin;Indemne;Non renseignee ;2;2;0;0;2;0;Jeune adulte (18-24);Sans pieton;Sans moto;2 VL;Sans poids lourd;Jeune adulte (18-24);2 usagers
Leger;11/12/2015;15:00;La Garenne-Colombes;Plein jour;Autre;Giratoire;Route departementale;Collision par l'arriere;VL seul;Meme sens, Meme file;VL seul;48;Masculin;Indemne;Non renseignee ;2;2;0;0;2;0;Adulte (35-49);Sans pieton;Sans moto;2 VL;Sans poids lourd;Adulte (35-49);2 usagers
Leger;16/12/2015;12:06;Issy-les-Moulineaux;Plein jour;Temps couvert;Hors intersection;Route departementale;Collision par l'arriere;VL seul;Meme sens, Meme file;PL seul 3,5T <PTCA <= 7,5T;52;Feminin;Indemne;Non renseignee ;4;2;0;0;1;1;Senior actif (50-64);Sans pieton;Sans moto;1 VL;Avec poids lourd;Senior actif (50-64);3-5 usagers
Leger;13/09/2015;00:50;Neuilly-sur-Seine;Nuit avec eclairage public allumee;Autre;Intersection en T;Voie commuNon renseignee le;Collision par le cote;VL seul;Sans changement de direction;VL seul;21;Masculin;Indemne;Non renseignee ;2;2;0;0;2;0;Jeune adulte (18-24);Sans pieton;Sans moto;2 VL;Sans poids lourd;Jeune adulte (18-24);2 usagers
Leger;22/09/2015;16:40;Puteaux;Plein jour;Autre;Hors intersection;Route departementale;Collision par l'arriere;VL seul;Meme sens, Meme file;VL seul;40;Feminin;Blessee Leger;Non renseignee ;2;2;0;0;2;0;Adulte (35-49);Sans pieton;Sans moto;2 VL;Sans poids lourd;Adulte (35-49);2 usagers
Leger;21/02/2015;23:15;Rueil-Malmaison;Nuit avec eclairage public allumee;Autre;Hors intersection;Route departementale;Collision par le cote;VL seul;Non renseignee ;VL seul;37;Masculin;Indemne;Non renseignee ;3;2;0;0;2;0;Adulte (35-49);Sans pieton;Sans moto;2 VL;Sans poids lourd;Adulte (35-49);3-5 usagers
Leger;28/07/2015;21:55;Rueil-Malmaison;Nuit avec eclairage public allumee;Autre;Intersection en T;Route departementale;Sans collision;VL seul;Sans changement de direction;Non renseignee ;27;Feminin;Indemne;Non renseignee ;3;1;0;0;1;0;Adulte jeune (25-34);Sans pieton;Sans moto;1 VL;Sans poids lourd;Adulte jeune (25-34);3-5 usagers
Leger;29/10/2015;19:30;Marnes-la-Coquette;Nuit avec eclairage public allumee;Autre;Hors intersection;Route departementale;Collisions en chaine;VL seul;Meme sens, Meme file;VL seul;49;Masculin;Indemne;Non renseignee ;3;3;0;0;3;0;Adulte (35-49);Sans pieton;Sans moto;3 VL ou plus;Sans poids lourd;Adulte (35-49);3-5 usagers
Leger;04/11/2015;11:30;Sevres;Plein jour;Pluie legere;Hors intersection;Route departementale;Sans collision;VL seul;Se deportant A$roite;Non renseignee ;33;Masculin;Blessee Leger;Non renseignee ;1;1;0;0;1;0;Adulte jeune (25-34);Sans pieton ;Sans moto;1 VL;Sans poids lourd;Adulte jeune (25-34);1 usager
Leger;17/12/2015;00:10;Sevres;Nuit avec eclairage public allumee;Autre;Intersection en X;Route departementale;Collision par le cote;VL seul;Sans changement de direction;VL seul;29;Masculin;Indemne;Non renseignee ;5;2;0;0;2;0;Adulte jeune (25-34);Sans pieton;Sans moto;2 VL;Sans poids lourd;Adulte jeune (25-34);3-5 usagers
Leger;02/10/2015;21:20;Vanves;Nuit avec eclairage public allumee;Autre;Hors intersection;Route departementale;Sans collision;VL seul;Manoeuvre de stationnement;Non renseignee ;28;Feminin;Blessee Leger;Non renseignee ;1;1;0;0;1;0;Adulte jeune (25-34);Sans pieton;Sans moto;1 VL;Sans poids lourd;Adulte jeune (25-34);1 usager
Mortel;31/10/2016;20:50;Meudon;Nuit avec eclairage public allumee;Autre;Hors intersection;Voie commuNon renseignee le;Sans collision;Motocyclette > 125 cm3;Sans changement de direction;Non renseignee ;25;Masculin;Tue;Non renseignee ;1;1;0;1;0;0;Adulte jeune (25-34);Sans pieton;Avec moto;Aucun VL;Sans poids lourd;Adulte jeune (25-34);1 usager
Mortel;14/11/2016;09:20;Boulogne-Billancourt;Plein jour;Autre;Hors intersection;Route departementale;Autre collision;VL seul;Sans changement de direction;Non renseignee ;28;Masculin;Indemne;Non renseignee ;2;1;1;0;1;0;Adulte jeune (25-34);Avec pieton;Sans moto;1 VL;Sans poids lourd;Adulte jeune (25-34);2 usagers
Mortel;31/08/2016;10:50;Malakoff;Plein jour;Autre;Intersection en T;Route departementale;Autre collision;VL seul;Non renseignee ;Non renseignee ;26;Masculin;Indemne;Non renseignee ;2;1;1;0;1;0;Adulte jeune (25-34);Avec pieton;Sans moto;1 VL;Sans poids lourd;Adulte jeune (25-34);2 usagers
Leger;03/12/2020;20:15;Bois-Colombes;Nuit avec eclairage public allumee;Pluie legere;Autre intersection;Voie commuNon renseignee le;Non renseignee ;Non renseignee ;A contresens;Non renseignee ;39;Feminin;Blessee Leger;Non renseignee ;2;1;1;0;1;0;Adulte (35-49);Avec pieton;Sans moto;1 VL;Sans poids lourd;Adulte (35-49);2 usagers
Leger;28/10/2019;07:30;Non renseignee nterre;Crepuscule ou aube;Normale;Hors intersection;Autoroute;Non renseignee ;Non renseignee ;Changeant de file A$roite;Motocyclette > 125 cm3;55;Masculin;Indemne;Non renseignee ;2;2;0;1;1;0;Senior actif (50-64);Sans pieton;Avec moto;1 VL;Sans poids lourd;Senior actif (50-64);2 usagers
Leger;19/11/2020;18:15;Asnieres-sur-Seine;Plein jour;Pluie legere;Hors intersection;Route departementale;Non renseignee ;Non renseignee ;Meme sens, Meme file;Non renseignee ;21;Feminin;Blessee Leger;Non renseignee ;3;3;0;0;2;0;Jeune adulte (18-24);Sans pieton;Sans moto;2 VL;Sans poids lourd;Jeune adulte (18-24);3-5 usagers
Leger;21/07/2020;18:45;Non renseignee nterre;Plein jour;Normale;Hors intersection;Autoroute;Non renseignee ;Non renseignee ;Changeant de file A$roite;Motocyclette > 125 cm3;54;Masculin;Blessee Leger;Non renseignee ;2;2;0;1;1;0;Senior actif (50-64);Sans pieton;Avec moto;1 VL;Sans poids lourd;Senior actif (50-64);2 usagers
Leger;03/03/2019;15:15;Clichy;Plein jour;Normale;Intersection en T;Voie commuNon renseignee le;Non renseignee ;Scooter < 50 cm3;Sans changement de direction;Non renseignee ;35;Masculin;Blessee Leger;Non renseignee ;2;2;0;0;1;0;Adulte (35-49);Sans pieton;Sans moto;1 VL;Sans poids lourd;Adulte (35-49);2 usagers
Leger;20/05/2020;18:30;Asnieres-sur-Seine;Plein jour;Normale;Hors intersection;Voie commuNon renseignee le;Non renseignee ;Non renseignee ;Sans changement de direction;Non renseignee ;87;Feminin;Blessee Leger;Non renseignee ;2;1;1;0;0;0;Senior (65+);Avec pieton;Sans moto;Aucun VL;Sans poids lourd;Senior (65+);2 usagers
Grave;16/06/2007;21:15;Montrouge;Nuit avec eclairage public allumee;Autre;Hors intersection;Route departementale;Collision par l'arriere;Scooter > 125 cm3;Se deportant A$roite;VL seul;21;Masculin;Indemne;Non renseignee ;3;2;0;1;1;0;Jeune adulte (18-24);Sans pieton ;Avec moto;1 VL;Sans poids lourd;Jeune adulte (18-24);3-5 usagers
Leger;03/10/2007;14:40;Montrouge;Plein jour;Autre;Hors intersection;Route departementale;Collision par le cote;VL seul;TourNon renseignee nt A$roite;Scooter < 50 cm3;52;Masculin;Indemne;Non renseignee ;2;2;0;0;1;0;Senior actif (50-64);Sans pieton ;Sans moto;1 VL;Sans poids lourd;Senior actif (50-64);2 usagers
Leger;11/09/2021;16:50;Asnieres-sur-Seine;Plein jour;Normale;Hors intersection;Route departementale;Non renseignee ;Non renseignee ;Sans changement de direction;Non renseignee ;31;Feminin;Blessee Leger;Non renseignee ;2;2;0;0;1;0;Adulte jeune (25-34);Sans pieton;Sans moto;1 VL;Sans poids lourd;Adulte jeune (25-34);2 usagers
Leger;31/12/2007;20:00;Bagneux;Nuit avec eclairage public allumee;Autre;Intersection en X;Route departementale;Collisions multiples;VL seul;Sans changement de direction;VU seul 1,5T <= PTAC <= 3,5T;57;Masculin;Indemne;Non renseignee ;8;4;0;0;4;0;Senior actif (50-64);Sans pieton;Sans moto;3 VL ou plus;Sans poids lourd;Senior actif (50-64);Plus de 5 usagers
Leger;08/06/2019;19:50;Bois-Colombes;Plein jour;Normale;Hors intersection;Route departementale;Non renseignee ;Non renseignee ;Sans changement de direction;Non renseignee ;53;Feminin;Indemne;Non renseignee ;2;1;1;0;1;0;Senior actif (50-64);Avec pieton;Sans moto;1 VL;Sans poids lourd;Senior actif (50-64);2 usagers
Leger;18/04/2019;09:00;Asnieres-sur-Seine;Plein jour;Normale;Hors intersection;Route departementale;Non renseignee ;Scooter > 50 cm3 et <= 125 cm3;Sans changement de direction;Motocyclette > 50 cm3 et <= 125 cm3;43;Masculin;Indemne;Non renseignee ;2;2;0;2;0;0;Adulte (35-49);Sans pieton;Avec moto;Aucun VL;Sans poids lourd;Adulte (35-49);2 usagers
Grave;03/09/2007;19:00;Montrouge;Plein jour;Autre;Intersection en X;Route departementale;Sans collision;Scooter < 50 cm3;Sans changement de direction;Non renseignee ;21;Masculin;Blessee hospitalisee;Non renseignee ;1;1;0;0;0;0;Jeune adulte (18-24);Sans pieton;Sans moto;Aucun VL;Sans poids lourd;Jeune adulte (18-24);1 usager
Leger;03/04/2008;12:10;Antony;Plein jour;Autre;Hors intersection;Voie commuNon renseignee le;Autre collision;VU seul 1,5T <= PTAC <= 3,5T;Manoeuvre de stationnement;Non renseignee ;38;Masculin;Indemne;Non renseignee ;2;1;1;0;1;0;Adulte (35-49);Avec pieton;Sans moto;1 VL;Sans poids lourd;Adulte (35-49);2 usagers
Leger;18/05/2019;00:45;Colombes;Nuit avec eclairage public allumee;Normale;Hors intersection;Route departementale;Non renseignee ;Scooter < 50 cm3;Depassant A$roite;Non renseignee ;19;Masculin;Blessee Leger;Non renseignee ;2;2;0;0;1;0;Jeune adulte (18-24);Sans pieton;Sans moto;1 VL;Sans poids lourd;Jeune adulte (18-24);2 usagers
Leger;13/07/2020;13:50;Bois-Colombes;Crepuscule ou aube;Normale;Hors intersection;Voie commuNon renseignee le;Non renseignee ;Non renseignee ;Manoeuvre de stationnement;Non renseignee ;75;Feminin;Blessee Leger;Non renseignee ;2;1;1;0;1;0;Senior (65+);Avec pieton;Sans moto;1 VL;Sans poids lourd;Senior (65+);2 usagers
Leger;28/09/2021;15:00;Gennevilliers;Plein jour;Normale;Intersection en Y;Route departementale;Non renseignee ;Non renseignee ;Sedeportant A'auche;Scooter < 50 cm3;32;Masculin;Blessee Leger;Non renseignee ;2;2;0;0;1;0;Adulte jeune (25-34);Sans pieton ;Sans moto;1 VL;Sans poids lourd;Adulte jeune (25-34);2 usagers
Leger;18/02/2020;20:30;Asnieres-sur-Seine;Nuit avec eclairage public allumee;Normale;Hors intersection;Route departementale;Non renseignee ;Non renseignee ;TourNon renseignee nt A$roite;Scooter > 50 cm3 et <= 125 cm3;21;Masculin;Blessee Leger;Non renseignee ;2;2;0;1;1;0;Jeune adulte (18-24);Sans pieton ;Avec moto;1 VL;Sans poids lourd;Jeune adulte (18-24);2 usagers
Leger;07/02/2008;13:55;Boulogne-Billancourt;Plein jour;Autre;Hors intersection;Voie commuNon renseignee le;Autre collision;VL seul;En marche arriere;Non renseignee ;47;Masculin;Indemne;Non renseignee ;2;1;1;0;1;0;Adulte (35-49);Avec pieton;Sans moto;1 VL;Sans poids lourd;Adulte (35-49);2 usagers
Leger;15/02/2008;19:20;Boulogne-Billancourt;Nuit avec eclairage public allumee;Autre;Hors intersection;Route departementale;Collision par l'arriere;Scooter > 50 cm3 et <= 125 cm3;Meme sens, Meme file;VL seul;32;Masculin;Blessee Leger;Non renseignee ;2;2;0;1;1;0;Adulte jeune (25-34);Sans pieton;Avec moto;1 VL;Sans poids lourd;Adulte jeune (25-34);2 usagers
Leger;05/07/2021;06:00;Asnieres-sur-Seine;Plein jour;Pluie forte;Intersection en X;Route departementale;Non renseignee ;Scooter < 50 cm3;Sans changement de direction;Non renseignee ;38;Masculin;Blessee Leger;Non renseignee ;3;2;0;0;1;0;Adulte (35-49);Sans pieton;Sans moto;1 VL;Sans poids lourd;Adulte (35-49);3-5 usagers