type_acci;date;heure;commune;luminosite_accident;cond_atmos;Intersection;categorie_route;type_collision;type_vehicule_1;manoeuvre_vehicule_1;type_vehicule_2;age_usager;sexe_usager;gravite_usager;etat_usager;nombre_usagers;nb_veh;nombre_pietons;nombre_motos;nombre_vl;nombre_pl;age_usa1_categ;accident_pieton;accident_moto;categorie_vl;accident_pl;categorie_age;categorie_usagers
Leger;09/06/2011;10:35;Saint-Cloud;Plein jour;Autre;Intersection en X;Route departementale;Collision par le cote;VL seul;TourNon renseignee nt A'auche;Motocyclette > 125 cm3;55;Masculin;Blessee Leger;Non renseignee ;2;2;0;1;1;0;Senior actif (50-64);Sans pieton ;Avec moto;1 VL;Sans poids lourd;Senior actif (50-64);2 usagers
Leger;29/11/2011;13:30;La Garenne-Colombes;Plein jour;Autre;Hors intersection;Route departementale;Collision par le cote;VL seul;Sedeportant A'auche;Scooter > 50 cm3 et <= 125 cm3;36;Masculin;Indemne;Non renseignee ;2;2;0;1;1;0;Adulte (35-49);Sans pieton ;Avec moto;1 VL;Sans poids lourd;Adulte (35-49);2 usagers
Leger;22/02/2011;08:50;Antony;Nuit avec eclairage public allumee;Autre;Hors intersection;Autoroute;Collisions en chaine;VL seul;Sans changement de direction;VU seul 1,5T <= PTAC <= 3,5T;29;Masculin;Indemne;Non renseignee ;3;3;0;0;3;0;Adulte jeune (25-34);Sans pieton;Sans moto;3 VL ou plus;Sans poids lourd;Adulte jeune (25-34);3-5 usagers
Leger;16/08/2011;19:00;ChateNon renseignee y-Malabry;Plein jour;Autre;Giratoire;Voie commuNon renseignee le;Collision par le cote;VL seul;Sans changement de direction;VL seul;29;Feminin;Blessee Leger;Non renseignee ;3;2;0;0;2;0;Adulte jeune (25-34);Sans pieton;Sans moto;2 VL;Sans poids lourd;Adulte jeune (25-34);3-5 usagers
Mortel;04/08/2011;10:05;Antony;Plein jour;Autre;Hors intersection;Route departementale;Autre collision;VU seul 1,5T <= PTAC <= 3,5T;En marche arriere;Non renseignee ;33;Masculin;Indemne;Non renseignee ;2;1;1;0;1;0;Adulte jeune (25-34);Avec pieton;Sans moto;1 VL;Sans poids lourd;Adulte jeune (25-34);2 usagers
Mortel;30/05/2011;10:50;Clichy;Plein jour;Autre;Intersection en X;Route departementale;Autre collision;Tracteur routier + semi-remorque;TourNon renseignee nt A$roite;Non renseignee ;39;Masculin;Indemne;Non renseignee ;2;1;1;0;0;1;Adulte (35-49);Avec pieton;Sans moto;Aucun VL;Avec poids lourd;Adulte (35-49);2 usagers
Grave;08/10/2011;07:20;Bagneux;Crepuscule ou aube;Autre;Intersection en X;Route departementale;Autre collision;VU seul 1,5T <= PTAC <= 3,5T;TourNon renseignee nt A$roite;Non renseignee ;33;Masculin;Indemne;Non renseignee ;2;1;1;0;1;0;Adulte jeune (25-34);Avec pieton;Sans moto;1 VL;Sans poids lourd;Adulte jeune (25-34);2 usagers
Grave;23/09/2011;19:00;Neuilly-sur-Seine;Plein jour;Autre;Hors intersection;Voie commuNon renseignee le;Autre collision;VL seul;En marche arriere;Non renseignee ;17;Masculin;Blessee Leger;Non renseignee ;2;1;1;0;1;0;Mineur (-18 ans);Avec pieton;Sans moto;1 VL;Sans poids lourd;Mineur (-18 ans);2 usagers
Grave;08/09/2011;17:15;Sceaux;Plein jour;Autre;Hors intersection;Route departementale;Autre collision;VL seul;Sans changement de direction;Non renseignee ;37;Masculin;Indemne;Non renseignee ;2;1;1;0;1;0;Adulte (35-49);Avec pieton;Sans moto;1 VL;Sans poids lourd;Adulte (35-49);2 usagers
Leger;22/11/2011;12:25;Levallois-Perret;Plein jour;Autre;Hors intersection;Voie commuNon renseignee le;Autre collision;VU seul 1,5T <= PTAC <= 3,5T;En marche arriere;Non renseignee ;20;Masculin;Indemne;Non renseignee ;2;1;1;0;1;0;Jeune adulte (18-24);Avec pieton;Sans moto;1 VL;Sans poids lourd;Jeune adulte (18-24);2 usagers
Leger;21/11/2011;12:00;Courbevoie;Plein jour;Autre;Hors intersection;Voie commuNon renseignee le;Autre collision;VL seul;Meme sens, Meme file;Non renseignee ;91;Feminin;Indemne;Non renseignee ;2;1;1;0;1;0;Senior (65+);Avec pieton;Sans moto;1 VL;Sans poids lourd;Senior (65+);2 usagers
Leger;05/10/2011;20:35;Gennevilliers;Nuit avec eclairage public allumee;Autre;Intersection en T;Route departementale;Autre collision;Scooter > 125 cm3;Sans changement de direction;Non renseignee ;38;Masculin;Indemne;Non renseignee ;2;1;1;1;0;0;Adulte (35-49);Avec pieton;Avec moto;Aucun VL;Sans poids lourd;Adulte (35-49);2 usagers
Leger;19/02/2011;19:20;Antony;Nuit avec eclairage public allumee;Autre;Hors intersection;Voie commuNon renseignee le;Autre collision;VL seul;Sans changement de direction;Non renseignee ;22;Masculin;Indemne;Non renseignee ;2;1;1;0;1;0;Jeune adulte (18-24);Avec pieton;Sans moto;1 VL;Sans poids lourd;Jeune adulte (18-24);2 usagers
Leger;18/11/2011;12:55;Non renseignee nterre;Plein jour;Autre;Giratoire;Route departementale;Autre collision;VL seul;TourNon renseignee nt A$roite;Non renseignee ;39;Masculin;Indemne;Non renseignee ;2;1;1;0;1;0;Adulte (35-49);Avec pieton;Sans moto;1 VL;Sans poids lourd;Adulte (35-49);2 usagers
Leger;03/09/2011;20:05;Clichy;Plein jour;Autre;Intersection en X;Route departementale;Autre collision;VL seul;Sans changement de direction;Non renseignee ;31;Masculin;Indemne;Non renseignee ;2;1;1;0;1;0;Adulte jeune (25-34);Avec pieton;Sans moto;1 VL;Sans poids lourd;Adulte jeune (25-34);2 usagers
Leger;29/04/2011;11:05;Levallois-Perret;Plein jour;Autre;Intersection en X;Voie commuNon renseignee le;Autre collision;VL seul;Sans changement de direction;Non renseignee ;31;Feminin;Indemne;Non renseignee ;2;1;1;0;1;0;Adulte jeune (25-34);Avec pieton;Sans moto;1 VL;Sans poids lourd;Adulte jeune (25-34);2 usagers
Leger;16/12/2011;07:40;Meudon;Nuit avec eclairage public allumee;Pluie legere;Hors intersection;Voie commuNon renseignee le;Autre collision;VL seul;Sans changement de direction;Non renseignee ;28;Masculin;Indemne;Non renseignee ;2;1;1;0;1;0;Adulte jeune (25-34);Avec pieton;Sans moto;1 VL;Sans poids lourd;Adulte jeune (25-34);2 usagers
Leger;21/01/2011;09:20;Courbevoie;Plein jour;Autre;Intersection en T;Route departementale;Autre collision;VL seul;En marche arriere;Non renseignee ;22;Masculin;Indemne;Non renseignee ;2;1;1;0;1;0;Jeune adulte (18-24);Avec pieton;Sans moto;1 VL;Sans poids lourd;Jeune adulte (18-24);2 usagers
Leger;25/05/2011;16:50;Asnieres-sur-Seine;Plein jour;Autre;Intersection en T;Route departementale;Autre collision;VL seul;TourNon renseignee nt A'auche;Non renseignee ;82;Feminin;Indemne;Non renseignee ;2;1;1;0;1;0;Senior (65+);Avec pieton;Sans moto;1 VL;Sans poids lourd;Senior (65+);2 usagers
Leger;05/12/2011;18:45;Meudon;Nuit avec eclairage public allumee;Autre;Intersection en T;Route departementale;Autre collision;VL seul;Sans changement de direction;Non renseignee ;57;Feminin;Indemne;Non renseignee ;2;1;1;0;1;0;Senior actif (50-64);Avec pieton;Sans moto;1 VL;Sans poids lourd;Senior actif (50-64);2 usagers
Leger;04/05/2011;18:15;Saint-Cloud;Plein jour;Autre;Giratoire;Route departementale;Autre collision;Motocyclette > 125 cm3;TourNon renseignee nt A'auche;Non renseignee ;59;Masculin;Indemne;Non renseignee ;3;1;2;1;0;0;Senior actif (50-64);Avec pieton;Avec moto;Aucun VL;Sans poids lourd;Senior actif (50-64);3-5 usagers
Leger;01/07/2011;18:00;Boulogne-Billancourt;Plein jour;Autre;Intersection en X;Voie commuNon renseignee le;Autre collision;VL seul;Sans changement de direction;Non renseignee ;48;Feminin;Indemne;Non renseignee ;2;1;1;0;1;0;Adulte (35-49);Avec pieton;Sans moto;1 VL;Sans poids lourd;Adulte (35-49);2 usagers
Grave;28/09/2011;11:55;Neuilly-sur-Seine;Plein jour;Autre;Intersection en X;Voie commuNon renseignee le;Autre collision;VL seul;Sans changement de direction;Non renseignee ;77;Feminin;Blessee hospitalisee;Non renseignee ;2;1;1;0;1;0;Senior (65+);Avec pieton;Sans moto;1 VL;Sans poids lourd;Senior (65+);2 usagers
Leger;07/07/2011;19:55;Boulogne-Billancourt;Plein jour;Autre;Intersection en X;Route departementale;Autre collision;Cyclomoteur <50cm3;Non renseignee ;Non renseignee ;23;Masculin;Indemne;Non renseignee ;2;1;1;0;0;0;Jeune adulte (18-24);Avec pieton;Sans moto;Aucun VL;Sans poids lourd;Jeune adulte (18-24);2 usagers
Leger;24/02/2011;10:40;Levallois-Perret;Plein jour;Pluie legere;Intersection en X;Voie commuNon renseignee le;Autre collision;VL seul;TourNon renseignee nt A'auche;Non renseignee ;39;Masculin;Indemne;Non renseignee ;2;1;1;0;1;0;Adulte (35-49);Avec pieton;Sans moto;1 VL;Sans poids lourd;Adulte (35-49);2 usagers
Leger;18/02/2012;17:00;Boulogne-Billancourt;Plein jour;Autre;Hors intersection;Route departementale;Collision par le cote;VL seul;Ouverture de porte;Bicyclette;36;Masculin;Indemne;Non renseignee ;2;2;0;0;1;0;Adulte (35-49);Sans pieton;Sans moto;1 VL;Sans poids lourd;Adulte (35-49);2 usagers
Leger;04/04/2012;10:25;Levallois-Perret;Plein jour;Autre;Intersection en X;Route departementale;Collision par le cote;PL seul > 7,5T;TourNon renseignee nt A$roite;Bicyclette;40;Masculin;Indemne;Non renseignee ;2;2;0;0;0;1;Adulte (35-49);Sans pieton ;Sans moto;Aucun VL;Avec poids lourd;Adulte (35-49);2 usagers
Leger;29/05/2012;09:55;Clamart;Plein jour;Autre;Intersection en T;Route departementale;Collision par le cote;VL seul;Sans changement de direction;VL seul;39;Masculin;Indemne;Non renseignee ;2;2;0;0;2;0;Adulte (35-49);Sans pieton;Sans moto;2 VL;Sans poids lourd;Adulte (35-49);2 usagers
Grave;07/06/2012;09:39;Gennevilliers;Plein jour;Autre;Hors intersection;Autoroute;Collision par le cote;VL seul;Non renseignee ;Motocyclette > 125 cm3;21;Masculin;Indemne;Non renseignee ;2;2;0;1;1;0;Jeune adulte (18-24);Sans pieton;Avec moto;1 VL;Sans poids lourd;Jeune adulte (18-24);2 usagers
Leger;04/10/2012;22:30;Le Plessis-Robinson;Nuit avec eclairage public allumee;Autre;Intersection en X;Route departementale;Collision par le cote;Engin special;Sans changement de direction;VL seul;24;Masculin;Indemne;Non renseignee ;3;2;0;0;1;1;Jeune adulte (18-24);Sans pieton;Sans moto;1 VL;Avec poids lourd;Jeune adulte (18-24);3-5 usagers
Grave;29/10/2012;07:48;Non renseignee nterre;Plein jour;Autre;Hors intersection;Autoroute;Collision par l'arriere;Motocyclette > 125 cm3;Entre 2 files;VL seul;32;Masculin;Blessee hospitalisee;Non renseignee ;2;2;0;1;1;0;Adulte jeune (25-34);Sans pieton;Avec moto;1 VL;Sans poids lourd;Adulte jeune (25-34);2 usagers
Leger;30/10/2012;17:00;Rueil-Malmaison;Plein jour;Autre;Intersection en T;Voie commuNon renseignee le;Sans collision;Motocyclette > 125 cm3;TourNon renseignee nt A$roite;Non renseignee ;31;Masculin;Blessee Leger;Non renseignee ;1;1;0;1;0;0;Adulte jeune (25-34);Sans pieton ;Avec moto;Aucun VL;Sans poids lourd;Adulte jeune (25-34);1 usager
Grave;03/12/2012;05:00;Gennevilliers;Nuit sanseclairage public;Pluie forte;Hors intersection;Autoroute;Collision par l'arriere;VL seul;Sans changement de direction;VL seul;26;Feminin;Blessee Leger;Non renseignee ;3;2;0;0;2;0;Adulte jeune (25-34);Sans pieton;Sans moto;2 VL;Sans poids lourd;Adulte jeune (25-34);3-5 usagers
Leger;12/12/2017;08:00;Suresnes;Nuit avec eclairage public allumee;Pluie legere;Hors intersection;Route departementale;Collisions multiples;Scooter > 125 cm3;S inserant;VL seul;45;Masculin;Blessee Leger;Non renseignee ;3;3;0;1;2;0;Adulte (35-49);Sans pieton;Avec moto;2 VL;Sans poids lourd;Adulte (35-49);3-5 usagers
Leger;20/05/2017;14:10;Boulogne-Billancourt;Plein jour;Autre;Intersection en X;Route departementale;Collision par l'arriere;Cyclomoteur <50cm3;Meme sens, Meme file;VL seul;20;Masculin;Blessee Leger;Non renseignee ;2;2;0;0;1;0;Jeune adulte (18-24);Sans pieton;Sans moto;1 VL;Sans poids lourd;Jeune adulte (18-24);2 usagers
Leger;28/01/2017;16:20;Clichy;Plein jour;Autre;Giratoire;Route departementale;Collision par le cote;Scooter < 50 cm3;TourNon renseignee nt A'auche;VL seul;18;Masculin;Indemne;Non renseignee ;3;2;0;0;1;0;Jeune adulte (18-24);Sans pieton ;Sans moto;1 VL;Sans poids lourd;Jeune adulte (18-24);3-5 usagers
Leger;22/03/2017;07:45;Courbevoie;Plein jour;Autre;Hors intersection;Route departementale;Collision par l'arriere;Cyclomoteur <50cm3;Meme sens, Meme file;VL seul;45;Masculin;Blessee Leger;Non renseignee ;2;2;0;0;1;0;Adulte (35-49);Sans pieton;Sans moto;1 VL;Sans poids lourd;Adulte (35-49);2 usagers
Leger;24/05/2017;21:30;Courbevoie;Crepuscule ou aube;Autre;Intersection en X;Route departementale;Collision par le cote;VL seul;TourNon renseignee nt A$roite;Scooter < 50 cm3;25;Masculin;Indemne;Non renseignee ;2;2;0;0;1;0;Adulte jeune (25-34);Sans pieton ;Sans moto;1 VL;Sans poids lourd;Adulte jeune (25-34);2 usagers
Leger;13/06/2017;12:50;Gennevilliers;Plein jour;Autre;Hors intersection;Route departementale;Collision par le cote;Scooter < 50 cm3;Non renseignee ;VL seul;22;Masculin;Blessee Leger;Non renseignee ;2;2;0;0;1;0;Jeune adulte (18-24);Sans pieton;Sans moto;1 VL;Sans poids lourd;Jeune adulte (18-24);2 usagers
Leger;31/10/2017;22:05;Levallois-Perret;Nuit avec eclairage public allumee;Autre;Intersection en X;Route departementale;Collision par le cote;VL seul;Non renseignee ;Scooter < 50 cm3;29;Masculin;Blessee Leger;Non renseignee ;1;2;0;0;1;0;Adulte jeune (25-34);Sans pieton;Sans moto;1 VL;Sans poids lourd;Adulte jeune (25-34);1 usager
Leger;24/01/2017;13:30;Levallois-Perret;Plein jour;Autre;Intersection en X;Voie commuNon renseignee le;Collision par le cote;VL seul;Sans changement de direction;Scooter < 50 cm3;27;Feminin;Indemne;Non renseignee ;2;2;0;0;1;0;Adulte jeune (25-34);Sans pieton;Sans moto;1 VL;Sans poids lourd;Adulte jeune (25-34);2 usagers
Leger;04/01/2017;20:30;Non renseignee nterre;Nuit avec eclairage public allumee;Autre;Intersection en T;Route departementale;Sans collision;Cyclomoteur <50cm3;Sans changement de direction;Non renseignee ;20;Masculin;Blessee Leger;Non renseignee ;1;1;0;0;0;0;Jeune adulte (18-24);Sans pieton;Sans moto;Aucun VL;Sans poids lourd;Jeune adulte (18-24);1 usager
Leger;09/05/2017;09:30;Asnieres-sur-Seine;Plein jour;Autre;Intersection en T;Route departementale;Collision par l'arriere;VL seul;Sans changement de direction;Bicyclette;88;Feminin;Indemne;Non renseignee ;2;2;0;0;1;0;Senior (65+);Sans pieton;Sans moto;1 VL;Sans poids lourd;Senior (65+);2 usagers
Leger;30/03/2017;18:55;Colombes;Plein jour;Autre;Intersection en T;Route departementale;Collision par le cote;Bicyclette;TourNon renseignee nt A'auche;Scooter > 50 cm3 et <= 125 cm3;80;Masculin;Blessee Leger;Non renseignee ;2;2;0;1;0;0;Senior (65+);Sans pieton ;Avec moto;Aucun VL;Sans poids lourd;Senior (65+);2 usagers
Leger;10/09/2017;21:30;Montrouge;Nuit avec eclairage public allumee;Autre;Hors intersection;Voie commuNon renseignee le;Collision par le cote;Bicyclette;TourNon renseignee nt A'auche;VL seul;22;Masculin;Blessee Leger;Non renseignee ;2;2;0;0;1;0;Jeune adulte (18-24);Sans pieton ;Sans moto;1 VL;Sans poids lourd;Jeune adulte (18-24);2 usagers
Leger;11/05/2017;08:30;Clamart;Plein jour;Autre;Hors intersection;Route departementale;Autre collision;Motocyclette > 125 cm3;Non renseignee ;Non renseignee ;48;Masculin;Blessee Leger;Non renseignee ;2;1;1;1;0;0;Adulte (35-49);Avec pieton;Avec moto;Aucun VL;Sans poids lourd;Adulte (35-49);2 usagers
Leger;24/11/2017;07:40;Colombes;Nuit avec eclairage public non allumee;Pluie legere;Intersection en T;Route departementale;Autre collision;VL seul;TourNon renseignee nt A'auche;Non renseignee ;23;Masculin;Indemne;Non renseignee ;3;1;2;0;1;0;Jeune adulte (18-24);Avec pieton;Sans moto;1 VL;Sans poids lourd;Jeune adulte (18-24);3-5 usagers
Leger;15/05/2017;13:20;Antony;Plein jour;Autre;Hors intersection;Route departementale;Autre collision;VL seul;Sans changement de direction;Non renseignee ;23;Feminin;Blessee Leger;Non renseignee ;1;1;1;0;1;0;Jeune adulte (18-24);Avec pieton;Sans moto;1 VL;Sans poids lourd;Jeune adulte (18-24);1 usager
Leger;24/11/2017;08:05;Bourg-la-Reine;Nuit avec eclairage public allumee;Autre;Intersection en T;Voie commuNon renseignee le;Autre collision;VL seul;Sans changement de direction;Non renseignee ;53;Masculin;Indemne;Non renseignee ;2;1;1;0;1;0;Senior actif (50-64);Avec pieton;Sans moto;1 VL;Sans poids lourd;Senior actif (50-64);2 usagers
Leger;29/01/2017;13:55;Asnieres-sur-Seine;Plein jour;Autre;Intersection en T;Route departementale;Autre collision;VL seul;Sans changement de direction;Non renseignee ;25;Masculin;Indemne;Non renseignee ;2;1;1;0;1;0;Adulte jeune (25-34);Avec pieton;Sans moto;1 VL;Sans poids lourd;Adulte jeune (25-34);2 usagers
Leger;01/03/2017;07:40;Asnieres-sur-Seine;Plein jour;Autre;Intersection en Y;Route departementale;Autre collision;VL seul;Sans changement de direction;Non renseignee ;32;Masculin;Indemne;Non renseignee ;2;1;1;0;1;0;Adulte jeune (25-34);Avec pieton;Sans moto;1 VL;Sans poids lourd;Adulte jeune (25-34);2 usagers
Leger;18/08/2017;17:20;Asnieres-sur-Seine;Plein jour;Autre;Intersection en X;Route departementale;Autre collision;Motocyclette > 125 cm3;Sans changement de direction;Non renseignee ;49;Masculin;Indemne;Non renseignee ;2;1;1;1;0;0;Adulte (35-49);Avec pieton;Avec moto;Aucun VL;Sans poids lourd;Adulte (35-49);2 usagers
Leger;21/12/2017;19:15;Sceaux;Nuit avec eclairage public allumee;Pluie legere;Intersection en T;Route departementale;Autre collision;VL seul;Sans changement de direction;Non renseignee ;31;Masculin;Indemne;Non renseignee ;2;1;1;0;1;0;Adulte jeune (25-34);Avec pieton;Sans moto;1 VL;Sans poids lourd;Adulte jeune (25-34);2 usagers
Leger;30/09/2017;13:10;Clamart;Plein jour;Autre;Hors intersection;Route departementale;Autre collision;VL seul;Sans changement de direction;Non renseignee ;68;Masculin;Indemne;Non renseignee ;2;1;1;0;1;0;Senior (65+);Avec pieton;Sans moto;1 VL;Sans poids lourd;Senior (65+);2 usagers
Leger;19/01/2017;18:45;Le Plessis-Robinson;Nuit avec eclairage public allumee;Autre;Hors intersection;Route departementale;Autre collision;Motocyclette > 125 cm3;Sans changement de direction;Non renseignee ;38;Masculin;Indemne;Non renseignee ;2;1;1;1;0;0;Adulte (35-49);Avec pieton;Avec moto;Aucun VL;Sans poids lourd;Adulte (35-49);2 usagers
Leger;11/09/2017;09:30;Courbevoie;Plein jour;Autre;Hors intersection;Voie commuNon renseignee le;Autre collision;VU seul 1,5T <= PTAC <= 3,5T;En marche arriere;Non renseignee ;23;Masculin;Indemne;Non renseignee ;2;1;1;0;1;0;Jeune adulte (18-24);Avec pieton;Sans moto;1 VL;Sans poids lourd;Jeune adulte (18-24);2 usagers
Leger;04/11/2017;19:15;Courbevoie;Nuit avec eclairage public allumee;Autre;Intersection en X;Route departementale;Autre collision;VL seul;TourNon renseignee nt A'auche;Non renseignee ;64;Feminin;Indemne;Non renseignee ;2;1;1;0;1;0;Senior actif (50-64);Avec pieton;Sans moto;1 VL;Sans poids lourd;Senior actif (50-64);2 usagers
Leger;08/02/2017;18:15;Courbevoie;Nuit avec eclairage public allumee;Autre;Intersection en X;Route departementale;Autre collision;VU seul 1,5T <= PTAC <= 3,5T;TourNon renseignee nt A'auche;Non renseignee ;27;Masculin;Indemne;Non renseignee ;2;1;1;0;1;0;Adulte jeune (25-34);Avec pieton;Sans moto;1 VL;Sans poids lourd;Adulte jeune (25-34);2 usagers
Leger;03/08/2017;08:10;Levallois-Perret;Plein jour;Autre;Intersection en T;Voie commuNon renseignee le;Autre collision;VL seul;TourNon renseignee nt A'auche;Non renseignee ;44;Masculin;Indemne;Non renseignee ;2;1;1;0;1;0;Adulte (35-49);Avec pieton;Sans moto;1 VL;Sans poids lourd;Adulte (35-49);2 usagers
Leger;31/08/2017;19:20;Levallois-Perret;Plein jour;Autre;Intersection en X;Voie commuNon renseignee le;Autre collision;VL seul;Sans changement de direction;Non renseignee ;20;Masculin;Indemne;Non renseignee ;2;1;1;0;1;0;Jeune adulte (18-24);Avec pieton;Sans moto;1 VL;Sans poids lourd;Jeune adulte (18-24);2 usagers
Leger;13/03/2017;19:15;Montrouge;Nuit avec eclairage public allumee;Autre;Intersection en T;Route departementale;Autre collision;VL seul;TourNon renseignee nt A$roite;Non renseignee ;46;Masculin;Indemne;Non renseignee ;2;1;1;0;1;0;Adulte (35-49);Avec pieton;Sans moto;1 VL;Sans poids lourd;Adulte (35-49);2 usagers
Leger;30/10/2017;16:52;Non renseignee nterre;Crepuscule ou aube;Autre;Intersection en T;Voie commuNon renseignee le;Autre collision;VL seul;TourNon renseignee nt A'auche;Non renseignee ;25;Feminin;Blessee Leger;Non renseignee ;2;1;1;0;1;0;Adulte jeune (25-34);Avec pieton;Sans moto;1 VL;Sans poids lourd;Adulte jeune (25-34);2 usagers
Leger;12/07/2017;10:05;Neuilly-sur-Seine;Plein jour;Temps couvert;Intersection en X;Voie commuNon renseignee le;Autre collision;VU seul 1,5T <= PTAC <= 3,5T;TourNon renseignee nt A$roite;Non renseignee ;38;Masculin;Indemne;Non renseignee ;2;1;1;0;1;0;Adulte (35-49);Avec pieton;Sans moto;1 VL;Sans poids lourd;Adulte (35-49);2 usagers
Leger;06/10/2017;17:25;Neuilly-sur-Seine;Plein jour;Autre;Hors intersection;Route Non renseignee tioNon renseignee le;Autre collision;VL seul;Sans changement de direction;Non renseignee ;28;Masculin;Indemne;Non renseignee ;2;1;1;0;1;0;Adulte jeune (25-34);Avec pieton;Sans moto;1 VL;Sans poids lourd;Adulte jeune (25-34);2 usagers
Leger;02/05/2017;17:20;Rueil-Malmaison;Plein jour;Autre;Hors intersection;Voie commuNon renseignee le;Autre collision;VL seul;Sans changement de direction;Non renseignee ;22;Masculin;Indemne;Non renseignee ;2;1;1;0;1;0;Jeune adulte (18-24);Avec pieton;Sans moto;1 VL;Sans poids lourd;Jeune adulte (18-24);2 usagers
Leger;18/06/2017;18:35;Sevres;Plein jour;Autre;Hors intersection;Voie commuNon renseignee le;Autre collision;VL seul;Sans changement de direction;Non renseignee ;36;Masculin;Indemne;Non renseignee ;2;1;1;0;1;0;Adulte (35-49);Avec pieton;Sans moto;1 VL;Sans poids lourd;Adulte (35-49);2 usagers
Leger;20/07/2017;18:25;Issy-les-Moulineaux;Plein jour;Autre;Hors intersection;Route departementale;Autre collision;Bicyclette;Sans changement de direction;Non renseignee ;24;Feminin;Indemne;Non renseignee ;2;1;1;0;0;0;Jeune adulte (18-24);Avec pieton;Sans moto;Aucun VL;Sans poids lourd;Jeune adulte (18-24);2 usagers
Leger;30/12/2017;14:30;Malakoff;Plein jour;Pluie legere;Intersection en X;Route departementale;Autre collision;Scooter > 125 cm3;Sans changement de direction;Non renseignee ;29;Masculin;Indemne;Non renseignee ;2;1;1;1;0;0;Adulte jeune (25-34);Avec pieton;Avec moto;Aucun VL;Sans poids lourd;Adulte jeune (25-34);2 usagers
Leger;07/05/2017;11:45;Villeneuve-la-Garenne;Plein jour;Pluie legere;Hors intersection;Autoroute;Sans collision;VL seul;Non renseignee ;Non renseignee ;20;Masculin;Indemne;Non renseignee ;3;1;0;0;1;0;Jeune adulte (18-24);Sans pieton;Sans moto;1 VL;Sans poids lourd;Jeune adulte (18-24);3-5 usagers
Leger;19/05/2017;14:30;Gennevilliers;Plein jour;Autre;Hors intersection;Autoroute;Collision par le cote;VL seul;Meme sens, Meme file;VL seul;29;Masculin;Blessee Leger;Non renseignee ;1;2;0;0;2;0;Adulte jeune (25-34);Sans pieton;Sans moto;2 VL;Sans poids lourd;Adulte jeune (25-34);1 usager
Leger;20/09/2017;22:10;Villeneuve-la-Garenne;Nuit sanseclairage public;Autre;Hors intersection;Autoroute;Collisions multiples;VL seul;Sedeportant A'auche;VL seul;18;Masculin;Indemne;Non renseignee ;4;3;0;0;3;0;Jeune adulte (18-24);Sans pieton ;Sans moto;3 VL ou plus;Sans poids lourd;Jeune adulte (18-24);3-5 usagers
Leger;15/02/2017;07:40;Gennevilliers;Crepuscule ou aube;Autre;Hors intersection;Autoroute;Sans collision;VL seul;Non renseignee ;Non renseignee ;32;Feminin;Blessee Leger;Non renseignee ;1;1;0;0;1;0;Adulte jeune (25-34);Sans pieton;Sans moto;1 VL;Sans poids lourd;Adulte jeune (25-34);1 usager
Leger;06/05/2017;00:20;Saint-Cloud;Nuit sanseclairage public;Autre;Hors intersection;Autoroute;Sans collision;VL seul;Manoeuvre devitement;Non renseignee ;23;Feminin;Blessee Leger;Non renseignee ;1;1;0;0;1;0;Jeune adulte (18-24);Sans pieton;Sans moto;1 VL;Sans poids lourd;Jeune adulte (18-24);1 usager
Leger;25/11/2017;12:00;Antony;Plein jour;Autre;Hors intersection;Voie commuNon renseignee le;Collision par le cote;VL seul;S inserant;VL seul;33;Masculin;Blessee Leger;Non renseignee ;2;2;0;0;2;0;Adulte jeune (25-34);Sans pieton;Sans moto;2 VL;Sans poids lourd;Adulte jeune (25-34);2 usagers
Leger;18/09/2017;09:10;Asnieres-sur-Seine;Plein jour;Autre;Intersection en T;Route departementale;Collision par le cote;VL seul;S inserant;Motocyclette > 125 cm3;27;Feminin;Blessee Leger;Non renseignee ;2;2;0;1;1;0;Adulte jeune (25-34);Sans pieton;Avec moto;1 VL;Sans poids lourd;Adulte jeune (25-34);2 usagers
Leger;07/10/2017;15:00;Non renseignee nterre;Plein jour;Autre;Hors intersection;Autoroute;Collisions multiples;VU seul 1,5T <= PTAC <= 3,5T;Meme sens, Meme file;VL seul;57;Masculin;Indemne;Non renseignee ;3;3;0;0;3;0;Senior actif (50-64);Sans pieton;Sans moto;3 VL ou plus;Sans poids lourd;Senior actif (50-64);3-5 usagers
Leger;09/03/2017;16:10;Clamart;Plein jour;Autre;Hors intersection;Voie commuNon renseignee le;Collisions en chaine;VL seul;Meme sens, Meme file;VL seul;44;Masculin;Indemne;Non renseignee ;3;3;0;0;3;0;Adulte (35-49);Sans pieton;Sans moto;3 VL ou plus;Sans poids lourd;Adulte (35-49);3-5 usagers
Leger;19/11/2017;19:45;Gennevilliers;Nuit sanseclairage public;Autre;Hors intersection;Autoroute;Collision par l'arriere;VL seul;Meme sens, Meme file;VL seul;20;Masculin;Indemne;Non renseignee ;2;2;0;0;2;0;Jeune adulte (18-24);Sans pieton;Sans moto;2 VL;Sans poids lourd;Jeune adulte (18-24);2 usagers