type_acci;date;heure;commune;luminosite_accident;cond_atmos;Intersection;categorie_route;type_collision;type_vehicule_1;manoeuvre_vehicule_1;type_vehicule_2;age_usager;sexe_usager;gravite_usager;etat_usager;nombre_usagers;nb_veh;nombre_pietons;nombre_motos;nombre_vl;nombre_pl;age_usa1_categ;accident_pieton;accident_moto;categorie_vl;accident_pl;categorie_age;categorie_usagers
Leger;05/08/2016;12:45;Levallois-Perret;Plein jour;Autre;Hors intersection;Voie commuNon renseignee le;Autre collision;Bicyclette;Sans changement de direction;Non renseignee ;25;Masculin;Indemne;Non renseignee ;2;1;1;0;0;0;Adulte jeune (25-34);Avec pieton;Sans moto;Aucun VL;Sans poids lourd;Adulte jeune (25-34);2 usagers
Leger;09/12/2016;19:00;Meudon;Nuit avec eclairage public allumee;Autre;Hors intersection;Voie commuNon renseignee le;Autre collision;VL seul;Sans changement de direction;Non renseignee ;42;Masculin;Indemne;Non renseignee ;2;1;1;0;1;0;Adulte (35-49);Avec pieton;Sans moto;1 VL;Sans poids lourd;Adulte (35-49);2 usagers
Leger;22/03/2016;10:00;Chatillon;Plein jour;Autre;Hors intersection;Route departementale;Autre collision;Motocyclette > 125 cm3;Non renseignee ;Non renseignee ;43;Masculin;Indemne;Non renseignee ;2;1;1;1;0;0;Adulte (35-49);Avec pieton;Avec moto;Aucun VL;Sans poids lourd;Adulte (35-49);2 usagers
Leger;14/04/2016;16:15;Montrouge;Plein jour;Autre;Hors intersection;Voie commuNon renseignee le;Autre collision;VU seul 1,5T <= PTAC <= 3,5T;Sans changement de direction;Non renseignee ;77;Masculin;Indemne;Non renseignee ;2;1;1;0;1;0;Senior (65+);Avec pieton;Sans moto;1 VL;Sans poids lourd;Senior (65+);2 usagers
Leger;30/04/2016;15:00;Chatillon;Plein jour;Autre;Intersection en X;Route departementale;Autre collision;VL seul;Sans changement de direction;Non renseignee ;51;Masculin;Indemne;Non renseignee ;2;1;1;0;1;0;Senior actif (50-64);Avec pieton;Sans moto;1 VL;Sans poids lourd;Senior actif (50-64);2 usagers
Leger;11/02/2016;18:30;Non renseignee nterre;Plein jour;Autre;Hors intersection;Voie commuNon renseignee le;Autre collision;Motocyclette > 125 cm3;Non renseignee ;Non renseignee ;35;Masculin;Indemne;Non renseignee ;2;1;1;1;0;0;Adulte (35-49);Avec pieton;Avec moto;Aucun VL;Sans poids lourd;Adulte (35-49);2 usagers
Leger;12/03/2016;10:00;Non renseignee nterre;Plein jour;Autre;Intersection en X;Route departementale;Autre collision;VL seul;Sans changement de direction;Non renseignee ;28;Masculin;Indemne;Non renseignee ;2;1;1;0;1;0;Adulte jeune (25-34);Avec pieton;Sans moto;1 VL;Sans poids lourd;Adulte jeune (25-34);2 usagers
Leger;14/08/2016;17:40;Neuilly-sur-Seine;Plein jour;Temps eblouissant;Hors intersection;Route departementale;Autre collision;VL seul;Non renseignee ;Non renseignee ;21;Masculin;Indemne;Non renseignee ;2;1;1;0;1;0;Jeune adulte (18-24);Avec pieton;Sans moto;1 VL;Sans poids lourd;Jeune adulte (18-24);2 usagers
Leger;10/02/2016;19:50;Garches;Nuit avec eclairage public allumee;Autre;Hors intersection;Route departementale;Autre collision;Motocyclette > 125 cm3;Non renseignee ;Non renseignee ;49;Masculin;Indemne;Non renseignee ;2;1;1;1;0;0;Adulte (35-49);Avec pieton;Avec moto;Aucun VL;Sans poids lourd;Adulte (35-49);2 usagers
Leger;15/04/2016;08:20;Saint-Cloud;Plein jour;Autre;Intersection en T;Voie commuNon renseignee le;Autre collision;VL seul;TourNon renseignee nt A$roite;Non renseignee ;37;Masculin;Indemne;Non renseignee ;2;1;1;0;1;0;Adulte (35-49);Avec pieton;Sans moto;1 VL;Sans poids lourd;Adulte (35-49);2 usagers
Leger;04/03/2016;18:00;Chaville;Plein jour;Pluie legere;Intersection en T;Route departementale;Autre collision;VL seul;Sans changement de direction;Non renseignee ;61;Feminin;Indemne;Non renseignee ;2;1;1;0;1;0;Senior actif (50-64);Avec pieton;Sans moto;1 VL;Sans poids lourd;Senior actif (50-64);2 usagers
Leger;04/01/2016;16:40;Villeneuve-la-Garenne;Plein jour;Autre;Intersection en X;Route departementale;Autre collision;VU seul 1,5T <= PTAC <= 3,5T;Non renseignee ;Non renseignee ;53;Masculin;Indemne;Non renseignee ;2;1;1;0;1;0;Senior actif (50-64);Avec pieton;Sans moto;1 VL;Sans poids lourd;Senior actif (50-64);2 usagers
Leger;27/03/2016;08:15;Gennevilliers;Crepuscule ou aube;Autre;Hors intersection;Autoroute;Sans collision;VL seul;Non renseignee ;Non renseignee ;26;Masculin;Blessee Leger;Non renseignee ;1;1;0;0;1;0;Adulte jeune (25-34);Sans pieton;Sans moto;1 VL;Sans poids lourd;Adulte jeune (25-34);1 usager
Leger;11/05/2016;19:15;Gennevilliers;Plein jour;Autre;Hors intersection;Autoroute;Sans collision;VL seul;Non renseignee ;Non renseignee ;22;Feminin;Blessee Leger;Non renseignee ;1;1;0;0;1;0;Jeune adulte (18-24);Sans pieton;Sans moto;1 VL;Sans poids lourd;Jeune adulte (18-24);1 usager
Leger;22/08/2016;16:15;Villeneuve-la-Garenne;Plein jour;Pluie legere;Hors intersection;Autoroute;Collision par l'arriere;VL seul;Non renseignee ;VL seul;24;Feminin;Indemne;Non renseignee ;4;2;0;0;2;0;Jeune adulte (18-24);Sans pieton;Sans moto;2 VL;Sans poids lourd;Jeune adulte (18-24);3-5 usagers
Leger;11/11/2016;10:25;Gennevilliers;Plein jour;Temps couvert;Hors intersection;Autoroute;Sans collision;VL seul;TourNon renseignee nt A'auche;Non renseignee ;41;Feminin;Indemne;Non renseignee ;2;1;0;0;1;0;Adulte (35-49);Sans pieton ;Sans moto;1 VL;Sans poids lourd;Adulte (35-49);2 usagers
Leger;19/11/2016;16:45;Gennevilliers;Plein jour;Autre;Hors intersection;Autoroute;Collision par l'arriere;VL seul;Meme sens, Meme file;VL seul;27;Masculin;Blessee Leger;Non renseignee ;3;2;0;0;2;0;Adulte jeune (25-34);Sans pieton;Sans moto;2 VL;Sans poids lourd;Adulte jeune (25-34);3-5 usagers
Leger;13/03/2016;05:25;Non renseignee nterre;Nuit avec eclairage public allumee;Autre;Hors intersection;Autoroute;Collision par l'arriere;VL seul;Sans changement de direction;VL seul;22;Masculin;Blessee Leger;Non renseignee ;2;2;0;0;2;0;Jeune adulte (18-24);Sans pieton;Sans moto;2 VL;Sans poids lourd;Jeune adulte (18-24);2 usagers
Leger;29/08/2016;18:04;Non renseignee nterre;Plein jour;Autre;Hors intersection;Autoroute;Collisions en chaine;VL seul;Meme sens, Meme file;VL seul;39;Masculin;Indemne;Non renseignee ;5;4;0;0;4;0;Adulte (35-49);Sans pieton;Sans moto;3 VL ou plus;Sans poids lourd;Adulte (35-49);3-5 usagers
Leger;07/09/2016;07:50;Non renseignee nterre;Plein jour;Autre;Hors intersection;Autoroute;Collisions multiples;VL seul;Meme sens, Meme file;VL seul;36;Masculin;Blessee Leger;Non renseignee ;5;3;0;0;3;0;Adulte (35-49);Sans pieton;Sans moto;3 VL ou plus;Sans poids lourd;Adulte (35-49);3-5 usagers
Leger;30/11/2016;16:30;Antony;Plein jour;Autre;Hors intersection;Autoroute;Collision par l'arriere;VL seul;Sans changement de direction;VL seul;21;Feminin;Blessee Leger;Non renseignee ;3;2;0;0;2;0;Jeune adulte (18-24);Sans pieton;Sans moto;2 VL;Sans poids lourd;Jeune adulte (18-24);3-5 usagers
Leger;22/04/2016;09:49;Antony;Plein jour;Autre;Hors intersection;Route departementale;Collision par le cote;PL seul 3,5T <PTCA <= 7,5T;Sans changement de direction;VL seul;33;Masculin;Indemne;Non renseignee ;2;2;0;0;1;1;Adulte jeune (25-34);Sans pieton;Sans moto;1 VL;Avec poids lourd;Adulte jeune (25-34);2 usagers
Leger;11/07/2016;17:25;Antony;Plein jour;Autre;Hors intersection;Route departementale;Collision par l'arriere;VL seul;Meme sens, Meme file;VL seul;24;Masculin;Blessee Leger;Non renseignee ;3;2;0;0;2;0;Jeune adulte (18-24);Sans pieton;Sans moto;2 VL;Sans poids lourd;Jeune adulte (18-24);3-5 usagers
Leger;19/05/2006;17:05;Puteaux;Non renseignee ;Autre;Non renseignee ;Route departementale;Non renseignee ;VL seul;Non renseignee ;Non renseignee ;38;Non renseignee ;Non renseignee ;Non renseignee ;2;1;0;0;1;0;Adulte (35-49);Sans pieton;Sans moto;1 VL;Sans poids lourd;Adulte (35-49);2 usagers
Leger;02/11/2006;14:30;Boulogne-Billancourt;Non renseignee ;Autre;Non renseignee ;Route departementale;Non renseignee ;VL seul;Non renseignee ;Non renseignee ;38;Non renseignee ;Non renseignee ;Non renseignee ;2;2;0;1;1;0;Adulte (35-49);Sans pieton;Avec moto;1 VL;Sans poids lourd;Adulte (35-49);2 usagers
Leger;23/12/2006;16:55;Clamart;Non renseignee ;Autre;Non renseignee ;Non renseignee ;Non renseignee ;VL seul;Non renseignee ;Non renseignee ;38;Non renseignee ;Non renseignee ;Non renseignee ;2;1;1;0;1;0;Adulte (35-49);Avec pieton;Sans moto;1 VL;Sans poids lourd;Adulte (35-49);2 usagers
Leger;13/11/2006;10:10;Puteaux;Non renseignee ;Autre;Non renseignee ;Route departementale;Non renseignee ;VL seul;Non renseignee ;Non renseignee ;38;Non renseignee ;Non renseignee ;Non renseignee ;2;2;0;1;1;0;Adulte (35-49);Sans pieton;Avec moto;1 VL;Sans poids lourd;Adulte (35-49);2 usagers
Leger;22/08/2006;06:50;Bois-Colombes;Non renseignee ;Autre;Non renseignee ;Non renseignee ;Non renseignee ;VL seul;Non renseignee ;Non renseignee ;38;Non renseignee ;Non renseignee ;Non renseignee ;2;1;1;0;1;0;Adulte (35-49);Avec pieton;Sans moto;1 VL;Sans poids lourd;Adulte (35-49);2 usagers
Leger;13/03/2006;16:35;Issy-les-Moulineaux;Non renseignee ;Autre;Non renseignee ;Non renseignee ;Non renseignee ;Cyclomoteur <50cm3;Non renseignee ;Non renseignee ;38;Non renseignee ;Non renseignee ;Non renseignee ;3;1;2;0;0;0;Adulte (35-49);Avec pieton;Sans moto;Aucun VL;Sans poids lourd;Adulte (35-49);3-5 usagers
Leger;04/11/2006;14:55;Clamart;Non renseignee ;Autre;Non renseignee ;Non renseignee ;Non renseignee ;VL seul;Non renseignee ;VL seul;38;Non renseignee ;Non renseignee ;Non renseignee ;2;2;0;0;2;0;Adulte (35-49);Sans pieton;Sans moto;2 VL;Sans poids lourd;Adulte (35-49);2 usagers
Leger;25/10/2006;15:25;Boulogne-Billancourt;Non renseignee ;Autre;Non renseignee ;Route departementale;Non renseignee ;Non renseignee ;Non renseignee ;VL seul;38;Non renseignee ;Non renseignee ;Non renseignee ;2;2;0;1;1;0;Adulte (35-49);Sans pieton;Avec moto;1 VL;Sans poids lourd;Adulte (35-49);2 usagers
Leger;15/09/2006;08:35;Meudon;Non renseignee ;Autre;Non renseignee ;Non renseignee ;Non renseignee ;VL seul;Non renseignee ;Bicyclette;38;Non renseignee ;Non renseignee ;Non renseignee ;2;2;0;0;1;0;Adulte (35-49);Sans pieton;Sans moto;1 VL;Sans poids lourd;Adulte (35-49);2 usagers
Leger;21/02/2006;07:45;Courbevoie;Non renseignee ;Autre;Non renseignee ;Route departementale;Non renseignee ;Cyclomoteur <50cm3;Non renseignee ;Bicyclette;38;Non renseignee ;Non renseignee ;Non renseignee ;1;2;0;0;0;0;Adulte (35-49);Sans pieton;Sans moto;Aucun VL;Sans poids lourd;Adulte (35-49);1 usager
Leger;27/07/2006;09:05;Courbevoie;Non renseignee ;Autre;Non renseignee ;Route Non renseignee tioNon renseignee le;Non renseignee ;Non renseignee ;Non renseignee ;Non renseignee ;38;Non renseignee ;Non renseignee ;Non renseignee ;1;1;0;1;0;0;Adulte (35-49);Sans pieton;Avec moto;Aucun VL;Sans poids lourd;Adulte (35-49);1 usager
Leger;23/10/2006;21:40;Boulogne-Billancourt;Non renseignee ;Autre;Non renseignee ;Route departementale;Non renseignee ;VL seul;Non renseignee ;Non renseignee ;38;Non renseignee ;Non renseignee ;Non renseignee ;2;1;1;0;1;0;Adulte (35-49);Avec pieton;Sans moto;1 VL;Sans poids lourd;Adulte (35-49);2 usagers
Leger;08/03/2006;10:35;Boulogne-Billancourt;Non renseignee ;Autre;Non renseignee ;Route departementale;Non renseignee ;VL seul;Non renseignee ;Non renseignee ;38;Non renseignee ;Non renseignee ;Non renseignee ;2;2;0;1;1;0;Adulte (35-49);Sans pieton;Avec moto;1 VL;Sans poids lourd;Adulte (35-49);2 usagers
Grave;21/08/2006;15:30;Courbevoie;Non renseignee ;Autre;Non renseignee ;Non renseignee ;Non renseignee ;Cyclomoteur <50cm3;Non renseignee ;Non renseignee ;38;Non renseignee ;Non renseignee ;Non renseignee ;2;1;1;0;0;0;Adulte (35-49);Avec pieton;Sans moto;Aucun VL;Sans poids lourd;Adulte (35-49);2 usagers
Leger;08/08/2006;13:00;Issy-les-Moulineaux;Non renseignee ;Autre;Non renseignee ;Route departementale;Non renseignee ;Cyclomoteur <50cm3;Non renseignee ;Non renseignee ;38;Non renseignee ;Non renseignee ;Non renseignee ;2;1;0;0;0;0;Adulte (35-49);Sans pieton;Sans moto;Aucun VL;Sans poids lourd;Adulte (35-49);2 usagers
Leger;08/04/2006;15:10;Issy-les-Moulineaux;Non renseignee ;Autre;Non renseignee ;Route departementale;Non renseignee ;VL seul;Non renseignee ;VL seul;38;Non renseignee ;Non renseignee ;Non renseignee ;3;3;0;0;3;0;Adulte (35-49);Sans pieton;Sans moto;3 VL ou plus;Sans poids lourd;Adulte (35-49);3-5 usagers
Leger;18/06/2006;09:00;Le Plessis-Robinson;Non renseignee ;Autre;Non renseignee ;Non renseignee ;Non renseignee ;VL seul;Non renseignee ;Non renseignee ;38;Non renseignee ;Non renseignee ;Non renseignee ;1;1;0;0;1;0;Adulte (35-49);Sans pieton;Sans moto;1 VL;Sans poids lourd;Adulte (35-49);1 usager
Leger;11/05/2006;07:40;Gennevilliers;Non renseignee ;Autre;Non renseignee ;Non renseignee ;Non renseignee ;Non renseignee ;Non renseignee ;VL seul;38;Non renseignee ;Non renseignee ;Non renseignee ;4;2;0;0;1;0;Adulte (35-49);Sans pieton;Sans moto;1 VL;Sans poids lourd;Adulte (35-49);3-5 usagers
Leger;06/04/2006;18:35;Asnieres-sur-Seine;Non renseignee ;Autre;Non renseignee ;Non renseignee ;Non renseignee ;Cyclomoteur <50cm3;Non renseignee ;VL seul;38;Non renseignee ;Non renseignee ;Non renseignee ;2;2;0;0;1;0;Adulte (35-49);Sans pieton;Sans moto;1 VL;Sans poids lourd;Adulte (35-49);2 usagers
Leger;31/07/2006;08:40;Asnieres-sur-Seine;Non renseignee ;Autre;Non renseignee ;Route departementale;Non renseignee ;VL seul;Non renseignee ;Non renseignee ;38;Non renseignee ;Non renseignee ;Non renseignee ;1;1;0;0;1;0;Adulte (35-49);Sans pieton;Sans moto;1 VL;Sans poids lourd;Adulte (35-49);1 usager
Leger;16/06/2006;10:00;Asnieres-sur-Seine;Non renseignee ;Autre;Non renseignee ;Route departementale;Non renseignee ;VL seul;Non renseignee ;VL seul;38;Non renseignee ;Non renseignee ;Non renseignee ;2;2;0;0;2;0;Adulte (35-49);Sans pieton;Sans moto;2 VL;Sans poids lourd;Adulte (35-49);2 usagers
Leger;08/11/2006;09:00;Courbevoie;Non renseignee ;Autre;Non renseignee ;Route departementale;Non renseignee ;Cyclomoteur <50cm3;Non renseignee ;VL seul;38;Non renseignee ;Non renseignee ;Non renseignee ;2;2;0;0;1;0;Adulte (35-49);Sans pieton;Sans moto;1 VL;Sans poids lourd;Adulte (35-49);2 usagers
Leger;11/01/2006;09:16;Neuilly-sur-Seine;Non renseignee ;Autre;Non renseignee ;Route Non renseignee tioNon renseignee le;Non renseignee ;PL seul > 7,5T;Non renseignee ;VL seul;38;Non renseignee ;Non renseignee ;Non renseignee ;2;2;0;0;1;1;Adulte (35-49);Sans pieton;Sans moto;1 VL;Avec poids lourd;Adulte (35-49);2 usagers
Leger;28/01/2006;03:00;Levallois-Perret;Non renseignee ;Autre;Non renseignee ;Non renseignee ;Non renseignee ;VL seul;Non renseignee ;Non renseignee ;38;Non renseignee ;Non renseignee ;Non renseignee ;2;2;0;1;1;0;Adulte (35-49);Sans pieton;Avec moto;1 VL;Sans poids lourd;Adulte (35-49);2 usagers
Leger;24/07/2006;14:10;Levallois-Perret;Non renseignee ;Autre;Non renseignee ;Non renseignee ;Non renseignee ;VL seul;Non renseignee ;Non renseignee ;38;Non renseignee ;Non renseignee ;Non renseignee ;2;1;1;0;1;0;Adulte (35-49);Avec pieton;Sans moto;1 VL;Sans poids lourd;Adulte (35-49);2 usagers
Leger;04/07/2006;00:20;Vanves;Non renseignee ;Autre;Non renseignee ;Route departementale;Non renseignee ;VL seul;Non renseignee ;Non renseignee ;38;Non renseignee ;Non renseignee ;Non renseignee ;3;2;0;1;1;0;Adulte (35-49);Sans pieton;Avec moto;1 VL;Sans poids lourd;Adulte (35-49);3-5 usagers
Leger;26/09/2006;09:25;Gennevilliers;Non renseignee ;Autre;Non renseignee ;Autoroute;Non renseignee ;Non renseignee ;Non renseignee ;VL seul;38;Non renseignee ;Non renseignee ;Non renseignee ;2;2;0;0;1;1;Adulte (35-49);Sans pieton;Sans moto;1 VL;Avec poids lourd;Adulte (35-49);2 usagers
Leger;16/02/2006;09:10;Asnieres-sur-Seine;Non renseignee ;Autre;Non renseignee ;Route departementale;Non renseignee ;Non renseignee ;Non renseignee ;Non renseignee ;38;Non renseignee ;Non renseignee ;Non renseignee ;2;1;1;1;0;0;Adulte (35-49);Avec pieton;Avec moto;Aucun VL;Sans poids lourd;Adulte (35-49);2 usagers
Leger;04/08/2006;09:45;Levallois-Perret;Non renseignee ;Autre;Non renseignee ;Non renseignee ;Non renseignee ;VL seul;Non renseignee ;Cyclomoteur <50cm3;38;Non renseignee ;Non renseignee ;Non renseignee ;2;2;0;0;1;0;Adulte (35-49);Sans pieton;Sans moto;1 VL;Sans poids lourd;Adulte (35-49);2 usagers
Leger;24/04/2006;20:02;Levallois-Perret;Non renseignee ;Autre;Non renseignee ;Non renseignee ;Non renseignee ;VL seul;Non renseignee ;Cyclomoteur <50cm3;38;Non renseignee ;Non renseignee ;Non renseignee ;3;3;0;0;2;0;Adulte (35-49);Sans pieton;Sans moto;2 VL;Sans poids lourd;Adulte (35-49);3-5 usagers
Leger;16/12/2006;23:20;Gennevilliers;Non renseignee ;Autre;Non renseignee ;Route departementale;Non renseignee ;VL seul;Non renseignee ;VL seul;38;Non renseignee ;Non renseignee ;Non renseignee ;3;2;0;0;2;0;Adulte (35-49);Sans pieton;Sans moto;2 VL;Sans poids lourd;Adulte (35-49);3-5 usagers
Leger;24/09/2008;12:40;Malakoff;Plein jour;Autre;Hors intersection;Route departementale;Collision frontale;VU seul 1,5T <= PTAC <= 3,5T;A contresens;VL seul;41;Masculin;Blessee Leger;Non renseignee ;2;2;0;0;2;0;Adulte (35-49);Sans pieton;Sans moto;2 VL;Sans poids lourd;Adulte (35-49);2 usagers
Leger;24/12/2006;19:40;Levallois-Perret;Non renseignee ;Autre;Non renseignee ;Non renseignee ;Non renseignee ;VL seul;Non renseignee ;Cyclomoteur <50cm3;38;Non renseignee ;Non renseignee ;Non renseignee ;3;2;0;0;1;0;Adulte (35-49);Sans pieton;Sans moto;1 VL;Sans poids lourd;Adulte (35-49);3-5 usagers
Leger;10/09/2006;14:20;Malakoff;Non renseignee ;Autre;Non renseignee ;Non renseignee ;Non renseignee ;VL seul;Non renseignee ;Bicyclette;38;Non renseignee ;Non renseignee ;Non renseignee ;2;2;0;0;1;0;Adulte (35-49);Sans pieton;Sans moto;1 VL;Sans poids lourd;Adulte (35-49);2 usagers
Leger;27/06/2008;14:10;Cachan;Plein jour;Autre;Hors intersection;Route departementale;Collision par l'arriere;VL seul;Changeant de file A'auche;Autobus;68;Feminin;Blessee Leger;Non renseignee ;3;2;0;0;1;0;Senior (65+);Sans pieton;Sans moto;1 VL;Sans poids lourd;Senior (65+);3-5 usagers
Leger;22/10/2008;17:25;Arcueil;Plein jour;Autre;Hors intersection;Route departementale;Collision par l'arriere;VL seul;Meme sens, Meme file;Motocyclette > 125 cm3;32;Feminin;Indemne;Non renseignee ;2;2;0;1;1;0;Adulte jeune (25-34);Sans pieton;Avec moto;1 VL;Sans poids lourd;Adulte jeune (25-34);2 usagers
Leger;04/07/2008;09:00;Gennevilliers;Plein jour;Autre;Hors intersection;Route Non renseignee tioNon renseignee le;Collision par le cote;VL seul;Non renseignee ;Motocyclette > 125 cm3;34;Masculin;Indemne;Non renseignee ;2;2;0;1;1;0;Adulte jeune (25-34);Sans pieton;Avec moto;1 VL;Sans poids lourd;Adulte jeune (25-34);2 usagers
Leger;13/03/2008;18:55;Gennevilliers;Nuit sanseclairage public;Pluie legere;Hors intersection;Autoroute;Collision par l'arriere;VL seul;Meme sens, Meme file;Motocyclette > 125 cm3;30;Masculin;Blessee Leger;Non renseignee ;2;2;0;1;1;0;Adulte jeune (25-34);Sans pieton;Avec moto;1 VL;Sans poids lourd;Adulte jeune (25-34);2 usagers
Leger;15/03/2008;19:15;Marnes-la-Coquette;Nuit avec eclairage public allumee;Pluie legere;Hors intersection;Autoroute;Collisions en chaine;VL seul;Meme sens, Meme file;VL seul;49;Masculin;Indemne;Non renseignee ;5;4;0;0;4;0;Adulte (35-49);Sans pieton;Sans moto;3 VL ou plus;Sans poids lourd;Adulte (35-49);3-5 usagers
Grave;26/03/2008;12:40;Sevres;Plein jour;Autre;Hors intersection;Route Non renseignee tioNon renseignee le;Sans collision;Motocyclette > 125 cm3;Non renseignee ;Non renseignee ;29;Masculin;Blessee hospitalisee;Non renseignee ;1;1;0;1;0;0;Adulte jeune (25-34);Sans pieton;Avec moto;Aucun VL;Sans poids lourd;Adulte jeune (25-34);1 usager
Grave;22/05/2008;12:00;Non renseignee nterre;Plein jour;Autre;Hors intersection;Autoroute;Collision par l'arriere;Scooter > 125 cm3;Meme sens, Meme file;VL seul;36;Feminin;Indemne;Non renseignee ;2;2;0;1;1;0;Adulte (35-49);Sans pieton;Avec moto;1 VL;Sans poids lourd;Adulte (35-49);2 usagers
Leger;22/05/2008;19:20;Saint-Cloud;Plein jour;Autre;Hors intersection;Autoroute;Collision par l'arriere;Motocyclette > 125 cm3;Non renseignee ;VL seul;31;Masculin;Indemne;Non renseignee ;2;2;0;1;1;0;Adulte jeune (25-34);Sans pieton;Avec moto;1 VL;Sans poids lourd;Adulte jeune (25-34);2 usagers
Leger;03/11/2013;16:30;Le Plessis-Robinson;Plein jour;Autre;Hors intersection;Voie commuNon renseignee le;Collision par l'arriere;Scooter < 50 cm3;Sans changement de direction;VL seul;23;Masculin;Blessee Leger;Non renseignee ;2;2;0;0;1;0;Jeune adulte (18-24);Sans pieton;Sans moto;1 VL;Sans poids lourd;Jeune adulte (18-24);2 usagers
Leger;17/01/2013;08:30;Clichy;Crepuscule ou aube;Autre;Hors intersection;Voie commuNon renseignee le;Collision par le cote;Scooter < 50 cm3;Sans changement de direction;VL seul;27;Feminin;Indemne;Non renseignee ;3;2;0;0;1;0;Adulte jeune (25-34);Sans pieton;Sans moto;1 VL;Sans poids lourd;Adulte jeune (25-34);3-5 usagers
Leger;18/09/2013;18:00;Clichy;Crepuscule ou aube;Autre;Hors intersection;Route departementale;Collision par le cote;VU seul 1,5T <= PTAC <= 3,5T;TourNon renseignee nt A'auche;Scooter < 50 cm3;52;Masculin;Indemne;Non renseignee ;2;2;0;0;1;0;Senior actif (50-64);Sans pieton ;Sans moto;1 VL;Sans poids lourd;Senior actif (50-64);2 usagers
Leger;09/12/2013;08:35;Clichy;Crepuscule ou aube;Autre;Intersection en X;Route departementale;Collision par le cote;VL seul;TourNon renseignee nt A'auche;Bicyclette;25;Masculin;Indemne;Non renseignee ;2;2;0;0;1;0;Adulte jeune (25-34);Sans pieton ;Sans moto;1 VL;Sans poids lourd;Adulte jeune (25-34);2 usagers
Leger;19/04/2013;10:10;Colombes;Plein jour;Autre;Intersection en X;Route departementale;Autre collision;VL seul;Non renseignee ;Non renseignee ;23;Feminin;Blessee Leger;Non renseignee ;1;1;1;0;1;0;Jeune adulte (18-24);Avec pieton;Sans moto;1 VL;Sans poids lourd;Jeune adulte (18-24);1 usager
Leger;05/12/2013;08:15;Colombes;Nuit avec eclairage public allumee;Autre;Intersection en X;Voie commuNon renseignee le;Collision par le cote;Scooter < 50 cm3;Non renseignee ;Bicyclette;18;Masculin;Indemne;Non renseignee ;2;2;0;0;0;0;Jeune adulte (18-24);Sans pieton;Sans moto;Aucun VL;Sans poids lourd;Jeune adulte (18-24);2 usagers
Leger;19/06/2013;13:15;Courbevoie;Plein jour;Autre;Giratoire;Route departementale;Collision par le cote;Scooter < 50 cm3;Non renseignee ;VL seul;22;Masculin;Blessee Leger;Non renseignee ;2;2;0;0;1;0;Jeune adulte (18-24);Sans pieton;Sans moto;1 VL;Sans poids lourd;Jeune adulte (18-24);2 usagers
Leger;06/12/2013;06:30;Courbevoie;Nuit avec eclairage public allumee;Autre;Intersection en X;Route departementale;Collision par le cote;Scooter < 50 cm3;Sans changement de direction;VL seul;33;Masculin;Blessee Leger;Non renseignee ;1;2;0;0;1;0;Adulte jeune (25-34);Sans pieton;Sans moto;1 VL;Sans poids lourd;Adulte jeune (25-34);1 usager
Leger;08/02/2013;13:15;Gennevilliers;Plein jour;Autre;Hors intersection;Route departementale;Sans collision;VL seul;Manoeuvre devitement;Non renseignee ;30;Feminin;Blessee Leger;Non renseignee ;2;1;0;0;1;0;Adulte jeune (25-34);Sans pieton;Sans moto;1 VL;Sans poids lourd;Adulte jeune (25-34);2 usagers
Grave;24/06/2013;05:10;Gennevilliers;Crepuscule ou aube;Pluie legere;Hors intersection;Route departementale;Collision par le cote;PL seul > 7,5T;S inserant;Motocyclette > 125 cm3;43;Masculin;Indemne;Non renseignee ;2;2;0;1;0;1;Adulte (35-49);Sans pieton;Avec moto;Aucun VL;Avec poids lourd;Adulte (35-49);2 usagers
Leger;15/07/2013;18:50;Gennevilliers;Plein jour;Autre;Hors intersection;Route departementale;Collision par le cote;Scooter > 125 cm3;Non renseignee ;VL seul;38;Masculin;Indemne;Non renseignee ;3;2;0;1;1;0;Adulte (35-49);Sans pieton;Avec moto;1 VL;Sans poids lourd;Adulte (35-49);3-5 usagers
Leger;16/07/2013;16:10;Gennevilliers;Plein jour;Autre;Hors intersection;Route departementale;Autre collision;Motocyclette > 125 cm3;Sans changement de direction;Non renseignee ;49;Masculin;Indemne;Non renseignee ;2;1;1;1;0;0;Adulte (35-49);Avec pieton;Avec moto;Aucun VL;Sans poids lourd;Adulte (35-49);2 usagers
Grave;20/09/2013;22:00;Gennevilliers;Nuit avec eclairage public allumee;Autre;Hors intersection;Route departementale;Autre collision;Autocar;Sans changement de direction;Non renseignee ;29;Masculin;Indemne;Non renseignee ;2;1;1;0;0;0;Adulte jeune (25-34);Avec pieton;Sans moto;Aucun VL;Sans poids lourd;Adulte jeune (25-34);2 usagers
Leger;01/10/2013;15:45;Gennevilliers;Plein jour;Autre;Hors intersection;Hors reseau public;Collision par le cote;Scooter < 50 cm3;Sedeportant A'auche;VL seul;16;Feminin;Blessee Leger;Non renseignee ;2;2;0;0;1;0;Mineur (-18 ans);Sans pieton ;Sans moto;1 VL;Sans poids lourd;Mineur (-18 ans);2 usagers
Leger;04/10/2013;18:10;Gennevilliers;Plein jour;Autre;Hors intersection;Voie commuNon renseignee le;Autre collision;VL seul;Sans changement de direction;Non renseignee ;38;Feminin;Indemne;Non renseignee ;2;1;1;0;1;0;Adulte (35-49);Avec pieton;Sans moto;1 VL;Sans poids lourd;Adulte (35-49);2 usagers
Leger;12/02/2013;08:51;Issy-les-Moulineaux;Plein jour;Temps couvert;Intersection en T;Route departementale;Collision par l'arriere;VU seul 1,5T <= PTAC <= 3,5T;TourNon renseignee nt A$roite;VL seul;30;Masculin;Indemne;Non renseignee ;2;2;0;0;2;0;Adulte jeune (25-34);Sans pieton ;Sans moto;2 VL;Sans poids lourd;Adulte jeune (25-34);2 usagers