type_acci;date;heure;commune;luminosite_accident;cond_atmos;Intersection;categorie_route;type_collision;type_vehicule_1;manoeuvre_vehicule_1;type_vehicule_2;age_usager;sexe_usager;gravite_usager;etat_usager;nombre_usagers;nb_veh;nombre_pietons;nombre_motos;nombre_vl;nombre_pl;age_usa1_categ;accident_pieton;accident_moto;categorie_vl;accident_pl;categorie_age;categorie_usagers
Leger;24/08/2021;19:00;Gennevilliers;Plein jour;Normale;Autre intersection;Autoroute;Non renseignee ;Non renseignee ;S inserant;Non renseignee ;26;Masculin;Blessee Leger;Non renseignee ;3;2;0;0;2;0;Adulte jeune (25-34);Sans pieton;Sans moto;2 VL;Sans poids lourd;Adulte jeune (25-34);3-5 usagers
Leger;09/10/2020;20:40;Gennevilliers;Nuit sanseclairage public;Normale;Hors intersection;Autoroute;Non renseignee ;Non renseignee ;Meme sens, Meme file;Non renseignee ;33;Feminin;Blessee Leger;Non renseignee ;2;2;0;0;2;0;Adulte jeune (25-34);Sans pieton;Sans moto;2 VL;Sans poids lourd;Adulte jeune (25-34);2 usagers
Grave;08/07/2021;18:59;Villeneuve-la-Garenne;Plein jour;Normale;Hors intersection;Route departementale;Non renseignee ;Non renseignee ;TourNon renseignee nt A$roite;Non renseignee ;22;Masculin;Blessee Leger;Non renseignee ;3;2;0;0;2;0;Jeune adulte (18-24);Sans pieton ;Sans moto;2 VL;Sans poids lourd;Jeune adulte (18-24);3-5 usagers
Leger;13/02/2021;15:35;Gennevilliers;Plein jour;Normale;Hors intersection;Autoroute;Non renseignee ;Non renseignee ;Meme sens, Meme file;VU seul 1,5T <= PTAC <= 3,5T;23;Feminin;Blessee Leger;Non renseignee ;2;2;0;0;2;0;Jeune adulte (18-24);Sans pieton;Sans moto;2 VL;Sans poids lourd;Jeune adulte (18-24);2 usagers
Leger;09/07/2019;09:40;Gennevilliers;Plein jour;Normale;Hors intersection;Autoroute;Non renseignee ;Motocyclette > 125 cm3;Sans changement de direction;Non renseignee ;41;Masculin;Blessee Leger;Non renseignee ;1;1;0;1;0;0;Adulte (35-49);Sans pieton;Avec moto;Aucun VL;Sans poids lourd;Adulte (35-49);1 usager
Leger;23/12/2019;20:30;Gennevilliers;Nuit avec eclairage public non allumee;Normale;Hors intersection;Autoroute;Non renseignee ;Non renseignee ;Meme sens, Meme file;VU seul 1,5T <= PTAC <= 3,5T;50;Feminin;Blessee Leger;Non renseignee ;2;2;0;0;2;0;Senior actif (50-64);Sans pieton;Sans moto;2 VL;Sans poids lourd;Senior actif (50-64);2 usagers
Leger;13/10/2020;07:50;Gennevilliers;Crepuscule ou aube;Pluie legere;Hors intersection;Autoroute;Non renseignee ;Motocyclette > 125 cm3;Entre 2 files;Non renseignee ;21;Feminin;Blessee Leger;Non renseignee ;2;2;0;1;1;0;Jeune adulte (18-24);Sans pieton;Avec moto;1 VL;Sans poids lourd;Jeune adulte (18-24);2 usagers
Leger;22/02/2007;18:20;Non renseignee nterre;Crepuscule ou aube;Autre;Hors intersection;Non renseignee ;Collision par l'arriere;VL seul;Sans changement de direction;PL seul 3,5T <PTCA <= 7,5T;29;Feminin;Blessee Leger;Non renseignee ;2;2;0;0;1;1;Adulte jeune (25-34);Sans pieton;Sans moto;1 VL;Avec poids lourd;Adulte jeune (25-34);2 usagers
Leger;18/03/2007;13:20;Boulogne-Billancourt;Plein jour;Autre;Intersection en T;Non renseignee ;Collision par le cote;VU seul 1,5T <= PTAC <= 3,5T;TourNon renseignee nt A'auche;Bicyclette;33;Masculin;Indemne;Non renseignee ;2;2;0;0;1;0;Adulte jeune (25-34);Sans pieton ;Sans moto;1 VL;Sans poids lourd;Adulte jeune (25-34);2 usagers
Leger;02/04/2007;11:30;Meudon;Plein jour;Autre;Intersection en X;Route departementale;Collision par le cote;VU seul 1,5T <= PTAC <= 3,5T;Sans changement de direction;Scooter < 50 cm3;59;Masculin;Indemne;Non renseignee ;2;2;0;0;1;0;Senior actif (50-64);Sans pieton;Sans moto;1 VL;Sans poids lourd;Senior actif (50-64);2 usagers
Leger;07/06/2007;17:30;Meudon;Plein jour;Autre;Intersection en T;Non renseignee ;Autre collision;VL seul;TourNon renseignee nt A'auche;Non renseignee ;38;Feminin;Indemne;Non renseignee ;2;1;1;0;1;0;Adulte (35-49);Avec pieton;Sans moto;1 VL;Sans poids lourd;Adulte (35-49);2 usagers
Leger;17/06/2007;17:45;Boulogne-Billancourt;Plein jour;Pluie forte;Intersection en X;Route departementale;Collision par le cote;VL seul;TourNon renseignee nt A'auche;Scooter > 50 cm3 et <= 125 cm3;43;Feminin;Indemne;Non renseignee ;2;2;0;1;1;0;Adulte (35-49);Sans pieton ;Avec moto;1 VL;Sans poids lourd;Adulte (35-49);2 usagers
Leger;10/01/2007;09:40;Meudon;Plein jour;Autre;Hors intersection;Route departementale;Collision par l'arriere;VL seul;Meme sens, Meme file;PL seul > 7,5T;34;Feminin;Blessee Leger;Non renseignee ;2;2;0;0;1;1;Adulte jeune (25-34);Sans pieton;Sans moto;1 VL;Avec poids lourd;Adulte jeune (25-34);2 usagers
Grave;22/12/2007;17:15;Meudon;Plein jour;Autre;Intersection en T;Route departementale;Collision par le cote;Scooter > 125 cm3;Sans changement de direction;VL seul;30;Masculin;Blessee hospitalisee;Non renseignee ;2;2;0;1;1;0;Adulte jeune (25-34);Sans pieton;Avec moto;1 VL;Sans poids lourd;Adulte jeune (25-34);2 usagers
Leger;14/03/2007;14:10;Courbevoie;Plein jour;Autre;Intersection en X;Route Non renseignee tioNon renseignee le;Collisions multiples;VL seul;Ouverture de porte;Scooter > 50 cm3 et <= 125 cm3;39;Masculin;Indemne;Non renseignee ;3;3;0;1;2;0;Adulte (35-49);Sans pieton;Avec moto;2 VL;Sans poids lourd;Adulte (35-49);3-5 usagers
Leger;12/11/2007;10:35;Boulogne-Billancourt;Plein jour;Autre;Giratoire;Non renseignee ;Collision par le cote;PL seul 3,5T <PTCA <= 7,5T;TourNon renseignee nt A$roite;Motocyclette > 50 cm3 et <= 125 cm3;36;Masculin;Indemne;Non renseignee ;2;2;0;1;0;1;Adulte (35-49);Sans pieton ;Avec moto;Aucun VL;Avec poids lourd;Adulte (35-49);2 usagers
Leger;01/06/2007;10:40;Boulogne-Billancourt;Plein jour;Autre;Intersection en T;Non renseignee ;Autre collision;VL seul;En marche arriere;Non renseignee ;53;Masculin;Indemne;Non renseignee ;2;1;1;0;1;0;Senior actif (50-64);Avec pieton;Sans moto;1 VL;Sans poids lourd;Senior actif (50-64);2 usagers
Leger;29/06/2007;16:30;Boulogne-Billancourt;Plein jour;Autre;Giratoire;Route departementale;Collision par le cote;VL seul;TourNon renseignee nt A'auche;VL seul;35;Masculin;Blessee Leger;Non renseignee ;2;2;0;0;2;0;Adulte (35-49);Sans pieton ;Sans moto;2 VL;Sans poids lourd;Adulte (35-49);2 usagers
Leger;10/06/2007;13:10;Clamart;Plein jour;Autre;Hors intersection;Non renseignee ;Autre collision;VL seul;Non renseignee ;Non renseignee ;6;Masculin;Blessee Leger;Non renseignee ;1;1;1;0;1;0;Mineur (-18 ans);Avec pieton;Sans moto;1 VL;Sans poids lourd;Mineur (-18 ans);1 usager
Leger;12/06/2007;17:15;La Garenne-Colombes;Plein jour;Autre;Hors intersection;Route departementale;Collision par le cote;VL seul;S inserant;Motocyclette > 125 cm3;58;Masculin;Indemne;Non renseignee ;2;2;0;1;1;0;Senior actif (50-64);Sans pieton;Avec moto;1 VL;Sans poids lourd;Senior actif (50-64);2 usagers
Grave;10/01/2007;20:50;Courbevoie;Nuit avec eclairage public allumee;Pluie legere;Intersection en T;Non renseignee ;Collision par l'arriere;Scooter > 50 cm3 et <= 125 cm3;Sans changement de direction;VL seul;19;Feminin;Blessee hospitalisee;Non renseignee ;2;2;0;1;1;0;Jeune adulte (18-24);Sans pieton;Avec moto;1 VL;Sans poids lourd;Jeune adulte (18-24);2 usagers
Leger;10/07/2007;19:46;Courbevoie;Plein jour;Temps couvert;Place;Route departementale;Collision par le cote;Motocyclette > 50 cm3 et <= 125 cm3;Sans changement de direction;VL seul;40;Masculin;Blessee Leger;Non renseignee ;2;2;0;1;1;0;Adulte (35-49);Sans pieton;Avec moto;1 VL;Sans poids lourd;Adulte (35-49);2 usagers
Leger;06/03/2007;10:15;Courbevoie;Plein jour;Pluie legere;Hors intersection;Non renseignee ;Collision par le cote;Scooter > 50 cm3 et <= 125 cm3;S inserant;Motocyclette > 125 cm3;29;Masculin;Blessee Leger;Non renseignee ;2;2;0;2;0;0;Adulte jeune (25-34);Sans pieton;Avec moto;Aucun VL;Sans poids lourd;Adulte jeune (25-34);2 usagers
Leger;08/05/2007;21:15;Neuilly-sur-Seine;Crepuscule ou aube;Autre;Hors intersection;Non renseignee ;Collision par l'arriere;VL seul;Meme sens, Meme file;VL seul;40;Masculin;Indemne;Non renseignee ;2;2;0;0;2;0;Adulte (35-49);Sans pieton;Sans moto;2 VL;Sans poids lourd;Adulte (35-49);2 usagers
Grave;15/07/2007;23:30;Neuilly-sur-Seine;Nuit avec eclairage public allumee;Autre;Hors intersection;Non renseignee ;Sans collision;VL seul;Sans changement de direction;Non renseignee ;50;Feminin;Blessee hospitalisee;Non renseignee ;1;1;0;0;1;0;Senior actif (50-64);Sans pieton;Sans moto;1 VL;Sans poids lourd;Senior actif (50-64);1 usager
Leger;27/09/2007;09:10;Boulogne-Billancourt;Plein jour;Autre;Hors intersection;Route departementale;Autre collision;VL seul;Sans changement de direction;Non renseignee ;35;Feminin;Indemne;Non renseignee ;2;1;1;0;1;0;Adulte (35-49);Avec pieton;Sans moto;1 VL;Sans poids lourd;Adulte (35-49);2 usagers
Leger;27/08/2007;10:00;Clamart;Plein jour;Autre;Intersection en T;Non renseignee ;Collision par l'arriere;Motocyclette > 125 cm3;Meme sens, Meme file;VU seul 1,5T <= PTAC <= 3,5T;21;Masculin;Blessee Leger;Non renseignee ;3;2;0;1;1;0;Jeune adulte (18-24);Sans pieton;Avec moto;1 VL;Sans poids lourd;Jeune adulte (18-24);3-5 usagers
Leger;03/07/2007;09:30;Clamart;Plein jour;Pluie legere;Intersection en T;Route departementale;Collision par le cote;VU seul 1,5T <= PTAC <= 3,5T;TourNon renseignee nt A'auche;Motocyclette > 50 cm3 et <= 125 cm3;21;Masculin;Blessee Leger;Non renseignee ;2;2;0;1;1;0;Jeune adulte (18-24);Sans pieton ;Avec moto;1 VL;Sans poids lourd;Jeune adulte (18-24);2 usagers
Leger;02/03/2007;18:45;ChateNon renseignee y-Malabry;Nuit avec eclairage public allumee;Pluie legere;Hors intersection;Route Non renseignee tioNon renseignee le;Collisions en chaine;VL seul;Non renseignee ;VL seul;56;Masculin;Indemne;Non renseignee ;3;3;0;0;3;0;Senior actif (50-64);Sans pieton;Sans moto;3 VL ou plus;Sans poids lourd;Senior actif (50-64);3-5 usagers
Leger;05/08/2007;18:45;ChateNon renseignee y-Malabry;Plein jour;Autre;Hors intersection;Route Non renseignee tioNon renseignee le;Sans collision;Scooter > 50 cm3 et <= 125 cm3;Sans changement de direction;Non renseignee ;23;Masculin;Blessee Leger;Non renseignee ;1;1;0;1;0;0;Jeune adulte (18-24);Sans pieton;Avec moto;Aucun VL;Sans poids lourd;Jeune adulte (18-24);1 usager
Leger;27/02/2007;12:00;Colombes;Plein jour;Pluie legere;Intersection en T;Non renseignee ;Collision par le cote;VL seul;Sans changement de direction;VL seul;46;Masculin;Indemne;Non renseignee ;2;2;0;0;2;0;Adulte (35-49);Sans pieton;Sans moto;2 VL;Sans poids lourd;Adulte (35-49);2 usagers
Leger;09/12/2007;21:20;Courbevoie;Nuit avec eclairage public allumee;Pluie legere;Intersection en X;Route departementale;Sans collision;Cyclomoteur <50cm3;Sedeportant A'auche;Non renseignee ;17;Masculin;Blessee Leger;Non renseignee ;1;1;0;0;0;0;Mineur (-18 ans);Sans pieton ;Sans moto;Aucun VL;Sans poids lourd;Mineur (-18 ans);1 usager
Leger;19/12/2007;13:10;Neuilly-sur-Seine;Plein jour;Autre;Hors intersection;Route Non renseignee tioNon renseignee le;Collision par le cote;VL seul;Changeant de file A'auche;Motocyclette > 50 cm3 et <= 125 cm3;46;Masculin;Indemne;Non renseignee ;2;2;0;1;1;0;Adulte (35-49);Sans pieton;Avec moto;1 VL;Sans poids lourd;Adulte (35-49);2 usagers
Leger;14/03/2007;14:50;Neuilly-sur-Seine;Plein jour;Autre;Hors intersection;Route departementale;Collision par l'arriere;Scooter > 50 cm3 et <= 125 cm3;Meme sens, Meme file;VL seul;62;Masculin;Blessee Leger;Non renseignee ;2;2;0;1;1;0;Senior actif (50-64);Sans pieton;Avec moto;1 VL;Sans poids lourd;Senior actif (50-64);2 usagers
Grave;08/11/2007;07:05;Issy-les-Moulineaux;Crepuscule ou aube;Pluie legere;Hors intersection;Route departementale;Autre collision;VL seul;Sans changement de direction;Non renseignee ;49;Masculin;Indemne;Non renseignee ;2;1;1;0;1;0;Adulte (35-49);Avec pieton;Sans moto;1 VL;Sans poids lourd;Adulte (35-49);2 usagers
Leger;28/03/2007;18:10;Issy-les-Moulineaux;Plein jour;Autre;Hors intersection;Non renseignee ;Collision par le cote;Bicyclette;S inserant;VL seul;51;Feminin;Blessee Leger;Non renseignee ;2;2;0;0;1;0;Senior actif (50-64);Sans pieton;Sans moto;1 VL;Sans poids lourd;Senior actif (50-64);2 usagers
Leger;13/06/2007;08:45;Issy-les-Moulineaux;Plein jour;Autre;Hors intersection;Route departementale;Collision par le cote;Cyclomoteur <50cm3;Non renseignee ;VL seul;21;Feminin;Blessee Leger;Non renseignee ;2;2;0;0;1;0;Jeune adulte (18-24);Sans pieton;Sans moto;1 VL;Sans poids lourd;Jeune adulte (18-24);2 usagers
Grave;13/06/2007;10:25;Issy-les-Moulineaux;Plein jour;Autre;Hors intersection;Route departementale;Autre collision;VL seul;Sans changement de direction;Non renseignee ;28;Feminin;Indemne;Non renseignee ;2;1;1;0;1;0;Adulte jeune (25-34);Avec pieton;Sans moto;1 VL;Sans poids lourd;Adulte jeune (25-34);2 usagers
Mortel;08/09/2007;20:30;Clamart;Crepuscule ou aube;Autre;Intersection en T;Route departementale;Collision par le cote;VL seul;TourNon renseignee nt A'auche;Motocyclette > 125 cm3;20;Masculin;Indemne;Non renseignee ;3;2;0;1;1;0;Jeune adulte (18-24);Sans pieton ;Avec moto;1 VL;Sans poids lourd;Jeune adulte (18-24);3-5 usagers
Leger;20/10/2007;20:00;Bois-Colombes;Nuit avec eclairage public allumee;Autre;Place;Route departementale;Autre collision;VL seul;TourNon renseignee nt A'auche;Non renseignee ;30;Masculin;Indemne;Non renseignee ;2;1;1;0;1;0;Adulte jeune (25-34);Avec pieton;Sans moto;1 VL;Sans poids lourd;Adulte jeune (25-34);2 usagers
Leger;15/06/2007;17:10;Neuilly-sur-Seine;Plein jour;Autre;Intersection en T;Non renseignee ;Collisions en chaine;VL seul;Meme sens, Meme file;VL seul;26;Masculin;Indemne;Non renseignee ;3;3;0;0;3;0;Adulte jeune (25-34);Sans pieton;Sans moto;3 VL ou plus;Sans poids lourd;Adulte jeune (25-34);3-5 usagers
Grave;23/10/2007;19:30;Neuilly-sur-Seine;Nuit avec eclairage public allumee;Autre;Intersection en T;Non renseignee ;Collision par le cote;VL seul;Non renseignee ;Cyclomoteur <50cm3;81;Masculin;Indemne;Non renseignee ;3;2;0;0;1;0;Senior (65+);Sans pieton;Sans moto;1 VL;Sans poids lourd;Senior (65+);3-5 usagers
Leger;20/12/2007;04:45;Neuilly-sur-Seine;Nuit avec eclairage public allumee;Autre;Intersection en T;Route Non renseignee tioNon renseignee le;Collisions multiples;VL seul;Sans changement de direction;VL seul;19;Masculin;Blessee Leger;Non renseignee ;4;4;0;0;4;0;Jeune adulte (18-24);Sans pieton;Sans moto;3 VL ou plus;Sans poids lourd;Jeune adulte (18-24);3-5 usagers
Mortel;19/11/2007;23:45;Neuilly-sur-Seine;Nuit avec eclairage public allumee;Autre;Hors intersection;Route Non renseignee tioNon renseignee le;Collision par le cote;Scooter > 50 cm3 et <= 125 cm3;Non renseignee ;VL seul;22;Masculin;Tue;Non renseignee ;4;2;0;1;1;0;Jeune adulte (18-24);Sans pieton;Avec moto;1 VL;Sans poids lourd;Jeune adulte (18-24);3-5 usagers
Grave;22/08/2007;12:00;Gennevilliers;Plein jour;Pluie legere;Hors intersection;Autoroute;Collisions en chaine;VU seul 1,5T <= PTAC <= 3,5T;Non renseignee ;VU seul 1,5T <= PTAC <= 3,5T;52;Masculin;Indemne;Non renseignee ;5;3;0;0;2;1;Senior actif (50-64);Sans pieton;Sans moto;2 VL;Avec poids lourd;Senior actif (50-64);3-5 usagers
Leger;16/07/2007;09:10;Asnieres-sur-Seine;Plein jour;Autre;Intersection en X;Route departementale;Autre collision;VL seul;Sans changement de direction;Non renseignee ;28;Feminin;Indemne;Non renseignee ;2;1;1;0;1;0;Adulte jeune (25-34);Avec pieton;Sans moto;1 VL;Sans poids lourd;Adulte jeune (25-34);2 usagers
Leger;26/01/2007;07:35;Asnieres-sur-Seine;Plein jour;Autre;Intersection en X;Route departementale;Autre collision;VL seul;TourNon renseignee nt A'auche;Non renseignee ;44;Masculin;Indemne;Non renseignee ;2;1;1;0;1;0;Adulte (35-49);Avec pieton;Sans moto;1 VL;Sans poids lourd;Adulte (35-49);2 usagers
Leger;23/04/2007;09:35;Courbevoie;Plein jour;Autre;Hors intersection;Route departementale;Collisions en chaine;VL seul;Sans changement de direction;VL seul;37;Masculin;Indemne;Non renseignee ;4;3;0;0;3;0;Adulte (35-49);Sans pieton;Sans moto;3 VL ou plus;Sans poids lourd;Adulte (35-49);3-5 usagers
Leger;14/12/2007;12:10;Neuilly-sur-Seine;Plein jour;Autre;Hors intersection;Non renseignee ;Collision par l'arriere;VU seul 1,5T <= PTAC <= 3,5T;En marche arriere;Bicyclette;21;Masculin;Indemne;Non renseignee ;2;2;0;0;1;0;Jeune adulte (18-24);Sans pieton;Sans moto;1 VL;Sans poids lourd;Jeune adulte (18-24);2 usagers
Leger;16/11/2007;15:55;Neuilly-sur-Seine;Plein jour;Autre;Hors intersection;Route Non renseignee tioNon renseignee le;Collision par le cote;VL seul;Meme sens, Meme file;Motocyclette > 125 cm3;29;Masculin;Indemne;Non renseignee ;2;2;0;1;1;0;Adulte jeune (25-34);Sans pieton;Avec moto;1 VL;Sans poids lourd;Adulte jeune (25-34);2 usagers
Leger;04/04/2007;10:10;Neuilly-sur-Seine;Plein jour;Autre;Intersection en X;Non renseignee ;Autre collision;VL seul;En marche arriere;Non renseignee ;44;Masculin;Indemne;Non renseignee ;2;1;1;0;1;0;Adulte (35-49);Avec pieton;Sans moto;1 VL;Sans poids lourd;Adulte (35-49);2 usagers
Leger;02/01/2007;20:15;Gennevilliers;Nuit avec eclairage public allumee;Pluie legere;Intersection en X;Route departementale;Collision par le cote;VL seul;Sans changement de direction;Motocyclette > 50 cm3 et <= 125 cm3;42;Feminin;Indemne;Non renseignee ;2;2;0;1;1;0;Adulte (35-49);Sans pieton;Avec moto;1 VL;Sans poids lourd;Adulte (35-49);2 usagers
Leger;11/08/2007;00:10;Asnieres-sur-Seine;Nuit avec eclairage public allumee;Autre;Intersection en T;Route departementale;Collision par le cote;Motocyclette > 50 cm3 et <= 125 cm3;Arrete (hors stationnement);VL seul;41;Feminin;Blessee Leger;Non renseignee ;3;2;0;1;1;0;Adulte (35-49);Sans pieton;Avec moto;1 VL;Sans poids lourd;Adulte (35-49);3-5 usagers
Leger;03/12/2007;22:00;Antony;Nuit avec eclairage public allumee;Autre;Intersection en T;Route departementale;Collision par le cote;Scooter > 125 cm3;TourNon renseignee nt A'auche;Motocyclette > 125 cm3;28;Masculin;Blessee Leger;Non renseignee ;2;2;0;2;0;0;Adulte jeune (25-34);Sans pieton ;Avec moto;Aucun VL;Sans poids lourd;Adulte jeune (25-34);2 usagers
Leger;18/07/2007;06:55;Gennevilliers;Plein jour;Autre;Intersection en X;Route departementale;Autre collision;VL seul;Sans changement de direction;Non renseignee ;36;Masculin;Indemne;Non renseignee ;2;1;1;0;1;0;Adulte (35-49);Avec pieton;Sans moto;1 VL;Sans poids lourd;Adulte (35-49);2 usagers
Leger;02/02/2007;11:30;Vanves;Plein jour;Temps couvert;Intersection en T;Non renseignee ;Collision frontale;Scooter < 50 cm3;Sans changement de direction;VL seul;23;Masculin;Blessee Leger;Non renseignee ;2;2;0;0;1;0;Jeune adulte (18-24);Sans pieton;Sans moto;1 VL;Sans poids lourd;Jeune adulte (18-24);2 usagers
Mortel;19/08/2007;14:00;Gennevilliers;Plein jour;Pluie forte;Hors intersection;Autoroute;Autre collision;VL seul;Arrete (hors stationnement);VL seul;73;Masculin;Tue;Non renseignee ;2;2;1;0;2;0;Senior (65+);Avec pieton;Sans moto;2 VL;Sans poids lourd;Senior (65+);2 usagers
Leger;18/05/2007;11:50;Gennevilliers;Plein jour;Autre;Intersection en T;Non renseignee ;Collision par le cote;VL seul;S inserant;VL seul;29;Masculin;Indemne;Non renseignee ;2;2;0;0;2;0;Adulte jeune (25-34);Sans pieton;Sans moto;2 VL;Sans poids lourd;Adulte jeune (25-34);2 usagers
Leger;13/10/2014;08:41;Colombes;Plein jour;Autre;Hors intersection;Autoroute;Collision par le cote;VL seul;Changeant de file A'auche;Motocyclette > 125 cm3;21;Masculin;Indemne;Non renseignee ;2;2;0;1;1;0;Jeune adulte (18-24);Sans pieton;Avec moto;1 VL;Sans poids lourd;Jeune adulte (18-24);2 usagers
Leger;26/11/2014;17:40;Colombes;Nuit sanseclairage public;Pluie legere;Hors intersection;Autoroute;Collision par le cote;Motocyclette > 125 cm3;Sans changement de direction;VL seul;30;Masculin;Blessee Leger;Non renseignee ;2;2;0;1;1;0;Adulte jeune (25-34);Sans pieton;Avec moto;1 VL;Sans poids lourd;Adulte jeune (25-34);2 usagers
Leger;29/10/2014;18:50;ChateNon renseignee y-Malabry;Nuit sanseclairage public;Autre;Hors intersection;Autoroute;Collision par le cote;Motocyclette > 125 cm3;Entre 2 files;VL seul;20;Masculin;Blessee Leger;Non renseignee ;2;2;0;1;1;0;Jeune adulte (18-24);Sans pieton;Avec moto;1 VL;Sans poids lourd;Jeune adulte (18-24);2 usagers
Leger;19/04/2014;18:40;Antony;Plein jour;Autre;Intersection en Y;Route departementale;Collision par le cote;Scooter > 125 cm3;Meme sens, Meme file;VL seul;35;Masculin;Blessee Leger;Non renseignee ;2;2;0;1;1;0;Adulte (35-49);Sans pieton;Avec moto;1 VL;Sans poids lourd;Adulte (35-49);2 usagers
Leger;20/06/2014;09:00;Boulogne-Billancourt;Plein jour;Autre;Hors intersection;Voie commuNon renseignee le;Collision par le cote;VL seul;Changeant de file A'auche;Motocyclette > 50 cm3 et <= 125 cm3;46;Feminin;Indemne;Non renseignee ;2;2;0;1;1;0;Adulte (35-49);Sans pieton;Avec moto;1 VL;Sans poids lourd;Adulte (35-49);2 usagers
Leger;26/06/2014;21:15;Boulogne-Billancourt;Plein jour;Pluie legere;Intersection en X;Voie commuNon renseignee le;Sans collision;Motocyclette > 50 cm3 et <= 125 cm3;Sans changement de direction;Non renseignee ;26;Masculin;Blessee Leger;Non renseignee ;1;1;0;1;0;0;Adulte jeune (25-34);Sans pieton;Avec moto;Aucun VL;Sans poids lourd;Adulte jeune (25-34);1 usager
Leger;04/07/2014;00:10;Boulogne-Billancourt;Nuit avec eclairage public allumee;Autre;Intersection en T;Voie commuNon renseignee le;Sans collision;Motocyclette > 125 cm3;TourNon renseignee nt A$roite;Non renseignee ;49;Masculin;Blessee Leger;Non renseignee ;1;1;0;1;0;0;Adulte (35-49);Sans pieton ;Avec moto;Aucun VL;Sans poids lourd;Adulte (35-49);1 usager
Leger;29/10/2014;15:30;Boulogne-Billancourt;Plein jour;Autre;Intersection en X;Voie commuNon renseignee le;Sans collision;Scooter > 50 cm3 et <= 125 cm3;Sans changement de direction;Non renseignee ;52;Masculin;Blessee Leger;Non renseignee ;1;1;0;1;0;0;Senior actif (50-64);Sans pieton;Avec moto;Aucun VL;Sans poids lourd;Senior actif (50-64);1 usager
Leger;27/05/2014;15:30;Clamart;Plein jour;Autre;Hors intersection;Route departementale;Collision par le cote;VU seul 1,5T <= PTAC <= 3,5T;TourNon renseignee nt A'auche;Motocyclette > 125 cm3;33;Masculin;Indemne;Non renseignee ;2;2;0;1;1;0;Adulte jeune (25-34);Sans pieton ;Avec moto;1 VL;Sans poids lourd;Adulte jeune (25-34);2 usagers
Leger;02/10/2014;09:50;Clichy;Plein jour;Autre;Intersection en X;Voie commuNon renseignee le;Collision par le cote;Motocyclette > 125 cm3;Sans changement de direction;VL seul;41;Masculin;Blessee Leger;Non renseignee ;2;2;0;1;1;0;Adulte (35-49);Sans pieton;Avec moto;1 VL;Sans poids lourd;Adulte (35-49);2 usagers
Leger;18/11/2014;09:35;Clichy;Plein jour;Autre;Hors intersection;Route departementale;Collisions en chaine;VL seul;Ouverture de porte;Motocyclette > 125 cm3;34;Feminin;Indemne;Non renseignee ;3;3;0;1;2;0;Adulte jeune (25-34);Sans pieton;Avec moto;2 VL;Sans poids lourd;Adulte jeune (25-34);3-5 usagers
Leger;17/10/2014;17:50;Colombes;Plein jour;Autre;Hors intersection;Voie commuNon renseignee le;Collisions en chaine;VL seul;Sans changement de direction;VL seul;40;Feminin;Indemne;Non renseignee ;4;4;0;1;3;0;Adulte (35-49);Sans pieton;Avec moto;3 VL ou plus;Sans poids lourd;Adulte (35-49);3-5 usagers
Leger;23/12/2014;08:20;Colombes;Plein jour;Autre;Intersection en X;Route departementale;Collision par le cote;VL seul;En faisant demi-tour sur la chaussee;Motocyclette > 125 cm3;62;Masculin;Indemne;Non renseignee ;2;2;0;1;1;0;Senior actif (50-64);Sans pieton;Avec moto;1 VL;Sans poids lourd;Senior actif (50-64);2 usagers
Leger;07/07/2014;14:18;Courbevoie;Plein jour;Autre;Giratoire;Route departementale;Collisions multiples;Scooter > 50 cm3 et <= 125 cm3;Sans changement de direction;VL seul;34;Masculin;Blessee Leger;Non renseignee ;3;3;0;1;2;0;Adulte jeune (25-34);Sans pieton;Avec moto;2 VL;Sans poids lourd;Adulte jeune (25-34);3-5 usagers
Leger;13/11/2014;08:55;La Garenne-Colombes;Plein jour;Autre;Intersection en T;Route departementale;Collision par le cote;VL seul;TourNon renseignee nt A'auche;Scooter > 125 cm3;38;Masculin;Indemne;Non renseignee ;2;2;0;1;1;0;Adulte (35-49);Sans pieton ;Avec moto;1 VL;Sans poids lourd;Adulte (35-49);2 usagers
Leger;10/10/2014;16:15;Gennevilliers;Plein jour;Autre;Hors intersection;Route departementale;Collision par le cote;VU seul 1,5T <= PTAC <= 3,5T;Sedeportant A'auche;Scooter > 125 cm3;53;Masculin;Indemne;Non renseignee ;2;2;0;1;1;0;Senior actif (50-64);Sans pieton ;Avec moto;1 VL;Sans poids lourd;Senior actif (50-64);2 usagers
Leger;03/12/2014;18:00;Gennevilliers;Nuit avec eclairage public allumee;Autre;Intersection en X;Voie commuNon renseignee le;Collision par le cote;VL seul;TourNon renseignee nt A'auche;Motocyclette > 125 cm3;57;Masculin;Indemne;Non renseignee ;2;2;0;1;1;0;Senior actif (50-64);Sans pieton ;Avec moto;1 VL;Sans poids lourd;Senior actif (50-64);2 usagers
Leger;17/03/2014;14:30;Gennevilliers;Plein jour;Autre;Giratoire;Voie commuNon renseignee le;Collision par le cote;PL seul > 7,5T;Sans changement de direction;Scooter > 50 cm3 et <= 125 cm3;57;Masculin;Blessee Leger;Non renseignee ;2;2;0;1;0;1;Senior actif (50-64);Sans pieton;Avec moto;Aucun VL;Avec poids lourd;Senior actif (50-64);2 usagers