type_acci;date;heure;commune;luminosite_accident;cond_atmos;Intersection;categorie_route;type_collision;type_vehicule_1;manoeuvre_vehicule_1;type_vehicule_2;age_usager;sexe_usager;gravite_usager;etat_usager;nombre_usagers;nb_veh;nombre_pietons;nombre_motos;nombre_vl;nombre_pl;age_usa1_categ;accident_pieton;accident_moto;categorie_vl;accident_pl;categorie_age;categorie_usagers
Leger;13/03/2019;12:20;Levallois-Perret;Plein jour;Pluie legere;Intersection en T;Voie commuNon renseignee le;Non renseignee ;3RM > 50 cm3 <= 125 cm3;Sans changement de direction;Non renseignee ;38;Feminin;Blessee Leger;Non renseignee ;2;1;1;1;0;0;Adulte (35-49);Avec pieton;Avec moto;Aucun VL;Sans poids lourd;Adulte (35-49);2 usagers
Leger;31/05/2021;09:20;Non renseignee nterre;Plein jour;Normale;Hors intersection;Autoroute;Non renseignee ;Non renseignee ;Depassant A'auche;Non renseignee ;29;Masculin;Blessee Leger;Non renseignee ;5;4;0;0;4;0;Adulte jeune (25-34);Sans pieton;Sans moto;3 VL ou plus;Sans poids lourd;Adulte jeune (25-34);3-5 usagers
Leger;23/09/2021;14:25;Clichy;Plein jour;Normale;Hors intersection;Route departementale;Non renseignee ;3RM > 125 cm3;Sans changement de direction;Non renseignee ;44;Masculin;Blessee Leger;Non renseignee ;2;1;1;1;0;0;Adulte (35-49);Avec pieton;Avec moto;Aucun VL;Sans poids lourd;Adulte (35-49);2 usagers
Leger;07/04/2019;17:55;Courbevoie;Plein jour;Temps couvert;Hors intersection;Voie commuNon renseignee le;Non renseignee ;Non renseignee ;Sans changement de direction;Non renseignee ;52;Masculin;Indemne;Non renseignee ;2;1;1;0;1;0;Senior actif (50-64);Avec pieton;Sans moto;1 VL;Sans poids lourd;Senior actif (50-64);2 usagers
Leger;19/12/2020;13:51;Levallois-Perret;Plein jour;Pluie legere;Intersection en X;Route departementale;Non renseignee ;Non renseignee ;TourNon renseignee nt A$roite;Non renseignee ;26;Feminin;Blessee Leger;Non renseignee ;3;2;0;0;2;0;Adulte jeune (25-34);Sans pieton ;Sans moto;2 VL;Sans poids lourd;Adulte jeune (25-34);3-5 usagers
Leger;19/01/2019;23:15;Levallois-Perret;Nuit avec eclairage public allumee;Pluie forte;Intersection A0lus de 4 branches;Route departementale;Non renseignee ;Non renseignee ;TourNon renseignee nt A'auche;Non renseignee ;18;Masculin;Blessee Leger;Non renseignee ;3;2;0;0;1;0;Jeune adulte (18-24);Sans pieton ;Sans moto;1 VL;Sans poids lourd;Jeune adulte (18-24);3-5 usagers
Leger;13/03/2019;09:15;Non renseignee nterre;Plein jour;Normale;Hors intersection;Route departementale;Non renseignee ;Scooter > 125 cm3;Meme sens, Meme file;Non renseignee ;47;Masculin;Blessee Leger;Non renseignee ;2;2;0;1;1;0;Adulte (35-49);Sans pieton;Avec moto;1 VL;Sans poids lourd;Adulte (35-49);2 usagers
Leger;19/09/2020;11:48;Courbevoie;Plein jour;Normale;Hors intersection;Voie commuNon renseignee le;Non renseignee ;Non renseignee ;Sans changement de direction;Non renseignee ;15;Masculin;Blessee Leger;Non renseignee ;2;1;1;0;1;0;Mineur (-18 ans);Avec pieton;Sans moto;1 VL;Sans poids lourd;Mineur (-18 ans);2 usagers
Leger;30/06/2020;18:30;Courbevoie;Plein jour;Normale;Intersection en T;Route departementale;Non renseignee ;Scooter < 50 cm3;Sans changement de direction;Non renseignee ;21;Masculin;Blessee Leger;Non renseignee ;2;2;0;0;1;0;Jeune adulte (18-24);Sans pieton;Sans moto;1 VL;Sans poids lourd;Jeune adulte (18-24);2 usagers
Leger;10/07/2019;17:00;Courbevoie;Plein jour;Normale;Hors intersection;Route departementale;Non renseignee ;Non renseignee ;Meme sens, Meme file;Non renseignee ;33;Masculin;Blessee Leger;Non renseignee ;1;2;0;0;1;0;Adulte jeune (25-34);Sans pieton;Sans moto;1 VL;Sans poids lourd;Adulte jeune (25-34);1 usager
Leger;04/09/2019;01:25;Non renseignee nterre;Nuit avec eclairage public allumee;Normale;Hors intersection;Autoroute;Non renseignee ;Scooter > 50 cm3 et <= 125 cm3;Autres manoeuvre;Non renseignee ;25;Feminin;Blessee Leger;Non renseignee ;1;1;0;1;0;0;Adulte jeune (25-34);Sans pieton;Avec moto;Aucun VL;Sans poids lourd;Adulte jeune (25-34);1 usager
Grave;18/07/2020;22:50;Clichy;Nuit avec eclairage public allumee;Normale;Intersection en T;Route departementale;Non renseignee ;Scooter > 50 cm3 et <= 125 cm3;Autres manoeuvre;Non renseignee ;22;Masculin;Blessee Leger;Non renseignee ;2;1;1;1;0;0;Jeune adulte (18-24);Avec pieton;Avec moto;Aucun VL;Sans poids lourd;Jeune adulte (18-24);2 usagers
Leger;19/12/2013;17:10;Colombes;Crepuscule ou aube;Autre;Intersection en T;Route departementale;Collision par le cote;VL seul;Sans changement de direction;Bicyclette;29;Masculin;Indemne;Non renseignee ;2;2;0;0;1;0;Adulte jeune (25-34);Sans pieton;Sans moto;1 VL;Sans poids lourd;Adulte jeune (25-34);2 usagers
Leger;22/01/2013;00:20;Courbevoie;Nuit avec eclairage public allumee;Autre;Hors intersection;Route departementale;Sans collision;Scooter < 50 cm3;Sans changement de direction;Non renseignee ;17;Feminin;Blessee Leger;Non renseignee ;1;1;0;0;0;0;Mineur (-18 ans);Sans pieton;Sans moto;Aucun VL;Sans poids lourd;Mineur (-18 ans);1 usager
Leger;05/06/2013;01:30;Courbevoie;Nuit avec eclairage public allumee;Autre;Hors intersection;Voie commuNon renseignee le;Autre collision;Scooter > 125 cm3;Sans changement de direction;Non renseignee ;22;Masculin;Blessee Leger;Non renseignee ;1;1;1;1;0;0;Jeune adulte (18-24);Avec pieton;Avec moto;Aucun VL;Sans poids lourd;Jeune adulte (18-24);1 usager
Leger;05/08/2013;18:50;Courbevoie;Plein jour;Autre;Intersection en T;Voie commuNon renseignee le;Autre collision;VL seul;Sans changement de direction;Non renseignee ;22;Feminin;Indemne;Non renseignee ;2;1;1;0;1;0;Jeune adulte (18-24);Avec pieton;Sans moto;1 VL;Sans poids lourd;Jeune adulte (18-24);2 usagers
Leger;04/09/2013;17:40;Courbevoie;Plein jour;Autre;Hors intersection;Route departementale;Collision par le cote;Scooter > 50 cm3 et <= 125 cm3;Sans changement de direction;VL seul;25;Masculin;Blessee Leger;Non renseignee ;2;2;0;1;1;0;Adulte jeune (25-34);Sans pieton;Avec moto;1 VL;Sans poids lourd;Adulte jeune (25-34);2 usagers
Leger;08/12/2013;14:00;Courbevoie;Plein jour;Autre;Intersection en X;Route departementale;Collision par le cote;VL seul;Sans changement de direction;Scooter < 50 cm3;25;Feminin;Indemne;Non renseignee ;2;2;0;0;1;0;Adulte jeune (25-34);Sans pieton;Sans moto;1 VL;Sans poids lourd;Adulte jeune (25-34);2 usagers
Leger;13/04/2013;08:30;Gennevilliers;Plein jour;Autre;Hors intersection;Route departementale;Collision par le cote;VU seul 1,5T <= PTAC <= 3,5T;Sans changement de direction;Autobus;36;Masculin;Blessee Leger;Non renseignee ;3;2;0;0;1;0;Adulte (35-49);Sans pieton;Sans moto;1 VL;Sans poids lourd;Adulte (35-49);3-5 usagers
Leger;27/09/2013;08:00;Gennevilliers;Plein jour;Autre;Hors intersection;Voie commuNon renseignee le;Sans collision;Non renseignee ;Se deportant A$roite;Non renseignee ;28;Masculin;Blessee Leger;Non renseignee ;1;1;0;0;0;1;Adulte jeune (25-34);Sans pieton ;Sans moto;Aucun VL;Avec poids lourd;Adulte jeune (25-34);1 usager
Leger;31/01/2013;08:45;Issy-les-Moulineaux;Plein jour;Temps couvert;Intersection en T;Route departementale;Collision par le cote;PL seul > 7,5T;En stationnement (avec occupants);Motocyclette > 125 cm3;59;Masculin;Indemne;Non renseignee ;2;2;0;1;0;1;Senior actif (50-64);Sans pieton;Avec moto;Aucun VL;Avec poids lourd;Senior actif (50-64);2 usagers
Leger;25/09/2013;16:00;Issy-les-Moulineaux;Plein jour;Autre;Intersection en X;Route departementale;Sans collision;VL seul;TourNon renseignee nt A'auche;Non renseignee ;50;Masculin;Indemne;Non renseignee ;2;1;0;0;1;0;Senior actif (50-64);Sans pieton ;Sans moto;1 VL;Sans poids lourd;Senior actif (50-64);2 usagers
Leger;28/09/2013;07:10;Issy-les-Moulineaux;Crepuscule ou aube;Pluie legere;Intersection en T;Route departementale;Collision par le cote;VU seul 1,5T <= PTAC <= 3,5T;Sans changement de direction;Autobus;33;Masculin;Blessee Leger;Non renseignee ;3;2;0;0;1;0;Adulte jeune (25-34);Sans pieton;Sans moto;1 VL;Sans poids lourd;Adulte jeune (25-34);3-5 usagers
Leger;12/12/2013;18:20;Issy-les-Moulineaux;Nuit avec eclairage public allumee;Autre;Intersection en X;Route departementale;Collision par le cote;VL seul;Sans changement de direction;Motocyclette > 125 cm3;50;Masculin;Indemne;Non renseignee ;2;2;0;1;1;0;Senior actif (50-64);Sans pieton;Avec moto;1 VL;Sans poids lourd;Senior actif (50-64);2 usagers
Leger;16/12/2013;19:45;Levallois-Perret;Nuit avec eclairage public allumee;Autre;Intersection en X;Voie commuNon renseignee le;Autre collision;VU seul 1,5T <= PTAC <= 3,5T;TourNon renseignee nt A'auche;Non renseignee ;25;Feminin;Blessee Leger;Non renseignee ;1;1;1;0;1;0;Adulte jeune (25-34);Avec pieton;Sans moto;1 VL;Sans poids lourd;Adulte jeune (25-34);1 usager
Leger;18/03/2013;05:50;Meudon;Nuit avec eclairage public allumee;Autre;Place;Voie commuNon renseignee le;Autre collision;VU seul 1,5T <= PTAC <= 3,5T;TourNon renseignee nt A$roite;Non renseignee ;28;Masculin;Indemne;Non renseignee ;3;1;2;0;1;0;Adulte jeune (25-34);Avec pieton;Sans moto;1 VL;Sans poids lourd;Adulte jeune (25-34);3-5 usagers
Leger;27/01/2013;15:30;Chatillon;Plein jour;Autre;Hors intersection;Route departementale;Autre collision;VL seul;TourNon renseignee nt A$roite;Non renseignee ;64;Feminin;Indemne;Non renseignee ;2;1;1;0;1;0;Senior actif (50-64);Avec pieton;Sans moto;1 VL;Sans poids lourd;Senior actif (50-64);2 usagers
Leger;16/06/2013;13:00;Montrouge;Plein jour;Autre;Place;Voie commuNon renseignee le;Collision frontale;VL seul;Sans changement de direction;Motocyclette > 125 cm3;40;Masculin;Indemne;Non renseignee ;2;2;0;1;1;0;Adulte (35-49);Sans pieton;Avec moto;1 VL;Sans poids lourd;Adulte (35-49);2 usagers
Leger;26/07/2013;08:38;Chatillon;Plein jour;Autre;Hors intersection;Route departementale;Collision par l'arriere;VU seul 1,5T <= PTAC <= 3,5T;Meme sens, Meme file;VL seul;22;Masculin;Indemne;Non renseignee ;2;2;0;0;2;0;Jeune adulte (18-24);Sans pieton;Sans moto;2 VL;Sans poids lourd;Jeune adulte (18-24);2 usagers
Leger;20/08/2013;09:15;Montrouge;Plein jour;Autre;Intersection en X;Route departementale;Collision par le cote;VL seul;TourNon renseignee nt A'auche;Scooter > 125 cm3;66;Masculin;Indemne;Non renseignee ;2;2;0;1;1;0;Senior (65+);Sans pieton ;Avec moto;1 VL;Sans poids lourd;Senior (65+);2 usagers
Leger;28/02/2013;17:00;Non renseignee nterre;Plein jour;Temps couvert;Hors intersection;Route departementale;Autre collision;VL seul;Sans changement de direction;Non renseignee ;59;Feminin;Indemne;Non renseignee ;2;1;1;0;1;0;Senior actif (50-64);Avec pieton;Sans moto;1 VL;Sans poids lourd;Senior actif (50-64);2 usagers
Leger;06/04/2013;11:40;Non renseignee nterre;Plein jour;Autre;Hors intersection;Voie commuNon renseignee le;Autre collision;VL seul;Sans changement de direction;Non renseignee ;48;Feminin;Indemne;Non renseignee ;2;1;1;0;1;0;Adulte (35-49);Avec pieton;Sans moto;1 VL;Sans poids lourd;Adulte (35-49);2 usagers
Grave;18/04/2013;14:45;Non renseignee nterre;Plein jour;Autre;Intersection en T;Voie commuNon renseignee le;Collision par le cote;VL seul;Sans changement de direction;Scooter < 50 cm3;16;Masculin;Indemne;Non renseignee ;2;2;0;0;1;0;Mineur (-18 ans);Sans pieton;Sans moto;1 VL;Sans poids lourd;Mineur (-18 ans);2 usagers
Leger;21/05/2013;21:19;Non renseignee nterre;Crepuscule ou aube;Temps couvert;Intersection en T;Voie commuNon renseignee le;Autre collision;VL seul;Sans changement de direction;Non renseignee ;36;Feminin;Indemne;Non renseignee ;2;1;1;0;1;0;Adulte (35-49);Avec pieton;Sans moto;1 VL;Sans poids lourd;Adulte (35-49);2 usagers
Leger;30/06/2013;15:30;Non renseignee nterre;Plein jour;Temps eblouissant;Intersection en T;Route departementale;Collision frontale;VU seul 1,5T <= PTAC <= 3,5T;TourNon renseignee nt A'auche;Motocyclette > 125 cm3;26;Masculin;Indemne;Non renseignee ;4;2;0;1;1;0;Adulte jeune (25-34);Sans pieton ;Avec moto;1 VL;Sans poids lourd;Adulte jeune (25-34);3-5 usagers
Leger;04/09/2013;08:15;Non renseignee nterre;Plein jour;Temps eblouissant;Hors intersection;Route departementale;Autre collision;VU seul 1,5T <= PTAC <= 3,5T;Sans changement de direction;Non renseignee ;52;Feminin;Indemne;Non renseignee ;2;1;1;0;1;0;Senior actif (50-64);Avec pieton;Sans moto;1 VL;Sans poids lourd;Senior actif (50-64);2 usagers
Leger;27/09/2013;09:00;Non renseignee nterre;Plein jour;Autre;Hors intersection;Route departementale;Sans collision;Motocyclette > 50 cm3 et <= 125 cm3;Sans changement de direction;Non renseignee ;22;Masculin;Blessee Leger;Non renseignee ;1;1;0;1;0;0;Jeune adulte (18-24);Sans pieton;Avec moto;Aucun VL;Sans poids lourd;Jeune adulte (18-24);1 usager
Leger;10/11/2013;12:00;Non renseignee nterre;Plein jour;Temps couvert;Hors intersection;Voie commuNon renseignee le;Autre collision;VL seul;Sans changement de direction;Non renseignee ;78;Masculin;Indemne;Non renseignee ;2;1;1;0;1;0;Senior (65+);Avec pieton;Sans moto;1 VL;Sans poids lourd;Senior (65+);2 usagers
Leger;09/12/2013;12:30;Non renseignee nterre;Plein jour;Autre;Hors intersection;Route departementale;Collision par le cote;VL seul;TourNon renseignee nt A'auche;Scooter < 50 cm3;34;Masculin;Indemne;Non renseignee ;2;2;0;0;1;0;Adulte jeune (25-34);Sans pieton ;Sans moto;1 VL;Sans poids lourd;Adulte jeune (25-34);2 usagers
Leger;17/12/2013;07:45;Non renseignee nterre;Crepuscule ou aube;Autre;Intersection en T;Voie commuNon renseignee le;Autre collision;VL seul;TourNon renseignee nt A'auche;Non renseignee ;59;Feminin;Indemne;Non renseignee ;2;1;1;0;1;0;Senior actif (50-64);Avec pieton;Sans moto;1 VL;Sans poids lourd;Senior actif (50-64);2 usagers
Leger;23/01/2013;17:20;Neuilly-sur-Seine;Crepuscule ou aube;Autre;Place;Voie commuNon renseignee le;Sans collision;Scooter < 50 cm3;TourNon renseignee nt A$roite;Non renseignee ;16;Masculin;Blessee Leger;Non renseignee ;1;1;0;0;0;0;Mineur (-18 ans);Sans pieton ;Sans moto;Aucun VL;Sans poids lourd;Mineur (-18 ans);1 usager
Leger;18/02/2013;09:05;Neuilly-sur-Seine;Plein jour;Autre;Hors intersection;Route Non renseignee tioNon renseignee le;Sans collision;Scooter > 50 cm3 et <= 125 cm3;Sans changement de direction;Non renseignee ;54;Feminin;Blessee Leger;Non renseignee ;1;1;0;1;0;0;Senior actif (50-64);Sans pieton;Avec moto;Aucun VL;Sans poids lourd;Senior actif (50-64);1 usager
Leger;14/12/2013;09:30;Puteaux;Plein jour;Temps couvert;Intersection en T;Route departementale;Collision par le cote;VL seul;Sans changement de direction;VL seul;30;Feminin;Blessee Leger;Non renseignee ;5;2;0;0;2;0;Adulte jeune (25-34);Sans pieton;Sans moto;2 VL;Sans poids lourd;Adulte jeune (25-34);3-5 usagers
Leger;30/06/2013;17:00;Rueil-Malmaison;Plein jour;Autre;Hors intersection;Hors reseau public;Autre collision;Scooter < 50 cm3;Non renseignee ;Non renseignee ;40;Masculin;Blessee Leger;Non renseignee ;3;1;1;0;0;0;Adulte (35-49);Avec pieton;Sans moto;Aucun VL;Sans poids lourd;Adulte (35-49);3-5 usagers
Grave;13/06/2014;06:40;Clichy;Plein jour;Autre;Intersection en X;Route departementale;Autre collision;VL seul;Sans changement de direction;Non renseignee ;45;Feminin;Indemne;Non renseignee ;2;1;1;0;1;0;Adulte (35-49);Avec pieton;Sans moto;1 VL;Sans poids lourd;Adulte (35-49);2 usagers
Grave;28/10/2014;18:00;Colombes;Nuit sanseclairage public;Autre;Hors intersection;Autoroute;Collisions en chaine;VL seul;S inserant;VL seul;49;Masculin;Blessee hospitalisee;Non renseignee ;3;3;0;0;3;0;Adulte (35-49);Sans pieton;Sans moto;3 VL ou plus;Sans poids lourd;Adulte (35-49);3-5 usagers
Leger;12/06/2014;09:00;Gennevilliers;Plein jour;Autre;Hors intersection;Route Non renseignee tioNon renseignee le;Collision par l'arriere;Motocyclette > 125 cm3;Non renseignee ;Motocyclette > 125 cm3;26;Masculin;Blessee Leger;Non renseignee ;2;2;0;2;0;0;Adulte jeune (25-34);Sans pieton;Avec moto;Aucun VL;Sans poids lourd;Adulte jeune (25-34);2 usagers
Leger;25/06/2014;00:25;Puteaux;Nuit avec eclairage public allumee;Autre;Intersection en X;Voie commuNon renseignee le;Collision par le cote;VL seul;Sans changement de direction;Scooter > 125 cm3;24;Feminin;Blessee Leger;Non renseignee ;3;2;0;1;1;0;Jeune adulte (18-24);Sans pieton;Avec moto;1 VL;Sans poids lourd;Jeune adulte (18-24);3-5 usagers
Leger;04/02/2014;08:45;Colombes;Plein jour;Autre;Hors intersection;Autoroute;Collision par le cote;VL seul;Changeant de file A$roite;Motocyclette > 125 cm3;26;Masculin;Indemne;Non renseignee ;2;2;0;1;1;0;Adulte jeune (25-34);Sans pieton;Avec moto;1 VL;Sans poids lourd;Adulte jeune (25-34);2 usagers
Leger;17/03/2014;08:50;Saint-Cloud;Plein jour;Autre;Hors intersection;Autoroute;Sans collision;Motocyclette > 125 cm3;Non renseignee ;Non renseignee ;44;Feminin;Blessee Leger;Non renseignee ;1;1;0;1;0;0;Adulte (35-49);Sans pieton;Avec moto;Aucun VL;Sans poids lourd;Adulte (35-49);1 usager
Leger;02/04/2014;17:50;Sevres;Plein jour;Autre;Hors intersection;Route Non renseignee tioNon renseignee le;Sans collision;Motocyclette > 125 cm3;Non renseignee ;Non renseignee ;51;Masculin;Blessee Leger;Non renseignee ;1;1;0;1;0;0;Senior actif (50-64);Sans pieton;Avec moto;Aucun VL;Sans poids lourd;Senior actif (50-64);1 usager
Leger;07/04/2014;07:25;Gennevilliers;Plein jour;Autre;Hors intersection;Autoroute;Collision par l'arriere;Motocyclette > 50 cm3 et <= 125 cm3;Entre 2 files;VL seul;51;Masculin;Blessee Leger;Non renseignee ;2;2;0;1;1;0;Senior actif (50-64);Sans pieton;Avec moto;1 VL;Sans poids lourd;Senior actif (50-64);2 usagers
Leger;09/04/2014;08:20;Puteaux;Plein jour;Autre;Hors intersection;Autoroute;Collision par le cote;Motocyclette > 125 cm3;Entre 2 files;VL seul;54;Masculin;Blessee Leger;Non renseignee ;2;2;0;1;1;0;Senior actif (50-64);Sans pieton;Avec moto;1 VL;Sans poids lourd;Senior actif (50-64);2 usagers
Leger;16/10/2014;18:04;Courbevoie;Plein jour;Autre;Hors intersection;Autoroute;Collision par le cote;Scooter > 50 cm3 et <= 125 cm3;Entre 2 files;VU seul 1,5T <= PTAC <= 3,5T;31;Masculin;Blessee Leger;Non renseignee ;2;2;0;1;1;0;Adulte jeune (25-34);Sans pieton;Avec moto;1 VL;Sans poids lourd;Adulte jeune (25-34);2 usagers
Leger;05/01/2014;23:15;Asnieres-sur-Seine;Nuit avec eclairage public allumee;Pluie legere;Intersection en T;Route departementale;Collision par le cote;VL seul;Sans changement de direction;Scooter > 125 cm3;19;Masculin;Indemne;Non renseignee ;2;2;0;1;1;0;Jeune adulte (18-24);Sans pieton;Avec moto;1 VL;Sans poids lourd;Jeune adulte (18-24);2 usagers
Leger;14/02/2014;14:15;Boulogne-Billancourt;Plein jour;Autre;Hors intersection;Route departementale;Collision par le cote;VL seul;Changeant de file A$roite;Scooter > 50 cm3 et <= 125 cm3;33;Masculin;Indemne;Non renseignee ;2;2;0;1;1;0;Adulte jeune (25-34);Sans pieton;Avec moto;1 VL;Sans poids lourd;Adulte jeune (25-34);2 usagers
Leger;23/09/2014;12:15;Boulogne-Billancourt;Plein jour;Autre;Hors intersection;Voie commuNon renseignee le;Collision par le cote;Motocyclette > 125 cm3;Sedeportant A'auche;VL seul;24;Masculin;Blessee Leger;Non renseignee ;2;2;0;1;1;0;Jeune adulte (18-24);Sans pieton ;Avec moto;1 VL;Sans poids lourd;Jeune adulte (18-24);2 usagers
Leger;17/01/2014;17:05;Le Plessis-Robinson;Plein jour;Autre;Intersection à plus de 4 branches;Voie commuNon renseignee le;Collision par le cote;VL seul;Sans changement de direction;Motocyclette > 50 cm3 et <= 125 cm3;43;Feminin;Indemne;Non renseignee ;2;2;0;1;1;0;Adulte (35-49);Sans pieton;Avec moto;1 VL;Sans poids lourd;Adulte (35-49);2 usagers
Leger;19/12/2014;05:40;Courbevoie;Nuit avec eclairage public allumee;Autre;Hors intersection;Route departementale;Sans collision;Motocyclette > 125 cm3;Non renseignee ;Non renseignee ;23;Masculin;Blessee Leger;Non renseignee ;1;1;0;1;0;0;Jeune adulte (18-24);Sans pieton;Avec moto;Aucun VL;Sans poids lourd;Jeune adulte (18-24);1 usager
Leger;23/10/2014;14:25;Levallois-Perret;Plein jour;Autre;Intersection en X;Voie commuNon renseignee le;Collision par le cote;VL seul;Sans changement de direction;Motocyclette > 50 cm3 et <= 125 cm3;64;Masculin;Indemne;Non renseignee ;2;2;0;1;1;0;Senior actif (50-64);Sans pieton;Avec moto;1 VL;Sans poids lourd;Senior actif (50-64);2 usagers
Leger;04/11/2014;08:50;Chatillon;Plein jour;Autre;Hors intersection;Voie commuNon renseignee le;Collision par le cote;Scooter > 125 cm3;Non renseignee ;VL seul;35;Masculin;Blessee Leger;Non renseignee ;2;2;0;1;1;0;Adulte (35-49);Sans pieton;Avec moto;1 VL;Sans poids lourd;Adulte (35-49);2 usagers
Leger;14/05/2014;18:10;Non renseignee nterre;Plein jour;Autre;Intersection en T;Route departementale;Collision par le cote;VL seul;TourNon renseignee nt A$roite;Scooter > 50 cm3 et <= 125 cm3;37;Masculin;Indemne;Non renseignee ;2;2;0;1;1;0;Adulte (35-49);Sans pieton ;Avec moto;1 VL;Sans poids lourd;Adulte (35-49);2 usagers
Leger;29/10/2014;18:55;Neuilly-sur-Seine;Nuit avec eclairage public allumee;Autre;Hors intersection;Voie commuNon renseignee le;Collision par le cote;Scooter > 50 cm3 et <= 125 cm3;Sans changement de direction;VU seul 1,5T <= PTAC <= 3,5T;50;Feminin;Blessee Leger;Non renseignee ;2;2;0;1;1;0;Senior actif (50-64);Sans pieton;Avec moto;1 VL;Sans poids lourd;Senior actif (50-64);2 usagers
Leger;16/05/2014;08:00;Rueil-Malmaison;Plein jour;Autre;Intersection en T;Voie commuNon renseignee le;Collision par le cote;Scooter > 50 cm3 et <= 125 cm3;Non renseignee ;VL seul;16;Masculin;Blessee Leger;Non renseignee ;2;2;0;1;1;0;Mineur (-18 ans);Sans pieton;Avec moto;1 VL;Sans poids lourd;Mineur (-18 ans);2 usagers
Leger;04/10/2014;20:10;Rueil-Malmaison;Nuit avec eclairage public allumee;Autre;Intersection en T;Route departementale;Collision par le cote;VU seul 1,5T <= PTAC <= 3,5T;TourNon renseignee nt A'auche;Motocyclette > 125 cm3;25;Masculin;Indemne;Non renseignee ;2;2;0;1;1;0;Adulte jeune (25-34);Sans pieton ;Avec moto;1 VL;Sans poids lourd;Adulte jeune (25-34);2 usagers
Leger;16/05/2014;00:01;Saint-Cloud;Nuit avec eclairage public allumee;Autre;Hors intersection;Route departementale;Collision par le cote;VL seul;S inserant;Scooter > 125 cm3;29;Feminin;Indemne;Non renseignee ;2;2;0;1;1;0;Adulte jeune (25-34);Sans pieton;Avec moto;1 VL;Sans poids lourd;Adulte jeune (25-34);2 usagers
Leger;14/03/2014;20:05;Ville d'Avray;Nuit avec eclairage public allumee;Autre;Intersection en X;Route departementale;Collision par le cote;Motocyclette > 125 cm3;TourNon renseignee nt A'auche;VL seul;22;Masculin;Blessee Leger;Non renseignee ;2;2;0;1;1;0;Jeune adulte (18-24);Sans pieton ;Avec moto;1 VL;Sans poids lourd;Jeune adulte (18-24);2 usagers
Leger;05/03/2014;23:35;Vanves;Nuit avec eclairage public allumee;Autre;Intersection à plus de 4 branches;Route departementale;Collision frontale;Scooter > 125 cm3;Sans changement de direction;VL seul;24;Masculin;Blessee Leger;Non renseignee ;1;2;0;1;1;0;Jeune adulte (18-24);Sans pieton;Avec moto;1 VL;Sans poids lourd;Jeune adulte (18-24);1 usager
Leger;05/12/2014;15:40;Vanves;Plein jour;Autre;Hors intersection;Route departementale;Collision par le cote;VU seul 1,5T <= PTAC <= 3,5T;TourNon renseignee nt A$roite;Scooter > 50 cm3 et <= 125 cm3;64;Masculin;Indemne;Non renseignee ;2;2;0;1;1;0;Senior actif (50-64);Sans pieton ;Avec moto;1 VL;Sans poids lourd;Senior actif (50-64);2 usagers
Leger;17/08/2014;14:31;Colombes;Plein jour;Autre;Hors intersection;Route departementale;Collision par le cote;VL seul;Meme sens, Meme file;Scooter < 50 cm3;42;Masculin;Indemne;Non renseignee ;2;2;0;0;1;0;Adulte (35-49);Sans pieton;Sans moto;1 VL;Sans poids lourd;Adulte (35-49);2 usagers
Leger;21/10/2014;15:09;Colombes;Plein jour;Autre;Hors intersection;Route departementale;Collision par le cote;VL seul;TourNon renseignee nt A'auche;Scooter < 50 cm3;47;Masculin;Indemne;Non renseignee ;2;2;0;0;1;0;Adulte (35-49);Sans pieton ;Sans moto;1 VL;Sans poids lourd;Adulte (35-49);2 usagers
Leger;18/11/2014;12:45;Courbevoie;Plein jour;Autre;Hors intersection;Route departementale;Collision par le cote;Cyclomoteur <50cm3;Non renseignee ;VL seul;18;Masculin;Blessee Leger;Non renseignee ;2;2;0;0;1;0;Jeune adulte (18-24);Sans pieton;Sans moto;1 VL;Sans poids lourd;Jeune adulte (18-24);2 usagers
Leger;22/05/2014;20:40;Courbevoie;Crepuscule ou aube;Temps couvert;Hors intersection;Route departementale;Collision par le cote;VL seul;Changeant de file A$roite;Scooter < 50 cm3;65;Masculin;Indemne;Non renseignee ;2;2;0;0;1;0;Senior (65+);Sans pieton;Sans moto;1 VL;Sans poids lourd;Senior (65+);2 usagers
Leger;05/08/2014;21:54;La Garenne-Colombes;Nuit avec eclairage public allumee;Autre;Intersection en X;Route departementale;Collision par le cote;VL seul;Sans changement de direction;Scooter < 50 cm3;23;Masculin;Indemne;Non renseignee ;3;2;0;0;1;0;Jeune adulte (18-24);Sans pieton;Sans moto;1 VL;Sans poids lourd;Jeune adulte (18-24);3-5 usagers
Leger;21/03/2014;07:10;Montrouge;Crepuscule ou aube;Pluie legere;Hors intersection;Route departementale;Collision par le cote;Scooter < 50 cm3;Non renseignee ;VL seul;31;Masculin;Blessee Leger;Non renseignee ;2;2;0;0;1;0;Adulte jeune (25-34);Sans pieton;Sans moto;1 VL;Sans poids lourd;Adulte jeune (25-34);2 usagers
Leger;02/02/2014;14:25;Neuilly-sur-Seine;Plein jour;Autre;Intersection en T;Voie commuNon renseignee le;Sans collision;Cyclomoteur <50cm3;TourNon renseignee nt A'auche;Non renseignee ;20;Masculin;Blessee Leger;Non renseignee ;1;1;0;0;0;0;Jeune adulte (18-24);Sans pieton ;Sans moto;Aucun VL;Sans poids lourd;Jeune adulte (18-24);1 usager