type_acci;date;heure;commune;luminosite_accident;cond_atmos;Intersection;categorie_route;type_collision;type_vehicule_1;manoeuvre_vehicule_1;type_vehicule_2;age_usager;sexe_usager;gravite_usager;etat_usager;nombre_usagers;nb_veh;nombre_pietons;nombre_motos;nombre_vl;nombre_pl;age_usa1_categ;accident_pieton;accident_moto;categorie_vl;accident_pl;categorie_age;categorie_usagers
Leger;13/02/2017;06:10;Clamart;Nuit avec eclairage public allumee;Autre;Intersection en T;Route departementale;Collision frontale;Autobus;TourNon renseignee nt A'auche;Motocyclette > 125 cm3;32;Masculin;Indemne;Non renseignee ;2;2;0;1;0;0;Adulte jeune (25-34);Sans pieton ;Avec moto;Aucun VL;Sans poids lourd;Adulte jeune (25-34);2 usagers
Leger;17/07/2017;16:58;Courbevoie;Plein jour;Autre;Intersection en X;Route departementale;Collision par le cote;VL seul;TourNon renseignee nt A$roite;Motocyclette > 125 cm3;36;Feminin;Indemne;Non renseignee ;2;2;0;1;1;0;Adulte (35-49);Sans pieton ;Avec moto;1 VL;Sans poids lourd;Adulte (35-49);2 usagers
Leger;20/10/2017;21:20;Gennevilliers;Nuit avec eclairage public allumee;Autre;Hors intersection;Route departementale;Collision par le cote;Motocyclette > 50 cm3 et <= 125 cm3;Sans changement de direction;VL seul;36;Masculin;Blessee Leger;Non renseignee ;1;2;0;1;1;0;Adulte (35-49);Sans pieton;Avec moto;1 VL;Sans poids lourd;Adulte (35-49);1 usager
Leger;18/08/2017;08:25;Issy-les-Moulineaux;Plein jour;Pluie legere;Intersection en T;Route departementale;Sans collision;Scooter > 50 cm3 et <= 125 cm3;Sans changement de direction;Non renseignee ;60;Masculin;Blessee Leger;Non renseignee ;1;1;0;1;0;0;Senior actif (50-64);Sans pieton;Avec moto;Aucun VL;Sans poids lourd;Senior actif (50-64);1 usager
Leger;05/11/2017;12:48;Levallois-Perret;Plein jour;Autre;Intersection en X;Route departementale;Collision par l'arriere;VL seul;Sans changement de direction;Motocyclette > 125 cm3;42;Feminin;Indemne;Non renseignee ;2;2;0;1;1;0;Adulte (35-49);Sans pieton;Avec moto;1 VL;Sans poids lourd;Adulte (35-49);2 usagers
Leger;12/01/2017;19:00;Levallois-Perret;Nuit avec eclairage public allumee;Pluie legere;Intersection en X;Route departementale;Collision par le cote;VL seul;Sans changement de direction;Scooter > 125 cm3;49;Masculin;Blessee Leger;Non renseignee ;1;2;0;1;1;0;Adulte (35-49);Sans pieton;Avec moto;1 VL;Sans poids lourd;Adulte (35-49);1 usager
Leger;13/04/2017;20:20;Chatillon;Crepuscule ou aube;Autre;Hors intersection;Route departementale;Sans collision;Scooter > 50 cm3 et <= 125 cm3;Sans changement de direction;Non renseignee ;62;Masculin;Blessee Leger;Non renseignee ;1;1;0;1;0;0;Senior actif (50-64);Sans pieton;Avec moto;Aucun VL;Sans poids lourd;Senior actif (50-64);1 usager
Leger;14/07/2017;15:45;Montrouge;Plein jour;Autre;Intersection en X;Route departementale;Collision par le cote;VU seul 1,5T <= PTAC <= 3,5T;Sans changement de direction;Motocyclette > 50 cm3 et <= 125 cm3;35;Masculin;Indemne;Non renseignee ;2;2;0;1;1;0;Adulte (35-49);Sans pieton;Avec moto;1 VL;Sans poids lourd;Adulte (35-49);2 usagers
Leger;17/11/2017;08:50;Chatillon;Plein jour;Autre;Hors intersection;Route departementale;Collision par le cote;VL seul;TourNon renseignee nt A'auche;Motocyclette > 125 cm3;61;Masculin;Indemne;Non renseignee ;2;2;0;1;1;0;Senior actif (50-64);Sans pieton ;Avec moto;1 VL;Sans poids lourd;Senior actif (50-64);2 usagers
Leger;05/04/2017;06:15;Malakoff;Nuit avec eclairage public allumee;Autre;Hors intersection;Route departementale;Collision par l'arriere;Motocyclette > 125 cm3;Meme sens, Meme file;Non renseignee ;29;Masculin;Blessee Leger;Non renseignee ;2;2;0;1;0;1;Adulte jeune (25-34);Sans pieton;Avec moto;Aucun VL;Avec poids lourd;Adulte jeune (25-34);2 usagers
Leger;06/03/2017;22:35;Clamart;Nuit avec eclairage public non allumee;Pluie legere;Hors intersection;Route departementale;Collision par le cote;Scooter < 50 cm3;A contresens;VL seul;26;Masculin;Blessee Leger;Non renseignee ;2;2;0;0;1;0;Adulte jeune (25-34);Sans pieton;Sans moto;1 VL;Sans poids lourd;Adulte jeune (25-34);2 usagers
Leger;13/02/2017;18:35;Non renseignee nterre;Nuit sanseclairage public;Autre;Hors intersection;Voie commuNon renseignee le;Collision par le cote;VL seul;TourNon renseignee nt A'auche;Cyclomoteur <50cm3;53;Masculin;Indemne;Non renseignee ;2;2;0;0;1;0;Senior actif (50-64);Sans pieton ;Sans moto;1 VL;Sans poids lourd;Senior actif (50-64);2 usagers
Leger;31/10/2017;09:23;Non renseignee nterre;Plein jour;Autre;Hors intersection;Route departementale;Collision par l'arriere;Scooter < 50 cm3;Sans changement de direction;VL seul;31;Feminin;Blessee Leger;Non renseignee ;1;2;0;0;1;0;Adulte jeune (25-34);Sans pieton;Sans moto;1 VL;Sans poids lourd;Adulte jeune (25-34);1 usager
Leger;07/10/2017;15:40;Gennevilliers;Plein jour;Autre;Hors intersection;Autoroute;Autre collision;VL seul;Non renseignee ;Non renseignee ;28;Masculin;Indemne;Non renseignee ;2;1;1;0;1;0;Adulte jeune (25-34);Avec pieton;Sans moto;1 VL;Sans poids lourd;Adulte jeune (25-34);2 usagers
Leger;13/10/2017;18:00;Antony;Plein jour;Autre;Intersection en X;Voie commuNon renseignee le;Autre collision;VL seul;Sans changement de direction;Non renseignee ;31;Feminin;Indemne;Non renseignee ;2;1;1;0;1;0;Adulte jeune (25-34);Avec pieton;Sans moto;1 VL;Sans poids lourd;Adulte jeune (25-34);2 usagers
Leger;13/12/2017;17:10;Antony;Plein jour;Pluie forte;Intersection en T;Voie commuNon renseignee le;Autre collision;VL seul;Sans changement de direction;Non renseignee ;62;Masculin;Indemne;Non renseignee ;2;1;1;0;1;0;Senior actif (50-64);Avec pieton;Sans moto;1 VL;Sans poids lourd;Senior actif (50-64);2 usagers
Leger;14/12/2017;12:34;Bagneux;Plein jour;Pluie legere;Intersection en X;Route departementale;Autre collision;VL seul;TourNon renseignee nt A$roite;Non renseignee ;50;Masculin;Indemne;Non renseignee ;2;1;1;0;1;0;Senior actif (50-64);Avec pieton;Sans moto;1 VL;Sans poids lourd;Senior actif (50-64);2 usagers
Leger;25/12/2017;19:00;Bagneux;Nuit avec eclairage public allumee;Autre;Hors intersection;Route departementale;Autre collision;VL seul;Sans changement de direction;Non renseignee ;65;Feminin;Indemne;Non renseignee ;2;1;1;0;1;0;Senior (65+);Avec pieton;Sans moto;1 VL;Sans poids lourd;Senior (65+);2 usagers
Leger;19/05/2017;16:15;Boulogne-Billancourt;Plein jour;Autre;Hors intersection;Voie commuNon renseignee le;Autre collision;VL seul;Sans changement de direction;Non renseignee ;47;Masculin;Indemne;Non renseignee ;2;1;1;0;1;0;Adulte (35-49);Avec pieton;Sans moto;1 VL;Sans poids lourd;Adulte (35-49);2 usagers
Leger;14/06/2017;14:40;Boulogne-Billancourt;Plein jour;Autre;Intersection en T;Voie commuNon renseignee le;Autre collision;VL seul;Manoeuvre devitement;VL seul;58;Feminin;Indemne;Non renseignee ;3;2;1;0;2;0;Senior actif (50-64);Avec pieton;Sans moto;2 VL;Sans poids lourd;Senior actif (50-64);3-5 usagers
Leger;05/09/2017;14:00;Clichy;Plein jour;Autre;Intersection en X;Voie commuNon renseignee le;Autre collision;Scooter > 50 cm3 et <= 125 cm3;Sans changement de direction;Non renseignee ;21;Masculin;Indemne;Non renseignee ;2;1;1;1;0;0;Jeune adulte (18-24);Avec pieton;Avec moto;Aucun VL;Sans poids lourd;Jeune adulte (18-24);2 usagers
Leger;03/06/2017;10:30;La Garenne-Colombes;Plein jour;Autre;Intersection en X;Route departementale;Autre collision;VL seul;TourNon renseignee nt A'auche;Non renseignee ;83;Masculin;Indemne;Non renseignee ;2;1;1;0;1;0;Senior (65+);Avec pieton;Sans moto;1 VL;Sans poids lourd;Senior (65+);2 usagers
Leger;13/05/2017;15:53;Meudon;Plein jour;Autre;Hors intersection;Route departementale;Autre collision;VL seul;Sans changement de direction;Non renseignee ;72;Masculin;Indemne;Non renseignee ;2;1;1;0;1;0;Senior (65+);Avec pieton;Sans moto;1 VL;Sans poids lourd;Senior (65+);2 usagers
Leger;20/02/2017;18:00;Levallois-Perret;Plein jour;Autre;Intersection en X;Route departementale;Autre collision;VL seul;Sans changement de direction;Non renseignee ;55;Masculin;Indemne;Non renseignee ;2;1;1;0;1;0;Senior actif (50-64);Avec pieton;Sans moto;1 VL;Sans poids lourd;Senior actif (50-64);2 usagers
Leger;27/01/2017;07:00;Meudon;Nuit avec eclairage public allumee;Autre;Intersection en T;Route departementale;Autre collision;VL seul;Sans changement de direction;Non renseignee ;30;Masculin;Indemne;Non renseignee ;2;1;1;0;1;0;Adulte jeune (25-34);Avec pieton;Sans moto;1 VL;Sans poids lourd;Adulte jeune (25-34);2 usagers
Leger;05/01/2017;17:45;Meudon;Nuit avec eclairage public allumee;Autre;Intersection en T;Route departementale;Autre collision;VL seul;Sans changement de direction;Non renseignee ;62;Masculin;Indemne;Non renseignee ;2;1;1;0;1;0;Senior actif (50-64);Avec pieton;Sans moto;1 VL;Sans poids lourd;Senior actif (50-64);2 usagers
Leger;26/01/2017;18:55;Meudon;Nuit avec eclairage public allumee;Autre;Intersection en X;Route departementale;Autre collision;VL seul;TourNon renseignee nt A$roite;Non renseignee ;33;Masculin;Indemne;Non renseignee ;2;1;1;0;1;0;Adulte jeune (25-34);Avec pieton;Sans moto;1 VL;Sans poids lourd;Adulte jeune (25-34);2 usagers
Leger;28/04/2017;20:30;Chatillon;Crepuscule ou aube;Autre;Intersection en X;Route departementale;Autre collision;VL seul;Sans changement de direction;Non renseignee ;45;Masculin;Indemne;Non renseignee ;2;1;1;0;1;0;Adulte (35-49);Avec pieton;Sans moto;1 VL;Sans poids lourd;Adulte (35-49);2 usagers
Leger;01/08/2017;09:14;Montrouge;Plein jour;Autre;Hors intersection;Route departementale;Autre collision;VL seul;Sans changement de direction;Non renseignee ;35;Masculin;Indemne;Non renseignee ;2;1;1;0;1;0;Adulte (35-49);Avec pieton;Sans moto;1 VL;Sans poids lourd;Adulte (35-49);2 usagers
Leger;12/01/2017;16:00;Non renseignee nterre;Plein jour;Pluie legere;Giratoire;Route departementale;Autre collision;VL seul;Sans changement de direction;Non renseignee ;34;Masculin;Blessee Leger;Non renseignee ;2;1;1;0;1;0;Adulte jeune (25-34);Avec pieton;Sans moto;1 VL;Sans poids lourd;Adulte jeune (25-34);2 usagers
Leger;03/07/2017;17:05;Non renseignee nterre;Plein jour;Autre;Hors intersection;Voie commuNon renseignee le;Autre collision;VL seul;Sans changement de direction;Non renseignee ;52;Masculin;Indemne;Non renseignee ;2;1;1;0;1;0;Senior actif (50-64);Avec pieton;Sans moto;1 VL;Sans poids lourd;Senior actif (50-64);2 usagers
Leger;28/11/2017;20:00;Non renseignee nterre;Nuit avec eclairage public allumee;Temps couvert;Hors intersection;Route departementale;Autre collision;VL seul;Sans changement de direction;Non renseignee ;71;Feminin;Indemne;Non renseignee ;2;1;1;0;1;0;Senior (65+);Avec pieton;Sans moto;1 VL;Sans poids lourd;Senior (65+);2 usagers
Leger;20/06/2017;15:50;Neuilly-sur-Seine;Plein jour;Autre;Hors intersection;Voie commuNon renseignee le;Autre collision;VL seul;Sans changement de direction;Non renseignee ;77;Masculin;Indemne;Non renseignee ;2;1;1;0;1;0;Senior (65+);Avec pieton;Sans moto;1 VL;Sans poids lourd;Senior (65+);2 usagers
Leger;11/12/2017;09:13;Neuilly-sur-Seine;Plein jour;Temps couvert;Hors intersection;Route Non renseignee tioNon renseignee le;Autre collision;VL seul;Se deportant A$roite;Non renseignee ;42;Masculin;Indemne;Non renseignee ;2;1;1;0;1;0;Adulte (35-49);Avec pieton;Sans moto;1 VL;Sans poids lourd;Adulte (35-49);2 usagers
Leger;12/01/2017;17:00;Neuilly-sur-Seine;Crepuscule ou aube;Pluie forte;Hors intersection;Voie commuNon renseignee le;Autre collision;VL seul;Non renseignee ;Non renseignee ;72;Masculin;Indemne;Non renseignee ;2;1;1;0;1;0;Senior (65+);Avec pieton;Sans moto;1 VL;Sans poids lourd;Senior (65+);2 usagers
Leger;06/03/2017;20:30;Neuilly-sur-Seine;Nuit avec eclairage public allumee;Pluie legere;Intersection en T;Route departementale;Autre collision;Scooter > 50 cm3 et <= 125 cm3;Sans changement de direction;Non renseignee ;51;Masculin;Indemne;Non renseignee ;2;1;1;1;0;0;Senior actif (50-64);Avec pieton;Avec moto;Aucun VL;Sans poids lourd;Senior actif (50-64);2 usagers
Leger;09/02/2017;20:25;Saint-Cloud;Nuit avec eclairage public allumee;Autre;Intersection A0lus de 4 branches;Route departementale;Autre collision;VL seul;TourNon renseignee nt A'auche;Non renseignee ;44;Masculin;Indemne;Non renseignee ;2;1;1;0;1;0;Adulte (35-49);Avec pieton;Sans moto;1 VL;Sans poids lourd;Adulte (35-49);2 usagers
Leger;07/12/2017;12:40;Non renseignee nterre;Plein jour;Autre;Hors intersection;Route departementale;Autre collision;VL seul;Sans changement de direction;VL seul;51;Masculin;Indemne;Non renseignee ;3;2;1;0;2;0;Senior actif (50-64);Avec pieton;Sans moto;2 VL;Sans poids lourd;Senior actif (50-64);3-5 usagers
Leger;20/06/2017;16:40;Vanves;Plein jour;Pluie legere;Hors intersection;Route departementale;Autre collision;VL seul;TourNon renseignee nt A$roite;Non renseignee ;45;Masculin;Indemne;Non renseignee ;2;1;1;0;1;0;Adulte (35-49);Avec pieton;Sans moto;1 VL;Sans poids lourd;Adulte (35-49);2 usagers
Leger;21/03/2017;08:40;Non renseignee nterre;Plein jour;Autre;Hors intersection;Autoroute;Collision par l'arriere;VL seul;Meme sens, Meme file;VL seul;29;Masculin;Indemne;Non renseignee ;2;2;0;0;2;0;Adulte jeune (25-34);Sans pieton;Sans moto;2 VL;Sans poids lourd;Adulte jeune (25-34);2 usagers
Leger;01/03/2017;12:10;Villeneuve-la-Garenne;Plein jour;Pluie forte;Hors intersection;Autoroute;Collision par le cote;PL seul > 7,5T;TourNon renseignee nt A$roite;VL seul;35;Masculin;Indemne;Non renseignee ;2;2;0;0;1;1;Adulte (35-49);Sans pieton ;Sans moto;1 VL;Avec poids lourd;Adulte (35-49);2 usagers
Leger;08/04/2017;11:55;Colombes;Plein jour;Autre;Hors intersection;Autoroute;Collisions multiples;PL seul > 7,5T;Se deportant A$roite;VL seul;51;Masculin;Indemne;Non renseignee ;7;6;0;0;5;1;Senior actif (50-64);Sans pieton ;Sans moto;3 VL ou plus;Avec poids lourd;Senior actif (50-64);Plus de 5 usagers
Leger;26/06/2017;10:20;Asnieres-sur-Seine;Plein jour;Autre;Hors intersection;Route departementale;Sans collision;VL seul;Sans changement de direction;Non renseignee ;63;Masculin;Blessee Leger;Non renseignee ;2;1;0;0;1;0;Senior actif (50-64);Sans pieton;Sans moto;1 VL;Sans poids lourd;Senior actif (50-64);2 usagers
Leger;22/12/2017;21:55;Bagneux;Nuit avec eclairage public allumee;Pluie legere;Hors intersection;Voie commuNon renseignee le;Sans collision;VL seul;Sans changement de direction;Non renseignee ;85;Masculin;Blessee Leger;Non renseignee ;1;1;0;0;1;0;Senior (65+);Sans pieton;Sans moto;1 VL;Sans poids lourd;Senior (65+);1 usager
Leger;23/12/2017;03:20;Bagneux;Nuit avec eclairage public allumee;Pluie legere;Intersection en T;Route departementale;Collision par le cote;VL seul;Sans changement de direction;VL seul;31;Masculin;Blessee Leger;Non renseignee ;1;2;0;0;2;0;Adulte jeune (25-34);Sans pieton;Sans moto;2 VL;Sans poids lourd;Adulte jeune (25-34);1 usager
Leger;09/01/2017;12:45;Le Plessis-Robinson;Plein jour;Pluie legere;Giratoire;Voie commuNon renseignee le;Collision par l'arriere;VL seul;TourNon renseignee nt A$roite;VL seul;45;Feminin;Blessee Leger;Non renseignee ;1;2;0;0;2;0;Adulte (35-49);Sans pieton ;Sans moto;2 VL;Sans poids lourd;Adulte (35-49);1 usager
Leger;21/10/2017;22:45;Clichy;Nuit avec eclairage public allumee;Autre;Intersection en T;Route departementale;Collision par le cote;VL seul;TourNon renseignee nt A'auche;VL seul;21;Feminin;Blessee Leger;Non renseignee ;2;2;0;0;2;0;Jeune adulte (18-24);Sans pieton ;Sans moto;2 VL;Sans poids lourd;Jeune adulte (18-24);2 usagers
Leger;07/01/2017;22:00;Clichy;Nuit avec eclairage public allumee;Autre;Intersection en X;Route departementale;Collisions multiples;VL seul;Meme sens, Meme file;VL seul;18;Masculin;Indemne;Non renseignee ;4;3;0;0;3;0;Jeune adulte (18-24);Sans pieton;Sans moto;3 VL ou plus;Sans poids lourd;Jeune adulte (18-24);3-5 usagers
Leger;20/08/2017;18:20;Non renseignee nterre;Plein jour;Autre;Intersection en T;Route departementale;Collision par le cote;VL seul;Non renseignee ;Autobus;41;Feminin;Indemne;Non renseignee ;4;2;0;0;1;0;Adulte (35-49);Sans pieton;Sans moto;1 VL;Sans poids lourd;Adulte (35-49);3-5 usagers
Leger;09/09/2017;19:45;Courbevoie;Plein jour;Autre;Hors intersection;Route departementale;Collision par l'arriere;VU seul 1,5T <= PTAC <= 3,5T;S inserant;VU seul 1,5T <= PTAC <= 3,5T;28;Masculin;Indemne;Non renseignee ;3;2;0;0;2;0;Adulte jeune (25-34);Sans pieton;Sans moto;2 VL;Sans poids lourd;Adulte jeune (25-34);3-5 usagers
Leger;25/03/2017;18:50;Meudon;Plein jour;Autre;Intersection en X;Route departementale;Sans collision;VL seul;TourNon renseignee nt A'auche;Non renseignee ;70;Masculin;Blessee Leger;Non renseignee ;1;1;0;0;1;0;Senior (65+);Sans pieton ;Sans moto;1 VL;Sans poids lourd;Senior (65+);1 usager
Leger;06/10/2017;16:50;Gennevilliers;Plein jour;Autre;Giratoire;Voie commuNon renseignee le;Collision par le cote;VU seul 1,5T <= PTAC <= 3,5T;Meme sens, Meme file;Autobus;43;Masculin;Blessee Leger;Non renseignee ;2;2;0;0;1;0;Adulte (35-49);Sans pieton;Sans moto;1 VL;Sans poids lourd;Adulte (35-49);2 usagers
Leger;11/07/2017;00:20;Non renseignee nterre;Nuit avec eclairage public allumee;Autre;Intersection en T;Route departementale;Sans collision;VL seul;TourNon renseignee nt A'auche;Non renseignee ;26;Masculin;Blessee Leger;Non renseignee ;1;1;0;0;1;0;Adulte jeune (25-34);Sans pieton ;Sans moto;1 VL;Sans poids lourd;Adulte jeune (25-34);1 usager
Leger;11/12/2017;06:25;Non renseignee nterre;Nuit avec eclairage public allumee;Pluie forte;Intersection en X;Route departementale;Collision par le cote;VL seul;TourNon renseignee nt A'auche;VL seul;33;Feminin;Indemne;Non renseignee ;3;2;0;0;2;0;Adulte jeune (25-34);Sans pieton ;Sans moto;2 VL;Sans poids lourd;Adulte jeune (25-34);3-5 usagers
Leger;29/12/2017;16:45;Non renseignee nterre;Crepuscule ou aube;Autre;Hors intersection;Route departementale;Collisions en chaine;VL seul;Sans changement de direction;VL seul;74;Masculin;Indemne;Non renseignee ;3;3;0;0;3;0;Senior (65+);Sans pieton;Sans moto;3 VL ou plus;Sans poids lourd;Senior (65+);3-5 usagers
Leger;30/07/2017;08:30;Puteaux;Plein jour;Autre;Hors intersection;Route departementale;Sans collision;VL seul;Se deportant A$roite;Non renseignee ;31;Masculin;Blessee Leger;Non renseignee ;1;1;0;0;1;0;Adulte jeune (25-34);Sans pieton ;Sans moto;1 VL;Sans poids lourd;Adulte jeune (25-34);1 usager
Leger;14/10/2017;22:45;Rueil-Malmaison;Nuit sanseclairage public;Autre;Intersection en X;Route departementale;Collision par le cote;VL seul;Sans changement de direction;Engin special;22;Masculin;Indemne;Non renseignee ;3;2;0;0;1;1;Jeune adulte (18-24);Sans pieton;Sans moto;1 VL;Avec poids lourd;Jeune adulte (18-24);3-5 usagers
Grave;07/08/2018;17:10;Clichy;Plein jour;Autre;Hors intersection;Voie commuNon renseignee le;Collision frontale;VL seul;S inserant;Motocyclette > 125 cm3;21;Feminin;Indemne;Non renseignee ;2;2;0;1;1;0;Jeune adulte (18-24);Sans pieton;Avec moto;1 VL;Sans poids lourd;Jeune adulte (18-24);2 usagers
Grave;03/04/2018;19:41;Meudon;Plein jour;Pluie legere;Hors intersection;Route departementale;Collision par le cote;VL seul;S inserant;Scooter > 125 cm3;48;Masculin;Indemne;Non renseignee ;2;2;0;1;1;0;Adulte (35-49);Sans pieton;Avec moto;1 VL;Sans poids lourd;Adulte (35-49);2 usagers
Grave;26/04/2018;00:15;Neuilly-sur-Seine;Nuit avec eclairage public allumee;Autre;Intersection en X;Route Non renseignee tioNon renseignee le;Collision par l'arriere;Scooter > 125 cm3;Meme sens, Meme file;VL seul;24;Masculin;Blessee hospitalisee;Non renseignee ;2;2;0;1;1;0;Jeune adulte (18-24);Sans pieton;Avec moto;1 VL;Sans poids lourd;Jeune adulte (18-24);2 usagers
Grave;10/10/2018;18:38;Antony;Plein jour;Autre;Giratoire;Route departementale;Collision par le cote;VL seul;Sans changement de direction;Bicyclette;40;Feminin;Indemne;Non renseignee ;2;2;0;0;1;0;Adulte (35-49);Sans pieton;Sans moto;1 VL;Sans poids lourd;Adulte (35-49);2 usagers
Grave;07/10/2018;07:00;Villeneuve-la-Garenne;Nuit sanseclairage public;Pluie legere;Hors intersection;Autoroute;Sans collision;VL seul;Sans changement de direction;Non renseignee ;25;Masculin;Indemne;Non renseignee ;3;1;0;0;1;0;Adulte jeune (25-34);Sans pieton;Sans moto;1 VL;Sans poids lourd;Adulte jeune (25-34);3-5 usagers
Leger;15/11/2018;10:00;Gennevilliers;Plein jour;Autre;Hors intersection;Route Non renseignee tioNon renseignee le;Collision par l'arriere;Motocyclette > 125 cm3;Meme sens, Meme file;VL seul;60;Masculin;Blessee Leger;Non renseignee ;2;2;0;1;1;0;Senior actif (50-64);Sans pieton;Avec moto;1 VL;Sans poids lourd;Senior actif (50-64);2 usagers
Leger;07/03/2018;12:20;Chatillon;Plein jour;Autre;Hors intersection;Route departementale;Collision par le cote;Scooter > 125 cm3;Non renseignee ;VU seul 1,5T <= PTAC <= 3,5T;40;Masculin;Blessee Leger;Non renseignee ;2;2;0;1;1;0;Adulte (35-49);Sans pieton;Avec moto;1 VL;Sans poids lourd;Adulte (35-49);2 usagers
Leger;18/05/2018;23:15;Colombes;Nuit avec eclairage public allumee;Autre;Intersection en X;Route departementale;Collision par le cote;VL seul;TourNon renseignee nt A'auche;VL seul;18;Masculin;Blessee Leger;Non renseignee ;4;2;0;0;2;0;Jeune adulte (18-24);Sans pieton ;Sans moto;2 VL;Sans poids lourd;Jeune adulte (18-24);3-5 usagers
Leger;14/01/2018;16:10;Courbevoie;Plein jour;Autre;Hors intersection;Route departementale;Collision par le cote;VL seul;TourNon renseignee nt A'auche;VL seul;25;Masculin;Indemne;Non renseignee ;3;2;0;0;2;0;Adulte jeune (25-34);Sans pieton ;Sans moto;2 VL;Sans poids lourd;Adulte jeune (25-34);3-5 usagers
Leger;11/07/2018;04:45;Courbevoie;Crepuscule ou aube;Autre;Hors intersection;Route departementale;Collisions multiples;VU seul 1,5T <= PTAC <= 3,5T;Non renseignee ;VU seul 1,5T <= PTAC <= 3,5T;23;Masculin;Indemne;Non renseignee ;6;3;0;0;2;1;Jeune adulte (18-24);Sans pieton;Sans moto;2 VL;Avec poids lourd;Jeune adulte (18-24);Plus de 5 usagers
Leger;05/08/2020;17:20;Boulogne-Billancourt;Plein jour;Normale;Hors intersection;Route departementale;Non renseignee ;Non renseignee ;Sans changement de direction;Scooter > 50 cm3 et <= 125 cm3;57;Masculin;Blessee Leger;Non renseignee ;2;2;0;1;1;0;Senior actif (50-64);Sans pieton;Avec moto;1 VL;Sans poids lourd;Senior actif (50-64);2 usagers
Leger;30/05/2021;15:20;Marnes-la-Coquette;Plein jour;Normale;Hors intersection;Route departementale;Non renseignee ;Non renseignee ;Meme sens, Meme file;Non renseignee ;90;Feminin;Blessee Leger;Non renseignee ;2;2;0;0;1;0;Senior (65+);Sans pieton;Sans moto;1 VL;Sans poids lourd;Senior (65+);2 usagers
Leger;29/03/2021;13:30;Boulogne-Billancourt;Plein jour;Normale;Intersection en X;Route departementale;Non renseignee ;Motocyclette > 125 cm3;Sans changement de direction;EDP sans moteur;40;Feminin;Blessee Leger;Non renseignee ;2;2;0;1;0;0;Adulte (35-49);Sans pieton;Avec moto;Aucun VL;Sans poids lourd;Adulte (35-49);2 usagers
Leger;19/06/2021;21:00;Boulogne-Billancourt;Plein jour;Normale;Hors intersection;Voie commuNon renseignee le;Non renseignee ;Non renseignee ;Sans changement de direction;Non renseignee ;33;Masculin;Blessee Leger;Non renseignee ;2;2;0;0;1;0;Adulte jeune (25-34);Sans pieton;Sans moto;1 VL;Sans poids lourd;Adulte jeune (25-34);2 usagers
Leger;16/09/2021;11:00;Saint-Cloud;Plein jour;Normale;Hors intersection;Autre;Non renseignee ;Non renseignee ;Autres manoeuvre;Non renseignee ;14;Feminin;Blessee Leger;Non renseignee ;1;1;0;0;0;0;Mineur (-18 ans);Sans pieton;Sans moto;Aucun VL;Sans poids lourd;Mineur (-18 ans);1 usager
Grave;06/07/2019;00:50;Saint-Cloud;Nuit avec eclairage public non allumee;Normale;Hors intersection;Route departementale;Non renseignee ;Non renseignee ;Sans changement de direction;Non renseignee ;57;Feminin;Blessee hospitalisee;Non renseignee ;1;1;0;0;1;0;Senior actif (50-64);Sans pieton;Sans moto;1 VL;Sans poids lourd;Senior actif (50-64);1 usager
Leger;09/11/2020;15:40;Boulogne-Billancourt;Plein jour;Normale;Intersection en X;Route departementale;Non renseignee ;Non renseignee ;TourNon renseignee nt A$roite;Non renseignee ;32;Feminin;Blessee Leger;Non renseignee ;3;1;2;0;1;0;Adulte jeune (25-34);Avec pieton;Sans moto;1 VL;Sans poids lourd;Adulte jeune (25-34);3-5 usagers
Leger;27/07/2020;10:00;Saint-Cloud;Plein jour;Normale;Autre intersection;Route departementale;Non renseignee ;Non renseignee ;Manoeuvre devitement;Non renseignee ;36;Masculin;Blessee Leger;Non renseignee ;1;1;0;0;0;0;Adulte (35-49);Sans pieton;Sans moto;Aucun VL;Sans poids lourd;Adulte (35-49);1 usager
Leger;24/09/2020;12:35;Saint-Cloud;Plein jour;Pluie legere;Hors intersection;Voie commuNon renseignee le;Non renseignee ;Non renseignee ;S inserant;Non renseignee ;82;Feminin;Blessee Leger;Non renseignee ;2;1;1;0;1;0;Senior (65+);Avec pieton;Sans moto;1 VL;Sans poids lourd;Senior (65+);2 usagers
Leger;02/06/2020;09:20;Boulogne-Billancourt;Plein jour;Normale;Hors intersection;Voie commuNon renseignee le;Non renseignee ;VU seul 1,5T <= PTAC <= 3,5T;Sans changement de direction;VU seul 1,5T <= PTAC <= 3,5T;36;Feminin;Blessee Leger;Non renseignee ;2;2;0;0;2;0;Adulte (35-49);Sans pieton;Sans moto;2 VL;Sans poids lourd;Adulte (35-49);2 usagers