type_acci;date;heure;commune;luminosite_accident;cond_atmos;Intersection;categorie_route;type_collision;type_vehicule_1;manoeuvre_vehicule_1;type_vehicule_2;age_usager;sexe_usager;gravite_usager;etat_usager;nombre_usagers;nb_veh;nombre_pietons;nombre_motos;nombre_vl;nombre_pl;age_usa1_categ;accident_pieton;accident_moto;categorie_vl;accident_pl;categorie_age;categorie_usagers
Leger;06/10/2016;08:05;Montrouge;Plein jour;Autre;Intersection en X;Route departementale;Collision par le cote;Motocyclette > 50 cm3 et <= 125 cm3;Sans changement de direction;Non renseignee ;22;Masculin;Blessee Leger;Non renseignee ;2;2;0;1;1;0;Jeune adulte (18-24);Sans pieton;Avec moto;1 VL;Sans poids lourd;Jeune adulte (18-24);2 usagers
Leger;10/01/2016;16:40;Non renseignee nterre;Plein jour;Pluie legere;Hors intersection;Route departementale;Collision par le cote;VL seul;En faisant demi-tour sur la chaussee;Motocyclette > 125 cm3;25;Masculin;Indemne;Non renseignee ;2;2;0;1;1;0;Adulte jeune (25-34);Sans pieton;Avec moto;1 VL;Sans poids lourd;Adulte jeune (25-34);2 usagers
Leger;06/10/2016;16:10;Non renseignee nterre;Plein jour;Autre;Intersection en T;Voie commuNon renseignee le;Collision par le cote;VL seul;TourNon renseignee nt A'auche;Scooter > 50 cm3 et <= 125 cm3;22;Feminin;Blessee Leger;Non renseignee ;2;2;0;1;1;0;Jeune adulte (18-24);Sans pieton ;Avec moto;1 VL;Sans poids lourd;Jeune adulte (18-24);2 usagers
Leger;10/02/2016;12:45;Neuilly-sur-Seine;Plein jour;Autre;Hors intersection;Route departementale;Collision par le cote;VU seul 1,5T <= PTAC <= 3,5T;Sedeportant A'auche;Motocyclette > 125 cm3;41;Masculin;Indemne;Non renseignee ;2;2;0;1;1;0;Adulte (35-49);Sans pieton ;Avec moto;1 VL;Sans poids lourd;Adulte (35-49);2 usagers
Leger;12/07/2016;12:50;Neuilly-sur-Seine;Plein jour;Autre;Intersection en T;Voie commuNon renseignee le;Collision par le cote;Scooter > 50 cm3 et <= 125 cm3;Non renseignee ;VU seul 1,5T <= PTAC <= 3,5T;28;Masculin;Blessee Leger;Non renseignee ;2;2;0;1;1;0;Adulte jeune (25-34);Sans pieton;Avec moto;1 VL;Sans poids lourd;Adulte jeune (25-34);2 usagers
Leger;04/10/2016;20:10;Neuilly-sur-Seine;Nuit avec eclairage public allumee;Autre;Hors intersection;Voie commuNon renseignee le;Collision par le cote;VL seul;S inserant;Scooter > 125 cm3;29;Feminin;Indemne;Non renseignee ;2;2;0;1;1;0;Adulte jeune (25-34);Sans pieton;Avec moto;1 VL;Sans poids lourd;Adulte jeune (25-34);2 usagers
Leger;13/01/2016;17:30;Rueil-Malmaison;Crepuscule ou aube;Autre;Hors intersection;Route departementale;Sans collision;Motocyclette > 125 cm3;Sans changement de direction;Non renseignee ;30;Masculin;Blessee Leger;Non renseignee ;1;1;0;1;0;0;Adulte jeune (25-34);Sans pieton;Avec moto;Aucun VL;Sans poids lourd;Adulte jeune (25-34);1 usager
Leger;30/06/2016;07:55;Saint-Cloud;Plein jour;Autre;Intersection en T;Voie commuNon renseignee le;Collision par le cote;Motocyclette > 125 cm3;Non renseignee ;VL seul;43;Masculin;Blessee Leger;Non renseignee ;2;2;0;1;1;0;Adulte (35-49);Sans pieton;Avec moto;1 VL;Sans poids lourd;Adulte (35-49);2 usagers
Leger;22/01/2016;07:50;Vanves;Nuit avec eclairage public allumee;Autre;Hors intersection;Route departementale;Collision par le cote;VL seul;TourNon renseignee nt A'auche;Motocyclette > 125 cm3;26;Masculin;Indemne;Non renseignee ;2;2;0;1;1;0;Adulte jeune (25-34);Sans pieton ;Avec moto;1 VL;Sans poids lourd;Adulte jeune (25-34);2 usagers
Leger;24/06/2016;14:15;Chatillon;Plein jour;Autre;Intersection en T;Route departementale;Collisions multiples;Scooter < 50 cm3;Non renseignee ;VU seul 1,5T <= PTAC <= 3,5T;20;Masculin;Blessee Leger;Non renseignee ;4;3;0;0;2;0;Jeune adulte (18-24);Sans pieton;Sans moto;2 VL;Sans poids lourd;Jeune adulte (18-24);3-5 usagers
Leger;02/11/2016;16:20;Non renseignee nterre;Plein jour;Temps eblouissant;Hors intersection;Route departementale;Sans collision;Scooter < 50 cm3;Manoeuvre devitement;Non renseignee ;31;Masculin;Blessee Leger;Non renseignee ;2;1;0;0;0;0;Adulte jeune (25-34);Sans pieton;Sans moto;Aucun VL;Sans poids lourd;Adulte jeune (25-34);2 usagers
Leger;06/04/2016;11:20;Bois-Colombes;Plein jour;Autre;Intersection en T;Voie commuNon renseignee le;Collision par le cote;VL seul;TourNon renseignee nt A'auche;Scooter < 50 cm3;63;Masculin;Indemne;Non renseignee ;2;2;0;0;1;0;Senior actif (50-64);Sans pieton ;Sans moto;1 VL;Sans poids lourd;Senior actif (50-64);2 usagers
Leger;10/11/2016;17:20;Asnieres-sur-Seine;Nuit avec eclairage public allumee;Pluie legere;Intersection en T;Route departementale;Collision par le cote;VL seul;Sans changement de direction;Scooter < 50 cm3;48;Feminin;Indemne;Non renseignee ;2;2;0;0;1;0;Adulte (35-49);Sans pieton;Sans moto;1 VL;Sans poids lourd;Adulte (35-49);2 usagers
Leger;02/08/2016;20:40;Boulogne-Billancourt;Crepuscule ou aube;Pluie legere;Hors intersection;Voie commuNon renseignee le;Collision frontale;VL seul;En faisant demi-tour sur la chaussee;Scooter < 50 cm3;26;Masculin;Indemne;Non renseignee ;2;2;0;0;1;0;Adulte jeune (25-34);Sans pieton;Sans moto;1 VL;Sans poids lourd;Adulte jeune (25-34);2 usagers
Leger;11/03/2016;12:30;Courbevoie;Plein jour;Autre;Intersection en T;Voie commuNon renseignee le;Collision par le cote;Scooter < 50 cm3;Non renseignee ;VL seul;20;Masculin;Blessee Leger;Non renseignee ;2;2;0;0;1;0;Jeune adulte (18-24);Sans pieton;Sans moto;1 VL;Sans poids lourd;Jeune adulte (18-24);2 usagers
Leger;18/11/2016;09:10;Issy-les-Moulineaux;Plein jour;Autre;Hors intersection;Voie commuNon renseignee le;Collisions multiples;Cyclomoteur <50cm3;Non renseignee ;VL seul;21;Feminin;Blessee Leger;Non renseignee ;3;3;0;1;1;0;Jeune adulte (18-24);Sans pieton;Avec moto;1 VL;Sans poids lourd;Jeune adulte (18-24);3-5 usagers
Leger;14/01/2016;01:15;Levallois-Perret;Nuit avec eclairage public allumee;Autre;Intersection en X;Voie commuNon renseignee le;Collision par le cote;Scooter < 50 cm3;Sans changement de direction;VL seul;32;Masculin;Indemne;Non renseignee ;2;2;0;0;1;0;Adulte jeune (25-34);Sans pieton;Sans moto;1 VL;Sans poids lourd;Adulte jeune (25-34);2 usagers
Leger;24/03/2016;07:40;Rueil-Malmaison;Crepuscule ou aube;Autre;Intersection en T;Route departementale;Sans collision;Scooter < 50 cm3;TourNon renseignee nt A$roite;Non renseignee ;20;Masculin;Blessee Leger;Non renseignee ;1;1;0;0;0;0;Jeune adulte (18-24);Sans pieton ;Sans moto;Aucun VL;Sans poids lourd;Jeune adulte (18-24);1 usager
Leger;06/01/2016;20:15;Saint-Cloud;Nuit avec eclairage public allumee;Autre;Intersection en X;Route departementale;Collision par le cote;VL seul;TourNon renseignee nt A'auche;Cyclomoteur <50cm3;28;Masculin;Indemne;Non renseignee ;2;2;0;0;1;0;Adulte jeune (25-34);Sans pieton ;Sans moto;1 VL;Sans poids lourd;Adulte jeune (25-34);2 usagers
Leger;01/12/2016;13:42;Malakoff;Plein jour;Autre;Intersection en X;Route departementale;Collision par le cote;Scooter < 50 cm3;TourNon renseignee nt A$roite;PL seul 3,5T <PTCA <= 7,5T;16;Masculin;Blessee Leger;Non renseignee ;1;2;0;0;0;1;Mineur (-18 ans);Sans pieton ;Sans moto;Aucun VL;Avec poids lourd;Mineur (-18 ans);1 usager
Leger;27/09/2016;18:20;Issy-les-Moulineaux;Plein jour;Autre;Intersection en X;Voie commuNon renseignee le;Collision par le cote;Autobus;Changeant de file A'auche;Bicyclette;25;Masculin;Indemne;Non renseignee ;2;2;0;0;0;0;Adulte jeune (25-34);Sans pieton;Sans moto;Aucun VL;Sans poids lourd;Adulte jeune (25-34);2 usagers
Leger;22/06/2016;16:30;Saint-Cloud;Plein jour;Autre;Intersection en X;Voie commuNon renseignee le;Collision par le cote;Bicyclette;A contresens;VL seul;27;Masculin;Blessee Leger;Non renseignee ;2;2;0;0;1;0;Adulte jeune (25-34);Sans pieton;Sans moto;1 VL;Sans poids lourd;Adulte jeune (25-34);2 usagers
Leger;21/10/2016;18:15;Chaville;Crepuscule ou aube;Pluie legere;Intersection A0lus de 4 branches;Route departementale;Collision par le cote;Bicyclette;TourNon renseignee nt A'auche;VL seul;30;Masculin;Blessee Leger;Non renseignee ;2;2;0;0;1;0;Adulte jeune (25-34);Sans pieton ;Sans moto;1 VL;Sans poids lourd;Adulte jeune (25-34);2 usagers
Leger;08/11/2016;18:10;Asnieres-sur-Seine;Nuit avec eclairage public non allumee;Autre;Hors intersection;Route departementale;Autre collision;Motocyclette > 125 cm3;Sans changement de direction;Non renseignee ;36;Masculin;Blessee Leger;Non renseignee ;2;1;1;1;0;0;Adulte (35-49);Avec pieton;Avec moto;Aucun VL;Sans poids lourd;Adulte (35-49);2 usagers
Leger;20/06/2016;15:30;Clamart;Plein jour;Pluie legere;Hors intersection;Route departementale;Autre collision;VU seul 1,5T <= PTAC <= 3,5T;Sans changement de direction;Non renseignee ;65;Masculin;Indemne;Non renseignee ;2;1;1;0;1;0;Senior (65+);Avec pieton;Sans moto;1 VL;Sans poids lourd;Senior (65+);2 usagers
Leger;02/12/2016;12:15;Colombes;Plein jour;Autre;Hors intersection;Voie commuNon renseignee le;Autre collision;VL seul;Sans changement de direction;Non renseignee ;13;Feminin;Blessee Leger;Non renseignee ;1;1;1;0;1;0;Mineur (-18 ans);Avec pieton;Sans moto;1 VL;Sans poids lourd;Mineur (-18 ans);1 usager
Leger;09/02/2016;08:00;Courbevoie;Nuit avec eclairage public allumee;Pluie forte;Intersection en T;Route departementale;Autre collision;VL seul;TourNon renseignee nt A'auche;Non renseignee ;45;Masculin;Indemne;Non renseignee ;2;1;1;0;1;0;Adulte (35-49);Avec pieton;Sans moto;1 VL;Sans poids lourd;Adulte (35-49);2 usagers
Leger;27/06/2016;12:45;Courbevoie;Plein jour;Autre;Intersection en X;Route departementale;Autre collision;VL seul;TourNon renseignee nt A'auche;Non renseignee ;33;Masculin;Indemne;Non renseignee ;2;1;1;0;1;0;Adulte jeune (25-34);Avec pieton;Sans moto;1 VL;Sans poids lourd;Adulte jeune (25-34);2 usagers
Leger;08/01/2016;12:20;Gennevilliers;Plein jour;Autre;Hors intersection;Voie commuNon renseignee le;Autre collision;VL seul;Sans changement de direction;Non renseignee ;19;Masculin;Indemne;Non renseignee ;2;1;1;0;1;0;Jeune adulte (18-24);Avec pieton;Sans moto;1 VL;Sans poids lourd;Jeune adulte (18-24);2 usagers
Leger;29/04/2016;20:30;Gennevilliers;Plein jour;Autre;Intersection en T;Route departementale;Autre collision;VL seul;Sans changement de direction;Non renseignee ;26;Masculin;Indemne;Non renseignee ;2;1;1;0;1;0;Adulte jeune (25-34);Avec pieton;Sans moto;1 VL;Sans poids lourd;Adulte jeune (25-34);2 usagers
Leger;12/10/2016;23:25;Gennevilliers;Nuit avec eclairage public allumee;Autre;Intersection en T;Route departementale;Autre collision;VL seul;TourNon renseignee nt A'auche;Non renseignee ;23;Feminin;Indemne;Non renseignee ;2;1;1;0;1;0;Jeune adulte (18-24);Avec pieton;Sans moto;1 VL;Sans poids lourd;Jeune adulte (18-24);2 usagers
Leger;22/11/2016;18:00;Gennevilliers;Nuit avec eclairage public allumee;Autre;Intersection en T;Route departementale;Autre collision;VL seul;Non renseignee ;Non renseignee ;28;Masculin;Indemne;Non renseignee ;2;1;1;0;1;0;Adulte jeune (25-34);Avec pieton;Sans moto;1 VL;Sans poids lourd;Adulte jeune (25-34);2 usagers
Leger;06/12/2016;22:35;Gennevilliers;Nuit avec eclairage public allumee;Autre;Intersection en X;Route departementale;Autre collision;VL seul;TourNon renseignee nt A$roite;Non renseignee ;49;Masculin;Indemne;Non renseignee ;2;1;1;0;1;0;Adulte (35-49);Avec pieton;Sans moto;1 VL;Sans poids lourd;Adulte (35-49);2 usagers
Leger;15/11/2016;18:35;Levallois-Perret;Nuit avec eclairage public allumee;Autre;Intersection en X;Voie commuNon renseignee le;Autre collision;VL seul;TourNon renseignee nt A$roite;Non renseignee ;45;Feminin;Indemne;Non renseignee ;2;1;1;0;1;0;Adulte (35-49);Avec pieton;Sans moto;1 VL;Sans poids lourd;Adulte (35-49);2 usagers
Leger;02/04/2016;09:15;Meudon;Plein jour;Autre;Intersection en T;Route departementale;Autre collision;VL seul;TourNon renseignee nt A$roite;Non renseignee ;61;Masculin;Indemne;Non renseignee ;2;1;1;0;1;0;Senior actif (50-64);Avec pieton;Sans moto;1 VL;Sans poids lourd;Senior actif (50-64);2 usagers
Leger;14/12/2016;20:00;Meudon;Nuit avec eclairage public allumee;Autre;Intersection en T;Voie commuNon renseignee le;Autre collision;VL seul;Sans changement de direction;Non renseignee ;61;Masculin;Indemne;Non renseignee ;2;1;1;0;1;0;Senior actif (50-64);Avec pieton;Sans moto;1 VL;Sans poids lourd;Senior actif (50-64);2 usagers
Leger;07/02/2016;14:28;Malakoff;Plein jour;Autre;Intersection en X;Route departementale;Autre collision;VL seul;TourNon renseignee nt A'auche;Non renseignee ;37;Masculin;Indemne;Non renseignee ;2;1;1;0;1;0;Adulte (35-49);Avec pieton;Sans moto;1 VL;Sans poids lourd;Adulte (35-49);2 usagers
Leger;19/08/2016;14:25;Montrouge;Plein jour;Pluie legere;Intersection en T;Voie commuNon renseignee le;Autre collision;Scooter < 50 cm3;Sans changement de direction;Non renseignee ;50;Feminin;Blessee Leger;Non renseignee ;1;1;1;0;0;0;Senior actif (50-64);Avec pieton;Sans moto;Aucun VL;Sans poids lourd;Senior actif (50-64);1 usager
Leger;20/07/2016;08:00;Non renseignee nterre;Plein jour;Autre;Intersection en T;Route departementale;Autre collision;VL seul;En marche arriere;Non renseignee ;56;Feminin;Blessee Leger;Non renseignee ;1;1;1;0;1;0;Senior actif (50-64);Avec pieton;Sans moto;1 VL;Sans poids lourd;Senior actif (50-64);1 usager
Leger;09/01/2016;18:10;Non renseignee nterre;Nuit avec eclairage public allumee;Autre;Hors intersection;Autoroute;Collision par l'arriere;VL seul;Meme sens, Meme file;VL seul;65;Masculin;Blessee Leger;Non renseignee ;5;2;0;0;2;0;Senior (65+);Sans pieton;Sans moto;2 VL;Sans poids lourd;Senior (65+);3-5 usagers
Leger;16/04/2016;09:22;Marnes-la-Coquette;Plein jour;Autre;Hors intersection;Autoroute;Collisions en chaine;VL seul;Meme sens, Meme file;VU seul 1,5T <= PTAC <= 3,5T;52;Masculin;Blessee Leger;Non renseignee ;3;3;0;0;3;0;Senior actif (50-64);Sans pieton;Sans moto;3 VL ou plus;Sans poids lourd;Senior actif (50-64);3-5 usagers
Leger;24/08/2016;08:25;Rueil-Malmaison;Plein jour;Autre;Hors intersection;Autoroute;Collision frontale;PL seul > 7,5T;Se deportant A$roite;VL seul;37;Masculin;Indemne;Non renseignee ;2;2;0;0;1;1;Adulte (35-49);Sans pieton ;Sans moto;1 VL;Avec poids lourd;Adulte (35-49);2 usagers
Leger;11/09/2016;09:07;Meudon;Plein jour;Pluie legere;Hors intersection;Route Non renseignee tioNon renseignee le;Sans collision;VL seul;Non renseignee ;Non renseignee ;24;Masculin;Blessee Leger;Non renseignee ;1;1;0;0;1;0;Jeune adulte (18-24);Sans pieton;Sans moto;1 VL;Sans poids lourd;Jeune adulte (18-24);1 usager
Leger;24/09/2016;04:27;Marnes-la-Coquette;Nuit avec eclairage public non allumee;Autre;Hors intersection;Autoroute;Sans collision;VL seul;Non renseignee ;Non renseignee ;27;Masculin;Blessee Leger;Non renseignee ;2;1;0;0;1;0;Adulte jeune (25-34);Sans pieton;Sans moto;1 VL;Sans poids lourd;Adulte jeune (25-34);2 usagers
Leger;03/09/2016;19:05;Antony;Plein jour;Autre;Hors intersection;Autoroute;Collision par l'arriere;VL seul;Sans changement de direction;VL seul;33;Masculin;Indemne;Non renseignee ;3;2;0;0;2;0;Adulte jeune (25-34);Sans pieton;Sans moto;2 VL;Sans poids lourd;Adulte jeune (25-34);3-5 usagers
Leger;19/07/2016;20:50;Boulogne-Billancourt;Plein jour;Autre;Hors intersection;Voie commuNon renseignee le;Collision par l'arriere;VL seul;Sans changement de direction;VL seul;81;Masculin;Blessee Leger;Non renseignee ;2;2;0;0;2;0;Senior (65+);Sans pieton;Sans moto;2 VL;Sans poids lourd;Senior (65+);2 usagers
Leger;12/11/2016;11:05;Clamart;Plein jour;Autre;Hors intersection;Voie commuNon renseignee le;Sans collision;VL seul;Sans changement de direction;Non renseignee ;28;Feminin;Blessee Leger;Non renseignee ;3;1;0;0;1;0;Adulte jeune (25-34);Sans pieton;Sans moto;1 VL;Sans poids lourd;Adulte jeune (25-34);3-5 usagers
Leger;26/02/2016;23:44;Clichy;Nuit avec eclairage public allumee;Autre;Hors intersection;Route departementale;Collision par l'arriere;VL seul;Sans changement de direction;VL seul;42;Masculin;Blessee Leger;Non renseignee ;1;2;0;0;2;0;Adulte (35-49);Sans pieton;Sans moto;2 VL;Sans poids lourd;Adulte (35-49);1 usager
Leger;20/11/2016;22:50;Clichy;Nuit avec eclairage public allumee;Pluie legere;Intersection en X;Route departementale;Collision par le cote;VL seul;Sans changement de direction;VL seul;20;Feminin;Blessee Leger;Non renseignee ;2;2;0;0;2;0;Jeune adulte (18-24);Sans pieton;Sans moto;2 VL;Sans poids lourd;Jeune adulte (18-24);2 usagers
Leger;14/10/2016;13:53;Colombes;Plein jour;Autre;Hors intersection;Voie commuNon renseignee le;Collision par le cote;VU seul 1,5T <= PTAC <= 3,5T;S inserant;VL seul;38;Masculin;Indemne;Non renseignee ;2;2;0;0;2;0;Adulte (35-49);Sans pieton;Sans moto;2 VL;Sans poids lourd;Adulte (35-49);2 usagers
Leger;19/04/2016;17:45;Gennevilliers;Plein jour;Autre;Intersection en X;Route departementale;Collision par l'arriere;VL seul;TourNon renseignee nt A$roite;VL seul;66;Masculin;Blessee Leger;Non renseignee ;3;2;0;0;2;0;Senior (65+);Sans pieton ;Sans moto;2 VL;Sans poids lourd;Senior (65+);3-5 usagers
Leger;02/08/2016;13:50;Gennevilliers;Plein jour;Autre;Intersection en T;Route departementale;Collision par le cote;VL seul;Non renseignee ;VL seul;28;Feminin;Blessee Leger;Non renseignee ;3;2;0;0;2;0;Adulte jeune (25-34);Sans pieton;Sans moto;2 VL;Sans poids lourd;Adulte jeune (25-34);3-5 usagers
Leger;28/07/2016;05:40;Levallois-Perret;Crepuscule ou aube;Pluie legere;Intersection en X;Route departementale;Collision par le cote;VL seul;TourNon renseignee nt A$roite;VL seul;25;Feminin;Indemne;Non renseignee ;2;2;0;0;2;0;Adulte jeune (25-34);Sans pieton ;Sans moto;2 VL;Sans poids lourd;Adulte jeune (25-34);2 usagers
Leger;11/09/2013;19:20;Colombes;Plein jour;Autre;Hors intersection;Parc de stationnement;Sans collision;Scooter < 50 cm3;Non renseignee ;Non renseignee ;14;Masculin;Blessee Leger;Non renseignee ;1;1;0;0;0;0;Mineur (-18 ans);Sans pieton;Sans moto;Aucun VL;Sans poids lourd;Mineur (-18 ans);1 usager
Leger;19/11/2013;08:55;Colombes;Plein jour;Autre;Intersection en T;Route departementale;Collision par le cote;VL seul;TourNon renseignee nt A$roite;Bicyclette;32;Feminin;Blessee Leger;Non renseignee ;1;2;0;0;1;0;Adulte jeune (25-34);Sans pieton ;Sans moto;1 VL;Sans poids lourd;Adulte jeune (25-34);1 usager
Leger;04/02/2013;07:26;La Garenne-Colombes;Crepuscule ou aube;Autre;Hors intersection;Route departementale;Collision par le cote;VL seul;Changeant de file A$roite;Scooter > 50 cm3 et <= 125 cm3;48;Masculin;Indemne;Non renseignee ;2;2;0;1;1;0;Adulte (35-49);Sans pieton;Avec moto;1 VL;Sans poids lourd;Adulte (35-49);2 usagers
Leger;29/03/2013;09:50;La Garenne-Colombes;Plein jour;Autre;Intersection à plus de 4 branches;Route departementale;Collisions en chaine;Scooter > 125 cm3;Meme sens, Meme file;VL seul;36;Masculin;Blessee Leger;Non renseignee ;3;3;0;1;2;0;Adulte (35-49);Sans pieton;Avec moto;2 VL;Sans poids lourd;Adulte (35-49);3-5 usagers
Leger;11/06/2013;17:50;La Garenne-Colombes;Plein jour;Autre;Hors intersection;Route departementale;Collision frontale;Motocyclette > 125 cm3;Sedeportant A'auche;VL seul;29;Masculin;Blessee Leger;Non renseignee ;2;2;0;1;1;0;Adulte jeune (25-34);Sans pieton ;Avec moto;1 VL;Sans poids lourd;Adulte jeune (25-34);2 usagers
Leger;05/03/2013;19:40;Gennevilliers;Plein jour;Autre;Intersection en T;Route departementale;Autre collision;Cyclomoteur <50cm3;Non renseignee ;Non renseignee ;22;Masculin;Blessee Leger;Non renseignee ;2;1;1;0;0;0;Jeune adulte (18-24);Avec pieton;Sans moto;Aucun VL;Sans poids lourd;Jeune adulte (18-24);2 usagers
Grave;02/05/2013;14:30;Gennevilliers;Plein jour;Autre;Intersection en T;Route departementale;Collision par l'arriere;Scooter > 125 cm3;Meme sens, Meme file;VU seul 1,5T <= PTAC <= 3,5T;30;Masculin;Blessee hospitalisee;Non renseignee ;2;2;0;1;1;0;Adulte jeune (25-34);Sans pieton;Avec moto;1 VL;Sans poids lourd;Adulte jeune (25-34);2 usagers
Leger;03/06/2013;17:15;Gennevilliers;Plein jour;Autre;Intersection en X;Route departementale;Collision par l'arriere;Scooter < 50 cm3;Meme sens, Meme file;VU seul 1,5T <= PTAC <= 3,5T;19;Masculin;Blessee Leger;Non renseignee ;2;2;0;0;1;0;Jeune adulte (18-24);Sans pieton;Sans moto;1 VL;Sans poids lourd;Jeune adulte (18-24);2 usagers
Leger;18/06/2013;19:05;Gennevilliers;Plein jour;Autre;Hors intersection;Route departementale;Collision par l'arriere;VL seul;Meme sens, Meme file;VU seul 1,5T <= PTAC <= 3,5T;25;Feminin;Indemne;Non renseignee ;2;2;0;0;2;0;Adulte jeune (25-34);Sans pieton;Sans moto;2 VL;Sans poids lourd;Adulte jeune (25-34);2 usagers
Leger;04/08/2013;12:10;Gennevilliers;Plein jour;Autre;Hors intersection;Route departementale;Collision par le cote;VL seul;S inserant;Scooter > 125 cm3;60;Feminin;Indemne;Non renseignee ;2;2;0;1;1;0;Senior actif (50-64);Sans pieton;Avec moto;1 VL;Sans poids lourd;Senior actif (50-64);2 usagers
Leger;15/10/2013;12:45;Gennevilliers;Plein jour;Autre;Hors intersection;Route departementale;Collision par le cote;Scooter < 50 cm3;Non renseignee ;PL seul 3,5T <PTCA <= 7,5T;32;Masculin;Blessee Leger;Non renseignee ;1;2;0;0;0;1;Adulte jeune (25-34);Sans pieton;Sans moto;Aucun VL;Avec poids lourd;Adulte jeune (25-34);1 usager
Leger;12/11/2013;18:10;Gennevilliers;Nuit avec eclairage public non allumee;Pluie legere;Intersection en T;Route departementale;Autre collision;Scooter < 50 cm3;Sans changement de direction;Non renseignee ;20;Masculin;Indemne;Non renseignee ;2;1;1;0;0;0;Jeune adulte (18-24);Avec pieton;Sans moto;Aucun VL;Sans poids lourd;Jeune adulte (18-24);2 usagers
Leger;07/01/2013;17:05;Issy-les-Moulineaux;Plein jour;Autre;Hors intersection;Route departementale;Sans collision;Scooter < 50 cm3;Sans changement de direction;Non renseignee ;18;Masculin;Blessee Leger;Non renseignee ;1;1;0;0;0;0;Jeune adulte (18-24);Sans pieton;Sans moto;Aucun VL;Sans poids lourd;Jeune adulte (18-24);1 usager
Leger;12/06/2013;10:30;Issy-les-Moulineaux;Plein jour;Autre;Hors intersection;Route departementale;Autre collision;Bicyclette;Non renseignee ;Non renseignee ;34;Masculin;Indemne;Non renseignee ;4;1;3;0;0;0;Adulte jeune (25-34);Avec pieton;Sans moto;Aucun VL;Sans poids lourd;Adulte jeune (25-34);3-5 usagers
Leger;14/06/2013;19:00;Issy-les-Moulineaux;Plein jour;Autre;Intersection en X;Route departementale;Collision par le cote;VL seul;TourNon renseignee nt A'auche;Scooter > 50 cm3 et <= 125 cm3;28;Masculin;Indemne;Non renseignee ;2;2;0;1;1;0;Adulte jeune (25-34);Sans pieton ;Avec moto;1 VL;Sans poids lourd;Adulte jeune (25-34);2 usagers
Grave;02/12/2013;14:05;Issy-les-Moulineaux;Plein jour;Autre;Giratoire;Route departementale;Autre collision;VL seul;Sans changement de direction;Non renseignee ;27;Feminin;Indemne;Non renseignee ;2;1;1;0;1;0;Adulte jeune (25-34);Avec pieton;Sans moto;1 VL;Sans poids lourd;Adulte jeune (25-34);2 usagers
Leger;27/02/2013;12:25;Levallois-Perret;Plein jour;Autre;Hors intersection;Voie commuNon renseignee le;Autre collision;VU seul 1,5T <= PTAC <= 3,5T;Sans changement de direction;Non renseignee ;50;Masculin;Indemne;Non renseignee ;2;1;1;0;1;0;Senior actif (50-64);Avec pieton;Sans moto;1 VL;Sans poids lourd;Senior actif (50-64);2 usagers
Leger;01/07/2013;15:30;Levallois-Perret;Plein jour;Autre;Hors intersection;Route departementale;Collision par le cote;VL seul;Ouverture de porte;Scooter > 50 cm3 et <= 125 cm3;37;Masculin;Indemne;Non renseignee ;3;2;0;1;1;0;Adulte (35-49);Sans pieton;Avec moto;1 VL;Sans poids lourd;Adulte (35-49);3-5 usagers
Leger;18/04/2013;18:00;Meudon;Plein jour;Autre;Intersection en X;Route departementale;Collision frontale;VL seul;TourNon renseignee nt A'auche;Cyclomoteur <50cm3;58;Feminin;Indemne;Non renseignee ;2;2;0;0;1;0;Senior actif (50-64);Sans pieton ;Sans moto;1 VL;Sans poids lourd;Senior actif (50-64);2 usagers
Leger;01/08/2013;18:00;Meudon;Plein jour;Autre;Hors intersection;Route departementale;Sans collision;Bicyclette;Sans changement de direction;Non renseignee ;31;Masculin;Blessee Leger;Non renseignee ;1;1;0;0;0;0;Adulte jeune (25-34);Sans pieton;Sans moto;Aucun VL;Sans poids lourd;Adulte jeune (25-34);1 usager
Leger;07/02/2013;16:55;Chatillon;Plein jour;Temps couvert;Hors intersection;Route departementale;Collision par le cote;VL seul;En faisant demi-tour sur la chaussee;Motocyclette > 50 cm3 et <= 125 cm3;27;Masculin;Indemne;Non renseignee ;2;2;0;1;1;0;Adulte jeune (25-34);Sans pieton;Avec moto;1 VL;Sans poids lourd;Adulte jeune (25-34);2 usagers
Leger;28/03/2013;18:00;Montrouge;Plein jour;Autre;Hors intersection;Route departementale;Collision par le cote;VL seul;En stationnement (avec occupants);Bicyclette;28;Feminin;Indemne;Non renseignee ;2;2;0;0;1;0;Adulte jeune (25-34);Sans pieton;Sans moto;1 VL;Sans poids lourd;Adulte jeune (25-34);2 usagers
Leger;27/06/2013;09:00;Montrouge;Plein jour;Autre;Hors intersection;Route departementale;Collisions multiples;VU seul 1,5T <= PTAC <= 3,5T;En stationnement (avec occupants);VL seul;30;Masculin;Indemne;Non renseignee ;3;3;0;0;2;0;Adulte jeune (25-34);Sans pieton;Sans moto;2 VL;Sans poids lourd;Adulte jeune (25-34);3-5 usagers
Leger;21/09/2013;11:15;Chatillon;Plein jour;Autre;Hors intersection;Route departementale;Collision frontale;Engin special;A contresens;Bicyclette;33;Masculin;Indemne;Non renseignee ;2;2;0;0;0;1;Adulte jeune (25-34);Sans pieton;Sans moto;Aucun VL;Avec poids lourd;Adulte jeune (25-34);2 usagers