type_acci;date;heure;commune;luminosite_accident;cond_atmos;Intersection;categorie_route;type_collision;type_vehicule_1;manoeuvre_vehicule_1;type_vehicule_2;age_usager;sexe_usager;gravite_usager;etat_usager;nombre_usagers;nb_veh;nombre_pietons;nombre_motos;nombre_vl;nombre_pl;age_usa1_categ;accident_pieton;accident_moto;categorie_vl;accident_pl;categorie_age;categorie_usagers
Leger;22/02/2011;08:20;Malakoff;Plein jour;Autre;Intersection en X;Route departementale;Collision par le cote;Motocyclette > 125 cm3;Non renseignee ;Non renseignee ;37;Masculin;Blessee Leger;Non renseignee ;2;2;0;1;0;1;Adulte (35-49);Sans pieton;Avec moto;Aucun VL;Avec poids lourd;Adulte (35-49);2 usagers
Leger;21/06/2011;23:00;Levallois-Perret;Nuit avec eclairage public allumee;Autre;Intersection en X;Voie commuNon renseignee le;Collision frontale;VL seul;TourNon renseignee nt A'auche;Motocyclette > 125 cm3;23;Masculin;Indemne;Non renseignee ;2;2;0;1;1;0;Jeune adulte (18-24);Sans pieton ;Avec moto;1 VL;Sans poids lourd;Jeune adulte (18-24);2 usagers
Leger;09/08/2011;14:40;Issy-les-Moulineaux;Plein jour;Autre;Hors intersection;Route departementale;Collisions multiples;VL seul;Sans changement de direction;VL seul;39;Masculin;Blessee Leger;Non renseignee ;3;3;0;0;3;0;Adulte (35-49);Sans pieton;Sans moto;3 VL ou plus;Sans poids lourd;Adulte (35-49);3-5 usagers
Grave;19/08/2011;17:00;Ville d'Avray;Plein jour;Autre;Hors intersection;Voie commuNon renseignee le;Sans collision;Motocyclette > 125 cm3;S inserant;Non renseignee ;43;Masculin;Blessee hospitalisee;Non renseignee ;1;1;0;1;0;0;Adulte (35-49);Sans pieton;Avec moto;Aucun VL;Sans poids lourd;Adulte (35-49);1 usager
Leger;09/07/2011;17:00;Boulogne-Billancourt;Plein jour;Autre;Giratoire;Route departementale;Collision par le cote;Autobus;S inserant;VL seul;37;Masculin;Indemne;Non renseignee ;2;2;0;0;1;0;Adulte (35-49);Sans pieton;Sans moto;1 VL;Sans poids lourd;Adulte (35-49);2 usagers
Leger;29/10/2011;14:45;Levallois-Perret;Plein jour;Autre;Intersection en X;Voie commuNon renseignee le;Collision par le cote;VL seul;Sans changement de direction;Cyclomoteur <50cm3;61;Masculin;Indemne;Non renseignee ;2;2;0;0;1;0;Senior actif (50-64);Sans pieton;Sans moto;1 VL;Sans poids lourd;Senior actif (50-64);2 usagers
Leger;24/01/2011;06:25;Clichy;Crepuscule ou aube;Autre;Intersection en T;Route departementale;Collision par le cote;VL seul;TourNon renseignee nt A'auche;VL seul;50;Feminin;Blessee Leger;Non renseignee ;2;2;0;0;2;0;Senior actif (50-64);Sans pieton ;Sans moto;2 VL;Sans poids lourd;Senior actif (50-64);2 usagers
Grave;04/04/2011;18:00;Clamart;Plein jour;Autre;Intersection en T;Voie commuNon renseignee le;Collision par le cote;Motocyclette > 50 cm3 et <= 125 cm3;Sans changement de direction;VL seul;64;Masculin;Indemne;Non renseignee ;2;2;0;1;1;0;Senior actif (50-64);Sans pieton;Avec moto;1 VL;Sans poids lourd;Senior actif (50-64);2 usagers
Leger;11/07/2011;17:30;Chaville;Plein jour;Autre;Intersection en T;Voie commuNon renseignee le;Collision par le cote;VL seul;TourNon renseignee nt A$roite;Autobus;52;Masculin;Indemne;Non renseignee ;2;2;0;0;1;0;Senior actif (50-64);Sans pieton ;Sans moto;1 VL;Sans poids lourd;Senior actif (50-64);2 usagers
Leger;05/10/2011;08:07;Gennevilliers;Plein jour;Autre;Hors intersection;Autoroute;Collisions multiples;VL seul;Changeant de file A$roite;Scooter > 125 cm3;27;Masculin;Indemne;Non renseignee ;3;3;0;2;1;0;Adulte jeune (25-34);Sans pieton;Avec moto;1 VL;Sans poids lourd;Adulte jeune (25-34);3-5 usagers
Leger;01/11/2011;17:40;Bagneux;Crepuscule ou aube;Autre;Intersection en T;Route departementale;Collision par le cote;VL seul;TourNon renseignee nt A'auche;VL seul;67;Masculin;Indemne;Non renseignee ;3;2;0;0;2;0;Senior (65+);Sans pieton ;Sans moto;2 VL;Sans poids lourd;Senior (65+);3-5 usagers
Leger;14/01/2011;19:20;Asnieres-sur-Seine;Nuit avec eclairage public allumee;Pluie forte;Intersection en T;Route departementale;Collision par l'arriere;Scooter < 50 cm3;Meme sens, Meme file;VL seul;19;Masculin;Blessee Leger;Non renseignee ;2;2;0;0;1;0;Jeune adulte (18-24);Sans pieton;Sans moto;1 VL;Sans poids lourd;Jeune adulte (18-24);2 usagers
Leger;22/11/2011;22:11;Boulogne-Billancourt;Nuit avec eclairage public allumee;Autre;Hors intersection;Voie commuNon renseignee le;Collision par l'arriere;Scooter < 50 cm3;Meme sens, Meme file;VL seul;16;Masculin;Blessee Leger;Non renseignee ;2;2;0;0;1;0;Mineur (-18 ans);Sans pieton;Sans moto;1 VL;Sans poids lourd;Mineur (-18 ans);2 usagers
Leger;08/11/2011;13:30;Vanves;Plein jour;Pluie legere;Hors intersection;Voie commuNon renseignee le;Autre collision;VL seul;Sans changement de direction;Non renseignee ;35;Masculin;Indemne;Non renseignee ;2;1;1;0;1;0;Adulte (35-49);Avec pieton;Sans moto;1 VL;Sans poids lourd;Adulte (35-49);2 usagers
Grave;13/02/2012;09:00;Meudon;Plein jour;Autre;Hors intersection;Voie commuNon renseignee le;Collision par le cote;VL seul;S inserant;Motocyclette > 125 cm3;56;Feminin;Indemne;Non renseignee ;2;2;0;1;1;0;Senior actif (50-64);Sans pieton;Avec moto;1 VL;Sans poids lourd;Senior actif (50-64);2 usagers
Leger;19/04/2012;11:35;Gennevilliers;Plein jour;Autre;Hors intersection;Voie commuNon renseignee le;Collision par le cote;Scooter > 50 cm3 et <= 125 cm3;Sans changement de direction;PL seul > 7,5T;27;Masculin;Blessee Leger;Non renseignee ;2;2;0;1;0;1;Adulte jeune (25-34);Sans pieton;Avec moto;Aucun VL;Avec poids lourd;Adulte jeune (25-34);2 usagers
Leger;03/11/2012;18:30;Gennevilliers;Plein jour;Autre;Giratoire;Route departementale;Collisions multiples;VL seul;Sans changement de direction;VL seul;22;Masculin;Indemne;Non renseignee ;6;3;0;0;3;0;Jeune adulte (18-24);Sans pieton;Sans moto;3 VL ou plus;Sans poids lourd;Jeune adulte (18-24);Plus de 5 usagers
Leger;06/07/2012;13:40;Saint-Cloud;Plein jour;Autre;Hors intersection;Route departementale;Collision par le cote;VL seul;S inserant;Scooter > 50 cm3 et <= 125 cm3;50;Masculin;Indemne;Non renseignee ;2;2;0;1;1;0;Senior actif (50-64);Sans pieton;Avec moto;1 VL;Sans poids lourd;Senior actif (50-64);2 usagers
Leger;07/09/2012;09:15;La Garenne-Colombes;Plein jour;Autre;Intersection en X;Voie commuNon renseignee le;Collision par le cote;VL seul;Ouverture de porte;Bicyclette;46;Masculin;Indemne;Non renseignee ;2;2;0;0;1;0;Adulte (35-49);Sans pieton;Sans moto;1 VL;Sans poids lourd;Adulte (35-49);2 usagers
Leger;01/10/2012;06:50;Courbevoie;Nuit avec eclairage public allumee;Autre;Place;Route departementale;Collision par le cote;VL seul;En faisant demi-tour sur la chaussee;Scooter > 50 cm3 et <= 125 cm3;40;Masculin;Indemne;Non renseignee ;2;2;0;1;1;0;Adulte (35-49);Sans pieton;Avec moto;1 VL;Sans poids lourd;Adulte (35-49);2 usagers
Leger;10/10/2012;20:00;Asnieres-sur-Seine;Crepuscule ou aube;Autre;Intersection en X;Route departementale;Collision par le cote;VL seul;TourNon renseignee nt A'auche;Motocyclette > 125 cm3;46;Masculin;Indemne;Non renseignee ;2;2;0;1;1;0;Adulte (35-49);Sans pieton ;Avec moto;1 VL;Sans poids lourd;Adulte (35-49);2 usagers
Grave;25/03/2012;01:15;Courbevoie;Nuit avec eclairage public allumee;Autre;Intersection en T;Route departementale;Collision par le cote;VL seul;TourNon renseignee nt A'auche;Motocyclette > 125 cm3;30;Masculin;Indemne;Non renseignee ;2;2;0;1;1;0;Adulte jeune (25-34);Sans pieton ;Avec moto;1 VL;Sans poids lourd;Adulte jeune (25-34);2 usagers
Leger;05/03/2012;22:20;Colombes;Nuit avec eclairage public allumee;Autre;Hors intersection;Autoroute;Collision par l'arriere;VL seul;Sans changement de direction;VL seul;33;Feminin;Indemne;Non renseignee ;3;2;0;0;2;0;Adulte jeune (25-34);Sans pieton;Sans moto;2 VL;Sans poids lourd;Adulte jeune (25-34);3-5 usagers
Leger;18/06/2012;15:15;Villeneuve-la-Garenne;Plein jour;Autre;Hors intersection;Route departementale;Sans collision;Scooter < 50 cm3;Sans changement de direction;Non renseignee ;19;Masculin;Blessee Leger;Non renseignee ;1;1;0;0;0;0;Jeune adulte (18-24);Sans pieton;Sans moto;Aucun VL;Sans poids lourd;Jeune adulte (18-24);1 usager
Grave;02/02/2012;19:25;Non renseignee nterre;Nuit avec eclairage public allumee;Autre;Intersection à plus de 4 branches;Route departementale;Collision par le cote;Motocyclette > 125 cm3;Sans changement de direction;VL seul;24;Masculin;Blessee hospitalisee;Non renseignee ;2;2;0;1;1;0;Jeune adulte (18-24);Sans pieton;Avec moto;1 VL;Sans poids lourd;Jeune adulte (18-24);2 usagers
Leger;28/09/2012;11:55;Non renseignee nterre;Plein jour;Autre;Hors intersection;Autoroute;Sans collision;Scooter > 50 cm3 et <= 125 cm3;Non renseignee ;Non renseignee ;26;Masculin;Blessee Leger;Non renseignee ;1;1;0;1;0;0;Adulte jeune (25-34);Sans pieton;Avec moto;Aucun VL;Sans poids lourd;Adulte jeune (25-34);1 usager
Leger;13/11/2012;10:20;Malakoff;Plein jour;Pluie legere;Intersection en T;Voie commuNon renseignee le;Sans collision;Scooter < 50 cm3;TourNon renseignee nt A$roite;Non renseignee ;28;Feminin;Blessee Leger;Non renseignee ;1;1;0;0;0;0;Adulte jeune (25-34);Sans pieton ;Sans moto;Aucun VL;Sans poids lourd;Adulte jeune (25-34);1 usager
Leger;12/12/2012;06:35;Asnieres-sur-Seine;Nuit avec eclairage public allumee;Autre;Hors intersection;Route departementale;Collision par l'arriere;Scooter < 50 cm3;Sans changement de direction;PL seul 3,5T <PTCA <= 7,5T;28;Feminin;Blessee Leger;Non renseignee ;2;2;0;0;0;1;Adulte jeune (25-34);Sans pieton;Sans moto;Aucun VL;Avec poids lourd;Adulte jeune (25-34);2 usagers
Leger;31/12/2012;16:26;Clichy;Plein jour;Autre;Hors intersection;Route departementale;Collisions multiples;VL seul;Changeant de file A$roite;Scooter > 125 cm3;86;Masculin;Indemne;Non renseignee ;4;3;0;1;2;0;Senior (65+);Sans pieton;Avec moto;2 VL;Sans poids lourd;Senior (65+);3-5 usagers
Grave;04/05/2012;19:35;Vanves;Plein jour;Autre;Intersection en X;Route departementale;Collision par le cote;Scooter < 50 cm3;Non renseignee ;VL seul;40;Feminin;Blessee hospitalisee;Non renseignee ;2;2;0;0;1;0;Adulte (35-49);Sans pieton;Sans moto;1 VL;Sans poids lourd;Adulte (35-49);2 usagers
Leger;11/10/2012;17:55;Le Plessis-Robinson;Plein jour;Autre;Intersection en X;Route departementale;Collision par le cote;VL seul;TourNon renseignee nt A$roite;Bicyclette;29;Feminin;Indemne;Non renseignee ;2;2;0;0;1;0;Adulte jeune (25-34);Sans pieton ;Sans moto;1 VL;Sans poids lourd;Adulte jeune (25-34);2 usagers
Leger;29/03/2012;09:25;Saint-Cloud;Plein jour;Autre;Hors intersection;Autoroute;Collision par l'arriere;VL seul;Meme sens, Meme file;VL seul;38;Masculin;Indemne;Non renseignee ;4;2;0;0;2;0;Adulte (35-49);Sans pieton;Sans moto;2 VL;Sans poids lourd;Adulte (35-49);3-5 usagers
Leger;22/11/2012;09:35;Malakoff;Plein jour;Autre;Intersection en T;Route departementale;Collision par le cote;VL seul;TourNon renseignee nt A'auche;Scooter > 50 cm3 et <= 125 cm3;48;Feminin;Indemne;Non renseignee ;2;2;0;1;1;0;Adulte (35-49);Sans pieton ;Avec moto;1 VL;Sans poids lourd;Adulte (35-49);2 usagers
Grave;18/12/2012;18:00;Colombes;Nuit avec eclairage public non allumee;Autre;Hors intersection;Autoroute;Collision par l'arriere;Motocyclette > 125 cm3;Manoeuvre devitement;VL seul;57;Masculin;Blessee hospitalisee;Non renseignee ;2;2;0;1;1;0;Senior actif (50-64);Sans pieton;Avec moto;1 VL;Sans poids lourd;Senior actif (50-64);2 usagers
Grave;19/02/2012;16:43;Gennevilliers;Plein jour;Autre;Hors intersection;Autoroute;Collision par le cote;VL seul;Sans changement de direction;VL seul;75;Masculin;Blessee hospitalisee;Non renseignee ;3;2;0;0;2;0;Senior (65+);Sans pieton;Sans moto;2 VL;Sans poids lourd;Senior (65+);3-5 usagers
Leger;30/06/2012;02:32;Boulogne-Billancourt;Nuit avec eclairage public allumee;Autre;Hors intersection;Route departementale;Sans collision;Scooter > 50 cm3 et <= 125 cm3;Non renseignee ;Non renseignee ;30;Masculin;Blessee Leger;Non renseignee ;2;1;0;1;0;0;Adulte jeune (25-34);Sans pieton;Avec moto;Aucun VL;Sans poids lourd;Adulte jeune (25-34);2 usagers
Leger;12/04/2012;18:40;Neuilly-sur-Seine;Plein jour;Autre;Hors intersection;Voie commuNon renseignee le;Collision par le cote;VL seul;En faisant demi-tour sur la chaussee;Motocyclette > 125 cm3;58;Feminin;Blessee Leger;Non renseignee ;2;2;0;1;1;0;Senior actif (50-64);Sans pieton;Avec moto;1 VL;Sans poids lourd;Senior actif (50-64);2 usagers
Leger;02/10/2012;10:45;Neuilly-sur-Seine;Plein jour;Autre;Hors intersection;Route departementale;Collisions en chaine;Motocyclette > 125 cm3;Sans changement de direction;VL seul;29;Masculin;Blessee Leger;Non renseignee ;3;3;0;1;2;0;Adulte jeune (25-34);Sans pieton;Avec moto;2 VL;Sans poids lourd;Adulte jeune (25-34);3-5 usagers
Leger;30/10/2012;09:40;Marnes-la-Coquette;Plein jour;Autre;Hors intersection;Autoroute;Sans collision;Motocyclette > 125 cm3;Sans changement de direction;Non renseignee ;25;Masculin;Blessee Leger;Non renseignee ;1;1;0;1;0;0;Adulte jeune (25-34);Sans pieton;Avec moto;Aucun VL;Sans poids lourd;Adulte jeune (25-34);1 usager
Grave;26/01/2012;00:20;Meudon;Nuit avec eclairage public allumee;Pluie legere;Place;Route departementale;Sans collision;Scooter < 50 cm3;Sans changement de direction;Non renseignee ;40;Masculin;Blessee hospitalisee;Non renseignee ;1;1;0;0;0;0;Adulte (35-49);Sans pieton;Sans moto;Aucun VL;Sans poids lourd;Adulte (35-49);1 usager
Leger;07/02/2012;23:35;Villeneuve-la-Garenne;Nuit avec eclairage public allumee;Autre;Hors intersection;Route departementale;Sans collision;VL seul;Non renseignee ;Non renseignee ;20;Masculin;Blessee Leger;Non renseignee ;3;1;0;0;1;0;Jeune adulte (18-24);Sans pieton;Sans moto;1 VL;Sans poids lourd;Jeune adulte (18-24);3-5 usagers
Leger;22/06/2012;18:30;Clichy;Plein jour;Autre;Intersection en X;Route departementale;Collision par le cote;VL seul;Sans changement de direction;Scooter > 50 cm3 et <= 125 cm3;62;Masculin;Indemne;Non renseignee ;2;2;0;1;1;0;Senior actif (50-64);Sans pieton;Avec moto;1 VL;Sans poids lourd;Senior actif (50-64);2 usagers
Leger;04/12/2012;08:05;Rueil-Malmaison;Nuit avec eclairage public allumee;Pluie legere;Intersection en T;Voie commuNon renseignee le;Sans collision;Motocyclette > 50 cm3 et <= 125 cm3;Sans changement de direction;Non renseignee ;46;Masculin;Blessee Leger;Non renseignee ;1;1;0;1;0;0;Adulte (35-49);Sans pieton;Avec moto;Aucun VL;Sans poids lourd;Adulte (35-49);1 usager
Grave;06/10/2012;23:54;Sevres;Nuit sanseclairage public;Autre;Hors intersection;Route Non renseignee tioNon renseignee le;Sans collision;Motocyclette > 125 cm3;Meme sens, Meme file;Non renseignee ;25;Masculin;Blessee hospitalisee;Non renseignee ;1;1;0;1;0;0;Adulte jeune (25-34);Sans pieton;Avec moto;Aucun VL;Sans poids lourd;Adulte jeune (25-34);1 usager
Leger;12/04/2012;13:25;Villeneuve-la-Garenne;Plein jour;Autre;Hors intersection;Voie commuNon renseignee le;Sans collision;Scooter < 50 cm3;Sans changement de direction;Non renseignee ;42;Masculin;Blessee Leger;Non renseignee ;1;1;0;0;0;0;Adulte (35-49);Sans pieton;Sans moto;Aucun VL;Sans poids lourd;Adulte (35-49);1 usager
Leger;11/05/2012;18:00;Chatillon;Plein jour;Autre;Hors intersection;Route departementale;Collision par le cote;Scooter < 50 cm3;Sans changement de direction;VL seul;18;Masculin;Blessee Leger;Non renseignee ;3;2;0;0;1;0;Jeune adulte (18-24);Sans pieton;Sans moto;1 VL;Sans poids lourd;Jeune adulte (18-24);3-5 usagers
Leger;21/05/2012;18:35;Antony;Plein jour;Pluie legere;Hors intersection;Route departementale;Collision par le cote;VU seul 1,5T <= PTAC <= 3,5T;S inserant;VL seul;61;Masculin;Indemne;Non renseignee ;3;2;0;0;2;0;Senior actif (50-64);Sans pieton;Sans moto;2 VL;Sans poids lourd;Senior actif (50-64);3-5 usagers
Leger;11/07/2012;16:00;Montrouge;Plein jour;Pluie legere;Intersection en T;Voie commuNon renseignee le;Collision frontale;VL seul;Sans changement de direction;Motocyclette > 125 cm3;75;Feminin;Indemne;Non renseignee ;2;2;0;1;1;0;Senior (65+);Sans pieton;Avec moto;1 VL;Sans poids lourd;Senior (65+);2 usagers
Leger;29/08/2012;17:15;Non renseignee nterre;Plein jour;Autre;Intersection en T;Voie commuNon renseignee le;Collision par le cote;VL seul;TourNon renseignee nt A'auche;Scooter < 50 cm3;41;Masculin;Indemne;Non renseignee ;2;2;0;0;1;0;Adulte (35-49);Sans pieton ;Sans moto;1 VL;Sans poids lourd;Adulte (35-49);2 usagers
Leger;01/05/2012;00:15;Gennevilliers;Plein jour;Pluie legere;Hors intersection;Route Non renseignee tioNon renseignee le;Sans collision;Scooter > 125 cm3;Non renseignee ;Non renseignee ;52;Masculin;Blessee Leger;Non renseignee ;1;1;0;1;0;0;Senior actif (50-64);Sans pieton;Avec moto;Aucun VL;Sans poids lourd;Senior actif (50-64);1 usager
Leger;03/06/2012;11:35;Malakoff;Plein jour;Autre;Intersection en X;Route departementale;Collision frontale;VL seul;TourNon renseignee nt A'auche;VL seul;90;Masculin;Indemne;Non renseignee ;3;2;0;0;2;0;Senior (65+);Sans pieton ;Sans moto;2 VL;Sans poids lourd;Senior (65+);3-5 usagers
Leger;10/06/2012;19:15;Gennevilliers;Plein jour;Pluie legere;Intersection en T;Voie commuNon renseignee le;Collision par le cote;VL seul;TourNon renseignee nt A'auche;VL seul;42;Feminin;Blessee Leger;Non renseignee ;2;2;0;0;2;0;Adulte (35-49);Sans pieton ;Sans moto;2 VL;Sans poids lourd;Adulte (35-49);2 usagers
Leger;07/07/2012;19:05;Non renseignee nterre;Plein jour;Pluie legere;Intersection en Y;Voie commuNon renseignee le;Collision frontale;VL seul;Sans changement de direction;VL seul;44;Feminin;Blessee Leger;Non renseignee ;2;2;0;0;2;0;Adulte (35-49);Sans pieton;Sans moto;2 VL;Sans poids lourd;Adulte (35-49);2 usagers
Grave;18/01/2012;09:25;Chatillon;Plein jour;Autre;Intersection en T;Route departementale;Collision par le cote;VL seul;En marche arriere;Scooter < 50 cm3;50;Masculin;Indemne;Non renseignee ;2;2;0;0;1;0;Senior actif (50-64);Sans pieton;Sans moto;1 VL;Sans poids lourd;Senior actif (50-64);2 usagers
Leger;24/01/2012;12:45;Gennevilliers;Plein jour;Pluie legere;Hors intersection;Autoroute;Collisions en chaine;VL seul;Non renseignee ;PL seul > 7,5T;82;Masculin;Blessee Leger;Non renseignee ;3;3;0;0;1;2;Senior (65+);Sans pieton;Sans moto;1 VL;Avec poids lourd;Senior (65+);3-5 usagers
Leger;02/04/2012;21:40;Clamart;Nuit avec eclairage public allumee;Autre;Hors intersection;Voie commuNon renseignee le;Collision frontale;VL seul;A contresens;VL seul;40;Feminin;Indemne;Non renseignee ;3;2;0;0;2;0;Adulte (35-49);Sans pieton;Sans moto;2 VL;Sans poids lourd;Adulte (35-49);3-5 usagers
Leger;22/06/2012;18:25;Courbevoie;Plein jour;Autre;Hors intersection;Route departementale;Collisions en chaine;VL seul;Meme sens, Meme file;VL seul;43;Masculin;Indemne;Non renseignee ;4;4;0;0;4;0;Adulte (35-49);Sans pieton;Sans moto;3 VL ou plus;Sans poids lourd;Adulte (35-49);3-5 usagers
Leger;11/11/2012;11:20;Issy-les-Moulineaux;Plein jour;Autre;Hors intersection;Route departementale;Collision par le cote;Scooter > 50 cm3 et <= 125 cm3;Non renseignee ;VL seul;50;Masculin;Indemne;Non renseignee ;3;2;0;1;1;0;Senior actif (50-64);Sans pieton;Avec moto;1 VL;Sans poids lourd;Senior actif (50-64);3-5 usagers
Grave;30/05/2012;01:45;Bois-Colombes;Nuit avec eclairage public allumee;Autre;Hors intersection;Route departementale;Sans collision;Motocyclette > 125 cm3;Sedeportant A'auche;Non renseignee ;39;Masculin;Blessee hospitalisee;Non renseignee ;1;1;0;1;0;0;Adulte (35-49);Sans pieton ;Avec moto;Aucun VL;Sans poids lourd;Adulte (35-49);1 usager
Grave;30/08/2012;18:20;Suresnes;Plein jour;Autre;Intersection en X;Route departementale;Collision par l'arriere;Scooter > 50 cm3 et <= 125 cm3;Meme sens, Meme file;VL seul;48;Feminin;Blessee hospitalisee;Non renseignee ;2;2;0;1;1;0;Adulte (35-49);Sans pieton;Avec moto;1 VL;Sans poids lourd;Adulte (35-49);2 usagers
Leger;31/08/2012;08:00;Non renseignee nterre;Plein jour;Autre;Hors intersection;Voie commuNon renseignee le;Collisions en chaine;VL seul;Meme sens, Meme file;VL seul;47;Masculin;Indemne;Non renseignee ;4;3;0;0;3;0;Adulte (35-49);Sans pieton;Sans moto;3 VL ou plus;Sans poids lourd;Adulte (35-49);3-5 usagers
Leger;13/08/2012;11:29;Meudon;Plein jour;Autre;Hors intersection;Route Non renseignee tioNon renseignee le;Sans collision;Motocyclette > 125 cm3;Non renseignee ;Non renseignee ;22;Feminin;Blessee Leger;Non renseignee ;1;1;0;1;0;0;Jeune adulte (18-24);Sans pieton;Avec moto;Aucun VL;Sans poids lourd;Jeune adulte (18-24);1 usager
Leger;04/10/2012;10:00;Bois-Colombes;Plein jour;Autre;Hors intersection;Voie commuNon renseignee le;Sans collision;Bicyclette;Sans changement de direction;Non renseignee ;13;Masculin;Blessee Leger;Non renseignee ;1;1;0;0;0;0;Mineur (-18 ans);Sans pieton;Sans moto;Aucun VL;Sans poids lourd;Mineur (-18 ans);1 usager
Leger;10/04/2012;15:35;Gennevilliers;Plein jour;Pluie forte;Giratoire;Route departementale;Collision par le cote;PL seul > 7,5T;Changeant de file A$roite;VL seul;40;Masculin;Indemne;Non renseignee ;3;2;0;0;1;1;Adulte (35-49);Sans pieton;Sans moto;1 VL;Avec poids lourd;Adulte (35-49);3-5 usagers
Leger;15/06/2012;01:05;Meudon;Nuit avec eclairage public allumee;Autre;Intersection en X;Route departementale;Collision par le cote;VL seul;Sans changement de direction;VL seul;33;Masculin;Indemne;Non renseignee ;3;2;0;0;2;0;Adulte jeune (25-34);Sans pieton;Sans moto;2 VL;Sans poids lourd;Adulte jeune (25-34);3-5 usagers
Leger;22/06/2012;23:05;Neuilly-sur-Seine;Nuit avec eclairage public allumee;Autre;Hors intersection;Voie commuNon renseignee le;Autre collision;Motocyclette > 50 cm3 et <= 125 cm3;Manoeuvre devitement;Non renseignee ;34;Masculin;Blessee Leger;Non renseignee ;3;1;1;1;0;0;Adulte jeune (25-34);Avec pieton;Avec moto;Aucun VL;Sans poids lourd;Adulte jeune (25-34);3-5 usagers
Grave;31/07/2012;08:40;Courbevoie;Plein jour;Autre;Hors intersection;Route departementale;Sans collision;Motocyclette > 50 cm3 et <= 125 cm3;Sans changement de direction;Non renseignee ;25;Masculin;Blessee hospitalisee;Non renseignee ;1;1;0;1;0;0;Adulte jeune (25-34);Sans pieton;Avec moto;Aucun VL;Sans poids lourd;Adulte jeune (25-34);1 usager
Grave;31/08/2012;01:50;Boulogne-Billancourt;Nuit avec eclairage public allumee;Autre;Intersection en X;Route departementale;Collision par le cote;Cyclomoteur <50cm3;Sans changement de direction;VL seul;28;Masculin;Blessee hospitalisee;Non renseignee ;2;2;0;0;1;0;Adulte jeune (25-34);Sans pieton;Sans moto;1 VL;Sans poids lourd;Adulte jeune (25-34);2 usagers
Mortel;22/07/2012;06:30;Boulogne-Billancourt;Plein jour;Autre;Giratoire;Route departementale;Autre collision;VL seul;Sans changement de direction;Non renseignee ;25;Masculin;Indemne;Non renseignee ;4;1;1;0;1;0;Adulte jeune (25-34);Avec pieton;Sans moto;1 VL;Sans poids lourd;Adulte jeune (25-34);3-5 usagers
Grave;23/07/2012;18:30;Sceaux;Plein jour;Autre;Hors intersection;Route departementale;Autre collision;VL seul;En marche arriere;Non renseignee ;75;Feminin;Blessee hospitalisee;Non renseignee ;1;1;1;0;1;0;Senior (65+);Avec pieton;Sans moto;1 VL;Sans poids lourd;Senior (65+);1 usager
Grave;16/11/2012;16:30;Chaville;Plein jour;Autre;Hors intersection;Route departementale;Autre collision;VU seul 1,5T <= PTAC <= 3,5T;En marche arriere;Non renseignee ;33;Masculin;Indemne;Non renseignee ;2;1;1;0;1;0;Adulte jeune (25-34);Avec pieton;Sans moto;1 VL;Sans poids lourd;Adulte jeune (25-34);2 usagers
Grave;12/09/2012;08:40;Saint-Cloud;Plein jour;Autre;Hors intersection;Route departementale;Autre collision;Scooter < 50 cm3;Sans changement de direction;Non renseignee ;20;Feminin;Blessee Leger;Non renseignee ;2;1;1;0;0;0;Jeune adulte (18-24);Avec pieton;Sans moto;Aucun VL;Sans poids lourd;Jeune adulte (18-24);2 usagers
Leger;30/04/2012;16:25;Clichy;Plein jour;Autre;Hors intersection;Voie commuNon renseignee le;Autre collision;VL seul;En marche arriere;Non renseignee ;67;Feminin;Blessee Leger;Non renseignee ;1;1;1;0;1;0;Senior (65+);Avec pieton;Sans moto;1 VL;Sans poids lourd;Senior (65+);1 usager
Leger;23/06/2012;12:30;Rueil-Malmaison;Plein jour;Autre;Hors intersection;Voie commuNon renseignee le;Autre collision;VL seul;Sans changement de direction;Non renseignee ;32;Masculin;Indemne;Non renseignee ;2;1;1;0;1;0;Adulte jeune (25-34);Avec pieton;Sans moto;1 VL;Sans poids lourd;Adulte jeune (25-34);2 usagers
Leger;22/12/2012;12:25;Boulogne-Billancourt;Crepuscule ou aube;Temps couvert;Intersection en T;Voie commuNon renseignee le;Autre collision;VL seul;TourNon renseignee nt A'auche;Non renseignee ;36;Feminin;Indemne;Non renseignee ;2;1;1;0;1;0;Adulte (35-49);Avec pieton;Sans moto;1 VL;Sans poids lourd;Adulte (35-49);2 usagers
Leger;10/03/2012;11:35;La Garenne-Colombes;Plein jour;Autre;Intersection A0lus de 4 branches;Route departementale;Autre collision;VU seul 1,5T <= PTAC <= 3,5T;TourNon renseignee nt A'auche;Non renseignee ;60;Feminin;Indemne;Non renseignee ;2;1;1;0;1;0;Senior actif (50-64);Avec pieton;Sans moto;1 VL;Sans poids lourd;Senior actif (50-64);2 usagers
Grave;17/10/2013;18:44;Non renseignee nterre;Crepuscule ou aube;Autre;Hors intersection;Autoroute;Collision par l'arriere;Non renseignee ;Non renseignee ;VL seul;31;Masculin;Indemne;Non renseignee ;2;2;0;0;1;1;Adulte jeune (25-34);Sans pieton;Sans moto;1 VL;Avec poids lourd;Adulte jeune (25-34);2 usagers
Leger;19/06/2013;10:20;Clamart;Plein jour;Pluie legere;Hors intersection;Route departementale;Collisions en chaine;VL seul;Meme sens, Meme file;VL seul;41;Masculin;Indemne;Non renseignee ;3;3;0;0;3;0;Adulte (35-49);Sans pieton;Sans moto;3 VL ou plus;Sans poids lourd;Adulte (35-49);3-5 usagers