type_acci;date;heure;commune;luminosite_accident;cond_atmos;Intersection;categorie_route;type_collision;type_vehicule_1;manoeuvre_vehicule_1;type_vehicule_2;age_usager;sexe_usager;gravite_usager;etat_usager;nombre_usagers;nb_veh;nombre_pietons;nombre_motos;nombre_vl;nombre_pl;age_usa1_categ;accident_pieton;accident_moto;categorie_vl;accident_pl;categorie_age;categorie_usagers
Leger;15/09/2010;11:45;Bois-Colombes;Plein jour;Autre;Hors intersection;Route departementale;Collision par le cote;Autobus;Sans changement de direction;Bicyclette;39;Masculin;Indemne;Non renseignee ;2;2;0;0;0;0;Adulte (35-49);Sans pieton;Sans moto;Aucun VL;Sans poids lourd;Adulte (35-49);2 usagers
Leger;17/09/2010;08:30;Puteaux;Plein jour;Autre;Intersection en Y;Voie commuNon renseignee le;Autre collision;Cyclomoteur <50cm3;Sans changement de direction;Non renseignee ;23;Masculin;Indemne;Non renseignee ;2;1;1;0;0;0;Jeune adulte (18-24);Avec pieton;Sans moto;Aucun VL;Sans poids lourd;Jeune adulte (18-24);2 usagers
Leger;20/09/2010;06:15;Courbevoie;Nuit sanseclairage public;Autre;Intersection en X;Route Non renseignee tioNon renseignee le;Autre collision;VL seul;TourNon renseignee nt A$roite;Non renseignee ;48;Masculin;Indemne;Non renseignee ;2;1;1;0;1;0;Adulte (35-49);Avec pieton;Sans moto;1 VL;Sans poids lourd;Adulte (35-49);2 usagers
Grave;21/09/2010;09:35;Montrouge;Plein jour;Autre;Hors intersection;Route departementale;Collision par le cote;Motocyclette > 125 cm3;Non renseignee ;VL seul;46;Feminin;Indemne;Non renseignee ;2;2;0;1;1;0;Adulte (35-49);Sans pieton;Avec moto;1 VL;Sans poids lourd;Adulte (35-49);2 usagers
Leger;29/09/2010;08:43;Boulogne-Billancourt;Plein jour;Pluie forte;Hors intersection;Voie commuNon renseignee le;Autre collision;VL seul;Sans changement de direction;Non renseignee ;53;Feminin;Indemne;Non renseignee ;2;1;1;0;1;0;Senior actif (50-64);Avec pieton;Sans moto;1 VL;Sans poids lourd;Senior actif (50-64);2 usagers
Grave;29/09/2010;15:50;Asnieres-sur-Seine;Plein jour;Autre;Intersection en T;Route departementale;Sans collision;Scooter < 50 cm3;TourNon renseignee nt A'auche;Non renseignee ;16;Masculin;Blessee hospitalisee;Non renseignee ;2;1;0;0;0;0;Mineur (-18 ans);Sans pieton ;Sans moto;Aucun VL;Sans poids lourd;Mineur (-18 ans);2 usagers
Leger;25/10/2010;09:50;Boulogne-Billancourt;Plein jour;Autre;Hors intersection;Voie commuNon renseignee le;Collision par le cote;VL seul;Ouverture de porte;Bicyclette;31;Masculin;Indemne;Non renseignee ;2;2;0;0;1;0;Adulte jeune (25-34);Sans pieton;Sans moto;1 VL;Sans poids lourd;Adulte jeune (25-34);2 usagers
Leger;04/11/2010;07:56;Boulogne-Billancourt;Plein jour;Autre;Hors intersection;Voie commuNon renseignee le;Collision par le cote;VL seul;TourNon renseignee nt A'auche;Scooter < 50 cm3;34;Masculin;Indemne;Non renseignee ;2;2;0;0;1;0;Adulte jeune (25-34);Sans pieton ;Sans moto;1 VL;Sans poids lourd;Adulte jeune (25-34);2 usagers
Grave;24/09/2011;22:00;Colombes;Nuit sanseclairage public;Autre;Hors intersection;Autoroute;Sans collision;Motocyclette > 125 cm3;Se deportant A$roite;Non renseignee ;16;Masculin;Blessee hospitalisee;Non renseignee ;1;1;0;1;0;0;Mineur (-18 ans);Sans pieton ;Avec moto;Aucun VL;Sans poids lourd;Mineur (-18 ans);1 usager
Grave;11/02/2011;13:45;Bagneux;Plein jour;Autre;Intersection en X;Route departementale;Collision par le cote;Bicyclette;Sedeportant A'auche;VL seul;13;Masculin;Blessee hospitalisee;Non renseignee ;2;2;0;0;1;0;Mineur (-18 ans);Sans pieton ;Sans moto;1 VL;Sans poids lourd;Mineur (-18 ans);2 usagers
Leger;04/04/2011;14:35;Non renseignee nterre;Plein jour;Autre;Hors intersection;Voie commuNon renseignee le;Collision par l'arriere;VL seul;Meme sens, Meme file;VL seul;29;Feminin;Blessee Leger;Non renseignee ;2;2;0;0;2;0;Adulte jeune (25-34);Sans pieton;Sans moto;2 VL;Sans poids lourd;Adulte jeune (25-34);2 usagers
Leger;05/05/2011;16:00;Non renseignee nterre;Plein jour;Autre;Hors intersection;Autoroute;Collision par l'arriere;VL seul;Meme sens, Meme file;VL seul;83;Masculin;Blessee Leger;Non renseignee ;3;2;0;0;2;0;Senior (65+);Sans pieton;Sans moto;2 VL;Sans poids lourd;Senior (65+);3-5 usagers
Leger;24/01/2012;14:35;Non renseignee nterre;Plein jour;Pluie legere;Intersection en T;Voie commuNon renseignee le;Collision par le cote;VU seul 1,5T <= PTAC <= 3,5T;TourNon renseignee nt A'auche;Bicyclette;38;Masculin;Indemne;Non renseignee ;2;2;0;0;1;0;Adulte (35-49);Sans pieton ;Sans moto;1 VL;Sans poids lourd;Adulte (35-49);2 usagers
Leger;12/06/2012;02:00;Non renseignee nterre;Nuit avec eclairage public allumee;Autre;Hors intersection;Route departementale;Collision par le cote;VL seul;Non renseignee ;VL seul;30;Masculin;Blessee Leger;Non renseignee ;1;2;0;0;2;0;Adulte jeune (25-34);Sans pieton;Sans moto;2 VL;Sans poids lourd;Adulte jeune (25-34);1 usager
Leger;09/03/2017;23:05;Chatillon;Nuit avec eclairage public allumee;Autre;Hors intersection;Route departementale;Sans collision;VL seul;Sans changement de direction;Non renseignee ;22;Masculin;Indemne;Non renseignee ;2;1;0;0;1;0;Jeune adulte (18-24);Sans pieton;Sans moto;1 VL;Sans poids lourd;Jeune adulte (18-24);2 usagers
Leger;15/12/2012;00:55;Non renseignee nterre;Nuit avec eclairage public allumee;Pluie legere;Hors intersection;Autoroute;Collision par l'arriere;VL seul;Meme sens, Meme file;VL seul;23;Masculin;Blessee Leger;Non renseignee ;2;2;0;0;2;0;Jeune adulte (18-24);Sans pieton;Sans moto;2 VL;Sans poids lourd;Jeune adulte (18-24);2 usagers
Leger;31/01/2012;18:00;Neuilly-sur-Seine;Crepuscule ou aube;Autre;Hors intersection;Route Non renseignee tioNon renseignee le;Collision par l'arriere;Scooter < 50 cm3;Meme sens, Meme file;VL seul;16;Masculin;Blessee Leger;Non renseignee ;2;2;0;0;1;0;Mineur (-18 ans);Sans pieton;Sans moto;1 VL;Sans poids lourd;Mineur (-18 ans);2 usagers
Leger;24/10/2017;09:40;Puteaux;Plein jour;Pluie legere;Hors intersection;Voie commuNon renseignee le;Collision par le cote;VL seul;Sans changement de direction;Autobus;52;Masculin;Blessee Leger;Non renseignee ;2;2;0;0;1;0;Senior actif (50-64);Sans pieton;Sans moto;1 VL;Sans poids lourd;Senior actif (50-64);2 usagers
Leger;02/08/2012;08:15;Gennevilliers;Plein jour;Autre;Hors intersection;Autoroute;Collision par l'arriere;Motocyclette > 125 cm3;Meme sens, Meme file;VL seul;22;Masculin;Blessee Leger;Non renseignee ;2;2;0;1;1;0;Jeune adulte (18-24);Sans pieton;Avec moto;1 VL;Sans poids lourd;Jeune adulte (18-24);2 usagers
Mortel;28/09/2018;07:10;Colombes;Nuit avec eclairage public allumee;Autre;Hors intersection;Route departementale;Autre collision;VL seul;Sans changement de direction;Non renseignee ;40;Feminin;Indemne;Non renseignee ;2;1;1;0;1;0;Adulte (35-49);Avec pieton;Sans moto;1 VL;Sans poids lourd;Adulte (35-49);2 usagers
Grave;24/10/2012;02:50;Levallois-Perret;Nuit avec eclairage public allumee;Autre;Intersection en X;Voie commuNon renseignee le;Collision par le cote;VL seul;Sans changement de direction;VL seul;29;Masculin;Blessee hospitalisee;Non renseignee ;3;2;0;0;2;0;Adulte jeune (25-34);Sans pieton;Sans moto;2 VL;Sans poids lourd;Adulte jeune (25-34);3-5 usagers
Mortel;10/07/2018;15:30;Marnes-la-Coquette;Plein jour;Autre;Hors intersection;Autoroute;Collision frontale;VL seul;Se deportant A$roite;Motocyclette > 125 cm3;79;Masculin;Tue;Non renseignee ;3;2;0;1;1;0;Senior (65+);Sans pieton ;Avec moto;1 VL;Sans poids lourd;Senior (65+);3-5 usagers
Grave;12/08/2018;22:07;Boulogne-Billancourt;Nuit avec eclairage public allumee;Autre;Intersection en X;Route departementale;Collision par le cote;Motocyclette > 125 cm3;TourNon renseignee nt A'auche;VL seul;26;Masculin;Blessee hospitalisee;Non renseignee ;3;2;0;1;1;0;Adulte jeune (25-34);Sans pieton ;Avec moto;1 VL;Sans poids lourd;Adulte jeune (25-34);3-5 usagers
Grave;01/03/2018;17:50;Boulogne-Billancourt;Plein jour;Autre;Intersection en X;Route departementale;Collision par le cote;VL seul;TourNon renseignee nt A'auche;Motocyclette > 125 cm3;36;Masculin;Blessee hospitalisee;Non renseignee ;2;2;0;1;1;0;Adulte (35-49);Sans pieton ;Avec moto;1 VL;Sans poids lourd;Adulte (35-49);2 usagers
Grave;06/10/2018;19:05;Meudon;Crepuscule ou aube;Autre;Intersection en T;Voie commuNon renseignee le;Autre collision;VL seul;Sans changement de direction;Non renseignee ;36;Feminin;Indemne;Non renseignee ;2;1;1;0;1;0;Adulte (35-49);Avec pieton;Sans moto;1 VL;Sans poids lourd;Adulte (35-49);2 usagers
Leger;11/10/2012;21:55;Clichy;Nuit avec eclairage public allumee;Pluie legere;Intersection en T;Route departementale;Sans collision;Scooter < 50 cm3;Sans changement de direction;Non renseignee ;31;Masculin;Blessee Leger;Non renseignee ;1;1;0;0;0;0;Adulte jeune (25-34);Sans pieton;Sans moto;Aucun VL;Sans poids lourd;Adulte jeune (25-34);1 usager
Leger;01/10/2018;07:40;Gennevilliers;Crepuscule ou aube;Autre;Intersection en T;Route departementale;Collision par le cote;Scooter < 50 cm3;Non renseignee ;VL seul;16;Masculin;Blessee Leger;Non renseignee ;2;2;0;0;1;0;Mineur (-18 ans);Sans pieton;Sans moto;1 VL;Sans poids lourd;Mineur (-18 ans);2 usagers
Leger;25/02/2018;16:15;Montrouge;Plein jour;Autre;Intersection en T;Voie commuNon renseignee le;Autre collision;VL seul;Sans changement de direction;Non renseignee ;30;Feminin;Indemne;Non renseignee ;2;1;1;0;1;0;Adulte jeune (25-34);Avec pieton;Sans moto;1 VL;Sans poids lourd;Adulte jeune (25-34);2 usagers
Leger;18/12/2018;09:15;Montrouge;Plein jour;Autre;Intersection en T;Route departementale;Autre collision;VU seul 1,5T <= PTAC <= 3,5T;TourNon renseignee nt A$roite;Non renseignee ;45;Masculin;Indemne;Non renseignee ;2;1;1;0;1;0;Adulte (35-49);Avec pieton;Sans moto;1 VL;Sans poids lourd;Adulte (35-49);2 usagers
Leger;24/11/2018;20:20;Chatillon;Nuit avec eclairage public allumee;Autre;Hors intersection;Route departementale;Autre collision;VL seul;Sans changement de direction;VL seul;32;Feminin;Indemne;Non renseignee ;3;2;1;0;2;0;Adulte jeune (25-34);Avec pieton;Sans moto;2 VL;Sans poids lourd;Adulte jeune (25-34);3-5 usagers
Leger;20/10/2018;19:42;Rueil-Malmaison;Crepuscule ou aube;Autre;Hors intersection;Route departementale;Autre collision;VU seul 1,5T <= PTAC <= 3,5T;Sans changement de direction;Non renseignee ;31;Masculin;Indemne;Non renseignee ;2;1;1;0;1;0;Adulte jeune (25-34);Avec pieton;Sans moto;1 VL;Sans poids lourd;Adulte jeune (25-34);2 usagers
Leger;19/11/2018;20:05;Suresnes;Nuit avec eclairage public allumee;Pluie forte;Hors intersection;Route departementale;Autre collision;Motocyclette > 50 cm3 et <= 125 cm3;Sans changement de direction;Non renseignee ;47;Masculin;Indemne;Non renseignee ;2;1;1;1;0;0;Adulte (35-49);Avec pieton;Avec moto;Aucun VL;Sans poids lourd;Adulte (35-49);2 usagers
Leger;06/01/2018;18:30;Gennevilliers;Nuit sanseclairage public;Autre;Hors intersection;Autoroute;Collisions en chaine;VL seul;Meme sens, Meme file;VL seul;44;Feminin;Blessee Leger;Non renseignee ;4;3;0;0;3;0;Adulte (35-49);Sans pieton;Sans moto;3 VL ou plus;Sans poids lourd;Adulte (35-49);3-5 usagers
Leger;25/05/2018;21:30;Villeneuve-la-Garenne;Nuit sanseclairage public;Pluie forte;Hors intersection;Autoroute;Collision par l'arriere;VL seul;Meme sens, Meme file;VL seul;55;Masculin;Indemne;Non renseignee ;3;2;0;0;2;0;Senior actif (50-64);Sans pieton;Sans moto;2 VL;Sans poids lourd;Senior actif (50-64);3-5 usagers
Leger;15/09/2018;21:20;Villeneuve-la-Garenne;Nuit sanseclairage public;Autre;Hors intersection;Autoroute;Collision par l'arriere;VL seul;Sans changement de direction;VL seul;27;Masculin;Indemne;Non renseignee ;3;2;0;0;2;0;Adulte jeune (25-34);Sans pieton;Sans moto;2 VL;Sans poids lourd;Adulte jeune (25-34);3-5 usagers
Leger;09/07/2018;18:50;Non renseignee nterre;Plein jour;Autre;Hors intersection;Route departementale;Collision par le cote;Motocyclette > 125 cm3;Non renseignee ;VL seul;58;Masculin;Blessee Leger;Non renseignee ;2;2;0;1;1;0;Senior actif (50-64);Sans pieton;Avec moto;1 VL;Sans poids lourd;Senior actif (50-64);2 usagers
Leger;26/06/2012;03:25;Ville d'Avray;Nuit avec eclairage public allumee;Pluie legere;Hors intersection;Route departementale;Sans collision;Motocyclette > 125 cm3;Sedeportant A'auche;Non renseignee ;19;Masculin;Blessee Leger;Non renseignee ;1;1;0;1;0;0;Jeune adulte (18-24);Sans pieton ;Avec moto;Aucun VL;Sans poids lourd;Jeune adulte (18-24);1 usager
Leger;11/10/2018;13:35;Non renseignee nterre;Plein jour;Autre;Intersection en T;Voie commuNon renseignee le;Collision par le cote;Scooter > 50 cm3 et <= 125 cm3;Non renseignee ;VL seul;38;Masculin;Blessee Leger;Non renseignee ;2;2;0;1;1;0;Adulte (35-49);Sans pieton;Avec moto;1 VL;Sans poids lourd;Adulte (35-49);2 usagers
Leger;26/11/2012;18:05;Boulogne-Billancourt;Nuit avec eclairage public non allumee;Temps couvert;Intersection en T;Voie commuNon renseignee le;Collision par le cote;VL seul;TourNon renseignee nt A'auche;Scooter > 50 cm3 et <= 125 cm3;47;Feminin;Indemne;Non renseignee ;2;2;0;1;1;0;Adulte (35-49);Sans pieton ;Avec moto;1 VL;Sans poids lourd;Adulte (35-49);2 usagers
Leger;19/10/2018;11:20;Puteaux;Plein jour;Autre;Intersection en T;Route departementale;Collision par le cote;VL seul;Sans changement de direction;Motocyclette > 125 cm3;42;Masculin;Indemne;Non renseignee ;2;2;0;1;1;0;Adulte (35-49);Sans pieton;Avec moto;1 VL;Sans poids lourd;Adulte (35-49);2 usagers
Leger;08/10/2018;09:50;Saint-Cloud;Plein jour;Autre;Intersection en T;Voie commuNon renseignee le;Collision par l'arriere;Scooter > 50 cm3 et <= 125 cm3;Arrete (hors stationnement);VU seul 1,5T <= PTAC <= 3,5T;57;Feminin;Blessee Leger;Non renseignee ;2;2;0;1;1;0;Senior actif (50-64);Sans pieton;Avec moto;1 VL;Sans poids lourd;Senior actif (50-64);2 usagers
Leger;20/06/2012;00:05;Boulogne-Billancourt;Nuit avec eclairage public allumee;Pluie forte;Intersection en X;Voie commuNon renseignee le;Collision par le cote;VL seul;Sans changement de direction;Cyclomoteur <50cm3;25;Masculin;Indemne;Non renseignee ;2;2;0;0;1;0;Adulte jeune (25-34);Sans pieton;Sans moto;1 VL;Sans poids lourd;Adulte jeune (25-34);2 usagers
Leger;28/08/2018;08:20;Suresnes;Plein jour;Autre;Hors intersection;Route departementale;Sans collision;Scooter > 125 cm3;Non renseignee ;Non renseignee ;32;Masculin;Blessee Leger;Non renseignee ;1;1;0;1;0;0;Adulte jeune (25-34);Sans pieton;Avec moto;Aucun VL;Sans poids lourd;Adulte jeune (25-34);1 usager
Leger;02/08/2018;15:05;Malakoff;Plein jour;Autre;Hors intersection;Route departementale;Collision par l'arriere;Scooter < 50 cm3;Meme sens, Meme file;VL seul;34;Masculin;Blessee Leger;Non renseignee ;2;2;0;0;1;0;Adulte jeune (25-34);Sans pieton;Sans moto;1 VL;Sans poids lourd;Adulte jeune (25-34);2 usagers
Grave;25/09/2012;09:20;Gennevilliers;Plein jour;Temps couvert;Hors intersection;Autoroute;Collision par le cote;Motocyclette > 50 cm3 et <= 125 cm3;Non renseignee ;PL seul 3,5T <PTCA <= 7,5T;39;Feminin;Blessee hospitalisee;Non renseignee ;2;2;0;1;0;1;Adulte (35-49);Sans pieton;Avec moto;Aucun VL;Avec poids lourd;Adulte (35-49);2 usagers
Leger;25/10/2012;10:05;Malakoff;Plein jour;Autre;Hors intersection;Route departementale;Collision par le cote;VL seul;En faisant demi-tour sur la chaussee;Motocyclette > 125 cm3;54;Masculin;Indemne;Non renseignee ;2;2;0;1;1;0;Senior actif (50-64);Sans pieton;Avec moto;1 VL;Sans poids lourd;Senior actif (50-64);2 usagers
Leger;18/10/2018;09:50;Vanves;Plein jour;Autre;Intersection en T;Route departementale;Sans collision;Non renseignee ;Se deportant A$roite;Non renseignee ;35;Masculin;Blessee Leger;Non renseignee ;1;1;0;0;0;0;Adulte (35-49);Sans pieton ;Sans moto;Aucun VL;Sans poids lourd;Adulte (35-49);1 usager
Leger;29/07/2012;22:20;Asnieres-sur-Seine;Plein jour;Autre;Intersection en T;Voie commuNon renseignee le;Collisions multiples;Scooter > 50 cm3 et <= 125 cm3;Sans changement de direction;VL seul;23;Masculin;Blessee Leger;Non renseignee ;3;3;0;1;2;0;Jeune adulte (18-24);Sans pieton;Avec moto;2 VL;Sans poids lourd;Jeune adulte (18-24);3-5 usagers
Leger;11/07/2018;10:00;Colombes;Plein jour;Autre;Intersection en X;Route departementale;Autre collision;Scooter < 50 cm3;Sans changement de direction;Non renseignee ;33;Masculin;Blessee Leger;Non renseignee ;2;1;1;0;0;0;Adulte jeune (25-34);Avec pieton;Sans moto;Aucun VL;Sans poids lourd;Adulte jeune (25-34);2 usagers
Leger;13/03/2012;17:20;Non renseignee nterre;Plein jour;Autre;Hors intersection;Autoroute;Collision par le cote;VL seul;Changeant de file A$roite;Scooter > 50 cm3 et <= 125 cm3;50;Masculin;Indemne;Non renseignee ;2;2;0;1;1;0;Senior actif (50-64);Sans pieton;Avec moto;1 VL;Sans poids lourd;Senior actif (50-64);2 usagers
Leger;29/05/2012;12:50;Issy-les-Moulineaux;Plein jour;Autre;Intersection en T;Voie commuNon renseignee le;Collision par l'arriere;VL seul;Meme sens, Meme file;Scooter > 50 cm3 et <= 125 cm3;42;Masculin;Indemne;Non renseignee ;3;2;0;1;1;0;Adulte (35-49);Sans pieton;Avec moto;1 VL;Sans poids lourd;Adulte (35-49);3-5 usagers
Leger;03/10/2018;18:15;Boulogne-Billancourt;Plein jour;Autre;Intersection en X;Voie commuNon renseignee le;Autre collision;VU seul 1,5T <= PTAC <= 3,5T;TourNon renseignee nt A'auche;Non renseignee ;39;Masculin;Indemne;Non renseignee ;2;1;1;0;1;0;Adulte (35-49);Avec pieton;Sans moto;1 VL;Sans poids lourd;Adulte (35-49);2 usagers
Grave;11/09/2012;11:00;Gennevilliers;Plein jour;Temps couvert;Hors intersection;Autoroute;Collision par l'arriere;PL seul > 7,5T;Meme sens, Meme file;VU seul 1,5T <= PTAC <= 3,5T;39;Masculin;Indemne;Non renseignee ;2;2;0;0;1;1;Adulte (35-49);Sans pieton;Sans moto;1 VL;Avec poids lourd;Adulte (35-49);2 usagers
Leger;19/10/2012;18:00;Montrouge;Plein jour;Autre;Intersection en T;Route departementale;Collision par le cote;Bicyclette;Non renseignee ;VL seul;44;Masculin;Blessee Leger;Non renseignee ;2;2;0;0;1;0;Adulte (35-49);Sans pieton;Sans moto;1 VL;Sans poids lourd;Adulte (35-49);2 usagers
Leger;24/10/2012;00:35;Puteaux;Nuit sanseclairage public;Autre;Hors intersection;Route Non renseignee tioNon renseignee le;Sans collision;Motocyclette > 125 cm3;Se deportant A$roite;Non renseignee ;34;Masculin;Blessee Leger;Non renseignee ;1;1;0;1;0;0;Adulte jeune (25-34);Sans pieton ;Avec moto;Aucun VL;Sans poids lourd;Adulte jeune (25-34);1 usager
Leger;02/11/2018;18:00;Levallois-Perret;Nuit sanseclairage public;Autre;Intersection en T;Voie commuNon renseignee le;Autre collision;VL seul;TourNon renseignee nt A'auche;Non renseignee ;70;Masculin;Indemne;Non renseignee ;2;1;1;0;1;0;Senior (65+);Avec pieton;Sans moto;1 VL;Sans poids lourd;Senior (65+);2 usagers
Leger;22/05/2018;14:40;Levallois-Perret;Plein jour;Autre;Intersection en X;Route departementale;Autre collision;PL seul 3,5T <PTCA <= 7,5T;En marche arriere;Non renseignee ;39;Masculin;Indemne;Non renseignee ;2;1;1;0;0;1;Adulte (35-49);Avec pieton;Sans moto;Aucun VL;Avec poids lourd;Adulte (35-49);2 usagers
Leger;19/11/2018;16:45;Clichy;Plein jour;Autre;Hors intersection;Voie commuNon renseignee le;Autre collision;Scooter < 50 cm3;Sans changement de direction;Non renseignee ;38;Masculin;Indemne;Non renseignee ;2;1;1;0;0;0;Adulte (35-49);Avec pieton;Sans moto;Aucun VL;Sans poids lourd;Adulte (35-49);2 usagers
Leger;06/06/2018;18:00;Chaville;Plein jour;Pluie legere;Hors intersection;Route departementale;Autre collision;VL seul;Sans changement de direction;Non renseignee ;49;Feminin;Indemne;Non renseignee ;2;1;1;0;1;0;Adulte (35-49);Avec pieton;Sans moto;1 VL;Sans poids lourd;Adulte (35-49);2 usagers
Leger;15/01/2012;17:50;Issy-les-Moulineaux;Nuit avec eclairage public allumee;Autre;Place;Route departementale;Collision par le cote;VL seul;TourNon renseignee nt A$roite;Motocyclette > 125 cm3;55;Masculin;Indemne;Non renseignee ;2;2;0;1;1;0;Senior actif (50-64);Sans pieton ;Avec moto;1 VL;Sans poids lourd;Senior actif (50-64);2 usagers
Leger;26/05/2018;13:20;Non renseignee nterre;Plein jour;Autre;Intersection en T;Route departementale;Autre collision;Scooter < 50 cm3;Sans changement de direction;Non renseignee ;22;Masculin;Indemne;Non renseignee ;2;1;1;0;0;0;Jeune adulte (18-24);Avec pieton;Sans moto;Aucun VL;Sans poids lourd;Jeune adulte (18-24);2 usagers
Leger;21/02/2012;19:10;Sevres;Nuit avec eclairage public allumee;Autre;Giratoire;Route departementale;Collision par l'arriere;VL seul;Changeant de file A$roite;Cyclomoteur <50cm3;76;Masculin;Indemne;Non renseignee ;2;2;0;0;1;0;Senior (65+);Sans pieton;Sans moto;1 VL;Sans poids lourd;Senior (65+);2 usagers
Leger;07/10/2018;07:45;Villeneuve-la-Garenne;Crepuscule ou aube;Autre;Hors intersection;Autoroute;Sans collision;VL seul;Sans changement de direction;Non renseignee ;20;Feminin;Indemne;Non renseignee ;2;1;0;0;1;0;Jeune adulte (18-24);Sans pieton;Sans moto;1 VL;Sans poids lourd;Jeune adulte (18-24);2 usagers
Leger;06/03/2018;14:50;Non renseignee nterre;Plein jour;Autre;Hors intersection;Autoroute;Collisions en chaine;VL seul;Meme sens, Meme file;VL seul;63;Masculin;Blessee Leger;Non renseignee ;3;3;0;0;3;0;Senior actif (50-64);Sans pieton;Sans moto;3 VL ou plus;Sans poids lourd;Senior actif (50-64);3-5 usagers
Leger;03/04/2018;11:45;Marnes-la-Coquette;Plein jour;Autre;Hors intersection;Autoroute;Collision par l'arriere;VL seul;Meme sens, Meme file;VL seul;40;Feminin;Indemne;Non renseignee ;4;2;0;0;2;0;Adulte (35-49);Sans pieton;Sans moto;2 VL;Sans poids lourd;Adulte (35-49);3-5 usagers
Grave;23/10/2012;18:15;Gennevilliers;Crepuscule ou aube;Autre;Hors intersection;Autoroute;Collisions multiples;VL seul;Non renseignee ;Motocyclette > 125 cm3;62;Masculin;Indemne;Non renseignee ;3;3;0;1;2;0;Senior actif (50-64);Sans pieton;Avec moto;2 VL;Sans poids lourd;Senior actif (50-64);3-5 usagers
Leger;12/11/2018;13:38;Rueil-Malmaison;Plein jour;Temps couvert;Hors intersection;Autoroute;Sans collision;VL seul;Sans changement de direction;Non renseignee ;41;Feminin;Blessee Leger;Non renseignee ;1;1;0;0;1;0;Adulte (35-49);Sans pieton;Sans moto;1 VL;Sans poids lourd;Adulte (35-49);1 usager
Grave;11/12/2012;09:20;Saint-Cloud;Plein jour;Autre;Hors intersection;Autoroute;Collision par le cote;Motocyclette > 125 cm3;Entre 2 files;VL seul;56;Masculin;Blessee hospitalisee;Non renseignee ;2;2;0;1;1;0;Senior actif (50-64);Sans pieton;Avec moto;1 VL;Sans poids lourd;Senior actif (50-64);2 usagers
Leger;25/12/2018;00:55;Non renseignee nterre;Nuit avec eclairage public allumee;Autre;Hors intersection;Autoroute;Collision par l'arriere;VU seul 1,5T <= PTAC <= 3,5T;Meme sens, Meme file;VU seul 1,5T <= PTAC <= 3,5T;58;Masculin;Indemne;Non renseignee ;6;2;0;0;2;0;Senior actif (50-64);Sans pieton;Sans moto;2 VL;Sans poids lourd;Senior actif (50-64);Plus de 5 usagers
Grave;20/01/2012;18:10;Malakoff;Nuit avec eclairage public allumee;Pluie legere;Hors intersection;Route departementale;Autre collision;Scooter > 50 cm3 et <= 125 cm3;Sans changement de direction;Non renseignee ;36;Masculin;Indemne;Non renseignee ;2;1;1;1;0;0;Adulte (35-49);Avec pieton;Avec moto;Aucun VL;Sans poids lourd;Adulte (35-49);2 usagers
Grave;01/09/2012;16:00;Clamart;Plein jour;Autre;Intersection en X;Voie commuNon renseignee le;Autre collision;VL seul;Sans changement de direction;Non renseignee ;55;Masculin;Indemne;Non renseignee ;2;1;1;0;1;0;Senior actif (50-64);Avec pieton;Sans moto;1 VL;Sans poids lourd;Senior actif (50-64);2 usagers
Grave;04/03/2012;19:35;Antony;Nuit avec eclairage public allumee;Pluie forte;Intersection en T;Route departementale;Autre collision;VL seul;TourNon renseignee nt A'auche;Non renseignee ;21;Feminin;Indemne;Non renseignee ;2;1;1;0;1;0;Jeune adulte (18-24);Avec pieton;Sans moto;1 VL;Sans poids lourd;Jeune adulte (18-24);2 usagers
Grave;05/04/2012;18:40;Colombes;Plein jour;Autre;Hors intersection;Voie commuNon renseignee le;Autre collision;VL seul;En marche arriere;Non renseignee ;23;Masculin;Indemne;Non renseignee ;2;1;1;0;1;0;Jeune adulte (18-24);Avec pieton;Sans moto;1 VL;Sans poids lourd;Jeune adulte (18-24);2 usagers
Leger;16/03/2012;10:45;Levallois-Perret;Plein jour;Autre;Intersection en X;Voie commuNon renseignee le;Autre collision;VU seul 1,5T <= PTAC <= 3,5T;TourNon renseignee nt A$roite;Non renseignee ;56;Masculin;Indemne;Non renseignee ;2;1;1;0;1;0;Senior actif (50-64);Avec pieton;Sans moto;1 VL;Sans poids lourd;Senior actif (50-64);2 usagers
Leger;10/11/2012;21:35;Boulogne-Billancourt;Nuit avec eclairage public allumee;Pluie legere;Intersection en X;Route departementale;Autre collision;VL seul;Sans changement de direction;Non renseignee ;27;Masculin;Indemne;Non renseignee ;2;1;1;0;1;0;Adulte jeune (25-34);Avec pieton;Sans moto;1 VL;Sans poids lourd;Adulte jeune (25-34);2 usagers
Leger;04/06/2012;19:30;Courbevoie;Plein jour;Autre;Intersection en X;Route departementale;Autre collision;VL seul;Meme sens, Meme file;VL seul;68;Feminin;Indemne;Non renseignee ;3;2;1;0;2;0;Senior (65+);Avec pieton;Sans moto;2 VL;Sans poids lourd;Senior (65+);3-5 usagers
Grave;30/01/2012;07:40;Chatillon;Crepuscule ou aube;Autre;Hors intersection;Route departementale;Autre collision;Motocyclette > 125 cm3;Sans changement de direction;Non renseignee ;47;Masculin;Blessee Leger;Non renseignee ;3;1;2;1;0;0;Adulte (35-49);Avec pieton;Avec moto;Aucun VL;Sans poids lourd;Adulte (35-49);3-5 usagers