type_acci;date;heure;commune;luminosite_accident;cond_atmos;Intersection;categorie_route;type_collision;type_vehicule_1;manoeuvre_vehicule_1;type_vehicule_2;age_usager;sexe_usager;gravite_usager;etat_usager;nombre_usagers;nb_veh;nombre_pietons;nombre_motos;nombre_vl;nombre_pl;age_usa1_categ;accident_pieton;accident_moto;categorie_vl;accident_pl;categorie_age;categorie_usagers
Leger;15/04/2021;11:20;Issy-les-Moulineaux;Plein jour;Normale;Hors intersection;Route departementale;Non renseignee ;Non renseignee ;Ouverture de porte;Non renseignee ;29;Masculin;Blessee Leger;Non renseignee ;2;2;0;0;1;0;Adulte jeune (25-34);Sans pieton;Sans moto;1 VL;Sans poids lourd;Adulte jeune (25-34);2 usagers
Leger;20/01/2020;18:00;Ville-d'Avray;Nuit avec eclairage public allumee;Normale;Hors intersection;Route departementale;Non renseignee ;Scooter < 50 cm3;Manoeuvre devitement;Non renseignee ;62;Masculin;Blessee Leger;Non renseignee ;2;2;0;0;1;0;Senior actif (50-64);Sans pieton;Sans moto;1 VL;Sans poids lourd;Senior actif (50-64);2 usagers
Leger;09/09/2019;17:55;Boulogne-Billancourt;Plein jour;Temps couvert;Hors intersection;Voie commuNon renseignee le;Non renseignee ;VU seul 1,5T <= PTAC <= 3,5T;En marche arriere;Motocyclette > 50 cm3 et <= 125 cm3;25;Masculin;Indemne;Non renseignee ;2;2;0;1;1;0;Adulte jeune (25-34);Sans pieton;Avec moto;1 VL;Sans poids lourd;Adulte jeune (25-34);2 usagers
Leger;09/05/2019;12:00;Issy-les-Moulineaux;Plein jour;Pluie legere;Hors intersection;Route departementale;Non renseignee ;Scooter < 50 cm3;Sans changement de direction;Non renseignee ;23;Masculin;Blessee Leger;Non renseignee ;1;2;0;0;1;0;Jeune adulte (18-24);Sans pieton;Sans moto;1 VL;Sans poids lourd;Jeune adulte (18-24);1 usager
Leger;11/01/2021;18:35;Issy-les-Moulineaux;Nuit avec eclairage public allumee;Normale;Hors intersection;Route departementale;Non renseignee ;Motocyclette > 125 cm3;Depassant A$roite;Non renseignee ;23;Masculin;Blessee Leger;Non renseignee ;1;1;0;1;0;0;Jeune adulte (18-24);Sans pieton;Avec moto;Aucun VL;Sans poids lourd;Jeune adulte (18-24);1 usager
Leger;12/03/2019;12:50;Issy-les-Moulineaux;Plein jour;Normale;Hors intersection;Route departementale;Non renseignee ;Scooter > 50 cm3 et <= 125 cm3;Depassant A'auche;VU seul 1,5T <= PTAC <= 3,5T;61;Masculin;Indemne;Non renseignee ;3;2;0;1;1;0;Senior actif (50-64);Sans pieton;Avec moto;1 VL;Sans poids lourd;Senior actif (50-64);3-5 usagers
Leger;08/01/2020;13:20;Boulogne-Billancourt;Plein jour;Pluie legere;Autre intersection;Route departementale;Non renseignee ;Non renseignee ;S inserant;Non renseignee ;25;Feminin;Blessee Leger;Non renseignee ;2;1;1;0;1;0;Adulte jeune (25-34);Avec pieton;Sans moto;1 VL;Sans poids lourd;Adulte jeune (25-34);2 usagers
Leger;27/09/2021;00:05;Vaucresson;Nuit avec eclairage public allumee;Normale;Hors intersection;Autoroute;Non renseignee ;Non renseignee ;Changeant de file A$roite;Non renseignee ;39;Masculin;Blessee Leger;Non renseignee ;4;1;0;0;1;0;Adulte (35-49);Sans pieton;Sans moto;1 VL;Sans poids lourd;Adulte (35-49);3-5 usagers
Leger;18/06/2021;18:20;Issy-les-Moulineaux;Plein jour;Normale;Autre intersection;Voie commuNon renseignee le;Non renseignee ;EDP sans moteur;TourNon renseignee nt A$roite;Non renseignee ;52;Masculin;Blessee Leger;Non renseignee ;1;1;0;0;0;0;Senior actif (50-64);Sans pieton ;Sans moto;Aucun VL;Sans poids lourd;Senior actif (50-64);1 usager
Leger;03/02/2019;07:34;Boulogne-Billancourt;Crepuscule ou aube;Normale;Giratoire;Route departementale;Non renseignee ;Scooter < 50 cm3;TourNon renseignee nt A'auche;Scooter < 50 cm3;40;Masculin;Blessee Leger;Non renseignee ;2;2;0;0;0;0;Adulte (35-49);Sans pieton ;Sans moto;Aucun VL;Sans poids lourd;Adulte (35-49);2 usagers
Leger;06/12/2021;19:00;Boulogne-Billancourt;Nuit avec eclairage public allumee;Pluie legere;Intersection en T;Voie commuNon renseignee le;Non renseignee ;Scooter < 50 cm3;Manoeuvre devitement;Non renseignee ;56;Feminin;Blessee Leger;Non renseignee ;2;1;1;0;0;0;Senior actif (50-64);Avec pieton;Sans moto;Aucun VL;Sans poids lourd;Senior actif (50-64);2 usagers
Leger;24/07/2020;23:45;Neuilly-sur-Seine;Nuit avec eclairage public allumee;Normale;Intersection en X;Voie commuNon renseignee le;Non renseignee ;Non renseignee ;TourNon renseignee nt A$roite;Non renseignee ;49;Masculin;Blessee Leger;Non renseignee ;2;2;0;0;0;0;Adulte (35-49);Sans pieton ;Sans moto;Aucun VL;Sans poids lourd;Adulte (35-49);2 usagers
Grave;27/06/2020;04:05;Neuilly-sur-Seine;Nuit avec eclairage public allumee;Normale;Hors intersection;Route departementale;Non renseignee ;Non renseignee ;Sans changement de direction;Non renseignee ;41;Masculin;Blessee hospitalisee;Non renseignee ;2;1;1;0;1;0;Adulte (35-49);Avec pieton;Sans moto;1 VL;Sans poids lourd;Adulte (35-49);2 usagers
Leger;21/01/2019;07:15;Courbevoie;Nuit avec eclairage public allumee;Normale;Intersection en T;Voie commuNon renseignee le;Non renseignee ;Non renseignee ;TourNon renseignee nt A$roite;Non renseignee ;55;Masculin;Indemne;Autre;2;1;1;0;1;0;Senior actif (50-64);Avec pieton;Sans moto;1 VL;Sans poids lourd;Senior actif (50-64);2 usagers
Leger;06/04/2019;17:45;Non renseignee nterre;Plein jour;Normale;Hors intersection;Route departementale;Non renseignee ;Non renseignee ;Changeant de file A$roite;Non renseignee ;45;Feminin;Indemne;Non renseignee ;2;2;0;0;1;0;Adulte (35-49);Sans pieton;Sans moto;1 VL;Sans poids lourd;Adulte (35-49);2 usagers
Leger;13/12/2019;09:25;Courbevoie;Plein jour;Pluie legere;Hors intersection;Route departementale;Non renseignee ;Scooter > 125 cm3;Depassant A$roite;Non renseignee ;35;Masculin;Indemne;Non renseignee ;2;2;0;1;0;0;Adulte (35-49);Sans pieton;Avec moto;Aucun VL;Sans poids lourd;Adulte (35-49);2 usagers
Leger;26/05/2019;13:35;Antony;Plein jour;Normale;Intersection en X;Voie commuNon renseignee le;Non renseignee ;Non renseignee ;TourNon renseignee nt A'auche;EDP sans moteur;20;Masculin;Indemne;Non renseignee ;3;2;0;0;1;0;Jeune adulte (18-24);Sans pieton ;Sans moto;1 VL;Sans poids lourd;Jeune adulte (18-24);3-5 usagers
Leger;21/07/2010;18:00;Puteaux;Plein jour;Autre;Intersection A0lus de 4 branches;Route Non renseignee tioNon renseignee le;Sans collision;Motocyclette > 125 cm3;TourNon renseignee nt A'auche;Non renseignee ;24;Masculin;Blessee Leger;Non renseignee ;1;1;0;1;0;0;Jeune adulte (18-24);Sans pieton ;Avec moto;Aucun VL;Sans poids lourd;Jeune adulte (18-24);1 usager
Leger;27/07/2010;09:00;Gennevilliers;Plein jour;Autre;Hors intersection;Route Non renseignee tioNon renseignee le;Collision par le cote;Motocyclette > 125 cm3;Entre 2 files;Motocyclette > 125 cm3;54;Masculin;Indemne;Non renseignee ;2;2;0;2;0;0;Senior actif (50-64);Sans pieton;Avec moto;Aucun VL;Sans poids lourd;Senior actif (50-64);2 usagers
Leger;25/08/2010;18:20;Clamart;Plein jour;Autre;Hors intersection;Route departementale;Collision par l'arriere;Motocyclette > 125 cm3;Meme sens, Meme file;VL seul;56;Masculin;Indemne;Non renseignee ;2;2;0;1;1;0;Senior actif (50-64);Sans pieton;Avec moto;1 VL;Sans poids lourd;Senior actif (50-64);2 usagers
Leger;10/09/2010;16:50;Courbevoie;Plein jour;Autre;Intersection en X;Route departementale;Collision par le cote;Motocyclette > 125 cm3;Sans changement de direction;VL seul;32;Masculin;Blessee Leger;Non renseignee ;2;2;0;1;1;0;Adulte jeune (25-34);Sans pieton;Avec moto;1 VL;Sans poids lourd;Adulte jeune (25-34);2 usagers
Leger;11/09/2010;02:35;Courbevoie;Nuit avec eclairage public non allumee;Autre;Intersection en X;Route departementale;Collision par le cote;VL seul;Sans changement de direction;VL seul;43;Masculin;Indemne;Non renseignee ;5;2;0;0;2;0;Adulte (35-49);Sans pieton;Sans moto;2 VL;Sans poids lourd;Adulte (35-49);3-5 usagers
Grave;13/09/2010;10:15;Colombes;Plein jour;Autre;Hors intersection;Autoroute;Collision par l'arriere;Motocyclette > 125 cm3;Entre 2 files;VL seul;35;Masculin;Blessee hospitalisee;Non renseignee ;2;2;0;1;1;0;Adulte (35-49);Sans pieton;Avec moto;1 VL;Sans poids lourd;Adulte (35-49);2 usagers
Grave;13/09/2010;22:30;Levallois-Perret;Nuit avec eclairage public allumee;Autre;Intersection A0lus de 4 branches;Route departementale;Collision par le cote;VL seul;TourNon renseignee nt A$roite;Cyclomoteur <50cm3;33;Feminin;Blessee hospitalisee;Attention perturbA{2;2;0;0;1;0;Adulte jeune (25-34);Sans pieton ;Sans moto;1 VL;Sans poids lourd;Adulte jeune (25-34);2 usagers
Leger;18/09/2010;09:50;Gennevilliers;Plein jour;Autre;Hors intersection;Autoroute;Collision par le cote;VL seul;Changeant de file A$roite;VL seul;19;Masculin;Blessee Leger;Non renseignee ;2;2;0;0;2;0;Jeune adulte (18-24);Sans pieton;Sans moto;2 VL;Sans poids lourd;Jeune adulte (18-24);2 usagers
Leger;18/09/2010;21:30;Boulogne-Billancourt;Nuit avec eclairage public allumee;Autre;Hors intersection;Voie commuNon renseignee le;Autre collision;Scooter < 50 cm3;Sans changement de direction;Non renseignee ;44;Masculin;Indemne;Non renseignee ;2;1;1;0;0;0;Adulte (35-49);Avec pieton;Sans moto;Aucun VL;Sans poids lourd;Adulte (35-49);2 usagers
Leger;23/09/2010;10:00;Puteaux;Plein jour;Autre;Intersection en T;Voie commuNon renseignee le;Autre collision;VL seul;TourNon renseignee nt A'auche;Non renseignee ;28;Masculin;Indemne;Non renseignee ;2;1;1;0;1;0;Adulte jeune (25-34);Avec pieton;Sans moto;1 VL;Sans poids lourd;Adulte jeune (25-34);2 usagers
Leger;22/07/2010;13:15;Gennevilliers;Plein jour;Autre;Intersection A0lus de 4 branches;Route departementale;Collision par le cote;VL seul;TourNon renseignee nt A$roite;Scooter < 50 cm3;61;Masculin;Indemne;Non renseignee ;2;2;0;0;1;0;Senior actif (50-64);Sans pieton ;Sans moto;1 VL;Sans poids lourd;Senior actif (50-64);2 usagers
Leger;29/07/2010;14:35;Asnieres-sur-Seine;Plein jour;Autre;Intersection en T;Route departementale;Collision par l'arriere;Motocyclette > 125 cm3;Meme sens, Meme file;VU seul 1,5T <= PTAC <= 3,5T;28;Masculin;Indemne;Non renseignee ;2;2;0;1;1;0;Adulte jeune (25-34);Sans pieton;Avec moto;1 VL;Sans poids lourd;Adulte jeune (25-34);2 usagers
Leger;28/08/2021;10:55;Malakoff;Plein jour;Normale;Hors intersection;Voie commuNon renseignee le;Non renseignee ;Non renseignee ;Sans changement de direction;Non renseignee ;6;Masculin;Blessee Leger;Non renseignee ;2;1;0;0;0;0;Mineur (-18 ans);Sans pieton;Sans moto;Aucun VL;Sans poids lourd;Mineur (-18 ans);2 usagers
Leger;12/10/2020;06:50;Issy-les-Moulineaux;Crepuscule ou aube;Normale;Intersection en X;Route departementale;Non renseignee ;Motocyclette > 50 cm3 et <= 125 cm3;Inconnue;Non renseignee ;47;Masculin;Blessee Leger;Non renseignee ;2;2;0;1;1;0;Adulte (35-49);Sans pieton;Avec moto;1 VL;Sans poids lourd;Adulte (35-49);2 usagers
Leger;24/08/2010;08:52;Meudon;Plein jour;Autre;Hors intersection;Route Non renseignee tioNon renseignee le;Collisions en chaine;VL seul;Meme sens, Meme file;VL seul;48;Feminin;Indemne;Non renseignee ;4;4;0;0;4;0;Adulte (35-49);Sans pieton;Sans moto;3 VL ou plus;Sans poids lourd;Adulte (35-49);3-5 usagers
Leger;16/05/2020;13:30;Montrouge;Plein jour;Normale;Hors intersection;Route departementale;Non renseignee ;Non renseignee ;Meme sens, Meme file;Non renseignee ;45;Masculin;Blessee Leger;Non renseignee ;2;2;0;0;0;0;Adulte (35-49);Sans pieton;Sans moto;Aucun VL;Sans poids lourd;Adulte (35-49);2 usagers
Leger;25/08/2010;13:45;Neuilly-sur-Seine;Plein jour;Autre;Hors intersection;Voie commuNon renseignee le;Collision par le cote;VL seul;Ouverture de porte;Bicyclette;44;Masculin;Indemne;Non renseignee ;2;2;0;0;1;0;Adulte (35-49);Sans pieton;Sans moto;1 VL;Sans poids lourd;Adulte (35-49);2 usagers
Leger;05/03/2020;17:55;Montrouge;Crepuscule ou aube;Pluie forte;Hors intersection;Route departementale;Non renseignee ;Scooter > 125 cm3;Sans changement de direction;Non renseignee ;38;Feminin;Blessee Leger;Non renseignee ;3;1;1;1;0;0;Adulte (35-49);Avec pieton;Avec moto;Aucun VL;Sans poids lourd;Adulte (35-49);3-5 usagers
Leger;27/08/2010;08:50;Puteaux;Plein jour;Autre;Intersection en T;Voie commuNon renseignee le;Sans collision;Cyclomoteur <50cm3;Sans changement de direction;Non renseignee ;56;Masculin;Blessee Leger;Non renseignee ;1;1;0;0;0;0;Senior actif (50-64);Sans pieton;Sans moto;Aucun VL;Sans poids lourd;Senior actif (50-64);1 usager
Leger;02/09/2019;18:45;Montrouge;Plein jour;Normale;Intersection en T;Route departementale;Non renseignee ;Scooter < 50 cm3;Depassant A'auche;Non renseignee ;52;Masculin;Indemne;Non renseignee ;2;1;1;0;0;0;Senior actif (50-64);Avec pieton;Sans moto;Aucun VL;Sans poids lourd;Senior actif (50-64);2 usagers
Leger;11/09/2010;14:35;La Garenne-Colombes;Plein jour;Autre;Intersection en X;Route departementale;Collision par l'arriere;Cyclomoteur <50cm3;Meme sens, Meme file;VL seul;20;Masculin;Blessee Leger;Non renseignee ;2;2;0;0;1;0;Jeune adulte (18-24);Sans pieton;Sans moto;1 VL;Sans poids lourd;Jeune adulte (18-24);2 usagers
Leger;14/09/2010;16:40;Colombes;Plein jour;Autre;Hors intersection;Autoroute;Collision par l'arriere;Motocyclette > 125 cm3;Meme sens, Meme file;VL seul;33;Masculin;Blessee Leger;Non renseignee ;2;2;0;1;1;0;Adulte jeune (25-34);Sans pieton;Avec moto;1 VL;Sans poids lourd;Adulte jeune (25-34);2 usagers
Leger;08/05/2021;12:20;Sevres;Plein jour;Normale;Hors intersection;Route departementale;Non renseignee ;Scooter < 50 cm3;TourNon renseignee nt A$roite;Non renseignee ;28;Masculin;Blessee Leger;Non renseignee ;2;2;0;0;0;0;Adulte jeune (25-34);Sans pieton ;Sans moto;Aucun VL;Sans poids lourd;Adulte jeune (25-34);2 usagers
Grave;16/09/2010;07:20;Gennevilliers;Crepuscule ou aube;Autre;Hors intersection;Autoroute;Collisions multiples;Motocyclette > 125 cm3;Non renseignee ;VL seul;44;Masculin;Blessee hospitalisee;Non renseignee ;3;3;0;1;1;1;Adulte (35-49);Sans pieton;Avec moto;1 VL;Avec poids lourd;Adulte (35-49);3-5 usagers
Grave;06/11/2021;22:47;Boulogne-Billancourt;Nuit avec eclairage public allumee;Normale;Hors intersection;Voie commuNon renseignee le;Non renseignee ;Motocyclette > 125 cm3;Sedeportant A'auche;Non renseignee ;22;Masculin;Blessee hospitalisee;Non renseignee ;1;1;0;1;0;0;Jeune adulte (18-24);Sans pieton ;Avec moto;Aucun VL;Sans poids lourd;Jeune adulte (18-24);1 usager
Leger;28/11/2019;13:25;Boulogne-Billancourt;Plein jour;Temps couvert;Hors intersection;Route departementale;Non renseignee ;Scooter < 50 cm3;Sans changement de direction;Non renseignee ;50;Masculin;Blessee Leger;Non renseignee ;1;1;0;0;0;0;Senior actif (50-64);Sans pieton;Sans moto;Aucun VL;Sans poids lourd;Senior actif (50-64);1 usager
Leger;08/10/2021;01:12;Sevres;Nuit avec eclairage public allumee;Normale;Hors intersection;Route Non renseignee tioNon renseignee le;Non renseignee ;Non renseignee ;Inconnue;VU seul 1,5T <= PTAC <= 3,5T;22;Feminin;Blessee Leger;Non renseignee ;2;2;0;0;2;0;Jeune adulte (18-24);Sans pieton;Sans moto;2 VL;Sans poids lourd;Jeune adulte (18-24);2 usagers
Grave;24/08/2021;11:03;Paris;Plein jour;Normale;Hors intersection;Route departementale;Non renseignee ;Non renseignee ;Manoeuvre de stationnement;Non renseignee ;37;Masculin;Blessee hospitalisee;Non renseignee ;2;2;0;0;1;0;Adulte (35-49);Sans pieton;Sans moto;1 VL;Sans poids lourd;Adulte (35-49);2 usagers
Leger;30/09/2010;07:35;Marnes-la-Coquette;Crepuscule ou aube;Pluie legere;Hors intersection;Autoroute;Sans collision;Motocyclette > 125 cm3;Entre 2 files;Non renseignee ;51;Feminin;Blessee Leger;Non renseignee ;1;1;0;1;0;0;Senior actif (50-64);Sans pieton;Avec moto;Aucun VL;Sans poids lourd;Senior actif (50-64);1 usager
Leger;02/01/2020;16:30;Boulogne-Billancourt;Crepuscule ou aube;Temps couvert;Hors intersection;Route departementale;Non renseignee ;Motocyclette > 125 cm3;Manoeuvre devitement;Non renseignee ;40;Feminin;Blessee Leger;Non renseignee ;1;1;0;1;0;0;Adulte (35-49);Sans pieton;Avec moto;Aucun VL;Sans poids lourd;Adulte (35-49);1 usager
Mortel;06/05/2019;15:15;Issy-les-Moulineaux;Plein jour;Normale;Hors intersection;Route departementale;Non renseignee ;Tracteur routier + semi-remorque;S inserant;Non renseignee ;35;Masculin;Indemne;Non renseignee ;2;1;1;0;0;1;Adulte (35-49);Avec pieton;Sans moto;Aucun VL;Avec poids lourd;Adulte (35-49);2 usagers
Leger;06/10/2010;07:30;Chatillon;Crepuscule ou aube;Autre;Intersection en X;Route departementale;Collision par le cote;VL seul;TourNon renseignee nt A'auche;Motocyclette > 125 cm3;21;Feminin;Indemne;Non renseignee ;2;2;0;1;1;0;Jeune adulte (18-24);Sans pieton ;Avec moto;1 VL;Sans poids lourd;Jeune adulte (18-24);2 usagers
Leger;02/02/2021;20:10;Boulogne-Billancourt;Nuit avec eclairage public allumee;Normale;Hors intersection;Route departementale;Non renseignee ;Non renseignee ;Meme sens, Meme file;Scooter < 50 cm3;28;Masculin;Blessee Leger;Non renseignee ;2;2;0;0;1;0;Adulte jeune (25-34);Sans pieton;Sans moto;1 VL;Sans poids lourd;Adulte jeune (25-34);2 usagers
Leger;30/09/2011;17:40;Saint-Cloud;Plein jour;Autre;Hors intersection;Voie commuNon renseignee le;Collision par le cote;Motocyclette > 125 cm3;Sans changement de direction;VL seul;29;Masculin;Blessee Leger;Non renseignee ;2;2;0;1;1;0;Adulte jeune (25-34);Sans pieton;Avec moto;1 VL;Sans poids lourd;Adulte jeune (25-34);2 usagers
Leger;08/10/2021;12:47;Saint-Cloud;Plein jour;Normale;Intersection en T;Voie commuNon renseignee le;Non renseignee ;Motocyclette > 50 cm3 et <= 125 cm3;Autres manoeuvre;Non renseignee ;35;Masculin;Blessee Leger;Non renseignee ;2;2;0;1;1;0;Adulte (35-49);Sans pieton;Avec moto;1 VL;Sans poids lourd;Adulte (35-49);2 usagers
Leger;19/03/2021;14:20;Saint-Cloud;Plein jour;Normale;Intersection en T;Route departementale;Non renseignee ;Scooter > 50 cm3 et <= 125 cm3;Meme sens, Meme file;Non renseignee ;27;Masculin;Blessee Leger;Non renseignee ;2;2;0;1;1;0;Adulte jeune (25-34);Sans pieton;Avec moto;1 VL;Sans poids lourd;Adulte jeune (25-34);2 usagers
Leger;23/08/2011;20:40;Non renseignee nterre;Plein jour;Autre;Hors intersection;Route departementale;Collision par l'arriere;VL seul;TourNon renseignee nt A'auche;Scooter < 50 cm3;23;Feminin;Indemne;Non renseignee ;2;2;0;0;1;0;Jeune adulte (18-24);Sans pieton ;Sans moto;1 VL;Sans poids lourd;Jeune adulte (18-24);2 usagers
Leger;18/09/2020;17:30;Saint-Cloud;Plein jour;Normale;Hors intersection;Route departementale;Non renseignee ;Scooter < 50 cm3;Autres manoeuvre;Non renseignee ;11;Feminin;Blessee Leger;Non renseignee ;2;1;1;0;0;0;Mineur (-18 ans);Avec pieton;Sans moto;Aucun VL;Sans poids lourd;Mineur (-18 ans);2 usagers
Leger;05/06/2011;08:20;Villeneuve-la-Garenne;Plein jour;Pluie legere;Hors intersection;Autoroute;Sans collision;VL seul;Sans changement de direction;Non renseignee ;26;Feminin;Blessee Leger;Non renseignee ;3;1;0;0;1;0;Adulte jeune (25-34);Sans pieton;Sans moto;1 VL;Sans poids lourd;Adulte jeune (25-34);3-5 usagers
Grave;01/12/2020;18:00;Suresnes;Nuit avec eclairage public allumee;Pluie forte;Hors intersection;Route departementale;Non renseignee ;VU seul 1,5T <= PTAC <= 3,5T;Se deportant A$roite;Non renseignee ;39;Feminin;Blessee Leger;Non renseignee ;4;3;0;0;3;0;Adulte (35-49);Sans pieton ;Sans moto;3 VL ou plus;Sans poids lourd;Adulte (35-49);3-5 usagers
Leger;05/04/2011;08:15;Puteaux;Plein jour;Autre;Intersection en Y;Route Non renseignee tioNon renseignee le;Sans collision;Scooter > 50 cm3 et <= 125 cm3;TourNon renseignee nt A$roite;Non renseignee ;29;Masculin;Blessee Leger;Non renseignee ;1;1;0;1;0;0;Adulte jeune (25-34);Sans pieton ;Avec moto;Aucun VL;Sans poids lourd;Adulte jeune (25-34);1 usager
Leger;05/05/2011;20:35;Asnieres-sur-Seine;Plein jour;Autre;Hors intersection;Route departementale;Collision par le cote;VL seul;Non renseignee ;VL seul;20;Masculin;Blessee Leger;Non renseignee ;2;2;0;0;2;0;Jeune adulte (18-24);Sans pieton;Sans moto;2 VL;Sans poids lourd;Jeune adulte (18-24);2 usagers
Leger;18/02/2020;11:40;Rueil-Malmaison;Plein jour;Normale;Hors intersection;Route departementale;Non renseignee ;VU seul 1,5T <= PTAC <= 3,5T;Autres manoeuvre;Non renseignee ;87;Feminin;Blessee Leger;Non renseignee ;2;1;1;0;1;0;Senior (65+);Avec pieton;Sans moto;1 VL;Sans poids lourd;Senior (65+);2 usagers
Leger;11/08/2011;09:10;Courbevoie;Plein jour;Autre;Hors intersection;Route departementale;Collision par le cote;VL seul;S inserant;VL seul;54;Masculin;Indemne;Non renseignee ;2;2;0;0;2;0;Senior actif (50-64);Sans pieton;Sans moto;2 VL;Sans poids lourd;Senior actif (50-64);2 usagers
Leger;04/07/2019;13:40;Rueil-Malmaison;Plein jour;Normale;Hors intersection;Autoroute;Non renseignee ;Non renseignee ;Sans changement de direction;Non renseignee ;24;Masculin;Blessee Leger;Non renseignee ;2;1;0;0;1;0;Jeune adulte (18-24);Sans pieton;Sans moto;1 VL;Sans poids lourd;Jeune adulte (18-24);2 usagers
Leger;23/07/2021;23:10;Suresnes;Nuit avec eclairage public allumee;Normale;Hors intersection;Route departementale;Non renseignee ;Non renseignee ;Sedeportant A'auche;Non renseignee ;51;Feminin;Blessee Leger;Non renseignee ;1;1;0;0;1;0;Senior actif (50-64);Sans pieton ;Sans moto;1 VL;Sans poids lourd;Senior actif (50-64);1 usager
Grave;19/02/2019;09:00;Rueil-Malmaison;Plein jour;Normale;Hors intersection;Route departementale;Non renseignee ;Non renseignee ;TourNon renseignee nt A$roite;Motocyclette > 125 cm3;34;Masculin;Indemne;Non renseignee ;3;3;0;1;1;0;Adulte jeune (25-34);Sans pieton ;Avec moto;1 VL;Sans poids lourd;Adulte jeune (25-34);3-5 usagers
Grave;26/01/2019;19:15;Rueil-Malmaison;Nuit avec eclairage public allumee;Pluie legere;Hors intersection;Route departementale;Non renseignee ;Scooter > 125 cm3;Sans changement de direction;Non renseignee ;59;Masculin;Indemne;Non renseignee ;2;1;1;1;0;0;Senior actif (50-64);Avec pieton;Avec moto;Aucun VL;Sans poids lourd;Senior actif (50-64);2 usagers
Grave;16/12/2011;10:30;Montrouge;Plein jour;Pluie forte;Intersection en X;Route departementale;Autre collision;VL seul;TourNon renseignee nt A$roite;Non renseignee ;36;Feminin;Indemne;Non renseignee ;2;1;1;0;1;0;Adulte (35-49);Avec pieton;Sans moto;1 VL;Sans poids lourd;Adulte (35-49);2 usagers
Grave;07/05/2011;18:05;Levallois-Perret;Plein jour;Autre;Intersection en T;Voie commuNon renseignee le;Autre collision;VU seul 1,5T <= PTAC <= 3,5T;TourNon renseignee nt A'auche;Non renseignee ;25;Masculin;Indemne;Non renseignee ;2;1;1;0;1;0;Adulte jeune (25-34);Avec pieton;Sans moto;1 VL;Sans poids lourd;Adulte jeune (25-34);2 usagers
Leger;03/10/2011;16:45;Issy-les-Moulineaux;Plein jour;Autre;Intersection en X;Route departementale;Autre collision;Bicyclette;Sans changement de direction;Non renseignee ;33;Masculin;Indemne;Non renseignee ;2;1;1;0;0;0;Adulte jeune (25-34);Avec pieton;Sans moto;Aucun VL;Sans poids lourd;Adulte jeune (25-34);2 usagers
Leger;02/11/2012;20:25;Malakoff;Nuit avec eclairage public allumee;Pluie legere;Hors intersection;Route departementale;Collision par le cote;VU seul 1,5T <= PTAC <= 3,5T;Sans changement de direction;VL seul;50;Masculin;Indemne;Non renseignee ;2;2;0;0;2;0;Senior actif (50-64);Sans pieton;Sans moto;2 VL;Sans poids lourd;Senior actif (50-64);2 usagers
Leger;15/07/2013;13:10;Levallois-Perret;Plein jour;Autre;Intersection en X;Route departementale;Collision par le cote;Motocyclette > 50 cm3 et <= 125 cm3;Sans changement de direction;VL seul;32;Masculin;Indemne;Non renseignee ;2;2;0;1;1;0;Adulte jeune (25-34);Sans pieton;Avec moto;1 VL;Sans poids lourd;Adulte jeune (25-34);2 usagers
Grave;10/02/2013;10:00;Meudon;Plein jour;Pluie legere;Hors intersection;Voie commuNon renseignee le;Sans collision;Cyclomoteur <50cm3;Sans changement de direction;Non renseignee ;36;Masculin;Blessee hospitalisee;Non renseignee ;1;1;0;0;0;0;Adulte (35-49);Sans pieton;Sans moto;Aucun VL;Sans poids lourd;Adulte (35-49);1 usager
Grave;27/11/2012;16:49;Colombes;Crepuscule ou aube;Pluie legere;Hors intersection;Autoroute;Sans collision;Motocyclette > 125 cm3;Non renseignee ;Non renseignee ;25;Masculin;Blessee hospitalisee;Non renseignee ;1;1;0;1;0;0;Adulte jeune (25-34);Sans pieton;Avec moto;Aucun VL;Sans poids lourd;Adulte jeune (25-34);1 usager
Leger;22/03/2013;08:55;Chatillon;Plein jour;Autre;Hors intersection;Voie commuNon renseignee le;Autre collision;VL seul;Sans changement de direction;Non renseignee ;43;Masculin;Indemne;Non renseignee ;2;1;1;0;1;0;Adulte (35-49);Avec pieton;Sans moto;1 VL;Sans poids lourd;Adulte (35-49);2 usagers
Leger;27/01/2011;12:35;Le Plessis-Robinson;Plein jour;Autre;Intersection en X;Route departementale;Autre collision;Scooter > 50 cm3 et <= 125 cm3;Sans changement de direction;Non renseignee ;17;Masculin;Indemne;Non renseignee ;3;1;2;1;0;0;Mineur (-18 ans);Avec pieton;Avec moto;Aucun VL;Sans poids lourd;Mineur (-18 ans);3-5 usagers
Leger;10/04/2013;22:50;Montrouge;Nuit avec eclairage public allumee;Pluie forte;Hors intersection;Route departementale;Sans collision;VL seul;Sans changement de direction;Non renseignee ;22;Feminin;Blessee Leger;Non renseignee ;2;1;0;0;1;0;Jeune adulte (18-24);Sans pieton;Sans moto;1 VL;Sans poids lourd;Jeune adulte (18-24);2 usagers
Leger;19/12/2011;10:00;Neuilly-sur-Seine;Plein jour;Autre;Intersection en T;Voie commuNon renseignee le;Autre collision;VL seul;Sans changement de direction;Non renseignee ;42;Masculin;Indemne;Non renseignee ;2;1;1;0;1;0;Adulte (35-49);Avec pieton;Sans moto;1 VL;Sans poids lourd;Adulte (35-49);2 usagers