type_acci;date;heure;commune;luminosite_accident;cond_atmos;Intersection;categorie_route;type_collision;type_vehicule_1;manoeuvre_vehicule_1;type_vehicule_2;age_usager;sexe_usager;gravite_usager;etat_usager;nombre_usagers;nb_veh;nombre_pietons;nombre_motos;nombre_vl;nombre_pl;age_usa1_categ;accident_pieton;accident_moto;categorie_vl;accident_pl;categorie_age;categorie_usagers
Leger;10/12/2011;15:25;Neuilly-sur-Seine;Plein jour;Autre;Intersection en T;Route departementale;Collision par le cote;VU seul 1,5T <= PTAC <= 3,5T;Changeant de file A$roite;Scooter > 125 cm3;42;Feminin;Indemne;Non renseignee ;2;2;0;1;1;0;Adulte (35-49);Sans pieton;Avec moto;1 VL;Sans poids lourd;Adulte (35-49);2 usagers
Grave;14/06/2011;08:10;Non renseignee nterre;Plein jour;Autre;Hors intersection;Autoroute;Collisions multiples;Motocyclette > 125 cm3;Meme sens, Meme file;VU seul 1,5T <= PTAC <= 3,5T;51;Masculin;Indemne;Non renseignee ;3;3;0;1;2;0;Senior actif (50-64);Sans pieton;Avec moto;2 VL;Sans poids lourd;Senior actif (50-64);3-5 usagers
Leger;17/06/2011;09:50;Meudon;Plein jour;Autre;Hors intersection;Voie commuNon renseignee le;Collision par le cote;VL seul;S inserant;Scooter > 50 cm3 et <= 125 cm3;25;Masculin;Blessee Leger;Non renseignee ;2;2;0;1;1;0;Adulte jeune (25-34);Sans pieton;Avec moto;1 VL;Sans poids lourd;Adulte jeune (25-34);2 usagers
Leger;30/08/2011;09:05;Gennevilliers;Plein jour;Autre;Intersection en X;Route departementale;Collision par le cote;Motocyclette > 50 cm3 et <= 125 cm3;Sans changement de direction;VL seul;32;Masculin;Blessee Leger;Non renseignee ;2;2;0;1;1;0;Adulte jeune (25-34);Sans pieton;Avec moto;1 VL;Sans poids lourd;Adulte jeune (25-34);2 usagers
Leger;11/10/2011;07:50;Boulogne-Billancourt;Plein jour;Autre;Intersection à plus de 4 branches;Voie commuNon renseignee le;Collision par le cote;Scooter > 125 cm3;Non renseignee ;VL seul;27;Masculin;Blessee Leger;Non renseignee ;2;2;0;1;1;0;Adulte jeune (25-34);Sans pieton;Avec moto;1 VL;Sans poids lourd;Adulte jeune (25-34);2 usagers
Leger;21/10/2011;21:00;Bois-Colombes;Nuit avec eclairage public allumee;Autre;Hors intersection;Voie commuNon renseignee le;Collisions multiples;Scooter < 50 cm3;Non renseignee ;VL seul;18;Masculin;Blessee Leger;Non renseignee ;3;3;0;0;2;0;Jeune adulte (18-24);Sans pieton;Sans moto;2 VL;Sans poids lourd;Jeune adulte (18-24);3-5 usagers
Leger;01/12/2011;23:18;Rueil-Malmaison;Nuit avec eclairage public allumee;Autre;Intersection en T;Route departementale;Collisions multiples;Motocyclette > 125 cm3;Meme sens, Meme file;Motocyclette > 125 cm3;25;Feminin;Blessee Leger;Non renseignee ;3;3;0;2;1;0;Adulte jeune (25-34);Sans pieton;Avec moto;1 VL;Sans poids lourd;Adulte jeune (25-34);3-5 usagers
Leger;16/12/2011;21:20;Bagneux;Nuit avec eclairage public allumee;Pluie legere;Intersection en Y;Route departementale;Collision par le cote;Motocyclette > 125 cm3;Sans changement de direction;VL seul;47;Masculin;Blessee Leger;Non renseignee ;2;2;0;1;1;0;Adulte (35-49);Sans pieton;Avec moto;1 VL;Sans poids lourd;Adulte (35-49);2 usagers
Leger;09/01/2011;10:20;ChateNon renseignee y-Malabry;Plein jour;Autre;Hors intersection;Voie commuNon renseignee le;Collision par l'arriere;VL seul;Sans changement de direction;Engin special;54;Feminin;Indemne;Non renseignee ;4;2;0;0;1;1;Senior actif (50-64);Sans pieton;Sans moto;1 VL;Avec poids lourd;Senior actif (50-64);3-5 usagers
Grave;02/07/2011;16:15;Courbevoie;Plein jour;Autre;Hors intersection;Route departementale;Sans collision;Cyclomoteur <50cm3;Sans changement de direction;Non renseignee ;35;Masculin;Blessee hospitalisee;Non renseignee ;1;1;0;0;0;0;Adulte (35-49);Sans pieton;Sans moto;Aucun VL;Sans poids lourd;Adulte (35-49);1 usager
Leger;03/03/2011;00:55;Colombes;Nuit avec eclairage public allumee;Autre;Intersection en X;Route departementale;Collision par le cote;Scooter > 50 cm3 et <= 125 cm3;TourNon renseignee nt A'auche;VL seul;64;Masculin;Indemne;Non renseignee ;3;2;0;1;1;0;Senior actif (50-64);Sans pieton ;Avec moto;1 VL;Sans poids lourd;Senior actif (50-64);3-5 usagers
Leger;02/05/2011;11:30;Non renseignee nterre;Plein jour;Autre;Intersection en X;Route departementale;Collision par le cote;VL seul;Sans changement de direction;PL seul > 7,5T;53;Masculin;Blessee Leger;Non renseignee ;3;2;0;0;1;1;Senior actif (50-64);Sans pieton;Sans moto;1 VL;Avec poids lourd;Senior actif (50-64);3-5 usagers
Grave;20/06/2011;10:45;Gennevilliers;Plein jour;Pluie legere;Hors intersection;Autoroute;Collision par le cote;VL seul;Sans changement de direction;Scooter > 50 cm3 et <= 125 cm3;21;Masculin;Indemne;Non renseignee ;2;2;0;1;1;0;Jeune adulte (18-24);Sans pieton;Avec moto;1 VL;Sans poids lourd;Jeune adulte (18-24);2 usagers
Leger;19/09/2011;20:00;Meudon;Nuit avec eclairage public allumee;Autre;Hors intersection;Voie commuNon renseignee le;Sans collision;Scooter < 50 cm3;Non renseignee ;Non renseignee ;23;Masculin;Blessee Leger;Non renseignee ;1;1;0;0;0;0;Jeune adulte (18-24);Sans pieton;Sans moto;Aucun VL;Sans poids lourd;Jeune adulte (18-24);1 usager
Leger;21/11/2011;13:20;Levallois-Perret;Plein jour;Autre;Hors intersection;Voie commuNon renseignee le;Collision par l'arriere;Scooter < 50 cm3;Meme sens, Meme file;Scooter < 50 cm3;17;Masculin;Blessee Leger;Non renseignee ;2;2;0;0;0;0;Mineur (-18 ans);Sans pieton;Sans moto;Aucun VL;Sans poids lourd;Mineur (-18 ans);2 usagers
Leger;26/03/2011;20:40;Puteaux;Nuit avec eclairage public allumee;Pluie legere;Hors intersection;Voie commuNon renseignee le;Sans collision;Scooter > 50 cm3 et <= 125 cm3;TourNon renseignee nt A$roite;Non renseignee ;31;Masculin;Blessee Leger;Non renseignee ;1;1;0;1;0;0;Adulte jeune (25-34);Sans pieton ;Avec moto;Aucun VL;Sans poids lourd;Adulte jeune (25-34);1 usager
Leger;09/04/2011;13:45;Suresnes;Plein jour;Autre;Intersection en T;Route departementale;Collision par l'arriere;VL seul;Meme sens, Meme file;VL seul;26;Feminin;Blessee Leger;Non renseignee ;3;2;0;0;2;0;Adulte jeune (25-34);Sans pieton;Sans moto;2 VL;Sans poids lourd;Adulte jeune (25-34);3-5 usagers
Leger;05/10/2021;23:15;Non renseignee nterre;Nuit avec eclairage public allumee;Normale;Hors intersection;Autoroute;Non renseignee ;Non renseignee ;Autres manoeuvre;Non renseignee ;42;Masculin;Blessee Leger;Non renseignee ;2;1;0;0;1;0;Adulte (35-49);Sans pieton;Sans moto;1 VL;Sans poids lourd;Adulte (35-49);2 usagers
Leger;30/05/2011;12:35;Courbevoie;Plein jour;Autre;Intersection en T;Route departementale;Collision par l'arriere;VL seul;TourNon renseignee nt A'auche;Motocyclette > 125 cm3;22;Masculin;Blessee Leger;Non renseignee ;4;2;0;1;1;0;Jeune adulte (18-24);Sans pieton ;Avec moto;1 VL;Sans poids lourd;Jeune adulte (18-24);3-5 usagers
Leger;13/10/2019;15:10;Neuilly-sur-Seine;Plein jour;Normale;Hors intersection;Route departementale;Non renseignee ;Non renseignee ;Changeant de file A'auche;Non renseignee ;23;Feminin;Indemne;Non renseignee ;2;2;0;0;1;0;Jeune adulte (18-24);Sans pieton;Sans moto;1 VL;Sans poids lourd;Jeune adulte (18-24);2 usagers
Leger;03/12/2011;19:00;Saint-Cloud;Nuit avec eclairage public allumee;Pluie legere;Hors intersection;Autoroute;Collisions multiples;VL seul;Se deportant A$roite;Autocar;28;Feminin;Indemne;Non renseignee ;3;3;0;1;1;0;Adulte jeune (25-34);Sans pieton ;Avec moto;1 VL;Sans poids lourd;Adulte jeune (25-34);3-5 usagers
Leger;01/10/2019;10:00;Non renseignee nterre;Plein jour;Normale;Hors intersection;Autoroute;Non renseignee ;Scooter > 125 cm3;Inconnue;Non renseignee ;30;Masculin;Blessee Leger;Non renseignee ;2;2;0;1;1;0;Adulte jeune (25-34);Sans pieton;Avec moto;1 VL;Sans poids lourd;Adulte jeune (25-34);2 usagers
Grave;13/02/2021;15:25;Non renseignee nterre;Plein jour;Normale;Giratoire;Voie commuNon renseignee le;Non renseignee ;Scooter < 50 cm3;Se deportant A$roite;Non renseignee ;19;Masculin;Blessee hospitalisee;Non renseignee ;1;1;0;0;0;0;Jeune adulte (18-24);Sans pieton ;Sans moto;Aucun VL;Sans poids lourd;Jeune adulte (18-24);1 usager
Grave;24/06/2011;22:40;Montrouge;Nuit avec eclairage public allumee;Autre;Intersection en T;Voie commuNon renseignee le;Collision par le cote;Scooter > 50 cm3 et <= 125 cm3;Sans changement de direction;VL seul;32;Feminin;Indemne;Non renseignee ;2;2;0;1;1;0;Adulte jeune (25-34);Sans pieton;Avec moto;1 VL;Sans poids lourd;Adulte jeune (25-34);2 usagers
Mortel;25/09/2011;19:30;Sceaux;Plein jour;Autre;Hors intersection;Route departementale;Collision par l'arriere;Motocyclette > 125 cm3;Meme sens, Meme file;VL seul;18;Masculin;Tue;Non renseignee ;4;2;0;1;1;0;Jeune adulte (18-24);Sans pieton;Avec moto;1 VL;Sans poids lourd;Jeune adulte (18-24);3-5 usagers
Leger;21/10/2020;07:50;Courbevoie;Crepuscule ou aube;Temps couvert;Hors intersection;Voie commuNon renseignee le;Non renseignee ;VU seul 1,5T <= PTAC <= 3,5T;Inconnue;VAE;57;Feminin;Blessee Leger;Non renseignee ;2;2;0;0;1;0;Senior actif (50-64);Sans pieton;Sans moto;1 VL;Sans poids lourd;Senior actif (50-64);2 usagers
Grave;15/02/2019;09:10;Levallois-Perret;Plein jour;Normale;Intersection à plus de 4 branches;Route departementale;Non renseignee ;Non renseignee ;Dans le couloir bus, dans le meme sens;Non renseignee ;32;Masculin;Indemne;Non renseignee ;2;1;1;0;0;0;Adulte jeune (25-34);Avec pieton;Sans moto;Aucun VL;Sans poids lourd;Adulte jeune (25-34);2 usagers
Leger;19/12/2011;09:20;Villeneuve-la-Garenne;Plein jour;Autre;Hors intersection;Voie commuNon renseignee le;Collision par l'arriere;VL seul;Meme sens, Meme file;VL seul;27;Masculin;Indemne;Non renseignee ;3;2;0;0;2;0;Adulte jeune (25-34);Sans pieton;Sans moto;2 VL;Sans poids lourd;Adulte jeune (25-34);3-5 usagers
Leger;15/12/2020;09:10;Non renseignee nterre;Plein jour;Pluie legere;Hors intersection;Route departementale;Non renseignee ;Non renseignee ;Sans changement de direction;Motocyclette > 125 cm3;43;Feminin;Blessee Leger;Non renseignee ;3;2;1;1;1;0;Adulte (35-49);Avec pieton;Avec moto;1 VL;Sans poids lourd;Adulte (35-49);3-5 usagers
Grave;11/07/2011;00:45;Clamart;Nuit avec eclairage public allumee;Autre;Intersection A0lus de 4 branches;Route departementale;Sans collision;Scooter > 50 cm3 et <= 125 cm3;TourNon renseignee nt A'auche;Non renseignee ;19;Masculin;Blessee hospitalisee;Non renseignee ;3;1;0;1;0;0;Jeune adulte (18-24);Sans pieton ;Avec moto;Aucun VL;Sans poids lourd;Jeune adulte (18-24);3-5 usagers
Leger;29/01/2019;20:10;Courbevoie;Nuit avec eclairage public allumee;Pluie forte;Hors intersection;Route departementale;Non renseignee ;Non renseignee ;Dans le couloir bus, dans le sens inverse;Non renseignee ;18;Feminin;Blessee Leger;Non renseignee ;1;1;1;0;0;0;Jeune adulte (18-24);Avec pieton;Sans moto;Aucun VL;Sans poids lourd;Jeune adulte (18-24);1 usager
Leger;03/11/2011;07:30;Meudon;Crepuscule ou aube;Autre;Hors intersection;Voie commuNon renseignee le;Sans collision;VL seul;Sans changement de direction;Non renseignee ;26;Feminin;Blessee Leger;Non renseignee ;1;1;0;0;1;0;Adulte jeune (25-34);Sans pieton;Sans moto;1 VL;Sans poids lourd;Adulte jeune (25-34);1 usager
Leger;01/11/2011;18:20;Gennevilliers;Nuit avec eclairage public allumee;Autre;Hors intersection;Voie commuNon renseignee le;Sans collision;VL seul;Sans changement de direction;Non renseignee ;69;Feminin;Indemne;Non renseignee ;2;1;0;0;1;0;Senior (65+);Sans pieton;Sans moto;1 VL;Sans poids lourd;Senior (65+);2 usagers
Leger;22/02/2020;08:10;Clichy;Plein jour;Temps couvert;Intersection en X;Route departementale;Non renseignee ;VU seul 1,5T <= PTAC <= 3,5T;Sedeportant A'auche;Non renseignee ;59;Masculin;Blessee Leger;Non renseignee ;1;1;0;0;1;0;Senior actif (50-64);Sans pieton ;Sans moto;1 VL;Sans poids lourd;Senior actif (50-64);1 usager
Leger;04/06/2019;20:10;Courbevoie;Plein jour;Normale;Hors intersection;Voie commuNon renseignee le;Non renseignee ;Non renseignee ;Sans changement de direction;Non renseignee ;82;Masculin;Indemne;Non renseignee ;3;1;1;0;1;0;Senior (65+);Avec pieton;Sans moto;1 VL;Sans poids lourd;Senior (65+);3-5 usagers
Leger;23/09/2011;10:50;Rueil-Malmaison;Plein jour;Autre;Giratoire;Voie commuNon renseignee le;Collision par l'arriere;VL seul;TourNon renseignee nt A$roite;Scooter < 50 cm3;86;Masculin;Indemne;Non renseignee ;2;2;0;0;1;0;Senior (65+);Sans pieton ;Sans moto;1 VL;Sans poids lourd;Senior (65+);2 usagers
Leger;22/01/2011;15:40;Puteaux;Crepuscule ou aube;Pluie legere;Intersection en T;Route departementale;Sans collision;Motocyclette > 50 cm3 et <= 125 cm3;Sans changement de direction;Non renseignee ;33;Masculin;Blessee Leger;Non renseignee ;1;1;0;1;0;0;Adulte jeune (25-34);Sans pieton;Avec moto;Aucun VL;Sans poids lourd;Adulte jeune (25-34);1 usager
Leger;08/04/2019;13:50;Courbevoie;Plein jour;Normale;Hors intersection;Route departementale;Non renseignee ;Non renseignee ;TourNon renseignee nt A$roite;Scooter > 50 cm3 et <= 125 cm3;56;Feminin;Indemne;Non renseignee ;2;2;0;1;1;0;Senior actif (50-64);Sans pieton ;Avec moto;1 VL;Sans poids lourd;Senior actif (50-64);2 usagers
Leger;22/10/2011;20:40;Gennevilliers;Crepuscule ou aube;Autre;Hors intersection;Autoroute;Collision par le cote;VL seul;Sedeportant A'auche;VL seul;38;Feminin;Blessee Leger;Non renseignee ;2;2;0;0;2;0;Adulte (35-49);Sans pieton ;Sans moto;2 VL;Sans poids lourd;Adulte (35-49);2 usagers
Leger;21/02/2011;19:55;Clichy;Crepuscule ou aube;Autre;Hors intersection;Route departementale;Collision par le cote;Scooter > 50 cm3 et <= 125 cm3;Sans changement de direction;VL seul;31;Masculin;Blessee Leger;Non renseignee ;1;2;0;1;1;0;Adulte jeune (25-34);Sans pieton;Avec moto;1 VL;Sans poids lourd;Adulte jeune (25-34);1 usager
Leger;10/03/2011;13:30;Neuilly-sur-Seine;Plein jour;Autre;Hors intersection;Route Non renseignee tioNon renseignee le;Collision par le cote;VL seul;Sans changement de direction;Scooter < 50 cm3;18;Masculin;Blessee Leger;Non renseignee ;2;2;0;0;1;0;Jeune adulte (18-24);Sans pieton;Sans moto;1 VL;Sans poids lourd;Jeune adulte (18-24);2 usagers
Leger;29/03/2011;16:45;Clamart;Plein jour;Pluie legere;Hors intersection;Route departementale;Collision par le cote;VU seul 1,5T <= PTAC <= 3,5T;Ouverture de porte;Motocyclette > 125 cm3;23;Masculin;Indemne;Non renseignee ;3;2;0;1;1;0;Jeune adulte (18-24);Sans pieton;Avec moto;1 VL;Sans poids lourd;Jeune adulte (18-24);3-5 usagers
Leger;22/04/2011;16:20;Non renseignee nterre;Plein jour;Autre;Hors intersection;Voie commuNon renseignee le;Collision par le cote;VL seul;Non renseignee ;VL seul;23;Masculin;Blessee Leger;Non renseignee ;4;2;0;0;2;0;Jeune adulte (18-24);Sans pieton;Sans moto;2 VL;Sans poids lourd;Jeune adulte (18-24);3-5 usagers
Leger;16/11/2011;08:45;Gennevilliers;Crepuscule ou aube;Autre;Hors intersection;Autoroute;Collisions multiples;Motocyclette > 125 cm3;Entre 2 files;Motocyclette > 125 cm3;21;Masculin;Blessee Leger;Non renseignee ;3;3;0;2;1;0;Jeune adulte (18-24);Sans pieton;Avec moto;1 VL;Sans poids lourd;Jeune adulte (18-24);3-5 usagers
Leger;29/05/2011;16:30;Arcueil;Plein jour;Autre;Intersection A0lus de 4 branches;Route departementale;Collision par le cote;VL seul;TourNon renseignee nt A'auche;Scooter > 50 cm3 et <= 125 cm3;25;Masculin;Indemne;Non renseignee ;3;2;0;1;1;0;Adulte jeune (25-34);Sans pieton ;Avec moto;1 VL;Sans poids lourd;Adulte jeune (25-34);3-5 usagers
Leger;04/01/2020;14:15;Clichy;Plein jour;Normale;Intersection en X;Route departementale;Non renseignee ;Scooter > 125 cm3;Sans changement de direction;Non renseignee ;35;Feminin;Blessee Leger;Non renseignee ;3;2;0;1;1;0;Adulte (35-49);Sans pieton;Avec moto;1 VL;Sans poids lourd;Adulte (35-49);3-5 usagers
Leger;01/02/2011;17:50;Clamart;Nuit avec eclairage public allumee;Autre;Giratoire;Route departementale;Collision frontale;Motocyclette > 50 cm3 et <= 125 cm3;Sedeportant A'auche;VU seul 1,5T <= PTAC <= 3,5T;46;Masculin;Indemne;Non renseigNon renseignee ò;2;0;1;1;0;Adulte (35-49);Sans pieton ;Avec moto;1 VL;Sans poids lourd;Adulte (35-49);2 usagers
Leger;24/08/2011;07:55;Clichy;Plein jour;Temps couvert;Hors intersection;Route departementale;Collision par l'arriere;VL seul;S inserant;Scooter > 50 cm3 et <= 125 cm3;45;Masculin;Indemne;Non renseignee ;2;2;0;1;1;0;Adulte (35-49);Sans pieton;Avec moto;1 VL;Sans poids lourd;Adulte (35-49);2 usagers
Grave;26/02/2020;13:10;Non renseignee nterre;Plein jour;Pluie legere;Intersection en X;Route departementale;Non renseignee ;Scooter < 50 cm3;Circulant sur trottoir;Non renseignee ;55;Masculin;Blessee hospitalisee;Non renseignee ;2;1;1;0;0;0;Senior actif (50-64);Avec pieton;Sans moto;Aucun VL;Sans poids lourd;Senior actif (50-64);2 usagers
Grave;19/03/2011;14:40;Colombes;Plein jour;Autre;Hors intersection;Route departementale;Autre collision;VL seul;Sans changement de direction;Non renseignee ;28;Feminin;Indemne;Non renseignee ;2;1;1;0;1;0;Adulte jeune (25-34);Avec pieton;Sans moto;1 VL;Sans poids lourd;Adulte jeune (25-34);2 usagers
Leger;03/09/2013;19:35;Gennevilliers;Plein jour;Temps eblouissant;Hors intersection;Voie commuNon renseignee le;Collision par le cote;VL seul;S inserant;Bicyclette;47;Masculin;Indemne;Non renseignee ;2;2;0;0;1;0;Adulte (35-49);Sans pieton;Sans moto;1 VL;Sans poids lourd;Adulte (35-49);2 usagers
Leger;10/06/2011;17:00;Boulogne-Billancourt;Plein jour;Pluie legere;Intersection en X;Voie commuNon renseignee le;Autre collision;VL seul;Sans changement de direction;Non renseignee ;63;Masculin;Indemne;Non renseignee ;2;1;1;0;1;0;Senior actif (50-64);Avec pieton;Sans moto;1 VL;Sans poids lourd;Senior actif (50-64);2 usagers
Leger;14/11/2013;07:45;Gennevilliers;Plein jour;Autre;Hors intersection;Route departementale;Collision par le cote;VL seul;Changeant de file A$roite;Scooter > 50 cm3 et <= 125 cm3;22;Masculin;Indemne;Non renseignee ;2;2;0;1;1;0;Jeune adulte (18-24);Sans pieton;Avec moto;1 VL;Sans poids lourd;Jeune adulte (18-24);2 usagers
Leger;20/03/2012;10:30;Gennevilliers;Plein jour;Autre;Hors intersection;Autoroute;Collision par l'arriere;Motocyclette > 50 cm3 et <= 125 cm3;Meme sens, Meme file;VL seul;23;Masculin;Blessee Leger;Non renseignee ;2;2;0;1;1;0;Jeune adulte (18-24);Sans pieton;Avec moto;1 VL;Sans poids lourd;Jeune adulte (18-24);2 usagers
Grave;13/02/2011;13:45;Suresnes;Plein jour;Autre;Hors intersection;Route departementale;Autre collision;VU seul 1,5T <= PTAC <= 3,5T;Non renseignee ;Non renseignee ;50;Masculin;Indemne;Non renseignee ;2;1;1;0;1;0;Senior actif (50-64);Avec pieton;Sans moto;1 VL;Sans poids lourd;Senior actif (50-64);2 usagers
Leger;11/07/2012;16:00;Vaucresson;Plein jour;Autre;Intersection en T;Route departementale;Collisions en chaine;VL seul;Meme sens, Meme file;VL seul;25;Masculin;Indemne;Non renseignee ;4;3;0;0;3;0;Adulte jeune (25-34);Sans pieton;Sans moto;3 VL ou plus;Sans poids lourd;Adulte jeune (25-34);3-5 usagers
Grave;15/06/2011;17:21;Antony;Plein jour;Autre;Hors intersection;Voie commuNon renseignee le;Autre collision;VL seul;En marche arriere;Non renseignee ;49;Feminin;Indemne;Non renseignee ;2;1;1;0;1;0;Adulte (35-49);Avec pieton;Sans moto;1 VL;Sans poids lourd;Adulte (35-49);2 usagers
Grave;31/03/2011;18:10;Clichy;Plein jour;Autre;Intersection en T;Voie commuNon renseignee le;Autre collision;Autobus;Sans changement de direction;Non renseignee ;24;Masculin;Indemne;Non renseignee ;2;1;1;0;0;0;Jeune adulte (18-24);Avec pieton;Sans moto;Aucun VL;Sans poids lourd;Jeune adulte (18-24);2 usagers
Leger;24/10/2012;10:16;Vanves;Plein jour;Autre;Hors intersection;Route departementale;Sans collision;VL seul;Se deportant A$roite;Non renseignee ;77;Masculin;Blessee Leger;Non renseignee ;1;1;0;0;1;0;Senior (65+);Sans pieton ;Sans moto;1 VL;Sans poids lourd;Senior (65+);1 usager
Leger;03/11/2013;14:25;Levallois-Perret;Plein jour;Autre;Intersection en X;Route departementale;Collision par l'arriere;VL seul;TourNon renseignee nt A'auche;Motocyclette > 125 cm3;31;Masculin;Blessee Leger;Non renseignee ;2;2;0;1;1;0;Adulte jeune (25-34);Sans pieton ;Avec moto;1 VL;Sans poids lourd;Adulte jeune (25-34);2 usagers
Leger;24/03/2011;14:15;Sevres;Plein jour;Autre;Intersection en X;Route departementale;Autre collision;VL seul;Sans changement de direction;Non renseignee ;20;Feminin;Indemne;Non renseignee ;2;1;1;0;1;0;Jeune adulte (18-24);Avec pieton;Sans moto;1 VL;Sans poids lourd;Jeune adulte (18-24);2 usagers
Leger;09/07/2012;14:35;Puteaux;Plein jour;Autre;Hors intersection;Autoroute;Collision par l'arriere;Motocyclette > 50 cm3 et <= 125 cm3;S inserant;VL seul;29;Masculin;Blessee Leger;Non renseignee ;2;2;0;1;1;0;Adulte jeune (25-34);Sans pieton;Avec moto;1 VL;Sans poids lourd;Adulte jeune (25-34);2 usagers
Leger;09/08/2012;22:35;Non renseignee nterre;Nuit avec eclairage public allumee;Autre;Hors intersection;Route departementale;Collision par le cote;VL seul;Sedeportant A'auche;VL seul;45;Masculin;Indemne;Non renseignee ;3;2;0;0;2;0;Adulte (35-49);Sans pieton ;Sans moto;2 VL;Sans poids lourd;Adulte (35-49);3-5 usagers
Leger;07/01/2012;21:30;Levallois-Perret;Nuit avec eclairage public allumee;Autre;Intersection en X;Route departementale;Collision par le cote;Scooter < 50 cm3;Sans changement de direction;VL seul;21;Masculin;Blessee Leger;Non renseignee ;2;2;0;0;1;0;Jeune adulte (18-24);Sans pieton;Sans moto;1 VL;Sans poids lourd;Jeune adulte (18-24);2 usagers
Leger;17/01/2013;20:20;Chatillon;Nuit avec eclairage public allumee;Autre;Intersection en T;Route departementale;Collision par le cote;VL seul;TourNon renseignee nt A'auche;Motocyclette > 50 cm3 et <= 125 cm3;42;Masculin;Indemne;Non renseignee ;2;2;0;1;1;0;Adulte (35-49);Sans pieton ;Avec moto;1 VL;Sans poids lourd;Adulte (35-49);2 usagers
Leger;10/02/2012;01:25;Puteaux;Nuit avec eclairage public allumee;Autre;Hors intersection;Route departementale;Sans collision;VL seul;Sans changement de direction;Non renseignee ;52;Masculin;Blessee Leger;Non renseignee ;2;1;0;0;1;0;Senior actif (50-64);Sans pieton;Sans moto;1 VL;Sans poids lourd;Senior actif (50-64);2 usagers
Leger;24/08/2011;16:30;Neuilly-sur-Seine;Plein jour;Autre;Intersection en T;Route Non renseignee tioNon renseignee le;Autre collision;VL seul;En marche arriere;Non renseignee ;22;Masculin;Indemne;Non renseignee ;2;1;1;0;1;0;Jeune adulte (18-24);Avec pieton;Sans moto;1 VL;Sans poids lourd;Jeune adulte (18-24);2 usagers
Leger;20/07/2011;20:25;Chatillon;Plein jour;Autre;Intersection en X;Route departementale;Autre collision;VL seul;Non renseignee ;Non renseignee ;21;Masculin;Indemne;Non renseignee ;2;1;1;0;1;0;Jeune adulte (18-24);Avec pieton;Sans moto;1 VL;Sans poids lourd;Jeune adulte (18-24);2 usagers
Grave;03/01/2013;13:15;Non renseignee nterre;Plein jour;Pluie legere;Hors intersection;Voie commuNon renseignee le;Sans collision;VL seul;Sans changement de direction;Non renseignee ;20;Masculin;Indemne;Non renseignee ;2;1;0;0;1;0;Jeune adulte (18-24);Sans pieton;Sans moto;1 VL;Sans poids lourd;Jeune adulte (18-24);2 usagers
Grave;26/07/2012;10:39;Colombes;Plein jour;Autre;Hors intersection;Autoroute;Collisions multiples;VL seul;Meme sens, Meme file;VL seul;36;Feminin;Blessee hospitalisee;Non renseignee ;3;3;0;0;3;0;Adulte (35-49);Sans pieton;Sans moto;3 VL ou plus;Sans poids lourd;Adulte (35-49);3-5 usagers
Leger;02/08/2012;20:00;Issy-les-Moulineaux;Plein jour;Autre;Intersection en T;Route departementale;Collision par le cote;VL seul;Sans changement de direction;VL seul;61;Masculin;Indemne;Non renseignee ;4;2;0;0;2;0;Senior actif (50-64);Sans pieton;Sans moto;2 VL;Sans poids lourd;Senior actif (50-64);3-5 usagers
Leger;09/09/2011;08:30;La Garenne-Colombes;Plein jour;Autre;Intersection en T;Voie commuNon renseignee le;Autre collision;Engin special;TourNon renseignee nt A$roite;Non renseignee ;42;Masculin;Indemne;Non renseignee ;2;1;1;0;0;1;Adulte (35-49);Avec pieton;Sans moto;Aucun VL;Avec poids lourd;Adulte (35-49);2 usagers
Leger;02/02/2011;08:30;Issy-les-Moulineaux;Plein jour;Autre;Intersection en T;Route departementale;Autre collision;VL seul;TourNon renseignee nt A'auche;Non renseignee ;52;Masculin;Indemne;Non renseignee ;2;1;1;0;1;0;Senior actif (50-64);Avec pieton;Sans moto;1 VL;Sans poids lourd;Senior actif (50-64);2 usagers
Leger;28/09/2012;22:40;Saint-Cloud;Nuit avec eclairage public allumee;Autre;Intersection en T;Route departementale;Collision par l'arriere;VL seul;Meme sens, Meme file;Scooter < 50 cm3;34;Masculin;Indemne;Non renseignee ;2;2;0;0;1;0;Adulte jeune (25-34);Sans pieton;Sans moto;1 VL;Sans poids lourd;Adulte jeune (25-34);2 usagers
Leger;14/11/2012;21:25;Non renseignee nterre;Nuit avec eclairage public allumee;Autre;Intersection en T;Route departementale;Sans collision;Motocyclette > 125 cm3;TourNon renseignee nt A$roite;Non renseignee ;37;Masculin;Blessee Leger;Non renseignee ;1;1;0;1;0;0;Adulte (35-49);Sans pieton ;Avec moto;Aucun VL;Sans poids lourd;Adulte (35-49);1 usager
Leger;01/02/2012;19:00;Non renseignee nterre;Nuit avec eclairage public allumee;Autre;Hors intersection;Route departementale;Collision par l'arriere;VL seul;Meme sens, Meme file;VL seul;29;Masculin;Indemne;Non renseignee ;2;2;0;0;2;0;Adulte jeune (25-34);Sans pieton;Sans moto;2 VL;Sans poids lourd;Adulte jeune (25-34);2 usagers