type_acci;date;heure;commune;luminosite_accident;cond_atmos;Intersection;categorie_route;type_collision;type_vehicule_1;manoeuvre_vehicule_1;type_vehicule_2;age_usager;sexe_usager;gravite_usager;etat_usager;nombre_usagers;nb_veh;nombre_pietons;nombre_motos;nombre_vl;nombre_pl;age_usa1_categ;accident_pieton;accident_moto;categorie_vl;accident_pl;categorie_age;categorie_usagers
Leger;15/02/2007;08:25;Malakoff;Plein jour;Autre;Intersection en X;Non renseignee ;Collision par le cote;VL seul;Sans changement de direction;Bicyclette;47;Masculin;Indemne;Non renseignee ;2;2;0;0;1;0;Adulte (35-49);Sans pieton;Sans moto;1 VL;Sans poids lourd;Adulte (35-49);2 usagers
Leger;09/02/2016;13:30;Boulogne-Billancourt;Plein jour;Pluie legere;Intersection en X;Voie commuNon renseignee le;Sans collision;VL seul;TourNon renseignee nt A'auche;Non renseignee ;24;Masculin;Blessee Leger;Non renseignee ;1;1;0;0;1;0;Jeune adulte (18-24);Sans pieton ;Sans moto;1 VL;Sans poids lourd;Jeune adulte (18-24);1 usager
Leger;09/08/2016;09:50;Boulogne-Billancourt;Plein jour;Autre;Intersection en X;Route departementale;Collision par le cote;VL seul;TourNon renseignee nt A'auche;VL seul;34;Masculin;Blessee Leger;Non renseignee ;2;2;0;0;2;0;Adulte jeune (25-34);Sans pieton ;Sans moto;2 VL;Sans poids lourd;Adulte jeune (25-34);2 usagers
Leger;25/03/2007;18:40;Sceaux;Plein jour;Autre;Intersection à plus de 4 branches;Route departementale;Collision par le cote;Cyclomoteur <50cm3;Sans changement de direction;VL seul;24;Masculin;Blessee Leger;Non renseignee ;2;2;0;0;1;0;Jeune adulte (18-24);Sans pieton;Sans moto;1 VL;Sans poids lourd;Jeune adulte (18-24);2 usagers
Leger;29/09/2016;15:55;Clamart;Plein jour;Autre;Giratoire;Route departementale;Collision par l'arriere;VU seul 1,5T <= PTAC <= 3,5T;Meme sens, Meme file;VU seul 1,5T <= PTAC <= 3,5T;27;Masculin;Indemne;Non renseignee ;2;2;0;0;2;0;Adulte jeune (25-34);Sans pieton;Sans moto;2 VL;Sans poids lourd;Adulte jeune (25-34);2 usagers
Leger;04/12/2007;16:35;Gennevilliers;Plein jour;Autre;Hors intersection;Autoroute;Collision par le cote;VL seul;Meme sens, Meme file;Non renseignee ;34;Masculin;Indemne;Non renseignee ;2;2;0;0;1;1;Adulte jeune (25-34);Sans pieton;Sans moto;1 VL;Avec poids lourd;Adulte jeune (25-34);2 usagers
Grave;17/09/2007;00:05;Gennevilliers;Nuit avec eclairage public allumee;Autre;Hors intersection;Route departementale;Collision par l'arriere;VL seul;Sans changement de direction;Bicyclette;33;Masculin;Indemne;Non renseignee ;2;2;0;0;1;0;Adulte jeune (25-34);Sans pieton;Sans moto;1 VL;Sans poids lourd;Adulte jeune (25-34);2 usagers
Leger;28/06/2016;08:45;Courbevoie;Plein jour;Autre;Hors intersection;Route departementale;Collisions en chaine;VL seul;Meme sens, Meme file;VL seul;44;Masculin;Indemne;Non renseignee ;4;4;0;0;4;0;Adulte (35-49);Sans pieton;Sans moto;3 VL ou plus;Sans poids lourd;Adulte (35-49);3-5 usagers
Leger;30/11/2007;15:35;Gennevilliers;Plein jour;Autre;Hors intersection;Route departementale;Collision par le cote;Scooter < 50 cm3;Non renseignee ;VU seul 1,5T <= PTAC <= 3,5T;23;Masculin;Blessee Leger;Non renseignee ;2;2;0;0;1;0;Jeune adulte (18-24);Sans pieton;Sans moto;1 VL;Sans poids lourd;Jeune adulte (18-24);2 usagers
Leger;06/03/2007;10:40;Clichy;Plein jour;Autre;Intersection en T;Non renseignee ;Collision par le cote;Scooter > 50 cm3 et <= 125 cm3;Sans changement de direction;VL seul;43;Masculin;Blessee Leger;Non renseignee ;2;2;0;1;1;0;Adulte (35-49);Sans pieton;Avec moto;1 VL;Sans poids lourd;Adulte (35-49);2 usagers
Leger;17/01/2007;08:20;Montrouge;Nuit avec eclairage public allumee;Autre;Intersection en Y;Route departementale;Autre collision;Motocyclette > 125 cm3;Sans changement de direction;Non renseignee ;34;Masculin;Indemne;Non renseignee ;2;1;1;1;0;0;Adulte jeune (25-34);Avec pieton;Avec moto;Aucun VL;Sans poids lourd;Adulte jeune (25-34);2 usagers
Leger;02/12/2007;18:25;Bagneux;Nuit avec eclairage public allumee;Pluie legere;Intersection en T;Route departementale;Collision par l'arriere;Autobus;Meme sens, Meme file;VL seul;14;Feminin;Blessee Leger;Non renseignee ;3;2;0;0;1;0;Mineur (-18 ans);Sans pieton;Sans moto;1 VL;Sans poids lourd;Mineur (-18 ans);3-5 usagers
Leger;18/01/2007;14:30;Antony;Plein jour;Autre;Hors intersection;Route departementale;Collisions multiples;VL seul;Sans changement de direction;Non renseignee ;25;Feminin;Blessee Leger;Non renseignee ;3;3;0;0;2;1;Adulte jeune (25-34);Sans pieton;Sans moto;2 VL;Avec poids lourd;Adulte jeune (25-34);3-5 usagers
Leger;07/03/2016;15:00;Chatillon;Plein jour;Autre;Hors intersection;Route departementale;Collisions en chaine;VL seul;Sans changement de direction;VL seul;39;Feminin;Indemne;Non renseignee ;5;4;0;0;4;0;Adulte (35-49);Sans pieton;Sans moto;3 VL ou plus;Sans poids lourd;Adulte (35-49);3-5 usagers
Leger;01/08/2016;17:15;Chatillon;Plein jour;Autre;Hors intersection;Voie commuNon renseignee le;Sans collision;VL seul;Non renseignee ;Non renseignee ;91;Masculin;Blessee Leger;Non renseignee ;1;1;0;0;1;0;Senior (65+);Sans pieton;Sans moto;1 VL;Sans poids lourd;Senior (65+);1 usager
Leger;01/12/2007;18:45;Clichy;Nuit avec eclairage public allumee;Autre;Hors intersection;Route departementale;Collision par l'arriere;VL seul;TourNon renseignee nt A'auche;Scooter < 50 cm3;32;Masculin;Indemne;Non renseignee ;3;2;0;0;1;0;Adulte jeune (25-34);Sans pieton ;Sans moto;1 VL;Sans poids lourd;Adulte jeune (25-34);3-5 usagers
Leger;02/08/2016;06:35;Neuilly-sur-Seine;Plein jour;Pluie legere;Hors intersection;Route Non renseignee tioNon renseignee le;Collisions multiples;PL seul > 7,5T;Meme sens, Meme file;VL seul;49;Masculin;Indemne;Non renseignee ;3;3;0;0;2;1;Adulte (35-49);Sans pieton;Sans moto;2 VL;Avec poids lourd;Adulte (35-49);3-5 usagers
Leger;22/02/2016;12:30;Puteaux;Plein jour;Autre;Hors intersection;Route departementale;Collision par le cote;VL seul;S inserant;VU seul 1,5T <= PTAC <= 3,5T;35;Feminin;Blessee Leger;Non renseignee ;2;2;0;0;2;0;Adulte (35-49);Sans pieton;Sans moto;2 VL;Sans poids lourd;Adulte (35-49);2 usagers
Grave;11/07/2007;10:00;Bagneux;Plein jour;Autre;Intersection en T;Route departementale;Collision par le cote;VL seul;En faisant demi-tour sur la chaussee;Cyclomoteur <50cm3;24;Masculin;Indemne;Non renseignee ;2;2;0;0;1;0;Jeune adulte (18-24);Sans pieton;Sans moto;1 VL;Sans poids lourd;Jeune adulte (18-24);2 usagers
Leger;18/12/2020;14:40;Courbevoie;Plein jour;Normale;Hors intersection;Voie commuNon renseignee le;Non renseignee ;Non renseignee ;Arrete (hors stationnement);Non renseignee ;15;Feminin;Blessee Leger;Non renseignee ;4;2;0;0;2;0;Mineur (-18 ans);Sans pieton;Sans moto;2 VL;Sans poids lourd;Mineur (-18 ans);3-5 usagers
Leger;09/11/2021;18:35;Clichy;Nuit avec eclairage public allumee;Normale;Intersection en T;Voie commuNon renseignee le;Non renseignee ;Non renseignee ;TourNon renseignee nt A$roite;Non renseignee ;24;Masculin;Blessee Leger;Non renseignee ;2;1;1;0;1;0;Jeune adulte (18-24);Avec pieton;Sans moto;1 VL;Sans poids lourd;Jeune adulte (18-24);2 usagers
Leger;02/02/2020;14:40;Asnieres-sur-Seine;Plein jour;Pluie legere;Hors intersection;Route departementale;Non renseignee ;Non renseignee ;Sans changement de direction;Non renseignee ;26;Feminin;Blessee Leger;Non renseignee ;2;2;0;0;2;0;Adulte jeune (25-34);Sans pieton;Sans moto;2 VL;Sans poids lourd;Adulte jeune (25-34);2 usagers
Leger;31/03/2015;08:10;Rueil-Malmaison;Plein jour;Autre;Intersection à plus de 4 branches;Route departementale;Collision par le cote;Bicyclette;Traversant la  chaussee;VL seul;16;Masculin;Blessee Leger;Non renseignee ;2;2;0;0;1;0;Mineur (-18 ans);Sans pieton;Sans moto;1 VL;Sans poids lourd;Mineur (-18 ans);2 usagers
Leger;23/04/2021;23:45;Clichy;Nuit avec eclairage public allumee;Normale;Hors intersection;Route departementale;Non renseignee ;EDP A-oteur;Sans changement de direction;Non renseignee ;40;Masculin;Blessee Leger;Non renseignee ;1;1;0;0;0;0;Adulte (35-49);Sans pieton ;Sans moto;Aucun VL;Sans poids lourd;Adulte (35-49);1 usager
Grave;06/09/2013;00:45;Saint-Cloud;Nuit avec eclairage public allumee;Autre;Hors intersection;Voie commuNon renseignee le;Sans collision;Scooter < 50 cm3;Sans changement de direction;Non renseignee ;34;Masculin;Blessee hospitalisee;Non renseignee ;1;1;0;0;0;0;Adulte jeune (25-34);Sans pieton;Sans moto;Aucun VL;Sans poids lourd;Adulte jeune (25-34);1 usager
Leger;02/10/2021;23:50;Clichy;Nuit avec eclairage public allumee;Normale;Hors intersection;Voie commuNon renseignee le;Non renseignee ;Scooter < 50 cm3;Sans changement de direction;Non renseignee ;31;Masculin;Blessee Leger;Non renseignee ;1;1;0;0;0;0;Adulte jeune (25-34);Sans pieton;Sans moto;Aucun VL;Sans poids lourd;Adulte jeune (25-34);1 usager
Leger;24/09/2013;08:20;Saint-Cloud;Plein jour;Autre;Intersection en T;Voie commuNon renseignee le;Collision par le cote;Scooter < 50 cm3;Non renseignee ;VL seul;18;Masculin;Blessee Leger;Non renseignee ;2;2;0;0;1;0;Jeune adulte (18-24);Sans pieton;Sans moto;1 VL;Sans poids lourd;Jeune adulte (18-24);2 usagers
Leger;14/10/2015;09:30;Montrouge;Plein jour;Autre;Hors intersection;Route departementale;Autre collision;Scooter > 125 cm3;Sans changement de direction;Non renseignee ;24;Masculin;Blessee Leger;Non renseignee ;2;1;1;1;0;0;Jeune adulte (18-24);Avec pieton;Avec moto;Aucun VL;Sans poids lourd;Jeune adulte (18-24);2 usagers
Grave;09/10/2013;08:50;Vaucresson;Plein jour;Autre;Intersection en X;Route departementale;Collision par le cote;Scooter < 50 cm3;Sans changement de direction;VL seul;19;Masculin;Blessee hospitalisee;Non renseignee ;2;2;0;0;1;0;Jeune adulte (18-24);Sans pieton;Sans moto;1 VL;Sans poids lourd;Jeune adulte (18-24);2 usagers
Leger;29/06/2019;19:40;Asnieres-sur-Seine;Plein jour;Normale;Hors intersection;Route departementale;Non renseignee ;Motocyclette > 50 cm3 et <= 125 cm3;Sans changement de direction;Non renseignee ;48;Masculin;Indemne;Non renseignee ;2;1;1;1;0;0;Adulte (35-49);Avec pieton;Avec moto;Aucun VL;Sans poids lourd;Adulte (35-49);2 usagers
Leger;07/08/2013;07:40;Ville-d'Avray;Crepuscule ou aube;Pluie forte;Hors intersection;Voie commuNon renseignee le;Sans collision;VL seul;Se deportant A$roite;Non renseignee ;29;Feminin;Blessee Leger;Non renseignee ;1;1;0;0;1;0;Adulte jeune (25-34);Sans pieton ;Sans moto;1 VL;Sans poids lourd;Adulte jeune (25-34);1 usager
Leger;22/12/2013;19:50;Sevres;Nuit sanseclairage public;Autre;Place;Route departementale;Collision par l'arriere;VL seul;Meme sens, Meme file;VL seul;21;Masculin;Indemne;Non renseignee ;3;2;0;0;2;0;Jeune adulte (18-24);Sans pieton;Sans moto;2 VL;Sans poids lourd;Jeune adulte (18-24);3-5 usagers
Leger;24/09/2015;14:30;Clichy;Plein jour;Autre;Intersection en X;Route departementale;Autre collision;Motocyclette > 125 cm3;Sans changement de direction;Non renseignee ;43;Masculin;Indemne;Non renseignee ;2;1;1;1;0;0;Adulte (35-49);Avec pieton;Avec moto;Aucun VL;Sans poids lourd;Adulte (35-49);2 usagers
Leger;26/09/2013;19:05;Suresnes;Plein jour;Autre;Intersection en T;Route departementale;Collision par le cote;Autocar;Meme sens, Meme file;VL seul;34;Masculin;Indemne;Non renseignee ;2;2;0;0;1;0;Adulte jeune (25-34);Sans pieton;Sans moto;1 VL;Sans poids lourd;Adulte jeune (25-34);2 usagers
Leger;17/03/2015;16:30;Clamart;Plein jour;Autre;Giratoire;Route departementale;Autre collision;VU seul 1,5T <= PTAC <= 3,5T;A contresens;Non renseignee ;27;Masculin;Indemne;Non renseignee ;3;1;1;0;1;0;Adulte jeune (25-34);Avec pieton;Sans moto;1 VL;Sans poids lourd;Adulte jeune (25-34);3-5 usagers
Leger;22/12/2013;12:00;Courbevoie;Plein jour;Pluie legere;Hors intersection;Route departementale;Sans collision;Motocyclette > 50 cm3 et <= 125 cm3;Sans changement de direction;Non renseignee ;32;Masculin;Indemne;Non renseignee ;2;1;0;1;0;0;Adulte jeune (25-34);Sans pieton;Avec moto;Aucun VL;Sans poids lourd;Adulte jeune (25-34);2 usagers
Grave;02/09/2014;09:00;Saint-Cloud;Plein jour;Autre;Hors intersection;Autoroute;Collisions en chaine;VL seul;Meme sens, Meme file;VL seul;50;Masculin;Indemne;Non renseignee ;3;3;0;1;2;0;Senior actif (50-64);Sans pieton;Avec moto;2 VL;Sans poids lourd;Senior actif (50-64);3-5 usagers
Grave;03/04/2014;20:45;La Garenne-Colombes;Plein jour;Autre;Intersection en T;Route departementale;Sans collision;Scooter > 50 cm3 et <= 125 cm3;Sans changement de direction;Non renseignee ;42;Masculin;Blessee hospitalisee;Non renseignee ;1;1;0;1;0;0;Adulte (35-49);Sans pieton;Avec moto;Aucun VL;Sans poids lourd;Adulte (35-49);1 usager
Grave;09/03/2014;18:40;Gennevilliers;Plein jour;Autre;Hors intersection;Voie commuNon renseignee le;Sans collision;Motocyclette > 125 cm3;Sedeportant A'auche;Non renseignee ;34;Masculin;Blessee hospitalisee;Non renseignee ;1;1;0;1;0;0;Adulte jeune (25-34);Sans pieton ;Avec moto;Aucun VL;Sans poids lourd;Adulte jeune (25-34);1 usager
Grave;08/08/2014;01:10;Issy-les-Moulineaux;Nuit avec eclairage public non allumee;Autre;Hors intersection;Route departementale;Collision par l'arriere;Scooter > 50 cm3 et <= 125 cm3;Meme sens, Meme file;Non renseignee ;33;Masculin;Blessee hospitalisee;Non renseignee ;2;2;0;1;0;1;Adulte jeune (25-34);Sans pieton;Avec moto;Aucun VL;Avec poids lourd;Adulte jeune (25-34);2 usagers
Grave;17/09/2014;08:45;Suresnes;Plein jour;Autre;Hors intersection;Route departementale;Collisions multiples;Motocyclette > 125 cm3;Non renseignee ;VL seul;27;Masculin;Blessee hospitalisee;Non renseignee ;3;3;0;1;2;0;Adulte jeune (25-34);Sans pieton;Avec moto;2 VL;Sans poids lourd;Adulte jeune (25-34);3-5 usagers
Grave;24/06/2014;10:37;Bourg-la-Reine;Plein jour;Autre;Intersection en X;Route departementale;Collision par le cote;Scooter < 50 cm3;TourNon renseignee nt A'auche;VL seul;35;Masculin;Blessee hospitalisee;Non renseignee ;2;2;0;0;1;0;Adulte (35-49);Sans pieton ;Sans moto;1 VL;Sans poids lourd;Adulte (35-49);2 usagers
Grave;24/06/2014;13:25;Levallois-Perret;Plein jour;Autre;Intersection à plus de 4 branches;Route departementale;Collision par le cote;VL seul;Sans changement de direction;Non renseignee ;33;Feminin;Indemne;Non renseignee ;2;2;0;0;1;0;Adulte jeune (25-34);Sans pieton;Sans moto;1 VL;Sans poids lourd;Adulte jeune (25-34);2 usagers
Grave;17/08/2014;21:25;Neuilly-sur-Seine;Nuit sanseclairage public;Autre;Hors intersection;Route Non renseignee tioNon renseignee le;Autre collision;VL seul;Meme sens, Meme file;Non renseignee ;32;Masculin;Indemne;Non renseignee ;2;1;1;0;1;0;Adulte jeune (25-34);Avec pieton;Sans moto;1 VL;Sans poids lourd;Adulte jeune (25-34);2 usagers
Grave;25/06/2014;14:25;Colombes;Plein jour;Autre;Hors intersection;Voie commuNon renseignee le;Autre collision;VL seul;Sans changement de direction;Non renseignee ;19;Masculin;Indemne;Non renseignee ;2;1;1;0;1;0;Jeune adulte (18-24);Avec pieton;Sans moto;1 VL;Sans poids lourd;Jeune adulte (18-24);2 usagers
Grave;04/12/2014;18:00;Montrouge;Nuit avec eclairage public allumee;Autre;Hors intersection;Route departementale;Autre collision;Scooter > 125 cm3;Sans changement de direction;Non renseignee ;28;Masculin;Indemne;Non renseignee ;2;1;1;1;0;0;Adulte jeune (25-34);Avec pieton;Avec moto;Aucun VL;Sans poids lourd;Adulte jeune (25-34);2 usagers
Grave;13/09/2014;14:30;Colombes;Plein jour;Autre;Hors intersection;Autoroute;Collision par l'arriere;VL seul;Sans changement de direction;VL seul;30;Masculin;Indemne;Non renseignee ;4;2;0;0;2;0;Adulte jeune (25-34);Sans pieton;Sans moto;2 VL;Sans poids lourd;Adulte jeune (25-34);3-5 usagers
Grave;22/09/2014;08:45;Rueil-Malmaison;Plein jour;Autre;Hors intersection;Autoroute;Collisions en chaine;VL seul;Meme sens, Meme file;VL seul;35;Masculin;Indemne;Non renseignee ;3;3;0;0;3;0;Adulte (35-49);Sans pieton;Sans moto;3 VL ou plus;Sans poids lourd;Adulte (35-49);3-5 usagers
Grave;21/02/2014;06:10;Gennevilliers;Nuit sanseclairage public;Autre;Hors intersection;Autoroute;Sans collision;VL seul;Non renseignee ;Non renseignee ;31;Feminin;Blessee hospitalisee;Non renseignee ;1;1;0;0;1;0;Adulte jeune (25-34);Sans pieton;Sans moto;1 VL;Sans poids lourd;Adulte jeune (25-34);1 usager
Grave;29/06/2014;13:15;Villeneuve-la-Garenne;Plein jour;Pluie legere;Hors intersection;Autoroute;Sans collision;VL seul;Meme sens, Meme file;Non renseignee ;23;Feminin;Blessee hospitalisee;Non renseignee ;1;1;0;0;1;0;Jeune adulte (18-24);Sans pieton;Sans moto;1 VL;Sans poids lourd;Jeune adulte (18-24);1 usager
Leger;30/07/2015;05:15;Issy-les-Moulineaux;Nuit avec eclairage public allumee;Autre;Hors intersection;Voie commuNon renseignee le;Autre collision;Autobus;Sans changement de direction;Non renseignee ;42;Masculin;Indemne;Non renseignee ;2;1;1;0;0;0;Adulte (35-49);Avec pieton;Sans moto;Aucun VL;Sans poids lourd;Adulte (35-49);2 usagers
Grave;30/10/2014;08:15;La Garenne-Colombes;Plein jour;Autre;Giratoire;Route departementale;Collision par le cote;VL seul;Sans changement de direction;VL seul;50;Feminin;Blessee hospitalisee;Non renseignee ;2;2;0;0;2;0;Senior actif (50-64);Sans pieton;Sans moto;2 VL;Sans poids lourd;Senior actif (50-64);2 usagers
Leger;16/01/2014;20:00;Courbevoie;Nuit avec eclairage public allumee;Pluie forte;Intersection en X;Route departementale;Collision par le cote;VL seul;TourNon renseignee nt A'auche;Motocyclette > 50 cm3 et <= 125 cm3;41;Feminin;Indemne;Non renseignee ;3;2;0;1;1;0;Adulte (35-49);Sans pieton ;Avec moto;1 VL;Sans poids lourd;Adulte (35-49);3-5 usagers
Leger;22/06/2014;22:00;Neuilly-sur-Seine;Crepuscule ou aube;Autre;Intersection en T;Route Non renseignee tioNon renseignee le;Collision par le cote;Scooter > 125 cm3;Sans changement de direction;Bicyclette;47;Masculin;Blessee Leger;Non renseignee ;2;2;0;1;0;0;Adulte (35-49);Sans pieton;Avec moto;Aucun VL;Sans poids lourd;Adulte (35-49);2 usagers
Leger;21/01/2014;17:45;Villeneuve-la-Garenne;Nuit sanseclairage public;Autre;Hors intersection;Autoroute;Collision par le cote;VL seul;Sans changement de direction;Motocyclette > 125 cm3;43;Masculin;Indemne;Non renseignee ;2;2;0;1;1;0;Adulte (35-49);Sans pieton;Avec moto;1 VL;Sans poids lourd;Adulte (35-49);2 usagers
Leger;01/09/2014;07:15;Gennevilliers;Plein jour;Autre;Hors intersection;Autoroute;Collision frontale;Motocyclette > 125 cm3;Non renseignee ;VL seul;20;Masculin;Blessee Leger;Non renseignee ;2;2;0;1;1;0;Jeune adulte (18-24);Sans pieton;Avec moto;1 VL;Sans poids lourd;Jeune adulte (18-24);2 usagers
Leger;21/02/2014;15:45;Saint-Cloud;Plein jour;Autre;Hors intersection;Autoroute;Collision par le cote;VL seul;Changeant de file A$roite;Motocyclette > 125 cm3;53;Masculin;Indemne;Non renseignee ;2;2;0;1;1;0;Senior actif (50-64);Sans pieton;Avec moto;1 VL;Sans poids lourd;Senior actif (50-64);2 usagers
Leger;20/03/2014;08:25;Non renseignee nterre;Plein jour;Autre;Hors intersection;Autoroute;Collision par le cote;VL seul;Changeant de file A'auche;Motocyclette > 125 cm3;55;Feminin;Indemne;Non renseignee ;2;2;0;1;1;0;Senior actif (50-64);Sans pieton;Avec moto;1 VL;Sans poids lourd;Senior actif (50-64);2 usagers
Leger;15/10/2014;13:50;Saint-Cloud;Plein jour;Pluie legere;Hors intersection;Autoroute;Sans collision;Motocyclette > 125 cm3;Non renseignee ;Non renseignee ;24;Masculin;Blessee Leger;Non renseignee ;1;1;0;1;0;0;Jeune adulte (18-24);Sans pieton;Avec moto;Aucun VL;Sans poids lourd;Jeune adulte (18-24);1 usager
Leger;15/12/2014;09:31;Saint-Cloud;Plein jour;Pluie legere;Hors intersection;Autoroute;Collision par le cote;Motocyclette > 125 cm3;Entre 2 files;VL seul;43;Masculin;Blessee Leger;Non renseignee ;2;2;0;1;1;0;Adulte (35-49);Sans pieton;Avec moto;1 VL;Sans poids lourd;Adulte (35-49);2 usagers
Leger;05/09/2014;20:50;Asnieres-sur-Seine;Crepuscule ou aube;Autre;Hors intersection;Route departementale;Sans collision;Motocyclette > 125 cm3;Sans changement de direction;Non renseignee ;35;Masculin;Indemne;Non renseignee ;2;1;0;1;0;0;Adulte (35-49);Sans pieton;Avec moto;Aucun VL;Sans poids lourd;Adulte (35-49);2 usagers
Leger;13/10/2014;16:25;Bagneux;Plein jour;Autre;Intersection en T;Route departementale;Collision par le cote;VL seul;En faisant demi-tour sur la chaussee;Motocyclette > 125 cm3;33;Feminin;Indemne;Non renseignee ;2;2;0;1;1;0;Adulte jeune (25-34);Sans pieton;Avec moto;1 VL;Sans poids lourd;Adulte jeune (25-34);2 usagers
Leger;23/04/2014;14:45;Boulogne-Billancourt;Plein jour;Autre;Hors intersection;Route departementale;Sans collision;Scooter > 50 cm3 et <= 125 cm3;Non renseignee ;Non renseignee ;36;Masculin;Blessee Leger;Non renseignee ;1;1;0;1;0;0;Adulte (35-49);Sans pieton;Avec moto;Aucun VL;Sans poids lourd;Adulte (35-49);1 usager
Leger;28/01/2014;19:45;Le Plessis-Robinson;Nuit avec eclairage public allumee;Pluie legere;Hors intersection;Voie commuNon renseignee le;Collision frontale;Scooter > 125 cm3;Non renseignee ;VL seul;39;Masculin;Blessee Leger;Non renseignee ;2;2;0;1;1;0;Adulte (35-49);Sans pieton;Avec moto;1 VL;Sans poids lourd;Adulte (35-49);2 usagers
Leger;23/05/2014;15:00;Clamart;Plein jour;Autre;Intersection en T;Route departementale;Collision par le cote;VL seul;TourNon renseignee nt A'auche;Scooter > 50 cm3 et <= 125 cm3;24;Masculin;Blessee Leger;Non renseignee ;2;2;0;1;1;0;Jeune adulte (18-24);Sans pieton ;Avec moto;1 VL;Sans poids lourd;Jeune adulte (18-24);2 usagers
Leger;25/06/2014;01:10;Le Plessis-Robinson;Nuit avec eclairage public allumee;Autre;Hors intersection;Route departementale;Collision par le cote;VL seul;Changeant de file A'auche;Scooter > 50 cm3 et <= 125 cm3;21;Masculin;Indemne;Non renseignee ;2;2;0;1;1;0;Jeune adulte (18-24);Sans pieton;Avec moto;1 VL;Sans poids lourd;Jeune adulte (18-24);2 usagers
Leger;05/02/2014;20:50;Clichy;Plein jour;Autre;Intersection en T;Route departementale;Collision par le cote;Scooter > 50 cm3 et <= 125 cm3;Sans changement de direction;VL seul;47;Masculin;Blessee Leger;Non renseignee ;2;2;0;1;1;0;Adulte (35-49);Sans pieton;Avec moto;1 VL;Sans poids lourd;Adulte (35-49);2 usagers
Leger;28/08/2014;14:40;Boulogne-Billancourt;Plein jour;Autre;Hors intersection;Route departementale;Collision par le cote;PL seul > 7,5T;Sedeportant A'auche;Scooter > 50 cm3 et <= 125 cm3;41;Masculin;Indemne;Non renseignee ;2;2;0;1;0;1;Adulte (35-49);Sans pieton ;Avec moto;Aucun VL;Avec poids lourd;Adulte (35-49);2 usagers
Leger;03/04/2014;13:05;Colombes;Plein jour;Autre;Hors intersection;Voie commuNon renseignee le;Sans collision;Scooter > 50 cm3 et <= 125 cm3;Sans changement de direction;Non renseignee ;41;Masculin;Blessee Leger;Non renseignee ;1;1;0;1;0;0;Adulte (35-49);Sans pieton;Avec moto;Aucun VL;Sans poids lourd;Adulte (35-49);1 usager
Leger;26/09/2014;16:35;Colombes;Plein jour;Autre;Intersection en X;Route departementale;Collision par le cote;VL seul;TourNon renseignee nt A'auche;Motocyclette > 125 cm3;33;Masculin;Indemne;Non renseignee ;2;2;0;1;1;0;Adulte jeune (25-34);Sans pieton ;Avec moto;1 VL;Sans poids lourd;Adulte jeune (25-34);2 usagers
Leger;13/05/2015;15:30;Gennevilliers;Plein jour;Autre;Hors intersection;Autoroute;Sans collision;VL seul;Meme sens, Meme file;Non renseignee ;35;Feminin;Blessee Leger;Non renseignee ;1;1;0;0;1;0;Adulte (35-49);Sans pieton;Sans moto;1 VL;Sans poids lourd;Adulte (35-49);1 usager
Leger;17/04/2014;19:40;Courbevoie;Plein jour;Autre;Hors intersection;Route departementale;Collision par l'arriere;VL seul;Arrete (hors stationnement);Scooter > 50 cm3 et <= 125 cm3;44;Masculin;Indemne;Non renseignee ;2;2;0;1;1;0;Adulte (35-49);Sans pieton;Avec moto;1 VL;Sans poids lourd;Adulte (35-49);2 usagers
Leger;13/07/2015;21:15;Villeneuve-la-Garenne;Nuit sanseclairage public;Autre;Hors intersection;Autoroute;Collisions en chaine;VL seul;Meme sens, Meme file;VL seul;33;Masculin;Blessee Leger;Non renseignee ;4;4;0;0;4;0;Adulte jeune (25-34);Sans pieton;Sans moto;3 VL ou plus;Sans poids lourd;Adulte jeune (25-34);3-5 usagers
Leger;08/01/2015;17:10;Non renseignee nterre;Crepuscule ou aube;Autre;Hors intersection;Autoroute;Collision par le cote;VL seul;S inserant;VL seul;51;Masculin;Blessee Leger;Non renseignee ;2;2;0;0;2;0;Senior actif (50-64);Sans pieton;Sans moto;2 VL;Sans poids lourd;Senior actif (50-64);2 usagers
Leger;10/01/2015;20:38;Sevres;Nuit avec eclairage public allumee;Pluie legere;Hors intersection;Route Non renseignee tioNon renseignee le;Sans collision;VL seul;Non renseignee ;Non renseignee ;25;Masculin;Blessee Leger;Non renseignee ;1;1;0;0;1;0;Adulte jeune (25-34);Sans pieton;Sans moto;1 VL;Sans poids lourd;Adulte jeune (25-34);1 usager
Leger;21/06/2015;15:00;Sevres;Plein jour;Autre;Hors intersection;Route Non renseignee tioNon renseignee le;Sans collision;VL seul;Non renseignee ;Non renseignee ;31;Masculin;Blessee Leger;Non renseignee ;1;1;0;0;1;0;Adulte jeune (25-34);Sans pieton;Sans moto;1 VL;Sans poids lourd;Adulte jeune (25-34);1 usager
Leger;03/07/2015;09:05;Colombes;Plein jour;Autre;Hors intersection;Autoroute;Collisions multiples;VU seul 1,5T <= PTAC <= 3,5T;Meme sens, Meme file;VL seul;34;Masculin;Indemne;Non renseignee ;4;4;0;0;4;0;Adulte jeune (25-34);Sans pieton;Sans moto;3 VL ou plus;Sans poids lourd;Adulte jeune (25-34);3-5 usagers