type_acci;date;heure;commune;luminosite_accident;cond_atmos;Intersection;categorie_route;type_collision;type_vehicule_1;manoeuvre_vehicule_1;type_vehicule_2;age_usager;sexe_usager;gravite_usager;etat_usager;nombre_usagers;nb_veh;nombre_pietons;nombre_motos;nombre_vl;nombre_pl;age_usa1_categ;accident_pieton;accident_moto;categorie_vl;accident_pl;categorie_age;categorie_usagers
Leger;05/11/2021;13:00;Courbevoie;Plein jour;Normale;Autre intersection;Voie commuNon renseignee le;Non renseignee ;Scooter < 50 cm3;Autres manoeuvre;Non renseignee ;15;Masculin;Blessee Leger;Non renseignee ;1;1;0;0;0;0;Mineur (-18 ans);Sans pieton;Sans moto;Aucun VL;Sans poids lourd;Mineur (-18 ans);1 usager
Leger;25/05/2021;13:45;Levallois-Perret;Plein jour;Normale;Hors intersection;Voie commuNon renseignee le;Non renseignee ;EDP A-oteur;Sans changement de direction;Non renseignee ;62;Masculin;Blessee Leger;Non renseignee ;1;1;0;0;0;0;Senior actif (50-64);Sans pieton ;Sans moto;Aucun VL;Sans poids lourd;Senior actif (50-64);1 usager
Leger;13/07/2020;17:50;Levallois-Perret;Plein jour;Normale;Hors intersection;Route departementale;Non renseignee ;VU seul 1,5T <= PTAC <= 3,5T;En faisant demi-tour sur la chaussee;Motocyclette > 125 cm3;33;Masculin;Blessee Leger;Non renseignee ;2;2;0;1;1;0;Adulte jeune (25-34);Sans pieton;Avec moto;1 VL;Sans poids lourd;Adulte jeune (25-34);2 usagers
Leger;28/12/2021;16:55;Levallois-Perret;Crepuscule ou aube;Pluie legere;Autre intersection;Voie commuNon renseignee le;Non renseignee ;Non renseignee ;TourNon renseignee nt A'auche;Non renseignee ;35;Feminin;Blessee Leger;Non renseignee ;3;2;0;0;2;0;Adulte (35-49);Sans pieton ;Sans moto;2 VL;Sans poids lourd;Adulte (35-49);3-5 usagers
Grave;28/03/2019;16:30;Levallois-Perret;Plein jour;Normale;Intersection en X;Voie commuNon renseignee le;Non renseignee ;Scooter > 50 cm3 et <= 125 cm3;Sans changement de direction;Non renseignee ;17;Masculin;Blessee Leger;Non renseignee ;2;1;1;1;0;0;Mineur (-18 ans);Avec pieton;Avec moto;Aucun VL;Sans poids lourd;Mineur (-18 ans);2 usagers
Leger;30/03/2021;21:39;Courbevoie;Nuit avec eclairage public non allumee;Normale;Hors intersection;Route departementale;Non renseignee ;Non renseignee ;Sans changement de direction;Non renseignee ;28;Masculin;Blessee Leger;Non renseignee ;2;2;0;0;0;0;Adulte jeune (25-34);Sans pieton;Sans moto;Aucun VL;Sans poids lourd;Adulte jeune (25-34);2 usagers
Leger;17/12/2019;09:25;Levallois-Perret;Plein jour;Pluie legere;Hors intersection;Voie commuNon renseignee le;Non renseignee ;VU seul 1,5T <= PTAC <= 3,5T;TourNon renseignee nt A$roite;Non renseignee ;57;Masculin;Indemne;Non renseignee ;2;2;0;0;1;0;Senior actif (50-64);Sans pieton ;Sans moto;1 VL;Sans poids lourd;Senior actif (50-64);2 usagers
Leger;26/06/2021;13:15;Levallois-Perret;Plein jour;Normale;Hors intersection;Route departementale;Non renseignee ;Non renseignee ;Sans changement de direction;Non renseignee ;10;Masculin;Blessee Leger;Non renseignee ;2;1;1;0;1;0;Mineur (-18 ans);Avec pieton;Sans moto;1 VL;Sans poids lourd;Mineur (-18 ans);2 usagers
Leger;01/06/2020;14:50;Levallois-Perret;Plein jour;Normale;Intersection en X;Voie commuNon renseignee le;Non renseignee ;Non renseignee ;Sans changement de direction;Scooter > 50 cm3 et <= 125 cm3;51;Masculin;Blessee Leger;Non renseignee ;2;2;0;1;1;0;Senior actif (50-64);Sans pieton;Avec moto;1 VL;Sans poids lourd;Senior actif (50-64);2 usagers
Leger;22/06/2021;01:37;Courbevoie;Nuit avec eclairage public allumee;Normale;Hors intersection;Route departementale;Non renseignee ;Non renseignee ;Changeant de file A'auche;Non renseignee ;27;Masculin;Blessee Leger;Non renseignee ;11;5;4;0;4;1;Adulte jeune (25-34);Avec pieton;Sans moto;3 VL ou plus;Avec poids lourd;Adulte jeune (25-34);Plus de 5 usagers
Leger;14/07/2019;15:00;Non renseignee nterre;Plein jour;Normale;Giratoire;Route departementale;Non renseignee ;Non renseignee ;Sans changement de direction;Non renseignee ;27;Masculin;Blessee Leger;Non renseignee ;2;2;0;0;1;0;Adulte jeune (25-34);Sans pieton;Sans moto;1 VL;Sans poids lourd;Adulte jeune (25-34);2 usagers
Leger;10/08/2019;20:55;Non renseignee nterre;Crepuscule ou aube;Normale;Hors intersection;Voie commuNon renseignee le;Non renseignee ;Non renseignee ;Manoeuvre de stationnement;Non renseignee ;46;Masculin;Blessee Leger;Non renseignee ;2;2;0;0;2;0;Adulte (35-49);Sans pieton;Sans moto;2 VL;Sans poids lourd;Adulte (35-49);2 usagers
Leger;24/11/2021;14:15;Courbevoie;Plein jour;Normale;Hors intersection;Route departementale;Non renseignee ;Non renseignee ;Arrete (hors stationnement);Scooter > 125 cm3;38;Masculin;Blessee Leger;Non renseignee ;2;2;0;1;1;0;Adulte (35-49);Sans pieton;Avec moto;1 VL;Sans poids lourd;Adulte (35-49);2 usagers
Leger;20/01/2020;19:15;Levallois-Perret;Nuit avec eclairage public allumee;Normale;Hors intersection;Route departementale;Non renseignee ;Scooter > 125 cm3;Sans changement de direction;Non renseignee ;45;Feminin;Blessee Leger;Non renseignee ;2;1;1;1;0;0;Adulte (35-49);Avec pieton;Avec moto;Aucun VL;Sans poids lourd;Adulte (35-49);2 usagers
Leger;31/03/2021;15:30;Non renseignee nterre;Plein jour;Normale;Intersection en T;Voie commuNon renseignee le;Non renseignee ;Non renseignee ;TourNon renseignee nt A$roite;Non renseignee ;3;Feminin;Blessee Leger;Non renseignee ;2;1;1;0;1;0;Mineur (-18 ans);Avec pieton;Sans moto;1 VL;Sans poids lourd;Mineur (-18 ans);2 usagers
Leger;21/02/2019;17:30;Clichy;Plein jour;Normale;Intersection en X;Route departementale;Non renseignee ;Non renseignee ;TourNon renseignee nt A'auche;Non renseignee ;40;Masculin;Indemne;Non renseignee ;2;1;1;0;1;0;Adulte (35-49);Avec pieton;Sans moto;1 VL;Sans poids lourd;Adulte (35-49);2 usagers
Leger;06/08/2019;09:05;Courbevoie;Plein jour;Normale;Intersection en X;Route departementale;Non renseignee ;VU seul 1,5T <= PTAC <= 3,5T;Sans changement de direction;EDP A-oteur;40;Masculin;Indemne;Non renseignee ;2;2;0;0;1;0;Adulte (35-49);Sans pieton ;Sans moto;1 VL;Sans poids lourd;Adulte (35-49);2 usagers
Leger;16/12/2019;08:45;Clichy;Nuit avec eclairage public allumee;Pluie legere;Intersection en X;Route departementale;Non renseignee ;VU seul 1,5T <= PTAC <= 3,5T;Sans changement de direction;Non renseignee ;39;Masculin;Blessee Leger;Non renseignee ;2;1;1;0;1;0;Adulte (35-49);Avec pieton;Sans moto;1 VL;Sans poids lourd;Adulte (35-49);2 usagers
Leger;18/10/2020;18:45;Non renseignee nterre;Crepuscule ou aube;Normale;Intersection en X;Route departementale;Non renseignee ;VU seul 1,5T <= PTAC <= 3,5T;Sans changement de direction;Non renseignee ;43;Masculin;Blessee Leger;Non renseignee ;5;2;0;0;2;0;Adulte (35-49);Sans pieton;Sans moto;2 VL;Sans poids lourd;Adulte (35-49);3-5 usagers
Leger;06/03/2019;08:50;Courbevoie;Plein jour;Pluie legere;Hors intersection;Voie commuNon renseignee le;Non renseignee ;VU seul 1,5T <= PTAC <= 3,5T;En marche arriere;Non renseignee ;21;Masculin;Indemne;Non renseignee ;2;1;1;0;1;0;Jeune adulte (18-24);Avec pieton;Sans moto;1 VL;Sans poids lourd;Jeune adulte (18-24);2 usagers
Leger;03/07/2020;18:00;Clichy;Plein jour;Normale;Hors intersection;Route departementale;Non renseignee ;Non renseignee ;Arrete (hors stationnement);Non renseignee ;49;Masculin;Blessee Leger;Non renseignee ;2;2;0;0;1;0;Adulte (35-49);Sans pieton;Sans moto;1 VL;Sans poids lourd;Adulte (35-49);2 usagers
Leger;11/01/2019;00:45;Courbevoie;Nuit avec eclairage public allumee;Normale;Hors intersection;Route departementale;Non renseignee ;Non renseignee ;Se deportant A$roite;Non renseignee ;26;Masculin;Blessee Leger;Non renseignee ;1;1;0;0;1;0;Adulte jeune (25-34);Sans pieton ;Sans moto;1 VL;Sans poids lourd;Adulte jeune (25-34);1 usager
Leger;31/01/2019;09:25;Courbevoie;Plein jour;Temps couvert;Hors intersection;Voie commuNon renseignee le;Non renseignee ;VU seul 1,5T <= PTAC <= 3,5T;Sans changement de direction;Scooter > 50 cm3 et <= 125 cm3;19;Masculin;Indemne;Non renseignee ;2;2;0;1;1;0;Jeune adulte (18-24);Sans pieton;Avec moto;1 VL;Sans poids lourd;Jeune adulte (18-24);2 usagers
Grave;15/11/2021;18:15;Clichy;Nuit avec eclairage public allumee;Pluie legere;Intersection en T;Route departementale;Non renseignee ;Scooter < 50 cm3;TourNon renseignee nt A$roite;Non renseignee ;31;Masculin;Blessee hospitalisee;Non renseignee ;1;1;0;0;0;0;Adulte jeune (25-34);Sans pieton ;Sans moto;Aucun VL;Sans poids lourd;Adulte jeune (25-34);1 usager
Leger;06/06/2021;15:15;Courbevoie;Plein jour;Normale;Hors intersection;Route departementale;Non renseignee ;PL seul 3,5T <PTCA <= 7,5T;Autres manoeuvre;Non renseignee ;39;Feminin;Blessee Leger;Non renseignee ;2;2;0;0;1;1;Adulte (35-49);Sans pieton;Sans moto;1 VL;Avec poids lourd;Adulte (35-49);2 usagers
Leger;27/12/2021;09:10;Non renseignee nterre;Plein jour;Pluie legere;Intersection en T;Route departementale;Non renseignee ;Non renseignee ;Sans changement de direction;Non renseignee ;26;Masculin;Blessee Leger;Non renseignee ;2;2;0;0;2;0;Adulte jeune (25-34);Sans pieton;Sans moto;2 VL;Sans poids lourd;Adulte jeune (25-34);2 usagers
Leger;22/07/2021;12:50;Courbevoie;Plein jour;Normale;Hors intersection;Route departementale;Non renseignee ;Motocyclette > 125 cm3;Sans changement de direction;Non renseignee ;24;Masculin;Blessee Leger;Non renseignee ;2;1;1;1;0;0;Jeune adulte (18-24);Avec pieton;Avec moto;Aucun VL;Sans poids lourd;Jeune adulte (18-24);2 usagers
Leger;21/10/2020;19:30;Courbevoie;Nuit avec eclairage public allumee;Normale;Intersection en X;Route departementale;Non renseignee ;Non renseignee ;TourNon renseignee nt A$roite;Motocyclette > 125 cm3;18;Feminin;Blessee Leger;Non renseignee ;3;2;1;1;1;0;Jeune adulte (18-24);Avec pieton;Avec moto;1 VL;Sans poids lourd;Jeune adulte (18-24);3-5 usagers
Leger;06/11/2020;11:10;Courbevoie;Plein jour;Normale;Autre intersection;Route departementale;Non renseignee ;Engin special;Sans changement de direction;Non renseignee ;14;Masculin;Blessee Leger;Non renseignee ;2;1;1;0;0;1;Mineur (-18 ans);Avec pieton;Sans moto;Aucun VL;Avec poids lourd;Mineur (-18 ans);2 usagers
Leger;31/08/2013;01:25;Colombes;Nuit avec eclairage public allumee;Autre;Hors intersection;Route departementale;Collision frontale;VL seul;TourNon renseignee nt A'auche;Scooter > 50 cm3 et <= 125 cm3;25;Feminin;Indemne;Non renseignee ;3;2;0;1;1;0;Adulte jeune (25-34);Sans pieton ;Avec moto;1 VL;Sans poids lourd;Adulte jeune (25-34);3-5 usagers
Leger;01/07/2013;10:50;Courbevoie;Plein jour;Autre;Intersection en X;Route departementale;Collisions multiples;VL seul;TourNon renseignee nt A'auche;Motocyclette > 125 cm3;38;Masculin;Indemne;Non renseignee ;3;3;0;2;1;0;Adulte (35-49);Sans pieton ;Avec moto;1 VL;Sans poids lourd;Adulte (35-49);3-5 usagers
Leger;23/09/2013;09:30;Courbevoie;Plein jour;Autre;Hors intersection;Voie commuNon renseignee le;Collision par le cote;VL seul;Sans changement de direction;VU seul 1,5T <= PTAC <= 3,5T;42;Masculin;Blessee Leger;Non renseignee ;2;2;0;0;2;0;Adulte (35-49);Sans pieton;Sans moto;2 VL;Sans poids lourd;Adulte (35-49);2 usagers
Leger;26/01/2013;15:30;La Garenne-Colombes;Plein jour;Autre;Intersection en T;Voie commuNon renseignee le;Autre collision;VU seul 1,5T <= PTAC <= 3,5T;Sans changement de direction;Non renseignee ;20;Masculin;Indemne;Non renseignee ;2;1;1;0;1;0;Jeune adulte (18-24);Avec pieton;Sans moto;1 VL;Sans poids lourd;Jeune adulte (18-24);2 usagers
Leger;28/09/2013;12:20;Gennevilliers;Plein jour;Autre;Intersection en T;Voie commuNon renseignee le;Autre collision;VL seul;TourNon renseignee nt A$roite;Non renseignee ;47;Masculin;Blessee Leger;Non renseignee ;3;1;1;0;1;0;Adulte (35-49);Avec pieton;Sans moto;1 VL;Sans poids lourd;Adulte (35-49);3-5 usagers
Leger;14/10/2013;22:30;Gennevilliers;Nuit avec eclairage public allumee;Autre;Hors intersection;Route departementale;Collision frontale;VL seul;TourNon renseignee nt A'auche;VL seul;24;Masculin;Blessee Leger;Non renseignee ;2;2;0;0;2;0;Jeune adulte (18-24);Sans pieton ;Sans moto;2 VL;Sans poids lourd;Jeune adulte (18-24);2 usagers
Leger;03/06/2013;16:05;Issy-les-Moulineaux;Plein jour;Autre;Intersection en X;Voie commuNon renseignee le;Collision par l'arriere;Scooter > 50 cm3 et <= 125 cm3;Meme sens, Meme file;Scooter < 50 cm3;44;Masculin;Blessee Leger;Non renseignee ;2;2;0;1;0;0;Adulte (35-49);Sans pieton;Avec moto;Aucun VL;Sans poids lourd;Adulte (35-49);2 usagers
Leger;01/08/2013;12:30;Issy-les-Moulineaux;Plein jour;Autre;Hors intersection;Voie commuNon renseignee le;Collision par l'arriere;Scooter < 50 cm3;Non renseignee ;Bicyclette;20;Masculin;Indemne;Non renseignee ;2;2;0;0;0;0;Jeune adulte (18-24);Sans pieton;Sans moto;Aucun VL;Sans poids lourd;Jeune adulte (18-24);2 usagers
Leger;17/09/2013;18:40;Issy-les-Moulineaux;Plein jour;Pluie legere;Place;Route departementale;Autre collision;VL seul;En marche arriere;Non renseignee ;59;Feminin;Indemne;Non renseignee ;2;1;1;0;1;0;Senior actif (50-64);Avec pieton;Sans moto;1 VL;Sans poids lourd;Senior actif (50-64);2 usagers
Leger;20/11/2013;18:00;Issy-les-Moulineaux;Nuit avec eclairage public allumee;Pluie legere;Hors intersection;Route departementale;Autre collision;VL seul;Sans changement de direction;Non renseignee ;50;Masculin;Indemne;Non renseignee ;2;1;1;0;1;0;Senior actif (50-64);Avec pieton;Sans moto;1 VL;Sans poids lourd;Senior actif (50-64);2 usagers
Leger;08/04/2013;07:40;Levallois-Perret;Plein jour;Autre;Intersection en T;Voie commuNon renseignee le;Sans collision;Scooter < 50 cm3;Manoeuvre devitement;Non renseignee ;39;Masculin;Blessee Leger;Non renseignee ;1;1;0;0;0;0;Adulte (35-49);Sans pieton;Sans moto;Aucun VL;Sans poids lourd;Adulte (35-49);1 usager
Leger;03/04/2013;16:25;Chatillon;Plein jour;Autre;Hors intersection;Route departementale;Sans collision;Bicyclette;Sans changement de direction;Non renseignee ;51;Masculin;Blessee Leger;Non renseignee ;1;1;0;0;0;0;Senior actif (50-64);Sans pieton;Sans moto;Aucun VL;Sans poids lourd;Senior actif (50-64);1 usager
Leger;11/03/2014;13:30;Neuilly-sur-Seine;Plein jour;Autre;Hors intersection;Voie commuNon renseignee le;Collision par le cote;VL seul;En faisant demi-tour sur la chaussee;Scooter < 50 cm3;44;Masculin;Indemne;Non renseignee ;2;2;0;0;1;0;Adulte (35-49);Sans pieton;Sans moto;1 VL;Sans poids lourd;Adulte (35-49);2 usagers
Leger;28/05/2015;21:40;Issy-les-Moulineaux;Nuit avec eclairage public allumee;Autre;Intersection à plus de 4 branches;Route departementale;Sans collision;Scooter > 125 cm3;Sans changement de direction;Non renseignee ;53;Masculin;Blessee Leger;Non renseignee ;1;1;0;1;0;0;Senior actif (50-64);Sans pieton;Avec moto;Aucun VL;Sans poids lourd;Senior actif (50-64);1 usager
Leger;01/10/2015;07:50;Neuilly-sur-Seine;Plein jour;Autre;Hors intersection;Voie commuNon renseignee le;Collision par le cote;VL seul;S inserant;Scooter > 125 cm3;51;Masculin;Indemne;Non renseignee ;2;2;0;1;1;0;Senior actif (50-64);Sans pieton;Avec moto;1 VL;Sans poids lourd;Senior actif (50-64);2 usagers
Leger;31/05/2015;18:45;Vaucresson;Plein jour;Pluie legere;Hors intersection;Route departementale;Collisions multiples;Motocyclette > 125 cm3;Entre 2 files;VL seul;54;Masculin;Blessee Leger;Non renseignee ;3;3;0;1;2;0;Senior actif (50-64);Sans pieton;Avec moto;2 VL;Sans poids lourd;Senior actif (50-64);3-5 usagers
Leger;04/12/2015;07:55;Marnes-la-Coquette;Plein jour;Autre;Intersection en T;Route departementale;Collision par le cote;VL seul;TourNon renseignee nt A'auche;Scooter > 125 cm3;47;Masculin;Indemne;Non renseignee ;3;2;0;1;1;0;Adulte (35-49);Sans pieton ;Avec moto;1 VL;Sans poids lourd;Adulte (35-49);3-5 usagers
Leger;06/05/2015;14:35;Villeneuve-la-Garenne;Plein jour;Autre;Intersection en X;Route departementale;Collision par le cote;Scooter > 50 cm3 et <= 125 cm3;Sans changement de direction;VL seul;24;Masculin;Blessee Leger;Non renseignee ;2;2;0;1;1;0;Jeune adulte (18-24);Sans pieton;Avec moto;1 VL;Sans poids lourd;Jeune adulte (18-24);2 usagers
Leger;12/07/2016;09:15;Colombes;Plein jour;Autre;Hors intersection;Route departementale;Collision par le cote;VL seul;S inserant;Scooter < 50 cm3;41;Masculin;Indemne;Non renseignee ;2;2;0;0;1;0;Adulte (35-49);Sans pieton;Sans moto;1 VL;Sans poids lourd;Adulte (35-49);2 usagers
Leger;13/09/2016;15:10;La Garenne-Colombes;Plein jour;Autre;Hors intersection;Route departementale;Collision par le cote;VL seul;Ouverture de porte;Cyclomoteur <50cm3;41;Feminin;Indemne;Non renseignee ;4;2;0;0;1;0;Adulte (35-49);Sans pieton;Sans moto;1 VL;Sans poids lourd;Adulte (35-49);3-5 usagers
Leger;02/07/2016;22:30;Montrouge;Crepuscule ou aube;Autre;Hors intersection;Route departementale;Sans collision;Scooter < 50 cm3;Sans changement de direction;Non renseignee ;41;Masculin;Blessee Leger;Non renseignee ;1;1;0;0;0;0;Adulte (35-49);Sans pieton;Sans moto;Aucun VL;Sans poids lourd;Adulte (35-49);1 usager
Leger;03/10/2016;17:20;Sevres;Plein jour;Autre;Hors intersection;Route departementale;Collision par le cote;Scooter < 50 cm3;Changeant de file A'auche;VL seul;59;Masculin;Blessee Leger;Non renseignee ;2;2;0;0;1;0;Senior actif (50-64);Sans pieton;Sans moto;1 VL;Sans poids lourd;Senior actif (50-64);2 usagers
Leger;26/01/2016;08:10;Bagneux;Plein jour;Autre;Hors intersection;Route departementale;Collision par le cote;VL seul;TourNon renseignee nt A$roite;Non renseignee ;32;Feminin;Indemne;Non renseignee ;2;2;0;0;1;0;Adulte jeune (25-34);Sans pieton ;Sans moto;1 VL;Sans poids lourd;Adulte jeune (25-34);2 usagers
Leger;27/10/2016;21:20;Clichy;Nuit avec eclairage public allumee;Autre;Hors intersection;Route departementale;Collision par le cote;Bicyclette;Sans changement de direction;Scooter < 50 cm3;18;Masculin;Blessee Leger;Non renseignee ;2;2;0;0;0;0;Jeune adulte (18-24);Sans pieton;Sans moto;Aucun VL;Sans poids lourd;Jeune adulte (18-24);2 usagers
Leger;17/03/2016;14:45;Neuilly-sur-Seine;Plein jour;Autre;Intersection en X;Voie commuNon renseignee le;Autre collision;VL seul;Non renseignee ;Non renseignee ;85;Feminin;Indemne;Non renseignee ;2;1;1;0;1;0;Senior (65+);Avec pieton;Sans moto;1 VL;Sans poids lourd;Senior (65+);2 usagers
Leger;29/12/2016;16:20;Puteaux;Crepuscule ou aube;Autre;Intersection en X;Voie commuNon renseignee le;Autre collision;VL seul;Sans changement de direction;Non renseignee ;36;Masculin;Indemne;Non renseignee ;2;1;1;0;1;0;Adulte (35-49);Avec pieton;Sans moto;1 VL;Sans poids lourd;Adulte (35-49);2 usagers
Leger;18/11/2016;08:30;Rueil-Malmaison;Plein jour;Autre;Intersection en X;Route departementale;Autre collision;VL seul;TourNon renseignee nt A$roite;Non renseignee ;44;Feminin;Indemne;Non renseignee ;2;1;1;0;1;0;Adulte (35-49);Avec pieton;Sans moto;1 VL;Sans poids lourd;Adulte (35-49);2 usagers
Leger;14/09/2016;23:30;Sevres;Nuit avec eclairage public allumee;Autre;Hors intersection;Voie commuNon renseignee le;Autre collision;VL seul;Sans changement de direction;VL seul;56;Masculin;Indemne;Non renseignee ;4;3;1;0;2;0;Senior actif (50-64);Avec pieton;Sans moto;2 VL;Sans poids lourd;Senior actif (50-64);3-5 usagers
Leger;15/04/2016;09:00;Suresnes;Plein jour;Autre;Intersection en Y;Route departementale;Autre collision;Scooter > 50 cm3 et <= 125 cm3;Sans changement de direction;Non renseignee ;35;Masculin;Indemne;Non renseignee ;2;1;1;1;0;0;Adulte (35-49);Avec pieton;Avec moto;Aucun VL;Sans poids lourd;Adulte (35-49);2 usagers
Leger;28/04/2016;19:15;Gennevilliers;Plein jour;Autre;Hors intersection;Autoroute;Collisions multiples;Tracteur routier + semi-remorque;Changeant de file A$roite;VL seul;46;Masculin;Indemne;Non renseignee ;5;3;0;1;1;1;Adulte (35-49);Sans pieton;Avec moto;1 VL;Avec poids lourd;Adulte (35-49);3-5 usagers
Leger;21/11/2016;00:01;Gennevilliers;Nuit sanseclairage public;Pluie legere;Hors intersection;Autoroute;Collisions multiples;VL seul;Non renseignee ;VL seul;21;Masculin;Blessee Leger;Non renseignee ;6;3;0;0;3;0;Jeune adulte (18-24);Sans pieton;Sans moto;3 VL ou plus;Sans poids lourd;Jeune adulte (18-24);Plus de 5 usagers
Leger;28/12/2016;01:50;Antony;Nuit sanseclairage public;Autre;Hors intersection;Autoroute;Collision par l'arriere;VL seul;Sans changement de direction;PL seul > 7,5T;36;Masculin;Blessee Leger;Non renseignee ;2;2;0;0;1;1;Adulte (35-49);Sans pieton;Sans moto;1 VL;Avec poids lourd;Adulte (35-49);2 usagers
Leger;08/06/2016;11:10;Boulogne-Billancourt;Plein jour;Autre;Hors intersection;Route departementale;Collision par l'arriere;VL seul;Sans changement de direction;VL seul;21;Masculin;Indemne;Non renseignee ;3;2;0;0;2;0;Jeune adulte (18-24);Sans pieton;Sans moto;2 VL;Sans poids lourd;Jeune adulte (18-24);3-5 usagers
Leger;26/02/2016;23:20;Colombes;Nuit avec eclairage public allumee;Autre;Intersection en T;Voie commuNon renseignee le;Collision par le cote;VL seul;Sans changement de direction;VL seul;20;Masculin;Indemne;Non renseignee ;2;2;0;0;2;0;Jeune adulte (18-24);Sans pieton;Sans moto;2 VL;Sans poids lourd;Jeune adulte (18-24);2 usagers
Leger;06/04/2016;13:30;Gennevilliers;Plein jour;Autre;Intersection à plus de 4 branches;Voie commuNon renseignee le;Collision par le cote;VU seul 1,5T <= PTAC <= 3,5T;Sans changement de direction;VL seul;41;Masculin;Blessee Leger;Non renseignee ;2;2;0;0;2;0;Adulte (35-49);Sans pieton;Sans moto;2 VL;Sans poids lourd;Adulte (35-49);2 usagers
Leger;08/04/2016;09:40;Gennevilliers;Plein jour;Autre;Intersection en T;Route departementale;Collision par l'arriere;VL seul;Meme sens, Meme file;VL seul;36;Masculin;Indemne;Non renseignee ;4;2;0;0;2;0;Adulte (35-49);Sans pieton;Sans moto;2 VL;Sans poids lourd;Adulte (35-49);3-5 usagers
Leger;25/11/2016;17:45;Issy-les-Moulineaux;Nuit avec eclairage public allumee;Autre;Hors intersection;Route departementale;Collision par l'arriere;VU seul 1,5T <= PTAC <= 3,5T;Meme sens, Meme file;VL seul;65;Masculin;Indemne;Non renseignee ;2;2;0;0;2;0;Senior (65+);Sans pieton;Sans moto;2 VL;Sans poids lourd;Senior (65+);2 usagers
Leger;15/10/2016;12:20;Non renseignee nterre;Plein jour;Autre;Hors intersection;Route departementale;Collision par le cote;VL seul;Manoeuvre de stationnement;Autobus;42;Masculin;Indemne;Non renseignee ;3;2;0;0;1;0;Adulte (35-49);Sans pieton;Sans moto;1 VL;Sans poids lourd;Adulte (35-49);3-5 usagers
Leger;16/04/2016;15:00;Saint-Cloud;Plein jour;Autre;Intersection en T;Route departementale;Collision par l'arriere;VL seul;Sans changement de direction;VL seul;46;Masculin;Blessee Leger;Non renseignee ;2;2;0;0;2;0;Adulte (35-49);Sans pieton;Sans moto;2 VL;Sans poids lourd;Adulte (35-49);2 usagers
Leger;08/06/2008;19:22;Non renseignee nterre;Plein jour;Autre;Hors intersection;Route departementale;Sans collision;Motocyclette > 125 cm3;Sans changement de direction;Non renseignee ;21;Masculin;Blessee Leger;Non renseignee ;1;1;0;1;0;0;Jeune adulte (18-24);Sans pieton;Avec moto;Aucun VL;Sans poids lourd;Jeune adulte (18-24);1 usager
Leger;18/10/2006;15:30;Rueil-Malmaison;Non renseignee ;Autre;Non renseignee ;Route departementale;Non renseignee ;Bicyclette;Non renseignee ;VL seul;38;Non renseignee ;Non renseignee ;Non renseignee ;2;2;0;0;1;0;Adulte (35-49);Sans pieton;Sans moto;1 VL;Sans poids lourd;Adulte (35-49);2 usagers
Leger;18/07/2008;15:30;Non renseignee nterre;Plein jour;Autre;Giratoire;Route departementale;Sans collision;Scooter < 50 cm3;Sans changement de direction;Non renseignee ;21;Masculin;Blessee Leger;Non renseignee ;1;1;0;0;0;0;Jeune adulte (18-24);Sans pieton;Sans moto;Aucun VL;Sans poids lourd;Jeune adulte (18-24);1 usager
Mortel;02/09/2008;11:15;Non renseignee nterre;Plein jour;Autre;Intersection en Y;Voie commuNon renseignee le;Autre collision;PL seul > 7,5T;Non renseignee ;Non renseignee ;53;Masculin;Indemne;Non renseignee ;2;1;1;0;0;1;Senior actif (50-64);Avec pieton;Sans moto;Aucun VL;Avec poids lourd;Senior actif (50-64);2 usagers
Leger;24/03/2011;23:00;Puteaux;Nuit sanseclairage public;Autre;Hors intersection;Route Non renseignee tioNon renseignee le;Collision par l'arriere;Motocyclette > 125 cm3;Changeant de file A'auche;VL seul;60;Masculin;Indemne;Non renseignee ;3;2;0;1;1;0;Senior actif (50-64);Sans pieton;Avec moto;1 VL;Sans poids lourd;Senior actif (50-64);3-5 usagers
Leger;02/04/2016;08:10;Suresnes;Plein jour;Autre;Intersection en T;Route departementale;Collision par l'arriere;VL seul;Meme sens, Meme file;VL seul;24;Masculin;Indemne;Non renseignee ;2;2;0;0;2;0;Jeune adulte (18-24);Sans pieton;Sans moto;2 VL;Sans poids lourd;Jeune adulte (18-24);2 usagers
Leger;29/08/2016;11:11;Courbevoie;Plein jour;Autre;Intersection en X;Route departementale;Collisions multiples;VL seul;Sans changement de direction;VU seul 1,5T <= PTAC <= 3,5T;59;Masculin;Indemne;Non renseignee ;3;3;0;0;3;0;Senior actif (50-64);Sans pieton;Sans moto;3 VL ou plus;Sans poids lourd;Senior actif (50-64);3-5 usagers
Leger;25/11/2016;13:30;Courbevoie;Plein jour;Autre;Hors intersection;Route departementale;Collision par l'arriere;VL seul;Meme sens, Meme file;VL seul;45;Feminin;Indemne;Non renseignee ;2;2;0;0;2;0;Adulte (35-49);Sans pieton;Sans moto;2 VL;Sans poids lourd;Adulte (35-49);2 usagers
Mortel;22/06/2017;02:55;Asnieres-sur-Seine;Nuit avec eclairage public allumee;Autre;Hors intersection;Route departementale;Sans collision;Motocyclette > 125 cm3;Sans changement de direction;Non renseignee ;26;Masculin;Tue;Non renseignee ;1;1;0;1;0;0;Adulte jeune (25-34);Sans pieton;Avec moto;Aucun VL;Sans poids lourd;Adulte jeune (25-34);1 usager