type_acci;date;heure;commune;luminosite_accident;cond_atmos;Intersection;categorie_route;type_collision;type_vehicule_1;manoeuvre_vehicule_1;type_vehicule_2;age_usager;sexe_usager;gravite_usager;etat_usager;nombre_usagers;nb_veh;nombre_pietons;nombre_motos;nombre_vl;nombre_pl;age_usa1_categ;accident_pieton;accident_moto;categorie_vl;accident_pl;categorie_age;categorie_usagers
Leger;12/04/2018;17:40;Villeneuve-la-Garenne;Plein jour;Autre;Hors intersection;Route departementale;Collisions multiples;Scooter > 125 cm3;Non renseignee ;VL seul;37;Masculin;Blessee Leger;Non renseignee ;4;3;0;1;2;0;Adulte (35-49);Sans pieton;Avec moto;2 VL;Sans poids lourd;Adulte (35-49);3-5 usagers
Leger;06/04/2018;13:55;Issy-les-Moulineaux;Plein jour;Autre;Hors intersection;Voie commuNon renseignee le;Collision par l'arriere;Motocyclette > 125 cm3;Meme sens, Meme file;Cyclomoteur <50cm3;69;Masculin;Blessee Leger;Non renseignee ;2;2;0;1;0;0;Senior (65+);Sans pieton;Avec moto;Aucun VL;Sans poids lourd;Senior (65+);2 usagers
Leger;13/08/2018;20:50;Villeneuve-la-Garenne;Plein jour;Autre;Hors intersection;Route departementale;Collision par le cote;VL seul;TourNon renseignee nt A$roite;Motocyclette > 125 cm3;20;Feminin;Indemne;Non renseignee ;2;2;0;1;1;0;Jeune adulte (18-24);Sans pieton ;Avec moto;1 VL;Sans poids lourd;Jeune adulte (18-24);2 usagers
Leger;21/01/2018;16:50;Asnieres-sur-Seine;Plein jour;Pluie legere;Hors intersection;Voie commuNon renseignee le;Collision par le cote;VL seul;S inserant;Scooter < 50 cm3;30;Feminin;Indemne;Non renseignee ;2;2;0;0;1;0;Adulte jeune (25-34);Sans pieton;Sans moto;1 VL;Sans poids lourd;Adulte jeune (25-34);2 usagers
Leger;11/05/2018;15:20;ChateNon renseignee y-Malabry;Plein jour;Autre;Intersection en X;Voie commuNon renseignee le;Collision par le cote;Scooter < 50 cm3;TourNon renseignee nt A'auche;VU seul 1,5T <= PTAC <= 3,5T;24;Masculin;Indemne;Non renseignee ;2;2;0;0;1;0;Jeune adulte (18-24);Sans pieton ;Sans moto;1 VL;Sans poids lourd;Jeune adulte (18-24);2 usagers
Leger;19/11/2018;21:10;Clichy;Nuit avec eclairage public allumee;Pluie legere;Hors intersection;Voie commuNon renseignee le;Collision par le cote;VL seul;Sans changement de direction;Scooter < 50 cm3;23;Feminin;Indemne;Non renseignee ;3;2;0;0;1;0;Jeune adulte (18-24);Sans pieton;Sans moto;1 VL;Sans poids lourd;Jeune adulte (18-24);3-5 usagers
Leger;22/05/2018;20:40;La Garenne-Colombes;Plein jour;Pluie forte;Hors intersection;Route departementale;Sans collision;Cyclomoteur <50cm3;Sans changement de direction;Non renseignee ;22;Masculin;Blessee Leger;Non renseignee ;1;1;0;0;0;0;Jeune adulte (18-24);Sans pieton;Sans moto;Aucun VL;Sans poids lourd;Jeune adulte (18-24);1 usager
Leger;21/08/2018;12:00;Gennevilliers;Plein jour;Autre;Intersection en X;Voie commuNon renseignee le;Collision par le cote;Scooter < 50 cm3;Sans changement de direction;VL seul;18;Feminin;Blessee Leger;Non renseignee ;2;2;0;0;1;0;Jeune adulte (18-24);Sans pieton;Sans moto;1 VL;Sans poids lourd;Jeune adulte (18-24);2 usagers
Leger;26/04/2018;20:05;Issy-les-Moulineaux;Plein jour;Autre;Hors intersection;Route departementale;Collision par le cote;Cyclomoteur <50cm3;Non renseignee ;VL seul;32;Masculin;Blessee Leger;Non renseignee ;2;2;0;0;1;0;Adulte jeune (25-34);Sans pieton;Sans moto;1 VL;Sans poids lourd;Adulte jeune (25-34);2 usagers
Leger;11/10/2018;13:45;Levallois-Perret;Plein jour;Autre;Intersection à plus de 4 branches;Route departementale;Collision par le cote;Scooter < 50 cm3;Sans changement de direction;VL seul;22;Masculin;Blessee Leger;Non renseignee ;3;2;0;0;1;0;Jeune adulte (18-24);Sans pieton;Sans moto;1 VL;Sans poids lourd;Jeune adulte (18-24);3-5 usagers
Leger;03/12/2018;11:20;Puteaux;Plein jour;Pluie legere;Intersection en Y;Route departementale;Collision par l'arriere;Cyclomoteur <50cm3;Meme sens, Meme file;VL seul;18;Masculin;Blessee Leger;Non renseignee ;3;2;0;0;1;0;Jeune adulte (18-24);Sans pieton;Sans moto;1 VL;Sans poids lourd;Jeune adulte (18-24);3-5 usagers
Leger;30/08/2018;19:00;Rueil-Malmaison;Plein jour;Autre;Hors intersection;Voie commuNon renseignee le;Collision par le cote;Cyclomoteur <50cm3;Sans changement de direction;VL seul;24;Masculin;Blessee Leger;Non renseignee ;1;2;0;0;1;0;Jeune adulte (18-24);Sans pieton;Sans moto;1 VL;Sans poids lourd;Jeune adulte (18-24);1 usager
Leger;20/04/2018;20:00;Chaville;Plein jour;Autre;Hors intersection;Voie commuNon renseignee le;Collision par le cote;Scooter < 50 cm3;En faisant demi-tour sur la chaussee;Motocyclette > 125 cm3;18;Masculin;Blessee Leger;Non renseignee ;3;2;0;1;0;0;Jeune adulte (18-24);Sans pieton;Avec moto;Aucun VL;Sans poids lourd;Jeune adulte (18-24);3-5 usagers
Leger;08/10/2018;19:20;Ville d'Avray;Crepuscule ou aube;Autre;Hors intersection;Route departementale;Sans collision;Scooter < 50 cm3;Sans changement de direction;Non renseignee ;22;Feminin;Blessee Leger;Non renseignee ;1;1;0;0;0;0;Jeune adulte (18-24);Sans pieton;Sans moto;Aucun VL;Sans poids lourd;Jeune adulte (18-24);1 usager
Leger;14/01/2018;12:15;Rueil-Malmaison;Plein jour;Autre;Hors intersection;Route departementale;Collision par le cote;VL seul;TourNon renseignee nt A'auche;Scooter < 50 cm3;40;Feminin;Indemne;Non renseignee ;2;2;0;0;1;0;Adulte (35-49);Sans pieton ;Sans moto;1 VL;Sans poids lourd;Adulte (35-49);2 usagers
Leger;10/09/2018;18:50;Suresnes;Plein jour;Autre;Hors intersection;Route departementale;Collision par l'arriere;Scooter < 50 cm3;Meme sens, Meme file;VL seul;39;Masculin;Blessee Leger;Non renseignee ;2;2;0;0;1;0;Adulte (35-49);Sans pieton;Sans moto;1 VL;Sans poids lourd;Adulte (35-49);2 usagers
Leger;22/05/2018;16:20;Rueil-Malmaison;Plein jour;Autre;Hors intersection;Voie commuNon renseignee le;Collisions multiples;Scooter < 50 cm3;Non renseignee ;Autobus;33;Feminin;Blessee Leger;Non renseignee ;3;3;0;0;1;0;Adulte jeune (25-34);Sans pieton;Sans moto;1 VL;Sans poids lourd;Adulte jeune (25-34);3-5 usagers
Leger;02/05/2018;18:55;Suresnes;Plein jour;Autre;Hors intersection;Voie commuNon renseignee le;Collision par le cote;VL seul;TourNon renseignee nt A$roite;Cyclomoteur <50cm3;50;Masculin;Indemne;Non renseignee ;2;2;0;0;1;0;Senior actif (50-64);Sans pieton ;Sans moto;1 VL;Sans poids lourd;Senior actif (50-64);2 usagers
Leger;24/12/2018;13:00;Rueil-Malmaison;Plein jour;Autre;Intersection en T;Route departementale;Collision par le cote;Autobus;Sans changement de direction;Scooter < 50 cm3;44;Masculin;Indemne;Non renseignee ;2;2;0;0;0;0;Adulte (35-49);Sans pieton;Sans moto;Aucun VL;Sans poids lourd;Adulte (35-49);2 usagers
Leger;07/09/2018;08:55;Bourg-la-Reine;Plein jour;Autre;Intersection en X;Route departementale;Collision par le cote;Bicyclette;TourNon renseignee nt A'auche;VU seul 1,5T <= PTAC <= 3,5T;19;Feminin;Blessee Leger;Non renseignee ;2;2;0;0;1;0;Jeune adulte (18-24);Sans pieton ;Sans moto;1 VL;Sans poids lourd;Jeune adulte (18-24);2 usagers
Leger;09/11/2018;18:00;Puteaux;Nuit avec eclairage public allumee;Autre;Hors intersection;Voie commuNon renseignee le;Sans collision;Bicyclette;Non renseignee ;Non renseignee ;32;Masculin;Blessee Leger;Non renseignee ;1;1;0;0;0;0;Adulte jeune (25-34);Sans pieton;Sans moto;Aucun VL;Sans poids lourd;Adulte jeune (25-34);1 usager
Leger;10/04/2018;14:33;Vanves;Plein jour;Autre;Hors intersection;Voie commuNon renseignee le;Sans collision;Bicyclette;Sans changement de direction;Non renseignee ;70;Masculin;Blessee Leger;Non renseignee ;1;1;0;0;0;0;Senior (65+);Sans pieton;Sans moto;Aucun VL;Sans poids lourd;Senior (65+);1 usager
Leger;12/04/2018;21:45;Sevres;Nuit avec eclairage public allumee;Pluie legere;Intersection en X;Route departementale;Collision par le cote;Motocyclette > 50 cm3 et <= 125 cm3;Sans changement de direction;Bicyclette;21;Masculin;Indemne;Non renseignee ;2;2;0;1;0;0;Jeune adulte (18-24);Sans pieton;Avec moto;Aucun VL;Sans poids lourd;Jeune adulte (18-24);2 usagers
Leger;04/05/2018;09:55;Bagneux;Plein jour;Autre;Hors intersection;Voie commuNon renseignee le;Collision par le cote;VL seul;En marche arriere;Non renseignee ;22;Masculin;Indemne;Non renseignee ;2;2;0;0;1;0;Jeune adulte (18-24);Sans pieton;Sans moto;1 VL;Sans poids lourd;Jeune adulte (18-24);2 usagers
Leger;09/10/2018;16:25;Malakoff;Plein jour;Autre;Intersection en X;Voie commuNon renseignee le;Collision frontale;VL seul;TourNon renseignee nt A'auche;Bicyclette;81;Masculin;Indemne;Non renseignee ;2;2;0;0;1;0;Senior (65+);Sans pieton ;Sans moto;1 VL;Sans poids lourd;Senior (65+);2 usagers
Leger;03/04/2018;08:40;Vanves;Crepuscule ou aube;Autre;Hors intersection;Route departementale;Autre collision;Bicyclette;Sans changement de direction;Non renseignee ;26;Feminin;Blessee Leger;Non renseignee ;2;1;1;0;0;0;Adulte jeune (25-34);Avec pieton;Sans moto;Aucun VL;Sans poids lourd;Adulte jeune (25-34);2 usagers
Leger;23/11/2018;15:00;Asnieres-sur-Seine;Plein jour;Autre;Hors intersection;Route departementale;Autre collision;VL seul;Sans changement de direction;Non renseignee ;40;Masculin;Indemne;Non renseignee ;2;1;1;0;1;0;Adulte (35-49);Avec pieton;Sans moto;1 VL;Sans poids lourd;Adulte (35-49);2 usagers
Leger;12/02/2018;07:00;Bois-Colombes;Nuit avec eclairage public allumee;Autre;Intersection en T;Route departementale;Autre collision;VL seul;TourNon renseignee nt A'auche;Non renseignee ;51;Masculin;Indemne;Non renseignee ;2;1;1;0;1;0;Senior actif (50-64);Avec pieton;Sans moto;1 VL;Sans poids lourd;Senior actif (50-64);2 usagers
Leger;14/01/2018;19:50;Asnieres-sur-Seine;Nuit avec eclairage public allumee;Autre;Hors intersection;Route departementale;Autre collision;VL seul;Sans changement de direction;Non renseignee ;28;Feminin;Indemne;Non renseignee ;2;1;1;0;1;0;Adulte jeune (25-34);Avec pieton;Sans moto;1 VL;Sans poids lourd;Adulte jeune (25-34);2 usagers
Leger;04/10/2018;11:16;Bagneux;Plein jour;Autre;Intersection en X;Route departementale;Autre collision;VL seul;En marche arriere;Non renseignee ;87;Masculin;Blessee Leger;Non renseignee ;1;1;1;0;1;0;Senior (65+);Avec pieton;Sans moto;1 VL;Sans poids lourd;Senior (65+);1 usager
Leger;25/11/2018;12:10;Boulogne-Billancourt;Plein jour;Pluie legere;Intersection en X;Voie commuNon renseignee le;Autre collision;VL seul;TourNon renseignee nt A'auche;Non renseignee ;50;Masculin;Indemne;Non renseignee ;2;1;1;0;1;0;Senior actif (50-64);Avec pieton;Sans moto;1 VL;Sans poids lourd;Senior actif (50-64);2 usagers
Leger;25/10/2018;08:35;Clamart;Plein jour;Autre;Intersection en X;Voie commuNon renseignee le;Autre collision;VL seul;Sans changement de direction;Non renseignee ;55;Masculin;Indemne;Non renseignee ;2;1;1;0;1;0;Senior actif (50-64);Avec pieton;Sans moto;1 VL;Sans poids lourd;Senior actif (50-64);2 usagers
Leger;05/06/2018;10:00;Colombes;Plein jour;Autre;Intersection en T;Route departementale;Autre collision;VL seul;Sans changement de direction;Non renseignee ;28;Feminin;Blessee Leger;Non renseignee ;1;1;1;0;1;0;Adulte jeune (25-34);Avec pieton;Sans moto;1 VL;Sans poids lourd;Adulte jeune (25-34);1 usager
Leger;07/09/2018;13:30;Colombes;Plein jour;Autre;Intersection en X;Route departementale;Autre collision;VL seul;Sans changement de direction;Non renseignee ;82;Feminin;Indemne;Non renseignee ;2;1;1;0;1;0;Senior (65+);Avec pieton;Sans moto;1 VL;Sans poids lourd;Senior (65+);2 usagers
Leger;15/10/2018;17:40;Courbevoie;Plein jour;Autre;Hors intersection;Route departementale;Autre collision;VL seul;Sans changement de direction;Non renseignee ;66;Feminin;Indemne;Non renseignee ;2;1;1;0;1;0;Senior (65+);Avec pieton;Sans moto;1 VL;Sans poids lourd;Senior (65+);2 usagers
Leger;31/07/2018;11:33;La Garenne-Colombes;Plein jour;Autre;Hors intersection;Route departementale;Autre collision;Scooter > 50 cm3 et <= 125 cm3;Non renseignee ;Non renseignee ;38;Masculin;Indemne;Non renseignee ;2;1;1;1;0;0;Adulte (35-49);Avec pieton;Avec moto;Aucun VL;Sans poids lourd;Adulte (35-49);2 usagers
Leger;19/10/2018;19:56;Colombes;Crepuscule ou aube;Autre;Hors intersection;Route departementale;Autre collision;Autobus;Se deportant A$roite;Non renseignee ;54;Masculin;Indemne;Non renseignee ;2;1;1;0;0;0;Senior actif (50-64);Avec pieton;Sans moto;Aucun VL;Sans poids lourd;Senior actif (50-64);2 usagers
Leger;11/12/2018;19:29;Levallois-Perret;Nuit avec eclairage public allumee;Autre;Intersection en X;Voie commuNon renseignee le;Autre collision;VL seul;TourNon renseignee nt A'auche;Non renseignee ;28;Feminin;Indemne;Non renseignee ;2;1;1;0;1;0;Adulte jeune (25-34);Avec pieton;Sans moto;1 VL;Sans poids lourd;Adulte jeune (25-34);2 usagers
Leger;21/06/2018;19:35;Meudon;Plein jour;Autre;Intersection en X;Voie commuNon renseignee le;Autre collision;Scooter > 50 cm3 et <= 125 cm3;Sans changement de direction;Non renseignee ;49;Masculin;Indemne;Non renseignee ;2;1;1;1;0;0;Adulte (35-49);Avec pieton;Avec moto;Aucun VL;Sans poids lourd;Adulte (35-49);2 usagers
Leger;10/01/2018;13:35;Montrouge;Plein jour;Autre;Hors intersection;Route departementale;Autre collision;VU seul 1,5T <= PTAC <= 3,5T;Sans changement de direction;Non renseignee ;40;Masculin;Indemne;Non renseignee ;2;1;1;0;1;0;Adulte (35-49);Avec pieton;Sans moto;1 VL;Sans poids lourd;Adulte (35-49);2 usagers
Leger;06/02/2018;08:40;Montrouge;Plein jour;Autre;Intersection en X;Route departementale;Autre collision;VL seul;Sans changement de direction;Non renseignee ;27;Feminin;Blessee Leger;Non renseignee ;2;1;1;0;1;0;Adulte jeune (25-34);Avec pieton;Sans moto;1 VL;Sans poids lourd;Adulte jeune (25-34);2 usagers
Leger;10/10/2018;18:35;Montrouge;Plein jour;Autre;Hors intersection;Voie commuNon renseignee le;Autre collision;VU seul 1,5T <= PTAC <= 3,5T;Sans changement de direction;Non renseignee ;47;Masculin;Indemne;Non renseignee ;2;1;1;0;1;0;Adulte (35-49);Avec pieton;Sans moto;1 VL;Sans poids lourd;Adulte (35-49);2 usagers
Leger;15/05/2018;07:15;Non renseignee nterre;Plein jour;Temps couvert;Intersection en X;Route departementale;Autre collision;VL seul;TourNon renseignee nt A$roite;Non renseignee ;28;Feminin;Indemne;Non renseignee ;3;1;1;0;1;0;Adulte jeune (25-34);Avec pieton;Sans moto;1 VL;Sans poids lourd;Adulte jeune (25-34);3-5 usagers
Leger;01/11/2018;23:30;Gennevilliers;Nuit sanseclairage public;Pluie legere;Hors intersection;Autoroute;Sans collision;VL seul;Sedeportant A'auche;Non renseignee ;49;Masculin;Blessee Leger;Non renseignee ;2;1;0;0;1;0;Adulte (35-49);Sans pieton ;Sans moto;1 VL;Sans poids lourd;Adulte (35-49);2 usagers
Leger;11/11/2018;20:15;Gennevilliers;Nuit sanseclairage public;Pluie legere;Hors intersection;Autoroute;Sans collision;VL seul;Se deportant A$roite;Non renseignee ;22;Feminin;Blessee Leger;Non renseignee ;2;1;0;0;1;0;Jeune adulte (18-24);Sans pieton ;Sans moto;1 VL;Sans poids lourd;Jeune adulte (18-24);2 usagers
Leger;02/02/2018;13:09;Gennevilliers;Plein jour;Autre;Hors intersection;Route Non renseignee tioNon renseignee le;Collisions en chaine;VL seul;Meme sens, Meme file;VL seul;42;Feminin;Blessee Leger;Non renseignee ;3;3;0;0;3;0;Adulte (35-49);Sans pieton;Sans moto;3 VL ou plus;Sans poids lourd;Adulte (35-49);3-5 usagers
Leger;22/04/2012;06:50;Colombes;Crepuscule ou aube;Autre;Hors intersection;Autoroute;Collisions multiples;VL seul;Se deportant A$roite;VU seul 1,5T <= PTAC <= 3,5T;25;Masculin;Blessee Leger;Non renseignee ;3;3;0;0;3;0;Adulte jeune (25-34);Sans pieton ;Sans moto;3 VL ou plus;Sans poids lourd;Adulte jeune (25-34);3-5 usagers
Grave;11/02/2012;21:45;Levallois-Perret;Nuit avec eclairage public allumee;Autre;Intersection en X;Voie commuNon renseignee le;Collision par le cote;Scooter < 50 cm3;TourNon renseignee nt A'auche;VL seul;23;Masculin;Blessee hospitalisee;Non renseignee ;2;2;0;0;1;0;Jeune adulte (18-24);Sans pieton ;Sans moto;1 VL;Sans poids lourd;Jeune adulte (18-24);2 usagers
Leger;02/06/2012;20:40;Issy-les-Moulineaux;Crepuscule ou aube;Autre;Place;Route departementale;Collision par le cote;VL seul;TourNon renseignee nt A$roite;Bicyclette;25;Masculin;Indemne;Non renseignee ;2;2;0;0;1;0;Adulte jeune (25-34);Sans pieton ;Sans moto;1 VL;Sans poids lourd;Adulte jeune (25-34);2 usagers
Leger;09/01/2012;09:40;Colombes;Plein jour;Pluie legere;Intersection en X;Route departementale;Collision par l'arriere;VL seul;Meme sens, Meme file;Scooter > 50 cm3 et <= 125 cm3;46;Feminin;Indemne;Non renseignee ;2;2;0;1;1;0;Adulte (35-49);Sans pieton;Avec moto;1 VL;Sans poids lourd;Adulte (35-49);2 usagers
Leger;06/06/2012;08:45;Boulogne-Billancourt;Plein jour;Autre;Hors intersection;Voie commuNon renseignee le;Collision par le cote;VL seul;TourNon renseignee nt A'auche;Motocyclette > 125 cm3;44;Feminin;Indemne;Non renseignee ;2;2;0;1;1;0;Adulte (35-49);Sans pieton ;Avec moto;1 VL;Sans poids lourd;Adulte (35-49);2 usagers
Leger;04/10/2018;22:00;Non renseignee nterre;Nuit avec eclairage public allumee;Autre;Intersection en X;Route departementale;Collision par le cote;VL seul;TourNon renseignee nt A'auche;Scooter > 125 cm3;30;Masculin;Indemne;Non renseignee ;2;2;0;1;1;0;Adulte jeune (25-34);Sans pieton ;Avec moto;1 VL;Sans poids lourd;Adulte jeune (25-34);2 usagers
Leger;26/06/2012;14:20;Vaucresson;Plein jour;Autre;Hors intersection;Route departementale;Sans collision;Scooter < 50 cm3;Sans changement de direction;Non renseignee ;37;Feminin;Blessee Leger;Non renseignee ;1;1;0;0;0;0;Adulte (35-49);Sans pieton;Sans moto;Aucun VL;Sans poids lourd;Adulte (35-49);1 usager
Leger;16/10/2018;23:20;Puteaux;Nuit avec eclairage public allumee;Autre;Intersection en X;Route departementale;Collision par le cote;VL seul;Se deportant A$roite;Scooter > 125 cm3;38;Masculin;Blessee Leger;Non renseignee ;2;2;0;1;1;0;Adulte (35-49);Sans pieton ;Avec moto;1 VL;Sans poids lourd;Adulte (35-49);2 usagers
Leger;31/03/2012;22:55;Issy-les-Moulineaux;Nuit avec eclairage public allumee;Autre;Hors intersection;Route departementale;Collision par l'arriere;VL seul;Sans changement de direction;Motocyclette > 125 cm3;52;Masculin;Indemne;Non renseignee ;2;2;0;1;1;0;Senior actif (50-64);Sans pieton;Avec moto;1 VL;Sans poids lourd;Senior actif (50-64);2 usagers
Leger;07/04/2018;12:40;Sevres;Plein jour;Autre;Intersection en T;Route departementale;Collision par le cote;Motocyclette > 50 cm3 et <= 125 cm3;Non renseignee ;VL seul;29;Masculin;Blessee Leger;Non renseignee ;2;2;0;1;1;0;Adulte jeune (25-34);Sans pieton;Avec moto;1 VL;Sans poids lourd;Adulte jeune (25-34);2 usagers
Leger;24/03/2018;21:50;Asnieres-sur-Seine;Nuit avec eclairage public allumee;Autre;Hors intersection;Voie commuNon renseignee le;Collision par le cote;VL seul;En stationnement (avec occupants);Scooter < 50 cm3;44;Masculin;Indemne;Non renseignee ;2;2;0;0;1;0;Adulte (35-49);Sans pieton;Sans moto;1 VL;Sans poids lourd;Adulte (35-49);2 usagers
Leger;17/09/2012;20:30;Chaville;Crepuscule ou aube;Autre;Intersection en Y;Route departementale;Collision par le cote;Cyclomoteur <50cm3;Sans changement de direction;VL seul;17;Masculin;Blessee Leger;Non renseignee ;2;2;0;0;1;0;Mineur (-18 ans);Sans pieton;Sans moto;1 VL;Sans poids lourd;Mineur (-18 ans);2 usagers
Leger;13/09/2018;11:40;Villeneuve-la-Garenne;Plein jour;Autre;Hors intersection;Route departementale;Collision par le cote;VU seul 1,5T <= PTAC <= 3,5T;Non renseignee ;Scooter < 50 cm3;33;Masculin;Indemne;Non renseignee ;2;2;0;0;1;0;Adulte jeune (25-34);Sans pieton;Sans moto;1 VL;Sans poids lourd;Adulte jeune (25-34);2 usagers
Leger;18/09/2018;08:25;Montrouge;Plein jour;Autre;Hors intersection;Voie commuNon renseignee le;Collision par le cote;Bicyclette;Non renseignee ;VL seul;44;Feminin;Blessee Leger;Non renseignee ;3;2;0;0;1;0;Adulte (35-49);Sans pieton;Sans moto;1 VL;Sans poids lourd;Adulte (35-49);3-5 usagers
Leger;26/11/2018;18:25;Vanves;Nuit avec eclairage public allumee;Autre;Intersection à plus de 4 branches;Route departementale;Collision par le cote;Bicyclette;Sans changement de direction;VL seul;22;Masculin;Blessee Leger;Non renseignee ;2;2;0;0;1;0;Jeune adulte (18-24);Sans pieton;Sans moto;1 VL;Sans poids lourd;Jeune adulte (18-24);2 usagers
Leger;05/12/2018;21:10;Clamart;Nuit avec eclairage public allumee;Autre;Intersection en X;Voie commuNon renseignee le;Collision par le cote;VL seul;Sans changement de direction;Bicyclette;50;Masculin;Indemne;Non renseignee ;2;2;0;0;1;0;Senior actif (50-64);Sans pieton;Sans moto;1 VL;Sans poids lourd;Senior actif (50-64);2 usagers
Leger;19/11/2018;08:20;Antony;Plein jour;Autre;Intersection en X;Route departementale;Autre collision;VU seul 1,5T <= PTAC <= 3,5T;TourNon renseignee nt A$roite;Non renseignee ;43;Masculin;Indemne;Non renseignee ;2;1;1;0;1;0;Adulte (35-49);Avec pieton;Sans moto;1 VL;Sans poids lourd;Adulte (35-49);2 usagers
Leger;18/01/2018;10:20;Asnieres-sur-Seine;Plein jour;Autre;Hors intersection;Voie commuNon renseignee le;Autre collision;VL seul;Sans changement de direction;Non renseignee ;47;Feminin;Indemne;Non renseignee ;2;1;1;0;1;0;Adulte (35-49);Avec pieton;Sans moto;1 VL;Sans poids lourd;Adulte (35-49);2 usagers
Leger;13/04/2018;15:35;Bagneux;Plein jour;Autre;Hors intersection;Voie commuNon renseignee le;Autre collision;VL seul;Sans changement de direction;Non renseignee ;20;Masculin;Indemne;Non renseignee ;2;1;1;0;1;0;Jeune adulte (18-24);Avec pieton;Sans moto;1 VL;Sans poids lourd;Jeune adulte (18-24);2 usagers
Leger;14/06/2012;09:15;Vaucresson;Plein jour;Autre;Place;Route departementale;Collision par le cote;VL seul;TourNon renseignee nt A'auche;Scooter < 50 cm3;33;Feminin;Indemne;Non renseignee ;2;2;0;0;1;0;Adulte jeune (25-34);Sans pieton ;Sans moto;1 VL;Sans poids lourd;Adulte jeune (25-34);2 usagers
Leger;25/05/2018;15:37;Colombes;Plein jour;Autre;Hors intersection;Route departementale;Autre collision;Scooter > 125 cm3;Sans changement de direction;Non renseignee ;17;Masculin;Blessee Leger;Non renseignee ;1;1;1;1;0;0;Mineur (-18 ans);Avec pieton;Avec moto;Aucun VL;Sans poids lourd;Mineur (-18 ans);1 usager
Leger;06/03/2018;08:00;Courbevoie;Plein jour;Autre;Hors intersection;Route departementale;Autre collision;VL seul;TourNon renseignee nt A'auche;Non renseignee ;27;Masculin;Indemne;Non renseignee ;2;1;1;0;1;0;Adulte jeune (25-34);Avec pieton;Sans moto;1 VL;Sans poids lourd;Adulte jeune (25-34);2 usagers
Leger;12/01/2018;18:50;Levallois-Perret;Nuit avec eclairage public allumee;Autre;Intersection en X;Voie commuNon renseignee le;Autre collision;VL seul;TourNon renseignee nt A'auche;Non renseignee ;55;Masculin;Indemne;Non renseignee ;2;1;1;0;1;0;Senior actif (50-64);Avec pieton;Sans moto;1 VL;Sans poids lourd;Senior actif (50-64);2 usagers
Leger;09/02/2012;08:25;Rueil-Malmaison;Plein jour;Autre;Intersection en T;Route departementale;Collision par le cote;VL seul;TourNon renseignee nt A'auche;Scooter > 50 cm3 et <= 125 cm3;56;Masculin;Indemne;Non renseignee ;3;2;0;1;1;0;Senior actif (50-64);Sans pieton ;Avec moto;1 VL;Sans poids lourd;Senior actif (50-64);3-5 usagers
Leger;22/08/2012;17:25;Villeneuve-la-Garenne;Plein jour;Autre;Intersection en T;Route departementale;Collision par l'arriere;VU seul 1,5T <= PTAC <= 3,5T;Meme sens, Meme file;VU seul 1,5T <= PTAC <= 3,5T;49;Feminin;Indemne;Non renseignee ;2;2;0;0;2;0;Adulte (35-49);Sans pieton;Sans moto;2 VL;Sans poids lourd;Adulte (35-49);2 usagers
Leger;22/10/2012;19:13;Courbevoie;Crepuscule ou aube;Autre;Intersection en X;Route departementale;Collision par le cote;Motocyclette > 125 cm3;TourNon renseignee nt A'auche;Bicyclette;51;Masculin;Indemne;Non renseignee ;2;2;0;1;0;0;Senior actif (50-64);Sans pieton ;Avec moto;Aucun VL;Sans poids lourd;Senior actif (50-64);2 usagers
Leger;13/01/2018;14:30;Vanves;Plein jour;Autre;Hors intersection;Route departementale;Autre collision;VL seul;Sans changement de direction;Non renseignee ;47;Feminin;Indemne;Non renseignee ;2;1;1;0;1;0;Adulte (35-49);Avec pieton;Sans moto;1 VL;Sans poids lourd;Adulte (35-49);2 usagers
Leger;19/01/2012;19:45;FonteNon renseignee y-aux-Roses;Nuit avec eclairage public allumee;Pluie forte;Hors intersection;Voie commuNon renseignee le;Collision par le cote;VL seul;En faisant demi-tour sur la chaussee;Scooter > 50 cm3 et <= 125 cm3;28;Masculin;Indemne;Non renseignee ;2;2;0;1;1;0;Adulte jeune (25-34);Sans pieton;Avec moto;1 VL;Sans poids lourd;Adulte jeune (25-34);2 usagers
Leger;11/10/2018;21:25;Villeneuve-la-Garenne;Nuit sanseclairage public;Pluie legere;Hors intersection;Autoroute;Collision par le cote;Tracteur routier + semi-remorque;Manoeuvre devitement;VU seul 1,5T <= PTAC <= 3,5T;59;Masculin;Blessee Leger;Non renseignee ;1;2;0;0;1;1;Senior actif (50-64);Sans pieton;Sans moto;1 VL;Avec poids lourd;Senior actif (50-64);1 usager
Grave;05/06/2012;17:15;Montrouge;Plein jour;Autre;Intersection en T;Voie commuNon renseignee le;Sans collision;Cyclomoteur <50cm3;Non renseignee ;Non renseignee ;23;Masculin;Blessee hospitalisee;Non renseignee ;1;1;0;0;0;0;Jeune adulte (18-24);Sans pieton;Sans moto;Aucun VL;Sans poids lourd;Jeune adulte (18-24);1 usager
Leger;06/07/2012;20:20;Saint-Cloud;Plein jour;Autre;Hors intersection;Route departementale;Collision par le cote;VL seul;En faisant demi-tour sur la chaussee;Scooter < 50 cm3;23;Masculin;Blessee Leger;Non renseignee ;2;2;0;0;1;0;Jeune adulte (18-24);Sans pieton;Sans moto;1 VL;Sans poids lourd;Jeune adulte (18-24);2 usagers