type_acci;date;heure;commune;luminosite_accident;cond_atmos;Intersection;categorie_route;type_collision;type_vehicule_1;manoeuvre_vehicule_1;type_vehicule_2;age_usager;sexe_usager;gravite_usager;etat_usager;nombre_usagers;nb_veh;nombre_pietons;nombre_motos;nombre_vl;nombre_pl;age_usa1_categ;accident_pieton;accident_moto;categorie_vl;accident_pl;categorie_age;categorie_usagers
Leger;17/12/2021;17:10;Gennevilliers;Crepuscule ou aube;Normale;Hors intersection;Autoroute;Non renseignee ;Motocyclette > 50 cm3 et <= 125 cm3;Changeant de file A'auche;Non renseignee ;47;Masculin;Blessee Leger;Non renseignee ;1;1;0;1;0;0;Adulte (35-49);Sans pieton;Avec moto;Aucun VL;Sans poids lourd;Adulte (35-49);1 usager
Leger;30/05/2020;17:10;Colombes;Plein jour;Normale;Intersection en X;Route departementale;Non renseignee ;Motocyclette > 125 cm3;Sans changement de direction;VU seul 1,5T <= PTAC <= 3,5T;52;Masculin;Blessee Leger;Non renseignee ;2;2;0;1;1;0;Senior actif (50-64);Sans pieton;Avec moto;1 VL;Sans poids lourd;Senior actif (50-64);2 usagers
Leger;13/10/2020;13:28;Colombes;Plein jour;Normale;Hors intersection;Voie commuNon renseignee le;Non renseignee ;Non renseignee ;Sedeportant A'auche;Non renseignee ;64;Masculin;Blessee Leger;Non renseignee ;1;2;0;0;2;0;Senior actif (50-64);Sans pieton ;Sans moto;2 VL;Sans poids lourd;Senior actif (50-64);1 usager
Leger;20/01/2019;02:15;Gennevilliers;Nuit sanseclairage public;Pluie legere;Hors intersection;Autoroute;Non renseignee ;Non renseignee ;TourNon renseignee nt A$roite;Non renseignee ;22;Feminin;Blessee Leger;Non renseignee ;1;1;0;0;1;0;Jeune adulte (18-24);Sans pieton ;Sans moto;1 VL;Sans poids lourd;Jeune adulte (18-24);1 usager
Leger;29/10/2019;09:50;Gennevilliers;Plein jour;Normale;Hors intersection;Autoroute;Non renseignee ;Motocyclette > 125 cm3;Entre 2 files;Non renseignee ;47;Masculin;Blessee Leger;Non renseignee ;3;3;0;1;2;0;Adulte (35-49);Sans pieton;Avec moto;2 VL;Sans poids lourd;Adulte (35-49);3-5 usagers
Leger;01/03/2020;22:00;Gennevilliers;Nuit sanseclairage public;Normale;Hors intersection;Autoroute;Non renseignee ;Non renseignee ;Se deportant A$roite;Non renseignee ;26;Feminin;Blessee Leger;Non renseignee ;1;1;0;0;1;0;Adulte jeune (25-34);Sans pieton ;Sans moto;1 VL;Sans poids lourd;Adulte jeune (25-34);1 usager
Leger;30/03/2007;12:30;Suresnes;Plein jour;Pluie legere;Intersection en T;Non renseignee ;Autre collision;VL seul;TourNon renseignee nt A'auche;Non renseignee ;19;Feminin;Indemne;Non renseignee ;2;1;1;0;1;0;Jeune adulte (18-24);Avec pieton;Sans moto;1 VL;Sans poids lourd;Jeune adulte (18-24);2 usagers
Leger;26/11/2014;21:40;Asnieres-sur-Seine;Nuit avec eclairage public allumee;Autre;Intersection en T;Route departementale;Collision par le cote;VL seul;TourNon renseignee nt A'auche;Motocyclette > 125 cm3;44;Feminin;Indemne;Non renseignee ;2;2;0;1;1;0;Adulte (35-49);Sans pieton ;Avec moto;1 VL;Sans poids lourd;Adulte (35-49);2 usagers
Leger;26/02/2014;18:00;Boulogne-Billancourt;Plein jour;Autre;Intersection en X;Route departementale;Collision par le cote;VL seul;Sans changement de direction;Motocyclette > 125 cm3;35;Masculin;Indemne;Non renseignee ;2;2;0;1;1;0;Adulte (35-49);Sans pieton;Avec moto;1 VL;Sans poids lourd;Adulte (35-49);2 usagers
Leger;06/12/2014;07:50;Boulogne-Billancourt;Nuit avec eclairage public allumee;Autre;Intersection en T;Route departementale;Collision par le cote;Motocyclette > 125 cm3;Sans changement de direction;VL seul;53;Masculin;Blessee Leger;Non renseignee ;2;2;0;1;1;0;Senior actif (50-64);Sans pieton;Avec moto;1 VL;Sans poids lourd;Senior actif (50-64);2 usagers
Leger;12/09/2014;12:15;Sceaux;Plein jour;Autre;Intersection en X;Route departementale;Collision par le cote;VL seul;Sans changement de direction;Scooter > 50 cm3 et <= 125 cm3;55;Feminin;Indemne;Non renseignee ;2;2;0;1;1;0;Senior actif (50-64);Sans pieton;Avec moto;1 VL;Sans poids lourd;Senior actif (50-64);2 usagers
Leger;11/12/2014;17:10;Clamart;Nuit avec eclairage public allumee;Temps couvert;Intersection en X;Route departementale;Collision par le cote;VL seul;TourNon renseignee nt A'auche;Motocyclette > 125 cm3;46;Masculin;Blessee Leger;Non renseignee ;2;2;0;1;1;0;Adulte (35-49);Sans pieton ;Avec moto;1 VL;Sans poids lourd;Adulte (35-49);2 usagers
Leger;01/02/2014;10:40;Clichy;Plein jour;Autre;Intersection en X;Route departementale;Collision par le cote;VL seul;TourNon renseignee nt A'auche;Scooter > 50 cm3 et <= 125 cm3;59;Masculin;Indemne;Non renseignee ;2;2;0;1;1;0;Senior actif (50-64);Sans pieton ;Avec moto;1 VL;Sans poids lourd;Senior actif (50-64);2 usagers
Leger;09/05/2014;19:45;Clichy;Nuit avec eclairage public allumee;Autre;Intersection en X;Route departementale;Collision par le cote;VL seul;Sans changement de direction;Motocyclette > 50 cm3 et <= 125 cm3;24;Masculin;Indemne;Non renseignee ;2;2;0;1;1;0;Jeune adulte (18-24);Sans pieton;Avec moto;1 VL;Sans poids lourd;Jeune adulte (18-24);2 usagers
Leger;27/02/2014;19:10;Colombes;Nuit avec eclairage public allumee;Pluie legere;Hors intersection;Route departementale;Collision par le cote;Motocyclette > 50 cm3 et <= 125 cm3;Meme sens, Meme file;VL seul;38;Masculin;Blessee Leger;Non renseignee ;2;2;0;1;1;0;Adulte (35-49);Sans pieton;Avec moto;1 VL;Sans poids lourd;Adulte (35-49);2 usagers
Leger;14/01/2014;08:50;Issy-les-Moulineaux;Plein jour;Temps couvert;Intersection en T;Route departementale;Collision par le cote;Motocyclette > 125 cm3;Non renseignee ;VL seul;48;Masculin;Blessee Leger;Non renseignee ;2;2;0;1;1;0;Adulte (35-49);Sans pieton;Avec moto;1 VL;Sans poids lourd;Adulte (35-49);2 usagers
Leger;13/03/2014;09:45;Issy-les-Moulineaux;Plein jour;Autre;Hors intersection;Route departementale;Collisions en chaine;Motocyclette > 125 cm3;Meme sens, Meme file;VL seul;52;Masculin;Blessee Leger;Non renseignee ;3;3;0;1;2;0;Senior actif (50-64);Sans pieton;Avec moto;2 VL;Sans poids lourd;Senior actif (50-64);3-5 usagers
Leger;15/05/2014;14:20;Issy-les-Moulineaux;Plein jour;Autre;Hors intersection;Route departementale;Collision par le cote;Motocyclette > 125 cm3;A contresens;VL seul;26;Masculin;Blessee Leger;Non renseignee ;2;2;0;1;1;0;Adulte jeune (25-34);Sans pieton;Avec moto;1 VL;Sans poids lourd;Adulte jeune (25-34);2 usagers
Leger;27/10/2014;23:25;Issy-les-Moulineaux;Nuit avec eclairage public allumee;Autre;Intersection en T;Route departementale;Collision par le cote;VL seul;TourNon renseignee nt A'auche;Motocyclette > 125 cm3;40;Masculin;Indemne;Non renseignee ;2;2;0;1;1;0;Adulte (35-49);Sans pieton ;Avec moto;1 VL;Sans poids lourd;Adulte (35-49);2 usagers
Leger;24/11/2014;09:17;Montrouge;Plein jour;Pluie legere;Hors intersection;Voie commuNon renseignee le;Collision par l'arriere;VL seul;Meme sens, Meme file;Motocyclette > 50 cm3 et <= 125 cm3;20;Feminin;Indemne;Non renseignee ;2;2;0;1;1;0;Jeune adulte (18-24);Sans pieton;Avec moto;1 VL;Sans poids lourd;Jeune adulte (18-24);2 usagers
Leger;26/03/2014;17:35;Non renseignee nterre;Plein jour;Autre;Intersection en X;Voie commuNon renseignee le;Sans collision;Scooter > 50 cm3 et <= 125 cm3;Sans changement de direction;Non renseignee ;44;Masculin;Blessee Leger;Non renseignee ;1;1;0;1;0;0;Adulte (35-49);Sans pieton;Avec moto;Aucun VL;Sans poids lourd;Adulte (35-49);1 usager
Leger;02/10/2014;11:20;Non renseignee nterre;Plein jour;Autre;Intersection en T;Route departementale;Collision par l'arriere;VL seul;TourNon renseignee nt A'auche;Motocyclette > 50 cm3 et <= 125 cm3;47;Masculin;Blessee Leger;Non renseignee ;2;2;0;1;1;0;Adulte (35-49);Sans pieton ;Avec moto;1 VL;Sans poids lourd;Adulte (35-49);2 usagers
Leger;21/07/2014;14:25;Neuilly-sur-Seine;Plein jour;Autre;Intersection en T;Voie commuNon renseignee le;Collision par le cote;VL seul;TourNon renseignee nt A'auche;Scooter > 50 cm3 et <= 125 cm3;52;Masculin;Indemne;Non renseignee ;2;2;0;1;1;0;Senior actif (50-64);Sans pieton ;Avec moto;1 VL;Sans poids lourd;Senior actif (50-64);2 usagers
Leger;04/08/2014;07:10;Rueil-Malmaison;Plein jour;Pluie forte;Hors intersection;Voie commuNon renseignee le;Sans collision;Motocyclette > 125 cm3;Sans changement de direction;Non renseignee ;36;Masculin;Blessee Leger;Non renseignee ;1;1;0;1;0;0;Adulte (35-49);Sans pieton;Avec moto;Aucun VL;Sans poids lourd;Adulte (35-49);1 usager
Leger;19/05/2014;14:00;Saint-Cloud;Plein jour;Autre;Intersection en X;Route departementale;Collision par le cote;VL seul;TourNon renseignee nt A'auche;Motocyclette > 125 cm3;54;Masculin;Indemne;Non renseignee ;2;2;0;1;1;0;Senior actif (50-64);Sans pieton ;Avec moto;1 VL;Sans poids lourd;Senior actif (50-64);2 usagers
Leger;16/04/2014;14:40;Chaville;Plein jour;Autre;Intersection en X;Route departementale;Collision par le cote;VL seul;En faisant demi-tour sur la chaussee;Motocyclette > 125 cm3;39;Masculin;Indemne;Non renseignee ;2;2;0;1;1;0;Adulte (35-49);Sans pieton;Avec moto;1 VL;Sans poids lourd;Adulte (35-49);2 usagers
Leger;22/10/2014;12:20;Malakoff;Crepuscule ou aube;Autre;Hors intersection;Route departementale;Collision frontale;Scooter > 125 cm3;Sans changement de direction;VU seul 1,5T <= PTAC <= 3,5T;46;Masculin;Blessee Leger;Non renseignee ;2;2;0;1;1;0;Adulte (35-49);Sans pieton;Avec moto;1 VL;Sans poids lourd;Adulte (35-49);2 usagers
Leger;14/02/2014;10:55;Villeneuve-la-Garenne;Plein jour;Pluie legere;Intersection en X;Route departementale;Collision par le cote;VL seul;TourNon renseignee nt A'auche;Motocyclette > 50 cm3 et <= 125 cm3;31;Masculin;Indemne;Non renseignee ;2;2;0;1;1;0;Adulte jeune (25-34);Sans pieton ;Avec moto;1 VL;Sans poids lourd;Adulte jeune (25-34);2 usagers
Leger;12/07/2014;19:30;Villeneuve-la-Garenne;Plein jour;Autre;Hors intersection;Route departementale;Collision par le cote;VL seul;En faisant demi-tour sur la chaussee;Scooter > 50 cm3 et <= 125 cm3;18;Masculin;Indemne;Non renseignee ;2;2;0;1;1;0;Jeune adulte (18-24);Sans pieton;Avec moto;1 VL;Sans poids lourd;Jeune adulte (18-24);2 usagers
Leger;26/04/2014;15:10;Puteaux;Plein jour;Pluie legere;Hors intersection;Route departementale;Sans collision;Motocyclette > 50 cm3 et <= 125 cm3;Sans changement de direction;Non renseignee ;20;Masculin;Blessee Leger;Non renseignee ;1;1;0;1;0;0;Jeune adulte (18-24);Sans pieton;Avec moto;Aucun VL;Sans poids lourd;Jeune adulte (18-24);1 usager
Leger;08/09/2014;11:10;Boulogne-Billancourt;Plein jour;Autre;Giratoire;Route departementale;Collision par le cote;VL seul;TourNon renseignee nt A$roite;Scooter < 50 cm3;58;Masculin;Indemne;Non renseignee ;3;2;0;0;1;0;Senior actif (50-64);Sans pieton ;Sans moto;1 VL;Sans poids lourd;Senior actif (50-64);3-5 usagers
Leger;31/01/2014;15:35;Issy-les-Moulineaux;Plein jour;Autre;Hors intersection;Route departementale;Autre collision;Cyclomoteur <50cm3;Sans changement de direction;Non renseignee ;32;Masculin;Blessee Leger;Non renseignee ;2;1;1;0;0;0;Adulte jeune (25-34);Avec pieton;Sans moto;Aucun VL;Sans poids lourd;Adulte jeune (25-34);2 usagers
Leger;25/02/2014;12:20;Neuilly-sur-Seine;Plein jour;Autre;Hors intersection;Route Non renseignee tioNon renseignee le;Collisions multiples;Cyclomoteur <50cm3;Entre 2 files;VL seul;23;Masculin;Blessee Leger;Non renseignee ;3;3;0;0;2;0;Jeune adulte (18-24);Sans pieton;Sans moto;2 VL;Sans poids lourd;Jeune adulte (18-24);3-5 usagers
Leger;17/06/2014;15:35;Boulogne-Billancourt;Plein jour;Autre;Hors intersection;Voie commuNon renseignee le;Collision par l'arriere;VU seul 1,5T <= PTAC <= 3,5T;Manoeuvre de stationnement;Scooter < 50 cm3;32;Masculin;Indemne;Non renseignee ;2;2;0;0;1;0;Adulte jeune (25-34);Sans pieton;Sans moto;1 VL;Sans poids lourd;Adulte jeune (25-34);2 usagers
Leger;28/06/2014;23:00;Boulogne-Billancourt;Nuit avec eclairage public allumee;Pluie forte;Hors intersection;Voie commuNon renseignee le;Collision par le cote;Scooter < 50 cm3;Non renseignee ;VL seul;27;Masculin;Blessee Leger;Non renseignee ;1;2;0;0;1;0;Adulte jeune (25-34);Sans pieton;Sans moto;1 VL;Sans poids lourd;Adulte jeune (25-34);1 usager
Leger;01/11/2014;20:25;Boulogne-Billancourt;Nuit avec eclairage public allumee;Autre;Intersection en T;Route departementale;Sans collision;Scooter < 50 cm3;Sans changement de direction;Non renseignee ;36;Masculin;Blessee Leger;Non renseignee ;1;1;0;0;0;0;Adulte (35-49);Sans pieton;Sans moto;Aucun VL;Sans poids lourd;Adulte (35-49);1 usager
Leger;03/12/2021;15:30;Gennevilliers;Plein jour;Pluie legere;Intersection en T;Voie commuNon renseignee le;Non renseignee ;Non renseignee ;TourNon renseignee nt A'auche;EDP A-oteur;50;Masculin;Blessee Leger;Non renseignee ;2;2;0;0;1;0;Senior actif (50-64);Sans pieton ;Sans moto;1 VL;Sans poids lourd;Senior actif (50-64);2 usagers
Leger;09/12/2014;07:35;Gennevilliers;Nuit avec eclairage public allumee;Autre;Intersection en X;Route departementale;Sans collision;Scooter < 50 cm3;Sans changement de direction;Non renseignee ;22;Feminin;Blessee Leger;Non renseignee ;1;1;0;0;0;0;Jeune adulte (18-24);Sans pieton;Sans moto;Aucun VL;Sans poids lourd;Jeune adulte (18-24);1 usager
Leger;03/06/2014;09:55;La Garenne-Colombes;Plein jour;Autre;Intersection A0lus de 4 branches;Route departementale;Collision par le cote;Non renseignee ;TourNon renseignee nt A$roite;Scooter < 50 cm3;44;Masculin;Indemne;Non renseignee ;2;2;0;0;0;1;Adulte (35-49);Sans pieton ;Sans moto;Aucun VL;Avec poids lourd;Adulte (35-49);2 usagers
Leger;30/07/2019;17:10;Gennevilliers;Plein jour;Normale;Hors intersection;Autoroute;Non renseignee ;Non renseignee ;Se deportant A$roite;Non renseignee ;27;Masculin;Blessee Leger;Non renseignee ;1;1;0;0;1;0;Adulte jeune (25-34);Sans pieton ;Sans moto;1 VL;Sans poids lourd;Adulte jeune (25-34);1 usager
Leger;02/04/2014;20:30;Neuilly-sur-Seine;Nuit avec eclairage public allumee;Autre;Hors intersection;Voie commuNon renseignee le;Collision par l'arriere;Scooter < 50 cm3;Meme sens, Meme file;VL seul;20;Masculin;Blessee Leger;Non renseignee ;2;2;0;0;1;0;Jeune adulte (18-24);Sans pieton;Sans moto;1 VL;Sans poids lourd;Jeune adulte (18-24);2 usagers
Leger;02/07/2014;18:10;Rueil-Malmaison;Plein jour;Autre;Intersection en X;Route departementale;Collision par le cote;VL seul;TourNon renseignee nt A'auche;Scooter < 50 cm3;45;Feminin;Indemne;Non renseignee ;2;2;0;0;1;0;Adulte (35-49);Sans pieton ;Sans moto;1 VL;Sans poids lourd;Adulte (35-49);2 usagers
Leger;11/11/2014;23:00;Suresnes;Nuit avec eclairage public allumee;Autre;Intersection en T;Route departementale;Collision frontale;VL seul;TourNon renseignee nt A'auche;Cyclomoteur <50cm3;24;Feminin;Indemne;Non renseignee ;2;2;0;0;1;0;Jeune adulte (18-24);Sans pieton ;Sans moto;1 VL;Sans poids lourd;Jeune adulte (18-24);2 usagers
Leger;05/09/2021;10:45;Gennevilliers;Plein jour;Normale;Hors intersection;Autoroute;Non renseignee ;Non renseignee ;Sans changement de direction;Non renseignee ;26;Masculin;Blessee Leger;Non renseignee ;4;3;0;0;3;0;Adulte jeune (25-34);Sans pieton;Sans moto;3 VL ou plus;Sans poids lourd;Adulte jeune (25-34);3-5 usagers
Leger;09/10/2014;18:10;ChateNon renseignee y-Malabry;Plein jour;Autre;Intersection en T;Route departementale;Collision par le cote;VL seul;TourNon renseignee nt A$roite;Bicyclette;51;Feminin;Indemne;Non renseignee ;2;2;0;0;1;0;Senior actif (50-64);Sans pieton ;Sans moto;1 VL;Sans poids lourd;Senior actif (50-64);2 usagers
Leger;28/03/2014;09:10;Colombes;Plein jour;Autre;Intersection en X;Voie commuNon renseignee le;Collision par le cote;VL seul;Sans changement de direction;Bicyclette;14;Masculin;Blessee Leger;Non renseignee ;2;2;0;0;1;0;Mineur (-18 ans);Sans pieton;Sans moto;1 VL;Sans poids lourd;Mineur (-18 ans);2 usagers
Leger;28/06/2006;09:06;Vaucresson;Non renseignee ;Autre;Non renseignee ;Autoroute;Non renseignee ;Non renseignee ;Non renseignee ;VL seul;38;Non renseignee ;Non renseignee ;Non renseignee ;2;2;0;1;1;0;Adulte (35-49);Sans pieton;Avec moto;1 VL;Sans poids lourd;Adulte (35-49);2 usagers
Leger;18/07/2014;17:50;Levallois-Perret;Plein jour;Autre;Hors intersection;Route departementale;Collision par le cote;VL seul;Ouverture de porte;Bicyclette;36;Feminin;Indemne;Non renseignee ;2;2;0;0;1;0;Adulte (35-49);Sans pieton;Sans moto;1 VL;Sans poids lourd;Adulte (35-49);2 usagers
Leger;12/09/2006;07:20;Rueil-Malmaison;Non renseignee ;Autre;Non renseignee ;Route departementale;Non renseignee ;Non renseignee ;Non renseignee ;VL seul;38;Non renseignee ;Non renseignee ;Non renseignee ;2;2;0;1;1;0;Adulte (35-49);Sans pieton;Avec moto;1 VL;Sans poids lourd;Adulte (35-49);2 usagers
Leger;03/07/2014;20:10;Neuilly-sur-Seine;Plein jour;Autre;Hors intersection;Voie commuNon renseignee le;Collision par le cote;VL seul;En stationnement (avec occupants);Bicyclette;60;Masculin;Indemne;Non renseignee ;2;2;0;0;1;0;Senior actif (50-64);Sans pieton;Sans moto;1 VL;Sans poids lourd;Senior actif (50-64);2 usagers
Leger;27/04/2006;19:15;Sevres;Non renseignee ;Autre;Non renseignee ;Route departementale;Non renseignee ;VL seul;Non renseignee ;Non renseignee ;38;Non renseignee ;Non renseignee ;Non renseignee ;1;1;1;0;1;0;Adulte (35-49);Avec pieton;Sans moto;1 VL;Sans poids lourd;Adulte (35-49);1 usager
Leger;29/11/2014;18:55;Rueil-Malmaison;Nuit avec eclairage public allumee;Autre;Hors intersection;Voie commuNon renseignee le;Collision par le cote;VL seul;Ouverture de porte;Bicyclette;54;Masculin;Indemne;Non renseignee ;2;2;0;0;1;0;Senior actif (50-64);Sans pieton;Sans moto;1 VL;Sans poids lourd;Senior actif (50-64);2 usagers
Leger;30/05/2006;13:10;Rueil-Malmaison;Non renseignee ;Autre;Non renseignee ;Non renseignee ;Non renseignee ;VL seul;Non renseignee ;Non renseignee ;38;Non renseignee ;Non renseignee ;Non renseignee ;2;2;0;1;1;0;Adulte (35-49);Sans pieton;Avec moto;1 VL;Sans poids lourd;Adulte (35-49);2 usagers
Leger;25/11/2014;16:15;Asnieres-sur-Seine;Plein jour;Autre;Intersection en X;Voie commuNon renseignee le;Autre collision;VL seul;TourNon renseignee nt A'auche;Non renseignee ;68;Feminin;Blessee Leger;Non renseignee ;1;1;1;0;1;0;Senior (65+);Avec pieton;Sans moto;1 VL;Sans poids lourd;Senior (65+);1 usager
Leger;05/01/2014;16:10;Asnieres-sur-Seine;Plein jour;Autre;Giratoire;Route departementale;Autre collision;VL seul;Sans changement de direction;Non renseignee ;39;Feminin;Indemne;Non renseignee ;2;1;1;0;1;0;Adulte (35-49);Avec pieton;Sans moto;1 VL;Sans poids lourd;Adulte (35-49);2 usagers
Leger;11/07/2014;20:40;Asnieres-sur-Seine;Plein jour;Autre;Hors intersection;Route departementale;Autre collision;VL seul;TourNon renseignee nt A'auche;Non renseignee ;29;Masculin;Indemne;Non renseignee ;2;1;1;0;1;0;Adulte jeune (25-34);Avec pieton;Sans moto;1 VL;Sans poids lourd;Adulte jeune (25-34);2 usagers
Leger;31/03/2006;13:45;Non renseignee nterre;Non renseignee ;Autre;Non renseignee ;Non renseignee ;Non renseignee ;VL seul;Non renseignee ;VL seul;38;Non renseignee ;Non renseignee ;Non renseignee ;2;2;0;0;2;0;Adulte (35-49);Sans pieton;Sans moto;2 VL;Sans poids lourd;Adulte (35-49);2 usagers
Leger;04/02/2006;18:45;Non renseignee nterre;Non renseignee ;Autre;Non renseignee ;Autoroute;Non renseignee ;Non renseignee ;Non renseignee ;VL seul;38;Non renseignee ;Non renseignee ;Non renseignee ;1;2;0;1;1;0;Adulte (35-49);Sans pieton;Avec moto;1 VL;Sans poids lourd;Adulte (35-49);1 usager
Leger;08/10/2014;16:50;Asnieres-sur-Seine;Plein jour;Autre;Intersection en X;Route departementale;Autre collision;Autobus;TourNon renseignee nt A'auche;Non renseignee ;28;Masculin;Blessee Leger;Non renseignee ;2;1;1;0;0;0;Adulte jeune (25-34);Avec pieton;Sans moto;Aucun VL;Sans poids lourd;Adulte jeune (25-34);2 usagers
Leger;04/12/2006;08:30;Saint-Cloud;Non renseignee ;Autre;Non renseignee ;Route departementale;Non renseignee ;Cyclomoteur <50cm3;Non renseignee ;VL seul;38;Non renseignee ;Non renseignee ;Non renseignee ;3;3;0;0;2;0;Adulte (35-49);Sans pieton;Sans moto;2 VL;Sans poids lourd;Adulte (35-49);3-5 usagers
Leger;27/05/2014;14:15;Boulogne-Billancourt;Plein jour;Autre;Intersection en T;Voie commuNon renseignee le;Autre collision;VL seul;Sans changement de direction;Non renseignee ;42;Feminin;Indemne;Non renseignee ;2;1;1;0;1;0;Adulte (35-49);Avec pieton;Sans moto;1 VL;Sans poids lourd;Adulte (35-49);2 usagers
Grave;05/06/2006;09:00;Non renseignee nterre;Non renseignee ;Autre;Non renseignee ;Route departementale;Non renseignee ;Non renseignee ;Non renseignee ;VL seul;38;Non renseignee ;Non renseignee ;Non renseignee ;5;4;0;0;3;0;Adulte (35-49);Sans pieton;Sans moto;3 VL ou plus;Sans poids lourd;Adulte (35-49);3-5 usagers
Leger;21/06/2006;09:50;Saint-Cloud;Non renseignee ;Autre;Non renseignee ;Route departementale;Non renseignee ;Cyclomoteur <50cm3;Non renseignee ;Non renseignee ;38;Non renseignee ;Non renseignee ;Non renseignee ;3;3;0;1;1;0;Adulte (35-49);Sans pieton;Avec moto;1 VL;Sans poids lourd;Adulte (35-49);3-5 usagers
Grave;21/04/2006;21:00;Colombes;Non renseignee ;Autre;Non renseignee ;Route departementale;Non renseignee ;VL seul;Non renseignee ;VL seul;38;Non renseignee ;Non renseignee ;Non renseignee ;3;2;0;0;2;0;Adulte (35-49);Sans pieton;Sans moto;2 VL;Sans poids lourd;Adulte (35-49);3-5 usagers
Grave;19/12/2006;15:30;Colombes;Non renseignee ;Autre;Non renseignee ;Non renseignee ;Non renseignee ;VL seul;Non renseignee ;Non renseignee ;38;Non renseignee ;Non renseignee ;Non renseignee ;3;2;0;1;1;0;Adulte (35-49);Sans pieton;Avec moto;1 VL;Sans poids lourd;Adulte (35-49);3-5 usagers
Leger;12/12/2006;23:20;Meudon;Non renseignee ;Autre;Non renseignee ;Route departementale;Non renseignee ;VL seul;Non renseignee ;VL seul;38;Non renseignee ;Non renseignee ;Non renseignee ;3;2;0;0;2;0;Adulte (35-49);Sans pieton;Sans moto;2 VL;Sans poids lourd;Adulte (35-49);3-5 usagers
Leger;23/08/2006;19:10;Puteaux;Non renseignee ;Autre;Non renseignee ;Route departementale;Non renseignee ;Non renseignee ;Non renseignee ;Non renseignee ;38;Non renseignee ;Non renseignee ;Non renseignee ;1;1;0;1;0;0;Adulte (35-49);Sans pieton;Avec moto;Aucun VL;Sans poids lourd;Adulte (35-49);1 usager
Leger;25/10/2006;07:55;Puteaux;Non renseignee ;Autre;Non renseignee ;Route departementale;Non renseignee ;VL seul;Non renseignee ;VL seul;38;Non renseignee ;Non renseignee ;Non renseignee ;3;3;0;1;2;0;Adulte (35-49);Sans pieton;Avec moto;2 VL;Sans poids lourd;Adulte (35-49);3-5 usagers
Leger;21/03/2006;10:55;Suresnes;Non renseignee ;Autre;Non renseignee ;Route departementale;Non renseignee ;VL seul;Non renseignee ;Non renseignee ;38;Non renseignee ;Non renseignee ;Non renseignee ;2;1;1;0;1;0;Adulte (35-49);Avec pieton;Sans moto;1 VL;Sans poids lourd;Adulte (35-49);2 usagers
Leger;10/07/2006;10:00;Suresnes;Non renseignee ;Autre;Non renseignee ;Route departementale;Non renseignee ;Non renseignee ;Non renseignee ;VU seul 1,5T <= PTAC <= 3,5T;38;Non renseignee ;Non renseignee ;Non renseignee ;2;2;0;1;1;0;Adulte (35-49);Sans pieton;Avec moto;1 VL;Sans poids lourd;Adulte (35-49);2 usagers
Leger;07/04/2006;08:25;Boulogne-Billancourt;Non renseignee ;Autre;Non renseignee ;Route departementale;Non renseignee ;VL seul;Non renseignee ;Non renseignee ;38;Non renseignee ;Non renseignee ;Non renseignee ;2;2;0;1;1;0;Adulte (35-49);Sans pieton;Avec moto;1 VL;Sans poids lourd;Adulte (35-49);2 usagers
Leger;13/10/2006;20:00;Boulogne-Billancourt;Non renseignee ;Autre;Non renseignee ;Route departementale;Non renseignee ;Non renseignee ;Non renseignee ;VL seul;38;Non renseignee ;Non renseignee ;Non renseignee ;3;3;0;1;2;0;Adulte (35-49);Sans pieton;Avec moto;2 VL;Sans poids lourd;Adulte (35-49);3-5 usagers
Leger;06/09/2006;07:26;Colombes;Non renseignee ;Autre;Non renseignee ;Autoroute;Non renseignee ;Non renseignee ;Non renseignee ;VL seul;38;Non renseignee ;Non renseignee ;Non renseignee ;2;2;0;1;1;0;Adulte (35-49);Sans pieton;Avec moto;1 VL;Sans poids lourd;Adulte (35-49);2 usagers
Leger;14/09/2006;13:25;Puteaux;Non renseignee ;Autre;Non renseignee ;Non renseignee ;Non renseignee ;VL seul;Non renseignee ;Non renseignee ;38;Non renseignee ;Non renseignee ;Non renseignee ;2;2;0;0;1;0;Adulte (35-49);Sans pieton;Sans moto;1 VL;Sans poids lourd;Adulte (35-49);2 usagers
Leger;06/07/2006;16:45;Boulogne-Billancourt;Non renseignee ;Autre;Non renseignee ;Non renseignee ;Non renseignee ;VL seul;Non renseignee ;Cyclomoteur <50cm3;38;Non renseignee ;Non renseignee ;Non renseignee ;2;2;0;0;1;0;Adulte (35-49);Sans pieton;Sans moto;1 VL;Sans poids lourd;Adulte (35-49);2 usagers
Leger;16/03/2006;18:40;Boulogne-Billancourt;Non renseignee ;Autre;Non renseignee ;Route departementale;Non renseignee ;VU seul 1,5T <= PTAC <= 3,5T;Non renseignee ;Non renseignee ;38;Non renseignee ;Non renseignee ;Non renseignee ;2;2;0;1;1;0;Adulte (35-49);Sans pieton;Avec moto;1 VL;Sans poids lourd;Adulte (35-49);2 usagers
Leger;13/12/2006;19:23;La Garenne-Colombes;Non renseignee ;Autre;Non renseignee ;Non renseignee ;Non renseignee ;VL seul;Non renseignee ;Non renseignee ;38;Non renseignee ;Non renseignee ;Non renseignee ;2;1;1;0;1;0;Adulte (35-49);Avec pieton;Sans moto;1 VL;Sans poids lourd;Adulte (35-49);2 usagers