type_acci;date;heure;commune;luminosite_accident;cond_atmos;Intersection;categorie_route;type_collision;type_vehicule_1;manoeuvre_vehicule_1;type_vehicule_2;age_usager;sexe_usager;gravite_usager;etat_usager;nombre_usagers;nb_veh;nombre_pietons;nombre_motos;nombre_vl;nombre_pl;age_usa1_categ;accident_pieton;accident_moto;categorie_vl;accident_pl;categorie_age;categorie_usagers
Leger;31/03/2016;17:25;Boulogne-Billancourt;Plein jour;Pluie legere;Intersection en X;Voie commuNon renseignee le;Collision par le cote;VL seul;Sans changement de direction;Non renseignee ;21;Masculin;Indemne;Non renseignee ;2;2;0;0;1;0;Jeune adulte (18-24);Sans pieton;Sans moto;1 VL;Sans poids lourd;Jeune adulte (18-24);2 usagers
Leger;01/08/2016;10:00;Boulogne-Billancourt;Plein jour;Autre;Intersection en X;Voie commuNon renseignee le;Collision frontale;VL seul;Ouverture de porte;Bicyclette;31;Masculin;Indemne;Non renseignee ;2;2;0;0;1;0;Adulte jeune (25-34);Sans pieton;Sans moto;1 VL;Sans poids lourd;Adulte jeune (25-34);2 usagers
Leger;15/12/2016;07:30;Boulogne-Billancourt;Crepuscule ou aube;Autre;Giratoire;Route departementale;Autre collision;Bicyclette;TourNon renseignee nt A$roite;Non renseignee ;55;Masculin;Blessee Leger;Non renseignee ;2;1;1;0;0;0;Senior actif (50-64);Avec pieton;Sans moto;Aucun VL;Sans poids lourd;Senior actif (50-64);2 usagers
Leger;03/02/2016;20:30;Le Plessis-Robinson;Nuit avec eclairage public allumee;Autre;Hors intersection;Route departementale;Collision par le cote;VU seul 1,5T <= PTAC <= 3,5T;Changeant de file A'auche;Bicyclette;68;Feminin;Indemne;Non renseignee ;2;2;0;0;1;0;Senior (65+);Sans pieton;Sans moto;1 VL;Sans poids lourd;Senior (65+);2 usagers
Leger;08/02/2016;09:30;Clichy;Plein jour;Autre;Hors intersection;Route departementale;Collision par le cote;VL seul;Ouverture de porte;Bicyclette;40;Masculin;Indemne;Non renseignee ;2;2;0;0;1;0;Adulte (35-49);Sans pieton;Sans moto;1 VL;Sans poids lourd;Adulte (35-49);2 usagers
Leger;12/05/2016;12:20;Clichy;Plein jour;Autre;Intersection en X;Route departementale;Collision par le cote;PL seul > 7,5T;TourNon renseignee nt A$roite;Bicyclette;60;Masculin;Indemne;Non renseignee ;2;2;0;0;0;1;Senior actif (50-64);Sans pieton ;Sans moto;Aucun VL;Avec poids lourd;Senior actif (50-64);2 usagers
Leger;13/07/2016;17:00;Clichy;Plein jour;Autre;Intersection en X;Route departementale;Collision par le cote;VL seul;TourNon renseignee nt A$roite;Bicyclette;45;Feminin;Blessee Leger;Non renseignee ;2;2;0;0;1;0;Adulte (35-49);Sans pieton ;Sans moto;1 VL;Sans poids lourd;Adulte (35-49);2 usagers
Leger;05/08/2016;08:55;Clichy;Plein jour;Autre;Hors intersection;Route departementale;Collision par le cote;VL seul;S inserant;Bicyclette;26;Masculin;Indemne;Non renseignee ;2;2;0;0;1;0;Adulte jeune (25-34);Sans pieton;Sans moto;1 VL;Sans poids lourd;Adulte jeune (25-34);2 usagers
Leger;12/05/2016;12:00;Colombes;Plein jour;Autre;Intersection en T;Route departementale;Collision par l'arriere;Non renseignee ;En marche arriere;Bicyclette;40;Masculin;Indemne;Non renseignee ;2;2;0;0;0;1;Adulte (35-49);Sans pieton;Sans moto;Aucun VL;Avec poids lourd;Adulte (35-49);2 usagers
Leger;30/11/2016;20:30;Non renseignee nterre;Nuit avec eclairage public allumee;Autre;Hors intersection;Route departementale;Collision par le cote;VL seul;Non renseignee ;Bicyclette;35;Masculin;Indemne;Non renseignee ;2;2;0;0;1;0;Adulte (35-49);Sans pieton;Sans moto;1 VL;Sans poids lourd;Adulte (35-49);2 usagers
Leger;16/01/2016;17:35;Rueil-Malmaison;Crepuscule ou aube;Autre;Hors intersection;Route departementale;Collision par le cote;VL seul;Ouverture de porte;Bicyclette;74;Feminin;Indemne;Non renseignee ;2;2;0;0;1;0;Senior (65+);Sans pieton;Sans moto;1 VL;Sans poids lourd;Senior (65+);2 usagers
Leger;25/03/2016;19:30;Suresnes;Nuit avec eclairage public allumee;Autre;Intersection en T;Route departementale;Collision par le cote;VL seul;TourNon renseignee nt A$roite;Bicyclette;54;Feminin;Indemne;Non renseignee ;2;2;0;0;1;0;Senior actif (50-64);Sans pieton ;Sans moto;1 VL;Sans poids lourd;Senior actif (50-64);2 usagers
Leger;20/10/2016;20:45;Puteaux;Nuit avec eclairage public non allumee;Pluie legere;Hors intersection;Voie commuNon renseignee le;Autre collision;Scooter > 125 cm3;Sans changement de direction;Non renseignee ;37;Masculin;Blessee Leger;Non renseignee ;2;1;1;1;0;0;Adulte (35-49);Avec pieton;Avec moto;Aucun VL;Sans poids lourd;Adulte (35-49);2 usagers
Leger;22/09/2016;16:50;Asnieres-sur-Seine;Plein jour;Autre;Hors intersection;Route departementale;Autre collision;VL seul;Sans changement de direction;Non renseignee ;25;Feminin;Indemne;Non renseignee ;3;1;1;0;1;0;Adulte jeune (25-34);Avec pieton;Sans moto;1 VL;Sans poids lourd;Adulte jeune (25-34);3-5 usagers
Leger;04/10/2016;12:00;Bois-Colombes;Plein jour;Autre;Giratoire;Route departementale;Autre collision;VU seul 1,5T <= PTAC <= 3,5T;Sans changement de direction;Non renseignee ;19;Masculin;Indemne;Non renseignee ;2;1;1;0;1;0;Jeune adulte (18-24);Avec pieton;Sans moto;1 VL;Sans poids lourd;Jeune adulte (18-24);2 usagers
Leger;24/10/2016;16:30;Boulogne-Billancourt;Plein jour;Autre;Hors intersection;Voie commuNon renseignee le;Autre collision;Bicyclette;A contresens;Non renseignee ;45;Masculin;Indemne;Non renseignee ;2;1;1;0;0;0;Adulte (35-49);Avec pieton;Sans moto;Aucun VL;Sans poids lourd;Adulte (35-49);2 usagers
Leger;30/03/2016;10:00;Clichy;Plein jour;Pluie legere;Intersection en X;Route departementale;Autre collision;VL seul;TourNon renseignee nt A'auche;Non renseignee ;35;Masculin;Indemne;Non renseignee ;2;1;1;0;1;0;Adulte (35-49);Avec pieton;Sans moto;1 VL;Sans poids lourd;Adulte (35-49);2 usagers
Leger;21/04/2016;14:30;Clichy;Plein jour;Autre;Intersection en T;Voie commuNon renseignee le;Autre collision;Scooter < 50 cm3;Sans changement de direction;Non renseignee ;25;Masculin;Indemne;Non renseignee ;2;1;1;0;0;0;Adulte jeune (25-34);Avec pieton;Sans moto;Aucun VL;Sans poids lourd;Adulte jeune (25-34);2 usagers
Leger;20/07/2016;20:10;Courbevoie;Plein jour;Autre;Hors intersection;Route departementale;Autre collision;VL seul;TourNon renseignee nt A'auche;Non renseignee ;50;Masculin;Indemne;Non renseignee ;2;1;1;0;1;0;Senior actif (50-64);Avec pieton;Sans moto;1 VL;Sans poids lourd;Senior actif (50-64);2 usagers
Leger;19/04/2016;13:45;Gennevilliers;Plein jour;Autre;Hors intersection;Route departementale;Autre collision;Cyclomoteur <50cm3;Sans changement de direction;Non renseignee ;69;Masculin;Blessee Leger;Non renseignee ;1;1;1;0;0;0;Senior (65+);Avec pieton;Sans moto;Aucun VL;Sans poids lourd;Senior (65+);1 usager
Leger;16/11/2021;10:00;Non renseignee nterre;Plein jour;Temps couvert;Hors intersection;Autoroute;Non renseignee ;Motocyclette > 125 cm3;TourNon renseignee nt A$roite;Non renseignee ;47;Masculin;Blessee Leger;Non renseignee ;1;1;0;1;0;0;Adulte (35-49);Sans pieton ;Avec moto;Aucun VL;Sans poids lourd;Adulte (35-49);1 usager
Leger;30/04/2021;01:00;La Garenne-Colombes;Nuit avec eclairage public allumee;Normale;Hors intersection;Route departementale;Non renseignee ;Scooter < 50 cm3;Autres manoeuvre;Non renseignee ;17;Masculin;Blessee Leger;Non renseignee ;1;1;0;0;0;0;Mineur (-18 ans);Sans pieton;Sans moto;Aucun VL;Sans poids lourd;Mineur (-18 ans);1 usager
Leger;19/04/2021;14:38;La Garenne-Colombes;Plein jour;Normale;Hors intersection;Route departementale;Non renseignee ;Non renseignee ;En faisant demi-tour sur la chaussee;Non renseignee ;17;Masculin;Blessee Leger;Non renseignee ;2;2;0;0;1;0;Mineur (-18 ans);Sans pieton;Sans moto;1 VL;Sans poids lourd;Mineur (-18 ans);2 usagers
Grave;22/10/2021;20:25;Non renseignee nterre;Nuit avec eclairage public allumee;Normale;Hors intersection;Autoroute;Non renseignee ;Non renseignee ;Changeant de file A$roite;Motocyclette > 125 cm3;26;Masculin;Blessee hospitalisee;Non renseignee ;3;2;0;1;1;0;Adulte jeune (25-34);Sans pieton;Avec moto;1 VL;Sans poids lourd;Adulte jeune (25-34);3-5 usagers
Leger;05/07/2019;07:00;La Garenne-Colombes;Plein jour;Normale;Intersection en T;Route departementale;Non renseignee ;VU seul 1,5T <= PTAC <= 3,5T;TourNon renseignee nt A$roite;Non renseignee ;40;Masculin;Indemne;Non renseignee ;2;1;1;0;1;0;Adulte (35-49);Avec pieton;Sans moto;1 VL;Sans poids lourd;Adulte (35-49);2 usagers
Leger;15/02/2020;19:45;La Garenne-Colombes;Nuit avec eclairage public allumee;Pluie legere;Intersection en X;Route departementale;Non renseignee ;Non renseignee ;TourNon renseignee nt A$roite;Non renseignee ;63;Feminin;Blessee Leger;Non renseignee ;4;2;0;0;2;0;Senior actif (50-64);Sans pieton ;Sans moto;2 VL;Sans poids lourd;Senior actif (50-64);3-5 usagers
Leger;13/03/2021;21:05;La Garenne-Colombes;Nuit avec eclairage public allumee;Pluie legere;Hors intersection;Route departementale;Non renseignee ;Scooter > 125 cm3;Sans changement de direction;Non renseignee ;27;Masculin;Blessee Leger;Non renseignee ;1;1;0;1;0;0;Adulte jeune (25-34);Sans pieton;Avec moto;Aucun VL;Sans poids lourd;Adulte jeune (25-34);1 usager
Leger;24/01/2019;11:20;Non renseignee nterre;Plein jour;Normale;Hors intersection;Voie commuNon renseignee le;Non renseignee ;VU seul 1,5T <= PTAC <= 3,5T;En marche arriere;Non renseignee ;40;Masculin;Indemne;Non renseignee ;3;2;0;0;2;0;Adulte (35-49);Sans pieton;Sans moto;2 VL;Sans poids lourd;Adulte (35-49);3-5 usagers
Leger;16/11/2021;17:50;Asnieres-sur-Seine;Crepuscule ou aube;Normale;Intersection en X;Route departementale;Non renseignee ;Scooter > 125 cm3;TourNon renseignee nt A$roite;Non renseignee ;31;Masculin;Blessee Leger;Non renseignee ;3;2;0;1;1;0;Adulte jeune (25-34);Sans pieton ;Avec moto;1 VL;Sans poids lourd;Adulte jeune (25-34);3-5 usagers
Leger;28/04/2021;07:50;Asnieres-sur-Seine;Plein jour;Normale;Hors intersection;Route departementale;Non renseignee ;VU seul 1,5T <= PTAC <= 3,5T;Sans changement de direction;Motocyclette > 125 cm3;23;Masculin;Blessee Leger;Non renseignee ;2;2;0;1;1;0;Jeune adulte (18-24);Sans pieton;Avec moto;1 VL;Sans poids lourd;Jeune adulte (18-24);2 usagers
Mortel;16/06/2021;10:21;La Garenne-Colombes;Plein jour;Normale;Intersection en X;Route departementale;Non renseignee ;PL seul > 7,5T;Sans changement de direction;Non renseignee ;79;Feminin;Tue;Non renseignee ;2;1;1;0;0;1;Senior (65+);Avec pieton;Sans moto;Aucun VL;Avec poids lourd;Senior (65+);2 usagers
Leger;22/02/2021;17:00;Colombes;Plein jour;Normale;Hors intersection;Hors reseau public;Non renseignee ;Scooter < 50 cm3;Circulant sur trottoir;Non renseignee ;6;Feminin;Blessee Leger;Non renseignee ;2;1;1;0;0;0;Mineur (-18 ans);Avec pieton;Sans moto;Aucun VL;Sans poids lourd;Mineur (-18 ans);2 usagers
Leger;07/03/2020;02:30;Asnieres-sur-Seine;Nuit avec eclairage public allumee;Pluie legere;Hors intersection;Route departementale;Non renseignee ;Non renseignee ;Meme sens, Meme file;Non renseignee ;40;Masculin;Blessee Leger;Non renseignee ;1;1;0;0;1;0;Adulte (35-49);Sans pieton;Sans moto;1 VL;Sans poids lourd;Adulte (35-49);1 usager
Leger;10/07/2019;17:45;Asnieres-sur-Seine;Plein jour;Normale;Hors intersection;Voie commuNon renseignee le;Non renseignee ;Non renseignee ;TourNon renseignee nt A'auche;Non renseignee ;59;Feminin;Indemne;Non renseignee ;2;2;0;0;1;0;Senior actif (50-64);Sans pieton ;Sans moto;1 VL;Sans poids lourd;Senior actif (50-64);2 usagers
Leger;17/06/2021;07:00;Asnieres-sur-Seine;Crepuscule ou aube;Normale;Intersection en X;Voie commuNon renseignee le;Non renseignee ;Scooter < 50 cm3;TourNon renseignee nt A$roite;Non renseignee ;41;Masculin;Blessee Leger;Non renseignee ;1;1;0;0;0;0;Adulte (35-49);Sans pieton ;Sans moto;Aucun VL;Sans poids lourd;Adulte (35-49);1 usager
Leger;18/12/2021;19:10;Colombes;Nuit avec eclairage public allumee;Normale;Intersection en T;Voie commuNon renseignee le;Non renseignee ;Non renseignee ;Meme sens, Meme file;Non renseignee ;3;Feminin;Blessee Leger;Non renseignee ;4;1;1;0;1;0;Mineur (-18 ans);Avec pieton;Sans moto;1 VL;Sans poids lourd;Mineur (-18 ans);3-5 usagers
Leger;08/08/2020;04:30;Bois-Colombes;Nuit avec eclairage public allumee;Normale;Hors intersection;Voie commuNon renseignee le;Non renseignee ;Scooter < 50 cm3;Sans changement de direction;Non renseignee ;17;Masculin;Blessee Leger;Non renseignee ;2;1;0;0;0;0;Mineur (-18 ans);Sans pieton;Sans moto;Aucun VL;Sans poids lourd;Mineur (-18 ans);2 usagers
Leger;09/03/2019;13:20;Colombes;Plein jour;Normale;Hors intersection;Route departementale;Non renseignee ;Non renseignee ;En marche arriere;Non renseignee ;21;Masculin;Indemne;Non renseignee ;2;1;1;0;1;0;Jeune adulte (18-24);Avec pieton;Sans moto;1 VL;Sans poids lourd;Jeune adulte (18-24);2 usagers
Leger;18/11/2019;10:20;Colombes;Plein jour;Pluie legere;Hors intersection;Route departementale;Non renseignee ;Non renseignee ;Depassant A'auche;VU seul 1,5T <= PTAC <= 3,5T;45;Masculin;Blessee Leger;Non renseignee ;2;2;0;0;2;0;Adulte (35-49);Sans pieton;Sans moto;2 VL;Sans poids lourd;Adulte (35-49);2 usagers
Leger;02/07/2021;15:00;Villeneuve-la-Garenne;Plein jour;Normale;Hors intersection;Autoroute;Non renseignee ;Non renseignee ;Meme sens, Meme file;Non renseignee ;71;Feminin;Blessee Leger;Non renseignee ;3;2;0;0;2;0;Senior (65+);Sans pieton;Sans moto;2 VL;Sans poids lourd;Senior (65+);3-5 usagers
Leger;27/09/2021;15:05;Gennevilliers;Plein jour;Normale;Hors intersection;Route Non renseignee tioNon renseignee le;Non renseignee ;Non renseignee ;Autres manoeuvre;Non renseignee ;39;Feminin;Blessee Leger;Non renseignee ;3;2;0;0;2;0;Adulte (35-49);Sans pieton;Sans moto;2 VL;Sans poids lourd;Adulte (35-49);3-5 usagers
Leger;17/03/2021;08:00;Gennevilliers;Plein jour;Pluie legere;Hors intersection;Autoroute;Non renseignee ;Motocyclette > 125 cm3;Sans changement de direction;Non renseignee ;25;Masculin;Blessee Leger;Non renseignee ;3;3;0;1;2;0;Adulte jeune (25-34);Sans pieton;Avec moto;2 VL;Sans poids lourd;Adulte jeune (25-34);3-5 usagers
Leger;02/07/2021;12:50;Gennevilliers;Plein jour;Normale;Hors intersection;Autoroute;Non renseignee ;Motocyclette > 50 cm3 et <= 125 cm3;Sans changement de direction;Non renseignee ;56;Masculin;Blessee Leger;Non renseignee ;1;1;0;1;0;0;Senior actif (50-64);Sans pieton;Avec moto;Aucun VL;Sans poids lourd;Senior actif (50-64);1 usager
Leger;30/05/2020;20:50;Gennevilliers;Plein jour;Normale;Hors intersection;Voie commuNon renseignee le;Non renseignee ;Motocyclette > 125 cm3;Sedeportant A'auche;Non renseignee ;22;Masculin;Blessee Leger;Non renseignee ;1;1;0;1;0;0;Jeune adulte (18-24);Sans pieton ;Avec moto;Aucun VL;Sans poids lourd;Jeune adulte (18-24);1 usager
Leger;13/12/2006;11:15;Sevres;Non renseignee ;Autre;Non renseignee ;Non renseignee ;Non renseignee ;VL seul;Non renseignee ;Non renseignee ;38;Non renseignee ;Non renseignee ;Non renseignee ;2;1;1;0;1;0;Adulte (35-49);Avec pieton;Sans moto;1 VL;Sans poids lourd;Adulte (35-49);2 usagers
Leger;27/11/2006;14:50;Suresnes;Non renseignee ;Autre;Non renseignee ;Route departementale;Non renseignee ;VL seul;Non renseignee ;VL seul;38;Non renseignee ;Non renseignee ;Non renseignee ;4;2;0;0;2;0;Adulte (35-49);Sans pieton;Sans moto;2 VL;Sans poids lourd;Adulte (35-49);3-5 usagers
Leger;02/11/2006;08:16;Suresnes;Non renseignee ;Autre;Non renseignee ;Non renseignee ;Non renseignee ;VL seul;Non renseignee ;Non renseignee ;38;Non renseignee ;Non renseignee ;Non renseignee ;2;2;0;1;1;0;Adulte (35-49);Sans pieton;Avec moto;1 VL;Sans poids lourd;Adulte (35-49);2 usagers
Leger;10/11/2006;17:50;Sevres;Non renseignee ;Autre;Non renseignee ;Non renseignee ;Non renseignee ;Bicyclette;Non renseignee ;Non renseignee ;38;Non renseignee ;Non renseignee ;Non renseignee ;2;1;1;0;0;0;Adulte (35-49);Avec pieton;Sans moto;Aucun VL;Sans poids lourd;Adulte (35-49);2 usagers
Grave;28/02/2006;09:15;Sevres;Non renseignee ;Autre;Non renseignee ;Route departementale;Non renseignee ;Non renseignee ;Non renseignee ;Non renseignee ;38;Non renseignee ;Non renseignee ;Non renseignee ;2;1;1;1;0;0;Adulte (35-49);Avec pieton;Avec moto;Aucun VL;Sans poids lourd;Adulte (35-49);2 usagers
Leger;22/02/2006;08:30;Clamart;Non renseignee ;Autre;Non renseignee ;Route departementale;Non renseignee ;Non renseignee ;Non renseignee ;Non renseignee ;38;Non renseignee ;Non renseignee ;Non renseignee ;2;1;1;1;0;0;Adulte (35-49);Avec pieton;Avec moto;Aucun VL;Sans poids lourd;Adulte (35-49);2 usagers
Leger;07/11/2006;18:05;Colombes;Non renseignee ;Autre;Non renseignee ;Route departementale;Non renseignee ;VL seul;Non renseignee ;Non renseignee ;38;Non renseignee ;Non renseignee ;Non renseignee ;2;1;1;0;1;0;Adulte (35-49);Avec pieton;Sans moto;1 VL;Sans poids lourd;Adulte (35-49);2 usagers
Leger;22/05/2006;15:10;Clamart;Non renseignee ;Autre;Non renseignee ;Route departementale;Non renseignee ;VL seul;Non renseignee ;Non renseignee ;38;Non renseignee ;Non renseignee ;Non renseignee ;2;1;1;0;1;0;Adulte (35-49);Avec pieton;Sans moto;1 VL;Sans poids lourd;Adulte (35-49);2 usagers
Leger;15/05/2006;15:30;Puteaux;Non renseignee ;Autre;Non renseignee ;Non renseignee ;Non renseignee ;VL seul;Non renseignee ;Non renseignee ;38;Non renseignee ;Non renseignee ;Non renseignee ;2;1;1;0;1;0;Adulte (35-49);Avec pieton;Sans moto;1 VL;Sans poids lourd;Adulte (35-49);2 usagers
Leger;29/06/2006;07:50;Boulogne-Billancourt;Non renseignee ;Autre;Non renseignee ;Non renseignee ;Non renseignee ;VL seul;Non renseignee ;Bicyclette;38;Non renseignee ;Non renseignee ;Non renseignee ;2;2;0;0;1;0;Adulte (35-49);Sans pieton;Sans moto;1 VL;Sans poids lourd;Adulte (35-49);2 usagers
Leger;10/10/2006;10:30;Boulogne-Billancourt;Non renseignee ;Autre;Non renseignee ;Non renseignee ;Non renseignee ;VL seul;Non renseignee ;Non renseignee ;38;Non renseignee ;Non renseignee ;Non renseignee ;1;1;0;0;1;0;Adulte (35-49);Sans pieton;Sans moto;1 VL;Sans poids lourd;Adulte (35-49);1 usager
Grave;30/05/2006;10:20;Boulogne-Billancourt;Non renseignee ;Autre;Non renseignee ;Route departementale;Non renseignee ;Non renseignee ;Non renseignee ;Non renseignee ;38;Non renseignee ;Non renseignee ;Non renseignee ;2;1;1;1;0;0;Adulte (35-49);Avec pieton;Avec moto;Aucun VL;Sans poids lourd;Adulte (35-49);2 usagers
Leger;09/05/2006;18:15;Courbevoie;Non renseignee ;Autre;Non renseignee ;Non renseignee ;Non renseignee ;Bicyclette;Non renseignee ;Non renseignee ;38;Non renseignee ;Non renseignee ;Non renseignee ;2;1;1;0;0;0;Adulte (35-49);Avec pieton;Sans moto;Aucun VL;Sans poids lourd;Adulte (35-49);2 usagers
Leger;26/04/2006;13:40;Puteaux;Non renseignee ;Autre;Non renseignee ;Route departementale;Non renseignee ;Non renseignee ;Non renseignee ;Bicyclette;38;Non renseignee ;Non renseignee ;Non renseignee ;3;2;0;0;0;0;Adulte (35-49);Sans pieton;Sans moto;Aucun VL;Sans poids lourd;Adulte (35-49);3-5 usagers
Leger;01/03/2006;09:20;Clamart;Non renseignee ;Autre;Non renseignee ;Route departementale;Non renseignee ;VL seul;Non renseignee ;Non renseignee ;38;Non renseignee ;Non renseignee ;Non renseignee ;2;2;0;1;1;0;Adulte (35-49);Sans pieton;Avec moto;1 VL;Sans poids lourd;Adulte (35-49);2 usagers
Leger;03/02/2006;01:55;Clamart;Non renseignee ;Autre;Non renseignee ;Route departementale;Non renseignee ;VL seul;Non renseignee ;Cyclomoteur <50cm3;38;Non renseignee ;Non renseignee ;Non renseignee ;2;2;0;0;1;0;Adulte (35-49);Sans pieton;Sans moto;1 VL;Sans poids lourd;Adulte (35-49);2 usagers
Leger;20/11/2006;19:30;ChateNon renseignee y-Malabry;Non renseignee ;Autre;Non renseignee ;Route departementale;Non renseignee ;Non renseignee ;Non renseignee ;VL seul;38;Non renseignee ;Non renseignee ;Non renseignee ;2;2;0;1;1;0;Adulte (35-49);Sans pieton;Avec moto;1 VL;Sans poids lourd;Adulte (35-49);2 usagers
Leger;17/02/2006;12:20;Asnieres-sur-Seine;Non renseignee ;Autre;Non renseignee ;Route departementale;Non renseignee ;VL seul;Non renseignee ;Non renseignee ;38;Non renseignee ;Non renseignee ;Non renseignee ;2;1;1;0;1;0;Adulte (35-49);Avec pieton;Sans moto;1 VL;Sans poids lourd;Adulte (35-49);2 usagers
Grave;15/03/2006;11:55;Neuilly-sur-Seine;Non renseignee ;Autre;Non renseignee ;Route departementale;Non renseignee ;Non renseignee ;Non renseignee ;Non renseignee ;38;Non renseignee ;Non renseignee ;Non renseignee ;2;1;1;1;0;0;Adulte (35-49);Avec pieton;Avec moto;Aucun VL;Sans poids lourd;Adulte (35-49);2 usagers
Grave;01/08/2006;20:10;Malakoff;Non renseignee ;Autre;Non renseignee ;Route departementale;Non renseignee ;Cyclomoteur <50cm3;Non renseignee ;VL seul;38;Non renseignee ;Non renseignee ;Non renseignee ;2;2;0;0;1;0;Adulte (35-49);Sans pieton;Sans moto;1 VL;Sans poids lourd;Adulte (35-49);2 usagers
Leger;12/10/2006;11:30;Chatillon;Non renseignee ;Autre;Non renseignee ;Non renseignee ;Non renseignee ;VU seul 1,5T <= PTAC <= 3,5T;Non renseignee ;VU seul 1,5T <= PTAC <= 3,5T;38;Non renseignee ;Non renseignee ;Non renseignee ;2;2;0;0;2;0;Adulte (35-49);Sans pieton;Sans moto;2 VL;Sans poids lourd;Adulte (35-49);2 usagers
Leger;17/09/2006;13:10;Levallois-Perret;Non renseignee ;Autre;Non renseignee ;Non renseignee ;Non renseignee ;VL seul;Non renseignee ;Non renseignee ;38;Non renseignee ;Non renseignee ;Non renseignee ;2;1;1;0;1;0;Adulte (35-49);Avec pieton;Sans moto;1 VL;Sans poids lourd;Adulte (35-49);2 usagers
Leger;06/01/2006;17:00;Chatillon;Non renseignee ;Autre;Non renseignee ;Non renseignee ;Non renseignee ;VL seul;Non renseignee ;Non renseignee ;38;Non renseignee ;Non renseignee ;Non renseignee ;1;1;1;0;1;0;Adulte (35-49);Avec pieton;Sans moto;1 VL;Sans poids lourd;Adulte (35-49);1 usager
Grave;21/08/2006;18:15;Gennevilliers;Non renseignee ;Autre;Non renseignee ;Route departementale;Non renseignee ;Non renseignee ;Non renseignee ;VL seul;38;Non renseignee ;Non renseignee ;Non renseignee ;2;2;0;1;1;0;Adulte (35-49);Sans pieton;Avec moto;1 VL;Sans poids lourd;Adulte (35-49);2 usagers
Leger;30/10/2006;23:15;Asnieres-sur-Seine;Non renseignee ;Autre;Non renseignee ;Route departementale;Non renseignee ;VL seul;Non renseignee ;Non renseignee ;38;Non renseignee ;Non renseignee ;Non renseignee ;1;1;1;0;1;0;Adulte (35-49);Avec pieton;Sans moto;1 VL;Sans poids lourd;Adulte (35-49);1 usager
Leger;24/01/2006;08:10;Montrouge;Non renseignee ;Autre;Non renseignee ;Route departementale;Non renseignee ;VL seul;Non renseignee ;Non renseignee ;38;Non renseignee ;Non renseignee ;Non renseignee ;2;2;0;1;1;0;Adulte (35-49);Sans pieton;Avec moto;1 VL;Sans poids lourd;Adulte (35-49);2 usagers
Grave;19/09/2006;18:40;FonteNon renseignee y-aux-Roses;Non renseignee ;Autre;Non renseignee ;Route departementale;Non renseignee ;VL seul;Non renseignee ;Non renseignee ;38;Non renseignee ;Non renseignee ;Non renseignee ;2;1;1;0;1;0;Adulte (35-49);Avec pieton;Sans moto;1 VL;Sans poids lourd;Adulte (35-49);2 usagers
Leger;24/11/2006;10:50;Montrouge;Non renseignee ;Autre;Non renseignee ;Route departementale;Non renseignee ;PL seul > 7,5T;Non renseignee ;Non renseignee ;38;Non renseignee ;Non renseignee ;Non renseignee ;3;2;0;0;0;1;Adulte (35-49);Sans pieton;Sans moto;Aucun VL;Avec poids lourd;Adulte (35-49);3-5 usagers
Leger;17/01/2006;07:45;Montrouge;Non renseignee ;Autre;Non renseignee ;Non renseignee ;Non renseignee ;VL seul;Non renseignee ;Non renseignee ;38;Non renseignee ;Non renseignee ;Non renseignee ;2;1;1;0;1;0;Adulte (35-49);Avec pieton;Sans moto;1 VL;Sans poids lourd;Adulte (35-49);2 usagers
Leger;28/04/2006;14:40;Bagneux;Non renseignee ;Autre;Non renseignee ;Route departementale;Non renseignee ;VL seul;Non renseignee ;Non renseignee ;38;Non renseignee ;Non renseignee ;Non renseignee ;2;2;0;1;1;0;Adulte (35-49);Sans pieton;Avec moto;1 VL;Sans poids lourd;Adulte (35-49);2 usagers
Leger;27/01/2007;15:30;Sceaux;Plein jour;Autre;Giratoire;Route departementale;Autre collision;Scooter > 50 cm3 et <= 125 cm3;Sans changement de direction;Non renseignee ;29;Masculin;Indemne;Non renseignee ;2;1;1;1;0;0;Adulte jeune (25-34);Avec pieton;Avec moto;Aucun VL;Sans poids lourd;Adulte jeune (25-34);2 usagers
Leger;16/06/2007;14:30;Chatillon;Plein jour;Autre;Intersection en X;Route departementale;Collision par le cote;VL seul;TourNon renseignee nt A'auche;Bicyclette;25;Feminin;Indemne;Non renseignee ;2;2;0;0;1;0;Adulte jeune (25-34);Sans pieton ;Sans moto;1 VL;Sans poids lourd;Adulte jeune (25-34);2 usagers
Leger;19/08/2007;16:15;Gennevilliers;Plein jour;Pluie legere;Hors intersection;Autoroute;Sans collision;VL seul;Sans changement de direction;Non renseignee ;54;Masculin;Blessee Leger;Non renseignee ;1;1;0;0;1;0;Senior actif (50-64);Sans pieton;Sans moto;1 VL;Sans poids lourd;Senior actif (50-64);1 usager
Leger;24/10/2007;11:55;Asnieres-sur-Seine;Plein jour;Autre;Intersection en T;Route departementale;Autre collision;VU seul 1,5T <= PTAC <= 3,5T;TourNon renseignee nt A'auche;Non renseignee ;24;Masculin;Indemne;Non renseignee ;2;1;1;0;1;0;Jeune adulte (18-24);Avec pieton;Sans moto;1 VL;Sans poids lourd;Jeune adulte (18-24);2 usagers
Leger;18/09/2007;22:45;Asnieres-sur-Seine;Nuit avec eclairage public allumee;Autre;Hors intersection;Route departementale;Collision par l'arriere;VL seul;Meme sens, Meme file;Motocyclette > 125 cm3;20;Masculin;Indemne;Non renseignee ;3;2;0;1;1;0;Jeune adulte (18-24);Sans pieton;Avec moto;1 VL;Sans poids lourd;Jeune adulte (18-24);3-5 usagers