type_acci;date;heure;commune;luminosite_accident;cond_atmos;Intersection;categorie_route;type_collision;type_vehicule_1;manoeuvre_vehicule_1;type_vehicule_2;age_usager;sexe_usager;gravite_usager;etat_usager;nombre_usagers;nb_veh;nombre_pietons;nombre_motos;nombre_vl;nombre_pl;age_usa1_categ;accident_pieton;accident_moto;categorie_vl;accident_pl;categorie_age;categorie_usagers
Leger;30/09/2010;16:20;Meudon;Plein jour;Autre;Hors intersection;Voie commuNon renseignee le;Sans collision;Cyclomoteur <50cm3;Sans changement de direction;Non renseignee ;17;Masculin;Blessee Leger;Non renseignee ;1;1;0;0;0;0;Mineur (-18 ans);Sans pieton;Sans moto;Aucun VL;Sans poids lourd;Mineur (-18 ans);1 usager
Leger;02/10/2010;09:00;Courbevoie;Plein jour;Pluie legere;Hors intersection;Route Non renseignee tioNon renseignee le;Collision par l'arriere;VL seul;Meme sens, Meme file;VU seul 1,5T <= PTAC <= 3,5T;51;Masculin;Indemne;Non renseignee ;3;2;0;0;2;0;Senior actif (50-64);Sans pieton;Sans moto;2 VL;Sans poids lourd;Senior actif (50-64);3-5 usagers
Leger;03/10/2010;18:05;Clichy;Plein jour;Autre;Hors intersection;Voie commuNon renseignee le;Autre collision;VL seul;En marche arriere;Non renseignee ;25;Masculin;Indemne;Non renseignee ;2;1;1;0;1;0;Adulte jeune (25-34);Avec pieton;Sans moto;1 VL;Sans poids lourd;Adulte jeune (25-34);2 usagers
Leger;06/10/2010;11:30;Saint-Cloud;Plein jour;Pluie legere;Intersection en T;Route departementale;Collision par le cote;Motocyclette > 50 cm3 et <= 125 cm3;Non renseignee ;PL seul > 7,5T;52;Masculin;Blessee Leger;Non renseignee ;2;2;0;1;0;1;Senior actif (50-64);Sans pieton;Avec moto;Aucun VL;Avec poids lourd;Senior actif (50-64);2 usagers
Leger;06/10/2010;16:10;Vanves;Plein jour;Pluie legere;Hors intersection;Route departementale;Collision par le cote;VL seul;S inserant;Motocyclette > 50 cm3 et <= 125 cm3;39;Masculin;Indemne;Non renseignee ;2;2;0;1;1;0;Adulte (35-49);Sans pieton;Avec moto;1 VL;Sans poids lourd;Adulte (35-49);2 usagers
Leger;09/10/2010;20:15;Gennevilliers;Nuit sanseclairage public;Autre;Hors intersection;Autoroute;Collisions en chaine;VL seul;Meme sens, Meme file;VL seul;29;Masculin;Indemne;Non renseignee ;4;3;0;0;3;0;Adulte jeune (25-34);Sans pieton;Sans moto;3 VL ou plus;Sans poids lourd;Adulte jeune (25-34);3-5 usagers
Leger;15/10/2010;08:50;Boulogne-Billancourt;Plein jour;Autre;Intersection en X;Voie commuNon renseignee le;Autre collision;VL seul;TourNon renseignee nt A'auche;Non renseignee ;41;Feminin;Indemne;Non renseignee ;2;1;1;0;1;0;Adulte (35-49);Avec pieton;Sans moto;1 VL;Sans poids lourd;Adulte (35-49);2 usagers
Leger;17/10/2010;01:45;Clamart;Nuit avec eclairage public allumee;Autre;Intersection en X;Route departementale;Collision par l'arriere;VL seul;Meme sens, Meme file;Bicyclette;18;Masculin;Indemne;Non renseignee ;2;2;0;0;1;0;Jeune adulte (18-24);Sans pieton;Sans moto;1 VL;Sans poids lourd;Jeune adulte (18-24);2 usagers
Leger;18/10/2010;20:00;Meudon;Nuit avec eclairage public non allumee;Autre;Hors intersection;Route Non renseignee tioNon renseignee le;Collisions en chaine;VL seul;Sans changement de direction;VL seul;46;Feminin;Indemne;Attention perturbée;3;3;0;0;3;0;Adulte (35-49);Sans pieton;Sans moto;3 VL ou plus;Sans poids lourd;Adulte (35-49);3-5 usagers
Leger;20/10/2010;12:35;Non renseignee nterre;Plein jour;Autre;Hors intersection;Route departementale;Autre collision;Scooter < 50 cm3;Non renseignee ;Non renseignee ;39;Masculin;Blessee Leger;Non renseignee ;2;1;1;0;0;0;Adulte (35-49);Avec pieton;Sans moto;Aucun VL;Sans poids lourd;Adulte (35-49);2 usagers
Leger;21/10/2010;17:40;Gennevilliers;Crepuscule ou aube;Autre;Hors intersection;Route departementale;Autre collision;VL seul;TourNon renseignee nt A'auche;Non renseignee ;25;Masculin;Indemne;Non renseignee ;2;1;1;0;1;0;Adulte jeune (25-34);Avec pieton;Sans moto;1 VL;Sans poids lourd;Adulte jeune (25-34);2 usagers
Leger;23/10/2010;00:50;Bagneux;Nuit avec eclairage public allumee;Autre;Intersection en X;Route departementale;Collisions multiples;VL seul;Meme sens, Meme file;VL seul;30;Masculin;Indemne;Non renseignee ;4;3;0;0;3;0;Adulte jeune (25-34);Sans pieton;Sans moto;3 VL ou plus;Sans poids lourd;Adulte jeune (25-34);3-5 usagers
Leger;24/10/2010;15:05;Colombes;Plein jour;Autre;Intersection en T;Voie commuNon renseignee le;Collision par le cote;Motocyclette > 125 cm3;Sans changement de direction;VL seul;24;Masculin;Blessee Leger;Non renseignee ;2;2;0;1;1;0;Jeune adulte (18-24);Sans pieton;Avec moto;1 VL;Sans poids lourd;Jeune adulte (18-24);2 usagers
Leger;26/10/2010;13:40;Chatillon;Plein jour;Autre;Hors intersection;Route departementale;Collision par l'arriere;VL seul;Sedeportant A'auche;PL seul > 7,5T;44;Masculin;Indemne;Non renseignee ;2;2;0;0;1;1;Adulte (35-49);Sans pieton ;Sans moto;1 VL;Avec poids lourd;Adulte (35-49);2 usagers
Leger;01/11/2010;19:50;Neuilly-sur-Seine;Nuit avec eclairage public allumee;Autre;Hors intersection;Route Non renseignee tioNon renseignee le;Collisions en chaine;VL seul;Sans changement de direction;VL seul;32;Masculin;Indemne;Ivresse apparente;4;3;0;0;3;0;Adulte jeune (25-34);Sans pieton;Sans moto;3 VL ou plus;Sans poids lourd;Adulte jeune (25-34);3-5 usagers
Leger;04/11/2010;11:00;Neuilly-sur-Seine;Plein jour;Temps couvert;Place;Route Non renseignee tioNon renseignee le;Autre collision;VL seul;Sans changement de direction;Non renseignee ;55;Feminin;Indemne;Non renseignee ;2;1;1;0;1;0;Senior actif (50-64);Avec pieton;Sans moto;1 VL;Sans poids lourd;Senior actif (50-64);2 usagers
Leger;09/11/2010;11:00;Marnes-la-Coquette;Plein jour;Pluie legere;Hors intersection;Autoroute;Collision par le cote;VL seul;Changeant de file A$roite;Scooter > 125 cm3;38;Masculin;Blessee Leger;Non renseignee ;2;2;0;1;1;0;Adulte (35-49);Sans pieton;Avec moto;1 VL;Sans poids lourd;Adulte (35-49);2 usagers
Leger;25/11/2010;18:05;Courbevoie;Nuit avec eclairage public allumee;Autre;Intersection en T;Voie commuNon renseignee le;Autre collision;VL seul;TourNon renseignee nt A'auche;Non renseignee ;35;Masculin;Indemne;Non renseignee ;2;1;1;0;1;0;Adulte (35-49);Avec pieton;Sans moto;1 VL;Sans poids lourd;Adulte (35-49);2 usagers
Leger;29/11/2010;07:15;Non renseignee nterre;Nuit avec eclairage public allumee;Autre;Intersection en Y;Voie commuNon renseignee le;Collision par le cote;Cyclomoteur <50cm3;TourNon renseignee nt A$roite;PL seul 3,5T <PTCA <= 7,5T;56;Masculin;Indemne;Non renseignee ;2;2;0;0;0;1;Senior actif (50-64);Sans pieton ;Sans moto;Aucun VL;Avec poids lourd;Senior actif (50-64);2 usagers
Leger;06/12/2010;09:20;Issy-les-Moulineaux;Plein jour;Pluie legere;Intersection en X;Voie commuNon renseignee le;Autre collision;VL seul;Sans changement de direction;Non renseignee ;34;Feminin;Indemne;Non renseignee ;2;1;1;0;1;0;Adulte jeune (25-34);Avec pieton;Sans moto;1 VL;Sans poids lourd;Adulte jeune (25-34);2 usagers
Leger;30/09/2011;13:25;Chaville;Plein jour;Autre;Hors intersection;Route departementale;Collision par le cote;Scooter > 125 cm3;Sans changement de direction;VL seul;20;Masculin;Blessee Leger;Non renseignee ;2;2;0;1;1;0;Jeune adulte (18-24);Sans pieton;Avec moto;1 VL;Sans poids lourd;Jeune adulte (18-24);2 usagers
Leger;30/09/2011;19:00;Neuilly-sur-Seine;Plein jour;Autre;Hors intersection;Route Non renseignee tioNon renseignee le;Collision par le cote;Bicyclette;Non renseignee ;Non renseignee ;35;Masculin;Blessee Leger;Non renseignee ;1;2;0;0;1;0;Adulte (35-49);Sans pieton;Sans moto;1 VL;Sans poids lourd;Adulte (35-49);1 usager
Leger;30/09/2011;08:45;Saint-Cloud;Plein jour;Autre;Hors intersection;Route departementale;Collisions multiples;VL seul;En faisant demi-tour sur la chaussee;Motocyclette > 125 cm3;47;Feminin;Indemne;Non renseignee ;3;3;0;1;2;0;Adulte (35-49);Sans pieton;Avec moto;2 VL;Sans poids lourd;Adulte (35-49);3-5 usagers
Grave;21/05/2011;19:30;Saint-Cloud;Plein jour;Autre;Hors intersection;Route departementale;Collision par le cote;VL seul;Arrete (hors stationnement);Motocyclette > 125 cm3;34;Masculin;Blessee hospitalisee;Non renseignee ;2;2;0;1;1;0;Adulte jeune (25-34);Sans pieton;Avec moto;1 VL;Sans poids lourd;Adulte jeune (25-34);2 usagers
Leger;26/04/2011;08:40;Antony;Plein jour;Autre;Intersection A0lus de 4 branches;Route departementale;Collision par le cote;VL seul;TourNon renseignee nt A'auche;Scooter < 50 cm3;58;Masculin;Indemne;Non renseignee ;2;2;0;0;1;0;Senior actif (50-64);Sans pieton ;Sans moto;1 VL;Sans poids lourd;Senior actif (50-64);2 usagers
Grave;15/11/2011;16:55;Clichy;Crepuscule ou aube;Autre;Hors intersection;Route departementale;Collisions multiples;VL seul;Sans changement de direction;Cyclomoteur <50cm3;80;Masculin;Blessee Leger;Non renseignee ;5;3;0;0;2;0;Senior (65+);Sans pieton;Sans moto;2 VL;Sans poids lourd;Senior (65+);3-5 usagers
Leger;09/12/2011;19:40;Rueil-Malmaison;Nuit avec eclairage public non allumee;Autre;Intersection en X;Route departementale;Collision par le cote;Cyclomoteur <50cm3;Sans changement de direction;VL seul;18;Feminin;Blessee Leger;Non renseignee ;2;2;0;0;1;0;Jeune adulte (18-24);Sans pieton;Sans moto;1 VL;Sans poids lourd;Jeune adulte (18-24);2 usagers
Leger;28/08/2011;10:55;Sevres;Plein jour;Autre;Hors intersection;Route departementale;Collision par l'arriere;Bicyclette;Sans changement de direction;VL seul;30;Masculin;Blessee Leger;Non renseignee ;3;2;0;0;1;0;Adulte jeune (25-34);Sans pieton;Sans moto;1 VL;Sans poids lourd;Adulte jeune (25-34);3-5 usagers
Leger;21/01/2011;17:20;Neuilly-sur-Seine;Plein jour;Autre;Intersection en X;Voie commuNon renseignee le;Collision par le cote;VL seul;Sans changement de direction;Bicyclette;46;Feminin;Indemne;Non renseignee ;2;2;0;0;1;0;Adulte (35-49);Sans pieton;Sans moto;1 VL;Sans poids lourd;Adulte (35-49);2 usagers
Grave;07/03/2011;00:35;Clichy;Nuit avec eclairage public allumee;Autre;Intersection à plus de 4 branches;Route departementale;Collision par le cote;Scooter < 50 cm3;Sans changement de direction;VL seul;52;Masculin;Blessee hospitalisee;Non renseignee ;2;2;0;0;1;0;Senior actif (50-64);Sans pieton;Sans moto;1 VL;Sans poids lourd;Senior actif (50-64);2 usagers
Leger;08/07/2011;09:15;Bois-Colombes;Plein jour;Autre;Hors intersection;Route departementale;Autre collision;Scooter > 125 cm3;Entre 2 files;Non renseignee ;44;Masculin;Indemne;Non renseignee ;2;1;1;1;0;0;Adulte (35-49);Avec pieton;Avec moto;Aucun VL;Sans poids lourd;Adulte (35-49);2 usagers
Leger;13/05/2011;14:00;Levallois-Perret;Plein jour;Autre;Intersection en X;Route departementale;Autre collision;Scooter > 125 cm3;Sans changement de direction;Non renseignee ;54;Masculin;Indemne;Non renseignee ;2;1;1;1;0;0;Senior actif (50-64);Avec pieton;Avec moto;Aucun VL;Sans poids lourd;Senior actif (50-64);2 usagers
Leger;13/12/2011;11:55;Clichy;Plein jour;Temps couvert;Intersection en X;Route departementale;Autre collision;Motocyclette > 50 cm3 et <= 125 cm3;Sans changement de direction;Non renseignee ;27;Feminin;Indemne;Non renseignee ;2;1;1;1;0;0;Adulte jeune (25-34);Avec pieton;Avec moto;Aucun VL;Sans poids lourd;Adulte jeune (25-34);2 usagers
Leger;21/01/2011;16:04;Asnieres-sur-Seine;Plein jour;Autre;Intersection en X;Route departementale;Autre collision;VL seul;Sans changement de direction;Non renseignee ;30;Feminin;Indemne;Non renseignee ;2;1;1;0;1;0;Adulte jeune (25-34);Avec pieton;Sans moto;1 VL;Sans poids lourd;Adulte jeune (25-34);2 usagers
Leger;03/10/2011;09:50;Neuilly-sur-Seine;Plein jour;Autre;Intersection en T;Route Non renseignee tioNon renseignee le;Autre collision;VU seul 1,5T <= PTAC <= 3,5T;Sans changement de direction;Non renseignee ;22;Masculin;Indemne;Non renseignee ;2;1;1;0;1;0;Jeune adulte (18-24);Avec pieton;Sans moto;1 VL;Sans poids lourd;Jeune adulte (18-24);2 usagers
Leger;27/10/2011;20:30;Clichy;Plein jour;Autre;Intersection en X;Route departementale;Autre collision;Motocyclette > 125 cm3;Sans changement de direction;Non renseignee ;30;Masculin;Blessee Leger;Non renseignee ;2;1;1;1;0;0;Adulte jeune (25-34);Avec pieton;Avec moto;Aucun VL;Sans poids lourd;Adulte jeune (25-34);2 usagers
Leger;31/08/2011;16:35;Issy-les-Moulineaux;Plein jour;Autre;Intersection en T;Route departementale;Autre collision;Scooter > 50 cm3 et <= 125 cm3;Sans changement de direction;Non renseignee ;43;Masculin;Blessee Leger;Non renseignee ;2;1;1;1;0;0;Adulte (35-49);Avec pieton;Avec moto;Aucun VL;Sans poids lourd;Adulte (35-49);2 usagers
Leger;15/12/2011;20:10;Rueil-Malmaison;Nuit avec eclairage public allumee;Pluie legere;Intersection en T;Voie commuNon renseignee le;Autre collision;VL seul;TourNon renseignee nt A'auche;Non renseignee ;61;Feminin;Indemne;Non renseignee ;2;1;1;0;1;0;Senior actif (50-64);Avec pieton;Sans moto;1 VL;Sans poids lourd;Senior actif (50-64);2 usagers
Leger;08/02/2011;09:30;Asnieres-sur-Seine;Plein jour;Autre;Intersection en X;Voie commuNon renseignee le;Autre collision;VL seul;En marche arriere;Non renseignee ;38;Feminin;Indemne;Non renseignee ;2;1;1;0;1;0;Adulte (35-49);Avec pieton;Sans moto;1 VL;Sans poids lourd;Adulte (35-49);2 usagers
Leger;17/03/2011;18:35;Saint-Cloud;Nuit avec eclairage public allumee;Autre;Hors intersection;Voie commuNon renseignee le;Autre collision;VL seul;Sans changement de direction;Non renseignee ;62;Masculin;Indemne;Non renseignee ;2;1;1;0;1;0;Senior actif (50-64);Avec pieton;Sans moto;1 VL;Sans poids lourd;Senior actif (50-64);2 usagers
Leger;31/10/2012;13:45;Boulogne-Billancourt;Plein jour;Autre;Intersection en X;Voie commuNon renseignee le;Collision par le cote;VL seul;Sans changement de direction;Scooter > 50 cm3 et <= 125 cm3;41;Feminin;Indemne;Non renseignee ;2;2;0;1;1;0;Adulte (35-49);Sans pieton;Avec moto;1 VL;Sans poids lourd;Adulte (35-49);2 usagers
Leger;03/06/2012;15:40;Vaucresson;Plein jour;Autre;Intersection en X;Route departementale;Collision par le cote;Motocyclette > 125 cm3;Entre 2 files;VL seul;25;Feminin;Blessee Leger;Non renseignee ;2;2;0;1;1;0;Adulte jeune (25-34);Sans pieton;Avec moto;1 VL;Sans poids lourd;Adulte jeune (25-34);2 usagers
Leger;14/03/2012;17:47;Colombes;Plein jour;Autre;Hors intersection;Autoroute;Collision par le cote;Motocyclette > 125 cm3;Entre 2 files;VL seul;38;Masculin;Blessee Leger;Non renseignee ;2;2;0;1;1;0;Adulte (35-49);Sans pieton;Avec moto;1 VL;Sans poids lourd;Adulte (35-49);2 usagers
Leger;05/04/2012;13:05;Courbevoie;Plein jour;Autre;Intersection en X;Voie commuNon renseignee le;Collision par le cote;VL seul;TourNon renseignee nt A$roite;Motocyclette > 50 cm3 et <= 125 cm3;48;Masculin;Indemne;Non renseignee ;2;2;0;1;1;0;Adulte (35-49);Sans pieton ;Avec moto;1 VL;Sans poids lourd;Adulte (35-49);2 usagers
Leger;04/05/2012;20:45;Chaville;Plein jour;Autre;Hors intersection;Route departementale;Sans collision;Scooter < 50 cm3;Sans changement de direction;Non renseignee ;25;Feminin;Blessee Leger;Non renseignee ;1;1;0;0;0;0;Adulte jeune (25-34);Sans pieton;Sans moto;Aucun VL;Sans poids lourd;Adulte jeune (25-34);1 usager
Grave;25/09/2012;15:00;Meudon;Plein jour;Autre;Hors intersection;Route departementale;Collision frontale;VL seul;Sans changement de direction;VL seul;24;Masculin;Blessee Leger;Non renseignee ;3;2;0;0;2;0;Jeune adulte (18-24);Sans pieton;Sans moto;2 VL;Sans poids lourd;Jeune adulte (18-24);3-5 usagers
Leger;28/09/2012;19:40;Malakoff;Nuit avec eclairage public allumee;Autre;Intersection en X;Voie commuNon renseignee le;Collision par le cote;VL seul;Sans changement de direction;VL seul;23;Masculin;Indemne;Non renseignee ;2;2;0;0;2;0;Jeune adulte (18-24);Sans pieton;Sans moto;2 VL;Sans poids lourd;Jeune adulte (18-24);2 usagers
Leger;07/11/2012;19:50;Colombes;Nuit avec eclairage public allumee;Autre;Hors intersection;Route departementale;Sans collision;Motocyclette > 125 cm3;Non renseignee ;Non renseignee ;37;Masculin;Blessee Leger;Non renseignee ;1;1;0;1;0;0;Adulte (35-49);Sans pieton;Avec moto;Aucun VL;Sans poids lourd;Adulte (35-49);1 usager
Grave;19/11/2012;08:40;Colombes;Plein jour;Autre;Hors intersection;Autoroute;Collision par le cote;Scooter > 50 cm3 et <= 125 cm3;Entre 2 files;VL seul;23;Masculin;Blessee hospitalisee;Non renseignee ;2;2;0;1;1;0;Jeune adulte (18-24);Sans pieton;Avec moto;1 VL;Sans poids lourd;Jeune adulte (18-24);2 usagers
Leger;20/03/2012;07:50;Non renseignee nterre;Plein jour;Autre;Intersection en T;Route departementale;Collision par le cote;VL seul;Sans changement de direction;VL seul;32;Masculin;Indemne;Non renseignee ;2;2;0;0;2;0;Adulte jeune (25-34);Sans pieton;Sans moto;2 VL;Sans poids lourd;Adulte jeune (25-34);2 usagers
Leger;18/04/2012;20:45;Bagneux;Nuit avec eclairage public allumee;Pluie forte;Intersection en X;Route departementale;Collision par le cote;VU seul 1,5T <= PTAC <= 3,5T;TourNon renseignee nt A'auche;VL seul;33;Masculin;Indemne;Non renseignee ;3;2;0;0;2;0;Adulte jeune (25-34);Sans pieton ;Sans moto;2 VL;Sans poids lourd;Adulte jeune (25-34);3-5 usagers
Leger;13/05/2012;07:00;Clamart;Plein jour;Autre;Hors intersection;Route departementale;Sans collision;VU seul 1,5T <= PTAC <= 3,5T;Se deportant A$roite;Non renseignee ;34;Masculin;Blessee Leger;Non renseignee ;1;1;0;0;1;0;Adulte jeune (25-34);Sans pieton ;Sans moto;1 VL;Sans poids lourd;Adulte jeune (25-34);1 usager
Leger;23/08/2012;19:25;Non renseignee nterre;Plein jour;Autre;Intersection en X;Route departementale;Collision par le cote;VL seul;TourNon renseignee nt A'auche;VL seul;36;Masculin;Indemne;Non renseignee ;3;2;0;0;2;0;Adulte (35-49);Sans pieton ;Sans moto;2 VL;Sans poids lourd;Adulte (35-49);3-5 usagers
Leger;20/04/2012;16:00;Colombes;Plein jour;Autre;Hors intersection;Route departementale;Collision par l'arriere;Scooter > 125 cm3;Non renseignee ;VL seul;26;Masculin;Blessee Leger;Non renseignee ;2;2;0;1;1;0;Adulte jeune (25-34);Sans pieton;Avec moto;1 VL;Sans poids lourd;Adulte jeune (25-34);2 usagers
Leger;19/12/2012;09:50;Non renseignee nterre;Plein jour;Autre;Hors intersection;Autoroute;Sans collision;Motocyclette > 50 cm3 et <= 125 cm3;Manoeuvre devitement;Non renseignee ;24;Masculin;Blessee Leger;Non renseignee ;1;1;0;1;0;0;Jeune adulte (18-24);Sans pieton;Avec moto;Aucun VL;Sans poids lourd;Jeune adulte (18-24);1 usager
Leger;22/03/2012;10:00;Boulogne-Billancourt;Plein jour;Autre;Hors intersection;Voie commuNon renseignee le;Collision par le cote;VL seul;TourNon renseignee nt A'auche;Motocyclette > 125 cm3;32;Feminin;Indemne;Non renseignee ;2;2;0;1;1;0;Adulte jeune (25-34);Sans pieton ;Avec moto;1 VL;Sans poids lourd;Adulte jeune (25-34);2 usagers
Grave;19/12/2012;09:07;Boulogne-Billancourt;Plein jour;Autre;Intersection en T;Voie commuNon renseignee le;Autre collision;VL seul;Sans changement de direction;Non renseignee ;46;Masculin;Indemne;Non renseignee ;2;1;1;0;1;0;Adulte (35-49);Avec pieton;Sans moto;1 VL;Sans poids lourd;Adulte (35-49);2 usagers
Grave;02/03/2012;13:55;Montrouge;Plein jour;Autre;Hors intersection;Route departementale;Autre collision;Autobus;Sans changement de direction;Non renseignee ;38;Masculin;Indemne;Non renseignee ;2;1;1;0;0;0;Adulte (35-49);Avec pieton;Sans moto;Aucun VL;Sans poids lourd;Adulte (35-49);2 usagers
Grave;21/05/2012;15:00;Malakoff;Plein jour;Pluie forte;Intersection en T;Voie commuNon renseignee le;Autre collision;Autobus;Sans changement de direction;Non renseignee ;27;Feminin;Indemne;Non renseignee ;5;1;1;0;0;0;Adulte jeune (25-34);Avec pieton;Sans moto;Aucun VL;Sans poids lourd;Adulte jeune (25-34);3-5 usagers
Grave;05/12/2012;16:50;Bagneux;Crepuscule ou aube;Pluie forte;Intersection en X;Route departementale;Autre collision;VL seul;Sans changement de direction;Non renseignee ;26;Feminin;Blessee Leger;Non renseignee ;2;1;1;0;1;0;Adulte jeune (25-34);Avec pieton;Sans moto;1 VL;Sans poids lourd;Adulte jeune (25-34);2 usagers
Grave;25/06/2012;17:00;Asnieres-sur-Seine;Plein jour;Autre;Hors intersection;Route departementale;Autre collision;Scooter > 50 cm3 et <= 125 cm3;Non renseignee ;Non renseignee ;41;Masculin;Indemne;Non renseignee ;2;1;1;1;0;0;Adulte (35-49);Avec pieton;Avec moto;Aucun VL;Sans poids lourd;Adulte (35-49);2 usagers
Leger;31/05/2012;23:00;Clichy;Nuit avec eclairage public allumee;Autre;Hors intersection;Route departementale;Autre collision;VL seul;Sans changement de direction;Non renseignee ;70;Masculin;Indemne;Non renseignee ;2;1;1;0;1;0;Senior (65+);Avec pieton;Sans moto;1 VL;Sans poids lourd;Senior (65+);2 usagers
Leger;12/04/2012;12:15;Neuilly-sur-Seine;Plein jour;Autre;Hors intersection;Route Non renseignee tioNon renseignee le;Autre collision;VL seul;En marche arriere;Non renseignee ;57;Masculin;Indemne;Non renseignee ;2;1;1;0;1;0;Senior actif (50-64);Avec pieton;Sans moto;1 VL;Sans poids lourd;Senior actif (50-64);2 usagers
Leger;16/05/2012;16:20;Gennevilliers;Plein jour;Autre;Hors intersection;Route departementale;Autre collision;VL seul;Sans changement de direction;Non renseignee ;66;Masculin;Indemne;Non renseignee ;3;1;2;0;1;0;Senior (65+);Avec pieton;Sans moto;1 VL;Sans poids lourd;Senior (65+);3-5 usagers
Leger;18/09/2012;09:50;Clamart;Plein jour;Pluie legere;Hors intersection;Route departementale;Autre collision;Scooter > 50 cm3 et <= 125 cm3;Sans changement de direction;Non renseignee ;24;Masculin;Indemne;Non renseignee ;2;1;1;1;0;0;Jeune adulte (18-24);Avec pieton;Avec moto;Aucun VL;Sans poids lourd;Jeune adulte (18-24);2 usagers
Leger;24/06/2012;12:15;Puteaux;Plein jour;Pluie legere;Intersection en X;Voie commuNon renseignee le;Autre collision;VL seul;TourNon renseignee nt A$roite;Non renseignee ;62;Masculin;Indemne;Non renseignee ;2;1;1;0;1;0;Senior actif (50-64);Avec pieton;Sans moto;1 VL;Sans poids lourd;Senior actif (50-64);2 usagers
Leger;06/12/2012;09:00;Colombes;Plein jour;Autre;Hors intersection;Route departementale;Autre collision;Non renseignee ;Non renseignee ;Non renseignee ;22;Masculin;Indemne;Non renseignee ;2;1;1;0;1;0;Jeune adulte (18-24);Avec pieton;Sans moto;1 VL;Sans poids lourd;Jeune adulte (18-24);2 usagers
Leger;24/12/2012;13:35;Clamart;Plein jour;Autre;Hors intersection;Route departementale;Autre collision;VL seul;Sans changement de direction;Non renseignee ;22;Masculin;Indemne;Non renseignee ;2;1;1;0;1;0;Jeune adulte (18-24);Avec pieton;Sans moto;1 VL;Sans poids lourd;Jeune adulte (18-24);2 usagers
Leger;06/07/2012;20:20;Bois-Colombes;Plein jour;Autre;Hors intersection;Route departementale;Autre collision;VL seul;Sans changement de direction;Non renseignee ;24;Masculin;Indemne;Non renseignee ;2;1;1;0;1;0;Jeune adulte (18-24);Avec pieton;Sans moto;1 VL;Sans poids lourd;Jeune adulte (18-24);2 usagers
Leger;30/05/2012;12:30;Boulogne-Billancourt;Plein jour;Autre;Intersection en X;Voie commuNon renseignee le;Autre collision;VL seul;Sans changement de direction;Non renseignee ;86;Masculin;Indemne;Non renseignee ;2;1;1;0;1;0;Senior (65+);Avec pieton;Sans moto;1 VL;Sans poids lourd;Senior (65+);2 usagers
Leger;12/01/2012;15:35;Bois-Colombes;Plein jour;Autre;Intersection en X;Route departementale;Autre collision;VL seul;Sans changement de direction;Non renseignee ;62;Feminin;Blessee Leger;Non renseignee ;2;1;1;0;1;0;Senior actif (50-64);Avec pieton;Sans moto;1 VL;Sans poids lourd;Senior actif (50-64);2 usagers
Leger;15/10/2012;06:40;La Garenne-Colombes;Nuit avec eclairage public allumee;Autre;Intersection en X;Route departementale;Autre collision;Motocyclette > 50 cm3 et <= 125 cm3;TourNon renseignee nt A$roite;Non renseignee ;28;Feminin;Blessee Leger;Non renseignee ;1;1;1;1;0;0;Adulte jeune (25-34);Avec pieton;Avec moto;Aucun VL;Sans poids lourd;Adulte jeune (25-34);1 usager
Leger;02/10/2012;09:20;Levallois-Perret;Plein jour;Autre;Intersection en T;Route departementale;Autre collision;Scooter > 50 cm3 et <= 125 cm3;Sans changement de direction;Non renseignee ;32;Masculin;Indemne;Non renseignee ;2;1;1;1;0;0;Adulte jeune (25-34);Avec pieton;Avec moto;Aucun VL;Sans poids lourd;Adulte jeune (25-34);2 usagers
Leger;26/11/2013;10:45;Gennevilliers;Plein jour;Autre;Hors intersection;Autoroute;Collision par l'arriere;Motocyclette > 125 cm3;Sans changement de direction;VL seul;40;Feminin;Blessee Leger;Non renseignee ;1;2;0;1;1;0;Adulte (35-49);Sans pieton;Avec moto;1 VL;Sans poids lourd;Adulte (35-49);1 usager
Grave;05/02/2013;12:20;Colombes;Plein jour;Autre;Hors intersection;Autoroute;Sans collision;VU seul 1,5T <= PTAC <= 3,5T;Non renseignee ;Non renseignee ;19;Masculin;Blessee hospitalisee;Non renseignee ;1;1;0;0;1;0;Jeune adulte (18-24);Sans pieton;Sans moto;1 VL;Sans poids lourd;Jeune adulte (18-24);1 usager
Leger;14/02/2013;08:00;Saint-Cloud;Plein jour;Pluie legere;Hors intersection;Autoroute;Collision par l'arriere;VL seul;Non renseignee ;Motocyclette > 125 cm3;27;Masculin;Indemne;Non renseignee ;2;2;0;1;1;0;Adulte jeune (25-34);Sans pieton;Avec moto;1 VL;Sans poids lourd;Adulte jeune (25-34);2 usagers
Leger;09/04/2013;17:00;Gennevilliers;Plein jour;Autre;Hors intersection;Autoroute;Sans collision;VL seul;Non renseignee ;Non renseignee ;53;Feminin;Blessee Leger;Non renseignee ;1;1;0;0;1;0;Senior actif (50-64);Sans pieton;Sans moto;1 VL;Sans poids lourd;Senior actif (50-64);1 usager