type_acci;date;heure;commune;luminosite_accident;cond_atmos;Intersection;categorie_route;type_collision;type_vehicule_1;manoeuvre_vehicule_1;type_vehicule_2;age_usager;sexe_usager;gravite_usager;etat_usager;nombre_usagers;nb_veh;nombre_pietons;nombre_motos;nombre_vl;nombre_pl;age_usa1_categ;accident_pieton;accident_moto;categorie_vl;accident_pl;categorie_age;categorie_usagers
Leger;31/05/2017;20:18;Colombes;Plein jour;Autre;Intersection en X;Route departementale;Collision par le cote;Scooter > 50 cm3 et <= 125 cm3;Sans changement de direction;VL seul;22;Masculin;Blessee Leger;Non renseignee ;2;2;0;1;1;0;Jeune adulte (18-24);Sans pieton;Avec moto;1 VL;Sans poids lourd;Jeune adulte (18-24);2 usagers
Leger;25/10/2017;23:25;Courbevoie;Nuit avec eclairage public allumee;Autre;Intersection en T;Route departementale;Collision par le cote;Motocyclette > 50 cm3 et <= 125 cm3;Non renseignee ;VL seul;16;Masculin;Blessee Leger;Non renseignee ;2;2;0;1;1;0;Mineur (-18 ans);Sans pieton;Avec moto;1 VL;Sans poids lourd;Mineur (-18 ans);2 usagers
Leger;12/05/2017;14:40;Courbevoie;Plein jour;Pluie legere;Intersection en X;Route departementale;Collision par le cote;VL seul;TourNon renseignee nt A'auche;Motocyclette > 125 cm3;47;Feminin;Blessee Leger;Non renseignee ;2;2;0;1;1;0;Adulte (35-49);Sans pieton ;Avec moto;1 VL;Sans poids lourd;Adulte (35-49);2 usagers
Leger;09/07/2017;19:00;Gennevilliers;Plein jour;Autre;Hors intersection;Route departementale;Collision par l'arriere;VL seul;Changeant de file A'auche;Motocyclette > 125 cm3;31;Masculin;Indemne;Non renseignee ;2;2;0;1;1;0;Adulte jeune (25-34);Sans pieton;Avec moto;1 VL;Sans poids lourd;Adulte jeune (25-34);2 usagers
Leger;17/07/2017;23:30;Gennevilliers;Nuit avec eclairage public allumee;Autre;Intersection en T;Route departementale;Collision par le cote;Motocyclette > 125 cm3;Sans changement de direction;VL seul;24;Masculin;Blessee Leger;Non renseignee ;1;2;0;1;1;0;Jeune adulte (18-24);Sans pieton;Avec moto;1 VL;Sans poids lourd;Jeune adulte (18-24);1 usager
Leger;23/05/2017;20:45;Issy-les-Moulineaux;Plein jour;Autre;Hors intersection;Route departementale;Collision par le cote;VL seul;S inserant;Scooter > 50 cm3 et <= 125 cm3;68;Feminin;Indemne;Non renseignee ;2;2;0;1;1;0;Senior (65+);Sans pieton;Avec moto;1 VL;Sans poids lourd;Senior (65+);2 usagers
Leger;28/06/2017;19:15;Non renseignee nterre;Plein jour;Pluie legere;Intersection en X;Route departementale;Collision par le cote;VU seul 1,5T <= PTAC <= 3,5T;Sans changement de direction;Scooter > 125 cm3;34;Masculin;Blessee Leger;Non renseignee ;2;2;0;1;1;0;Adulte jeune (25-34);Sans pieton;Avec moto;1 VL;Sans poids lourd;Adulte jeune (25-34);2 usagers
Leger;25/08/2017;15:28;Non renseignee nterre;Plein jour;Autre;Intersection en X;Route departementale;Collision par l'arriere;Motocyclette > 50 cm3 et <= 125 cm3;Manoeuvre devitement;VL seul;21;Masculin;Blessee Leger;Non renseignee ;2;2;0;1;1;0;Jeune adulte (18-24);Sans pieton;Avec moto;1 VL;Sans poids lourd;Jeune adulte (18-24);2 usagers
Leger;05/05/2017;19:30;Neuilly-sur-Seine;Plein jour;Autre;Hors intersection;Voie commuNon renseignee le;Collision par le cote;VU seul 1,5T <= PTAC <= 3,5T;En faisant demi-tour sur la chaussee;Scooter > 125 cm3;57;Masculin;Indemne;Non renseignee ;2;2;0;1;1;0;Senior actif (50-64);Sans pieton;Avec moto;1 VL;Sans poids lourd;Senior actif (50-64);2 usagers
Leger;20/10/2017;12:50;Puteaux;Plein jour;Autre;Intersection en X;Route departementale;Collision par l'arriere;Motocyclette > 50 cm3 et <= 125 cm3;Meme sens, Meme file;VL seul;31;Masculin;Blessee Leger;Non renseignee ;2;2;0;1;1;0;Adulte jeune (25-34);Sans pieton;Avec moto;1 VL;Sans poids lourd;Adulte jeune (25-34);2 usagers
Leger;27/03/2017;19:45;Puteaux;Crepuscule ou aube;Autre;Intersection en X;Voie commuNon renseignee le;Collision par le cote;VL seul;TourNon renseignee nt A'auche;Motocyclette > 125 cm3;56;Masculin;Indemne;Non renseignee ;2;2;0;1;1;0;Senior actif (50-64);Sans pieton ;Avec moto;1 VL;Sans poids lourd;Senior actif (50-64);2 usagers
Leger;08/12/2017;09:10;Saint-Cloud;Plein jour;Pluie legere;Hors intersection;Route departementale;Collision par le cote;Scooter > 125 cm3;Non renseignee ;VL seul;44;Masculin;Blessee Leger;Non renseignee ;2;2;0;1;1;0;Adulte (35-49);Sans pieton;Avec moto;1 VL;Sans poids lourd;Adulte (35-49);2 usagers
Leger;22/08/2017;17:10;Suresnes;Plein jour;Autre;Hors intersection;Route departementale;Collisions multiples;VU seul 1,5T <= PTAC <= 3,5T;Changeant de file A'auche;Motocyclette > 125 cm3;21;Masculin;Indemne;Non renseignee ;3;3;0;1;2;0;Jeune adulte (18-24);Sans pieton;Avec moto;2 VL;Sans poids lourd;Jeune adulte (18-24);3-5 usagers
Leger;19/10/2017;13:10;Malakoff;Plein jour;Autre;Intersection en T;Route departementale;Collision frontale;Scooter > 125 cm3;TourNon renseignee nt A$roite;VL seul;42;Masculin;Blessee Leger;Non renseignee ;2;2;0;1;1;0;Adulte (35-49);Sans pieton ;Avec moto;1 VL;Sans poids lourd;Adulte (35-49);2 usagers
Leger;30/03/2017;15:00;Clichy;Plein jour;Autre;Intersection en X;Voie commuNon renseignee le;Collision par le cote;Motocyclette > 125 cm3;Sans changement de direction;Scooter < 50 cm3;49;Masculin;Blessee Leger;Non renseignee ;1;2;0;1;0;0;Adulte (35-49);Sans pieton;Avec moto;Aucun VL;Sans poids lourd;Adulte (35-49);1 usager
Leger;20/05/2017;23:30;Asnieres-sur-Seine;Nuit avec eclairage public allumee;Autre;Intersection en X;Route departementale;Collisions multiples;VL seul;A contresens;VL seul;20;Feminin;Indemne;Non renseignee ;4;3;0;0;2;0;Jeune adulte (18-24);Sans pieton;Sans moto;2 VL;Sans poids lourd;Jeune adulte (18-24);3-5 usagers
Leger;06/01/2017;14:20;Boulogne-Billancourt;Plein jour;Autre;Hors intersection;Route departementale;Collision par le cote;VL seul;TourNon renseignee nt A'auche;Cyclomoteur <50cm3;47;Masculin;Indemne;Non renseignee ;2;2;0;0;1;0;Adulte (35-49);Sans pieton ;Sans moto;1 VL;Sans poids lourd;Adulte (35-49);2 usagers
Leger;07/04/2017;15:50;Boulogne-Billancourt;Plein jour;Autre;Intersection en X;Voie commuNon renseignee le;Collision par le cote;VL seul;Sans changement de direction;Scooter < 50 cm3;52;Masculin;Indemne;Non renseignee ;2;2;0;0;1;0;Senior actif (50-64);Sans pieton;Sans moto;1 VL;Sans poids lourd;Senior actif (50-64);2 usagers
Leger;18/03/2017;00:05;Colombes;Nuit avec eclairage public allumee;Autre;Intersection en X;Route departementale;Collision par le cote;VL seul;TourNon renseignee nt A'auche;Scooter < 50 cm3;21;Masculin;Indemne;Non renseignee ;2;2;0;0;1;0;Jeune adulte (18-24);Sans pieton ;Sans moto;1 VL;Sans poids lourd;Jeune adulte (18-24);2 usagers
Leger;15/03/2017;19:15;Gennevilliers;Nuit avec eclairage public allumee;Autre;Intersection en X;Route departementale;Collision par le cote;Scooter < 50 cm3;Non renseignee ;VL seul;20;Masculin;Blessee Leger;Non renseignee ;2;2;0;0;1;0;Jeune adulte (18-24);Sans pieton;Sans moto;1 VL;Sans poids lourd;Jeune adulte (18-24);2 usagers
Leger;02/05/2017;08:25;Montrouge;Plein jour;Autre;Intersection en T;Route departementale;Collision par le cote;Cyclomoteur <50cm3;Sans changement de direction;VL seul;33;Feminin;Blessee Leger;Non renseignee ;1;2;0;0;1;0;Adulte jeune (25-34);Sans pieton;Sans moto;1 VL;Sans poids lourd;Adulte jeune (25-34);1 usager
Leger;02/01/2017;08:40;Puteaux;Crepuscule ou aube;Pluie legere;Intersection en T;Voie commuNon renseignee le;Collision par l'arriere;Scooter < 50 cm3;Meme sens, Meme file;VL seul;22;Masculin;Blessee Leger;Non renseignee ;2;2;0;0;1;0;Jeune adulte (18-24);Sans pieton;Sans moto;1 VL;Sans poids lourd;Jeune adulte (18-24);2 usagers
Leger;11/08/2017;21:30;Rueil-Malmaison;Plein jour;Autre;Intersection en T;Route departementale;Collision par le cote;Scooter < 50 cm3;Sans changement de direction;Scooter > 125 cm3;18;Masculin;Blessee Leger;Non renseignee ;2;2;0;1;0;0;Jeune adulte (18-24);Sans pieton;Avec moto;Aucun VL;Sans poids lourd;Jeune adulte (18-24);2 usagers
Leger;26/09/2017;14:40;Puteaux;Plein jour;Autre;Hors intersection;Route departementale;Collisions en chaine;VL seul;Meme sens, Meme file;Scooter < 50 cm3;21;Masculin;Indemne;Non renseignee ;3;3;0;0;2;0;Jeune adulte (18-24);Sans pieton;Sans moto;2 VL;Sans poids lourd;Jeune adulte (18-24);3-5 usagers
Leger;28/02/2017;09:30;Puteaux;Plein jour;Autre;Intersection en X;Voie commuNon renseignee le;Collision par le cote;VL seul;Sans changement de direction;Scooter < 50 cm3;30;Feminin;Blessee Leger;Non renseignee ;2;2;0;0;1;0;Adulte jeune (25-34);Sans pieton;Sans moto;1 VL;Sans poids lourd;Adulte jeune (25-34);2 usagers
Leger;24/11/2017;09:00;Antony;Plein jour;Pluie legere;Hors intersection;Route departementale;Collision par le cote;VL seul;TourNon renseignee nt A$roite;Bicyclette;58;Masculin;Indemne;Non renseignee ;2;2;0;0;1;0;Senior actif (50-64);Sans pieton ;Sans moto;1 VL;Sans poids lourd;Senior actif (50-64);2 usagers
Leger;26/04/2017;08:25;Antony;Plein jour;Autre;Hors intersection;Route departementale;Collision par le cote;VL seul;S inserant;Bicyclette;29;Feminin;Indemne;Non renseignee ;2;2;0;0;1;0;Adulte jeune (25-34);Sans pieton;Sans moto;1 VL;Sans poids lourd;Adulte jeune (25-34);2 usagers
Leger;26/09/2017;17:35;Bagneux;Plein jour;Autre;Intersection en X;Route departementale;Collision par le cote;VL seul;TourNon renseignee nt A'auche;Non renseignee ;39;Feminin;Indemne;Non renseignee ;2;2;0;0;1;0;Adulte (35-49);Sans pieton ;Sans moto;1 VL;Sans poids lourd;Adulte (35-49);2 usagers
Leger;16/11/2017;10:20;Courbevoie;Plein jour;Autre;Hors intersection;Voie commuNon renseignee le;Collision par le cote;Bicyclette;Sans changement de direction;VL seul;36;Masculin;Blessee Leger;Non renseignee ;2;2;0;0;1;0;Adulte (35-49);Sans pieton;Sans moto;1 VL;Sans poids lourd;Adulte (35-49);2 usagers
Leger;10/01/2017;08:18;Montrouge;Crepuscule ou aube;Autre;Giratoire;Voie commuNon renseignee le;Collision par le cote;VL seul;TourNon renseignee nt A$roite;Bicyclette;55;Feminin;Indemne;Non renseignee ;2;2;0;0;1;0;Senior actif (50-64);Sans pieton ;Sans moto;1 VL;Sans poids lourd;Senior actif (50-64);2 usagers
Leger;27/06/2021;20:40;Boulogne-Billancourt;Plein jour;Normale;Hors intersection;Voie commuNon renseignee le;Non renseignee ;EDP A-oteur;Meme sens, Meme file;VU seul 1,5T <= PTAC <= 3,5T;28;Masculin;Blessee Leger;Non renseignee ;2;2;0;0;1;0;Adulte jeune (25-34);Sans pieton ;Sans moto;1 VL;Sans poids lourd;Adulte jeune (25-34);2 usagers
Leger;13/10/2020;11:40;Boulogne-Billancourt;Plein jour;Pluie legere;Hors intersection;Route departementale;Non renseignee ;Non renseignee ;TourNon renseignee nt A$roite;Non renseignee ;85;Feminin;Blessee Leger;Non renseignee ;2;1;1;0;1;0;Senior (65+);Avec pieton;Sans moto;1 VL;Sans poids lourd;Senior (65+);2 usagers
Leger;02/01/2019;12:45;Boulogne-Billancourt;Plein jour;Normale;Hors intersection;Route departementale;Non renseignee ;VU seul 1,5T <= PTAC <= 3,5T;En marche arriere;Non renseignee ;24;Masculin;Indemne;Non renseignee ;2;2;0;0;1;0;Jeune adulte (18-24);Sans pieton;Sans moto;1 VL;Sans poids lourd;Jeune adulte (18-24);2 usagers
Leger;28/12/2020;16:00;Saint-Cloud;Crepuscule ou aube;Pluie forte;Intersection en T;Voie commuNon renseignee le;Non renseignee ;Non renseignee ;A contresens;Non renseignee ;49;Masculin;Blessee Leger;Non renseignee ;4;3;0;0;3;0;Adulte (35-49);Sans pieton;Sans moto;3 VL ou plus;Sans poids lourd;Adulte (35-49);3-5 usagers
Leger;22/11/2019;10:40;Boulogne-Billancourt;Plein jour;Normale;Hors intersection;Voie commuNon renseignee le;Non renseignee ;Non renseignee ;Arrete (hors stationnement);Non renseignee ;37;Masculin;Indemne;Non renseignee ;2;2;0;0;1;0;Adulte (35-49);Sans pieton;Sans moto;1 VL;Sans poids lourd;Adulte (35-49);2 usagers
Leger;31/08/2020;09:20;Saint-Cloud;Plein jour;Normale;Hors intersection;Route departementale;Non renseignee ;Scooter > 50 cm3 et <= 125 cm3;Autres manoeuvre;Non renseignee ;28;Masculin;Blessee Leger;Non renseignee ;1;1;0;1;0;0;Adulte jeune (25-34);Sans pieton;Avec moto;Aucun VL;Sans poids lourd;Adulte jeune (25-34);1 usager
Leger;11/02/2019;13:20;Saint-Cloud;Plein jour;Normale;Hors intersection;Voie commuNon renseignee le;Non renseignee ;Scooter < 50 cm3;Meme sens, Meme file;Non renseignee ;22;Masculin;Blessee Leger;Non renseignee ;2;2;0;0;1;0;Jeune adulte (18-24);Sans pieton;Sans moto;1 VL;Sans poids lourd;Jeune adulte (18-24);2 usagers
Grave;15/09/2019;11:30;Boulogne-Billancourt;Plein jour;Normale;Hors intersection;Route departementale;Non renseignee ;Non renseignee ;Se deportant A$roite;Scooter > 50 cm3 et <= 125 cm3;58;Masculin;Indemne;Non renseignee ;2;2;0;1;1;0;Senior actif (50-64);Sans pieton ;Avec moto;1 VL;Sans poids lourd;Senior actif (50-64);2 usagers
Leger;19/06/2019;16:04;Suresnes;Plein jour;Normale;Hors intersection;Voie commuNon renseignee le;Non renseignee ;Non renseignee ;Autres manoeuvre;Non renseignee ;35;Feminin;Blessee Leger;Non renseignee ;2;1;0;0;1;0;Adulte (35-49);Sans pieton;Sans moto;1 VL;Sans poids lourd;Adulte (35-49);2 usagers
Leger;11/10/2020;11:30;Saint-Cloud;Plein jour;Normale;Hors intersection;Parc de stationnement;Non renseignee ;Autre vehicule;Autres manoeuvre;Non renseignee ;55;Masculin;Blessee Leger;Non renseignee ;1;1;0;0;0;0;Senior actif (50-64);Sans pieton;Sans moto;Aucun VL;Sans poids lourd;Senior actif (50-64);1 usager
Leger;19/09/2021;08:15;Suresnes;Plein jour;Normale;Hors intersection;Voie commuNon renseignee le;Non renseignee ;Non renseignee ;S inserant;Non renseignee ;56;Feminin;Blessee Leger;Non renseignee ;2;1;1;0;1;0;Senior actif (50-64);Avec pieton;Sans moto;1 VL;Sans poids lourd;Senior actif (50-64);2 usagers
Grave;21/09/2020;22:25;Rueil-Malmaison;Nuit avec eclairage public allumee;Normale;Intersection en T;Route departementale;Non renseignee ;VU seul 1,5T <= PTAC <= 3,5T;S inserant;3RM > 125 cm3;21;Masculin;Blessee Leger;Non renseignee ;3;2;0;1;1;0;Jeune adulte (18-24);Sans pieton;Avec moto;1 VL;Sans poids lourd;Jeune adulte (18-24);3-5 usagers
Leger;16/12/2019;18:40;Suresnes;Nuit avec eclairage public allumee;Normale;Hors intersection;Route departementale;Non renseignee ;Scooter > 125 cm3;Depassant A'auche;Scooter > 125 cm3;55;Masculin;Blessee Leger;Non renseignee ;3;3;0;2;1;0;Senior actif (50-64);Sans pieton;Avec moto;1 VL;Sans poids lourd;Senior actif (50-64);3-5 usagers
Leger;27/05/2020;19:15;Saint-Cloud;Plein jour;Normale;Hors intersection;Route departementale;Non renseignee ;Non renseignee ;Se deportant A$roite;Motocyclette > 125 cm3;40;Masculin;Blessee Leger;Non renseignee ;2;2;0;1;1;0;Adulte (35-49);Sans pieton ;Avec moto;1 VL;Sans poids lourd;Adulte (35-49);2 usagers
Leger;16/10/2020;15:10;Suresnes;Plein jour;Normale;Intersection en T;Route departementale;Non renseignee ;Non renseignee ;TourNon renseignee nt A'auche;Scooter > 125 cm3;29;Masculin;Blessee Leger;Non renseignee ;2;2;0;1;1;0;Adulte jeune (25-34);Sans pieton ;Avec moto;1 VL;Sans poids lourd;Adulte jeune (25-34);2 usagers
Leger;25/01/2020;22:10;Rueil-Malmaison;Nuit avec eclairage public allumee;Normale;Hors intersection;Autoroute;Non renseignee ;VU seul 1,5T <= PTAC <= 3,5T;S inserant;Non renseignee ;25;Feminin;Blessee Leger;Non renseignee ;1;1;0;0;1;0;Adulte jeune (25-34);Sans pieton;Sans moto;1 VL;Sans poids lourd;Adulte jeune (25-34);1 usager
Grave;24/01/2019;14:30;Saint-Cloud;Plein jour;Normale;Hors intersection;Route departementale;Non renseignee ;Scooter < 50 cm3;Depassant A'auche;Motocyclette > 125 cm3;44;Masculin;Indemne;Non renseignee ;2;2;0;1;0;0;Adulte (35-49);Sans pieton;Avec moto;Aucun VL;Sans poids lourd;Adulte (35-49);2 usagers
Leger;24/01/2021;12:55;Puteaux;Plein jour;Pluie legere;Intersection en T;Voie commuNon renseignee le;Non renseignee ;Non renseignee ;Inconnue;Non renseignee ;23;Masculin;Blessee Leger;Non renseignee ;2;2;0;0;1;0;Jeune adulte (18-24);Sans pieton;Sans moto;1 VL;Sans poids lourd;Jeune adulte (18-24);2 usagers
Leger;07/07/2019;01:40;Rueil-Malmaison;Nuit avec eclairage public allumee;Normale;Intersection en X;Route departementale;Non renseignee ;Non renseignee ;Sans changement de direction;Non renseignee ;35;Masculin;Blessee Leger;Non renseignee ;1;2;0;0;1;0;Adulte (35-49);Sans pieton;Sans moto;1 VL;Sans poids lourd;Adulte (35-49);1 usager
Leger;12/05/2020;12:40;Puteaux;Plein jour;Normale;Intersection en T;Route departementale;Non renseignee ;Non renseignee ;TourNon renseignee nt A$roite;Scooter > 50 cm3 et <= 125 cm3;36;Masculin;Blessee Leger;Non renseignee ;2;2;0;1;1;0;Adulte (35-49);Sans pieton ;Avec moto;1 VL;Sans poids lourd;Adulte (35-49);2 usagers
Leger;17/04/2020;12:45;Puteaux;Plein jour;Normale;Intersection en T;Voie commuNon renseignee le;Non renseignee ;Non renseignee ;TourNon renseignee nt A'auche;Non renseignee ;60;Feminin;Blessee Leger;Non renseignee ;2;1;1;0;1;0;Senior actif (50-64);Avec pieton;Sans moto;1 VL;Sans poids lourd;Senior actif (50-64);2 usagers
Leger;05/12/2020;17:40;Suresnes;Nuit avec eclairage public allumee;Pluie forte;Hors intersection;Voie commuNon renseignee le;Non renseignee ;Non renseignee ;Ouverture de porte;Non renseignee ;41;Masculin;Blessee Leger;Non renseignee ;2;2;0;0;1;0;Adulte (35-49);Sans pieton;Sans moto;1 VL;Sans poids lourd;Adulte (35-49);2 usagers
Leger;16/12/2019;10:00;Puteaux;Plein jour;Pluie legere;Hors intersection;Voie commuNon renseignee le;Non renseignee ;Scooter > 50 cm3 et <= 125 cm3;Manoeuvre devitement;Non renseignee ;54;Masculin;Blessee Leger;Non renseignee ;2;2;0;1;1;0;Senior actif (50-64);Sans pieton;Avec moto;1 VL;Sans poids lourd;Senior actif (50-64);2 usagers
Leger;16/12/2019;10:25;Puteaux;Plein jour;Pluie legere;Hors intersection;Voie commuNon renseignee le;Non renseignee ;Non renseignee ;En faisant demi-tour sur la chaussee;Non renseignee ;37;Feminin;Indemne;Non renseignee ;2;2;0;0;1;0;Adulte (35-49);Sans pieton;Sans moto;1 VL;Sans poids lourd;Adulte (35-49);2 usagers
Leger;24/10/2017;08:00;Antony;Crepuscule ou aube;Pluie legere;Intersection en T;Voie commuNon renseignee le;Autre collision;VL seul;Sans changement de direction;Non renseignee ;26;Masculin;Indemne;Non renseignee ;2;1;1;0;1;0;Adulte jeune (25-34);Avec pieton;Sans moto;1 VL;Sans poids lourd;Adulte jeune (25-34);2 usagers
Leger;15/12/2017;19:05;Asnieres-sur-Seine;Crepuscule ou aube;Autre;Intersection en X;Voie commuNon renseignee le;Autre collision;VL seul;TourNon renseignee nt A'auche;Non renseignee ;44;Feminin;Indemne;Non renseignee ;2;1;1;0;1;0;Adulte (35-49);Avec pieton;Sans moto;1 VL;Sans poids lourd;Adulte (35-49);2 usagers
Leger;14/12/2017;19:30;Clamart;Nuit avec eclairage public allumee;Pluie legere;Hors intersection;Route departementale;Autre collision;VU seul 1,5T <= PTAC <= 3,5T;Sans changement de direction;Non renseignee ;51;Masculin;Indemne;Non renseignee ;2;1;1;0;1;0;Senior actif (50-64);Avec pieton;Sans moto;1 VL;Sans poids lourd;Senior actif (50-64);2 usagers
Leger;18/09/2017;09:35;Colombes;Plein jour;Autre;Hors intersection;Route departementale;Autre collision;VU seul 1,5T <= PTAC <= 3,5T;Sans changement de direction;Non renseignee ;53;Masculin;Indemne;Non renseignee ;2;1;1;0;1;0;Senior actif (50-64);Avec pieton;Sans moto;1 VL;Sans poids lourd;Senior actif (50-64);2 usagers
Leger;31/01/2017;10:35;Meudon;Plein jour;Pluie legere;Intersection en T;Voie commuNon renseignee le;Autre collision;VL seul;Non renseignee ;Non renseignee ;70;Feminin;Indemne;Non renseignee ;2;1;1;0;1;0;Senior (65+);Avec pieton;Sans moto;1 VL;Sans poids lourd;Senior (65+);2 usagers
Leger;28/02/2017;11:00;Montrouge;Plein jour;Pluie forte;Intersection en T;Voie commuNon renseignee le;Autre collision;VU seul 1,5T <= PTAC <= 3,5T;TourNon renseignee nt A'auche;Non renseignee ;28;Masculin;Indemne;Non renseignee ;2;1;1;0;1;0;Adulte jeune (25-34);Avec pieton;Sans moto;1 VL;Sans poids lourd;Adulte jeune (25-34);2 usagers
Leger;14/05/2021;17:30;Rueil-Malmaison;Plein jour;Normale;Intersection en T;Route departementale;Non renseignee ;VU seul 1,5T <= PTAC <= 3,5T;TourNon renseignee nt A'auche;Non renseignee ;21;Masculin;Blessee Leger;Non renseignee ;2;2;0;0;1;0;Jeune adulte (18-24);Sans pieton ;Sans moto;1 VL;Sans poids lourd;Jeune adulte (18-24);2 usagers
Mortel;14/10/2019;09:30;Neuilly-sur-Seine;Plein jour;Normale;Hors intersection;Voie commuNon renseignee le;Non renseignee ;VU seul 1,5T <= PTAC <= 3,5T;TourNon renseignee nt A$roite;Motocyclette > 125 cm3;58;Masculin;Indemne;Non renseignee ;2;2;0;1;1;0;Senior actif (50-64);Sans pieton ;Avec moto;1 VL;Sans poids lourd;Senior actif (50-64);2 usagers
Leger;09/04/2019;15:45;Levallois-Perret;Plein jour;Normale;Intersection en X;Voie commuNon renseignee le;Non renseignee ;3RM > 125 cm3;Sans changement de direction;Non renseignee ;30;Masculin;Blessee Leger;Non renseignee ;3;3;0;1;1;0;Adulte jeune (25-34);Sans pieton;Avec moto;1 VL;Sans poids lourd;Adulte jeune (25-34);3-5 usagers
Leger;28/03/2019;17:35;Neuilly-sur-Seine;Plein jour;Normale;Hors intersection;Voie commuNon renseignee le;Non renseignee ;Non renseignee ;TourNon renseignee nt A$roite;Motocyclette > 125 cm3;26;Feminin;Indemne;Non renseignee ;2;2;0;1;1;0;Adulte jeune (25-34);Sans pieton ;Avec moto;1 VL;Sans poids lourd;Adulte jeune (25-34);2 usagers
Leger;28/01/2020;14:00;Neuilly-sur-Seine;Plein jour;Pluie legere;Hors intersection;Voie commuNon renseignee le;Non renseignee ;Non renseignee ;Sedeportant A'auche;Non renseignee ;39;Masculin;Blessee Leger;Non renseignee ;2;1;1;0;1;0;Adulte (35-49);Avec pieton;Sans moto;1 VL;Sans poids lourd;Adulte (35-49);2 usagers
Leger;25/06/2020;16:43;Non renseignee nterre;Plein jour;Normale;Intersection à plus de 4 branches;Route departementale;Non renseignee ;Scooter > 125 cm3;Sans changement de direction;Non renseignee ;52;Masculin;Blessee Leger;Non renseignee ;2;2;0;1;1;0;Senior actif (50-64);Sans pieton;Avec moto;1 VL;Sans poids lourd;Senior actif (50-64);2 usagers
Leger;20/05/2020;16:00;Neuilly-sur-Seine;Plein jour;Normale;Giratoire;Voie commuNon renseignee le;Non renseignee ;Non renseignee ;TourNon renseignee nt A'auche;Non renseignee ;49;Feminin;Blessee Leger;Non renseignee ;2;1;1;0;1;0;Adulte (35-49);Avec pieton;Sans moto;1 VL;Sans poids lourd;Adulte (35-49);2 usagers
Leger;20/01/2021;13:30;Non renseignee nterre;Plein jour;Normale;Intersection en Y;Voie commuNon renseignee le;Non renseignee ;Non renseignee ;Sans changement de direction;Non renseignee ;47;Masculin;Blessee Leger;Non renseignee ;2;1;1;0;0;0;Adulte (35-49);Avec pieton;Sans moto;Aucun VL;Sans poids lourd;Adulte (35-49);2 usagers
Leger;05/03/2021;16:10;Neuilly-sur-Seine;Plein jour;Normale;Hors intersection;Voie commuNon renseignee le;Non renseignee ;Scooter > 50 cm3 et <= 125 cm3;Sans changement de direction;Non renseignee ;56;Masculin;Blessee Leger;Non renseignee ;2;2;0;1;1;0;Senior actif (50-64);Sans pieton;Avec moto;1 VL;Sans poids lourd;Senior actif (50-64);2 usagers
Mortel;12/04/2019;16:07;Levallois-Perret;Plein jour;Normale;Intersection en X;Route departementale;Non renseignee ;EDP A-oteur;Sans changement de direction;Non renseignee ;21;Masculin;Blessee Leger;Non renseignee ;2;1;1;0;0;0;Jeune adulte (18-24);Avec pieton;Sans moto;Aucun VL;Sans poids lourd;Jeune adulte (18-24);2 usagers
Grave;16/09/2021;13:30;Puteaux;Plein jour;Normale;Hors intersection;Route departementale;Non renseignee ;Scooter < 50 cm3;Depassant A$roite;Tracteur routier + semi-remorque;35;Masculin;Blessee hospitalisee;Non renseignee ;2;2;0;0;0;1;Adulte (35-49);Sans pieton;Sans moto;Aucun VL;Avec poids lourd;Adulte (35-49);2 usagers
Leger;17/05/2020;21:00;Neuilly-sur-Seine;Crepuscule ou aube;Normale;Hors intersection;Route Non renseignee tioNon renseignee le;Non renseignee ;Non renseignee ;Autres manoeuvre;Scooter > 50 cm3 et <= 125 cm3;36;Masculin;Blessee Leger;Non renseignee ;2;2;0;1;1;0;Adulte (35-49);Sans pieton;Avec moto;1 VL;Sans poids lourd;Adulte (35-49);2 usagers
Leger;06/07/2019;22:50;Neuilly-sur-Seine;Nuit avec eclairage public allumee;Temps couvert;Hors intersection;Voie commuNon renseignee le;Non renseignee ;Non renseignee ;Depassant A$roite;Non renseignee ;29;Masculin;Blessee Leger;Non renseignee ;3;2;0;0;0;0;Adulte jeune (25-34);Sans pieton;Sans moto;Aucun VL;Sans poids lourd;Adulte jeune (25-34);3-5 usagers
Leger;10/04/2019;14:00;Courbevoie;Plein jour;Normale;Hors intersection;Voie commuNon renseignee le;Non renseignee ;VU seul 1,5T <= PTAC <= 3,5T;Sans changement de direction;Non renseignee ;32;Masculin;Indemne;Non renseignee ;2;1;1;0;1;0;Adulte jeune (25-34);Avec pieton;Sans moto;1 VL;Sans poids lourd;Adulte jeune (25-34);2 usagers
Grave;05/07/2020;22:45;Clichy;Nuit avec eclairage public allumee;Normale;Intersection en X;Route departementale;Non renseignee ;Non renseignee ;TourNon renseignee nt A$roite;Non renseignee ;45;Masculin;Blessee hospitalisee;Non renseignee ;2;1;1;0;1;0;Adulte (35-49);Avec pieton;Sans moto;1 VL;Sans poids lourd;Adulte (35-49);2 usagers
Leger;09/11/2021;11:30;Non renseignee nterre;Plein jour;Normale;Hors intersection;Voie commuNon renseignee le;Non renseignee ;Autre vehicule;Meme sens, Meme file;Autobus;44;Masculin;Blessee Leger;Non renseignee ;3;2;0;0;0;0;Adulte (35-49);Sans pieton;Sans moto;Aucun VL;Sans poids lourd;Adulte (35-49);3-5 usagers