type_acci;date;heure;commune;luminosite_accident;cond_atmos;Intersection;categorie_route;type_collision;type_vehicule_1;manoeuvre_vehicule_1;type_vehicule_2;age_usager;sexe_usager;gravite_usager;etat_usager;nombre_usagers;nb_veh;nombre_pietons;nombre_motos;nombre_vl;nombre_pl;age_usa1_categ;accident_pieton;accident_moto;categorie_vl;accident_pl;categorie_age;categorie_usagers
Leger;15/10/2016;17:40;Garches;Plein jour;Autre;Hors intersection;Route departementale;Autre collision;Scooter > 50 cm3 et <= 125 cm3;Sans changement de direction;Non renseignee ;26;Masculin;Indemne;Non renseignee ;2;1;1;1;0;0;Adulte jeune (25-34);Avec pieton;Avec moto;Aucun VL;Sans poids lourd;Adulte jeune (25-34);2 usagers
Leger;15/06/2016;10:30;Malakoff;Plein jour;Autre;Hors intersection;Voie commuNon renseignee le;Autre collision;VL seul;Sans changement de direction;Non renseignee ;40;Feminin;Indemne;Non renseignee ;2;1;1;0;1;0;Adulte (35-49);Avec pieton;Sans moto;1 VL;Sans poids lourd;Adulte (35-49);2 usagers
Leger;16/05/2016;15:00;Villeneuve-la-Garenne;Plein jour;Autre;Hors intersection;Autoroute;Collision par le cote;VL seul;Meme sens, Meme file;VL seul;27;Masculin;Indemne;Non renseignee ;3;2;0;0;2;0;Adulte jeune (25-34);Sans pieton;Sans moto;2 VL;Sans poids lourd;Adulte jeune (25-34);3-5 usagers
Leger;03/08/2016;08:45;Villeneuve-la-Garenne;Plein jour;Autre;Hors intersection;Autoroute;Collision frontale;VL seul;Meme sens, Meme file;VL seul;48;Masculin;Blessee Leger;Non renseignee ;2;2;0;0;2;0;Adulte (35-49);Sans pieton;Sans moto;2 VL;Sans poids lourd;Adulte (35-49);2 usagers
Leger;05/11/2016;08:30;Villeneuve-la-Garenne;Nuit sanseclairage public;Pluie legere;Hors intersection;Autoroute;Collision par l'arriere;VL seul;Se deportant A$roite;VL seul;21;Masculin;Indemne;Non renseignee ;2;2;0;0;2;0;Jeune adulte (18-24);Sans pieton ;Sans moto;2 VL;Sans poids lourd;Jeune adulte (18-24);2 usagers
Leger;18/11/2016;14:40;Gennevilliers;Plein jour;Autre;Hors intersection;Route Non renseignee tioNon renseignee le;Collisions en chaine;VL seul;Meme sens, Meme file;VL seul;43;Feminin;Blessee Leger;Non renseignee ;3;3;0;0;3;0;Adulte (35-49);Sans pieton;Sans moto;3 VL ou plus;Sans poids lourd;Adulte (35-49);3-5 usagers
Leger;26/07/2016;17:58;Non renseignee nterre;Plein jour;Autre;Hors intersection;Autoroute;Collisions multiples;VL seul;Meme sens, Meme file;VL seul;37;Masculin;Indemne;Non renseignee ;2;3;0;0;2;0;Adulte (35-49);Sans pieton;Sans moto;2 VL;Sans poids lourd;Adulte (35-49);2 usagers
Leger;18/08/2016;18:20;ChateNon renseignee y-Malabry;Plein jour;Pluie legere;Hors intersection;Autoroute;Sans collision;VL seul;Sans changement de direction;Non renseignee ;30;Feminin;Blessee Leger;Non renseignee ;1;1;0;0;1;0;Adulte jeune (25-34);Sans pieton;Sans moto;1 VL;Sans poids lourd;Adulte jeune (25-34);1 usager
Leger;27/05/2016;15:45;Asnieres-sur-Seine;Plein jour;Autre;Hors intersection;Route departementale;Collision par le cote;VL seul;Non renseignee ;VL seul;31;Masculin;Indemne;Non renseignee ;2;2;0;0;2;0;Adulte jeune (25-34);Sans pieton;Sans moto;2 VL;Sans poids lourd;Adulte jeune (25-34);2 usagers
Leger;14/10/2016;11:05;Asnieres-sur-Seine;Plein jour;Autre;Hors intersection;Route departementale;Collision par le cote;VL seul;S inserant;VL seul;38;Feminin;Blessee Leger;Non renseignee ;2;2;0;0;2;0;Adulte (35-49);Sans pieton;Sans moto;2 VL;Sans poids lourd;Adulte (35-49);2 usagers
Leger;07/11/2016;02:00;Bagneux;Nuit avec eclairage public allumee;Autre;Intersection en X;Route departementale;Collision par le cote;VL seul;Sans changement de direction;VL seul;21;Masculin;Indemne;Non renseignee ;4;2;0;0;2;0;Jeune adulte (18-24);Sans pieton;Sans moto;2 VL;Sans poids lourd;Jeune adulte (18-24);3-5 usagers
Leger;29/02/2016;07:30;Boulogne-Billancourt;Crepuscule ou aube;Autre;Hors intersection;Voie commuNon renseignee le;Sans collision;VL seul;Sedeportant A'auche;Non renseignee ;44;Masculin;Blessee Leger;Non renseignee ;1;1;0;0;1;0;Adulte (35-49);Sans pieton ;Sans moto;1 VL;Sans poids lourd;Adulte (35-49);1 usager
Leger;18/11/2016;22:50;Boulogne-Billancourt;Nuit avec eclairage public allumee;Autre;Intersection en T;Route departementale;Collision par le cote;VL seul;Manoeuvre de stationnement;VL seul;24;Masculin;Blessee Leger;Non renseignee ;2;2;0;0;2;0;Jeune adulte (18-24);Sans pieton;Sans moto;2 VL;Sans poids lourd;Jeune adulte (18-24);2 usagers
Leger;26/02/2016;23:53;Clamart;Nuit avec eclairage public allumee;Autre;Hors intersection;Voie commuNon renseignee le;Collision par le cote;VL seul;Sans changement de direction;VL seul;37;Masculin;Blessee Leger;Non renseignee ;2;2;0;0;2;0;Adulte (35-49);Sans pieton;Sans moto;2 VL;Sans poids lourd;Adulte (35-49);2 usagers
Leger;17/03/2016;15:00;Clichy;Plein jour;Autre;Hors intersection;Route departementale;Collisions en chaine;VU seul 1,5T <= PTAC <= 3,5T;Sans changement de direction;VU seul 1,5T <= PTAC <= 3,5T;41;Masculin;Indemne;Non renseignee ;3;3;0;0;3;0;Adulte (35-49);Sans pieton;Sans moto;3 VL ou plus;Sans poids lourd;Adulte (35-49);3-5 usagers
Leger;01/02/2016;18:30;Colombes;Nuit avec eclairage public allumee;Autre;Intersection en X;Route departementale;Collisions en chaine;VL seul;Meme sens, Meme file;VU seul 1,5T <= PTAC <= 3,5T;29;Masculin;Blessee Leger;Non renseignee ;4;4;0;0;4;0;Adulte jeune (25-34);Sans pieton;Sans moto;3 VL ou plus;Sans poids lourd;Adulte jeune (25-34);3-5 usagers
Leger;27/01/2016;00:48;Levallois-Perret;Nuit avec eclairage public allumee;Autre;Intersection en X;Voie commuNon renseignee le;Collision par le cote;VL seul;Sans changement de direction;VL seul;20;Feminin;Blessee Leger;Non renseignee ;2;2;0;0;2;0;Jeune adulte (18-24);Sans pieton;Sans moto;2 VL;Sans poids lourd;Jeune adulte (18-24);2 usagers
Leger;05/09/2016;09:30;Non renseignee nterre;Plein jour;Autre;Intersection en X;Route departementale;Collision par le cote;VL seul;Sans changement de direction;VL seul;44;Feminin;Indemne;Non renseignee ;2;2;0;0;2;0;Adulte (35-49);Sans pieton;Sans moto;2 VL;Sans poids lourd;Adulte (35-49);2 usagers
Leger;13/12/2016;14:30;Neuilly-sur-Seine;Plein jour;Temps couvert;Hors intersection;Voie commuNon renseignee le;Collision par l'arriere;VL seul;Meme sens, Meme file;VU seul 1,5T <= PTAC <= 3,5T;42;Feminin;Blessee Leger;Non renseignee ;2;2;0;0;2;0;Adulte (35-49);Sans pieton;Sans moto;2 VL;Sans poids lourd;Adulte (35-49);2 usagers
Leger;24/12/2016;06:00;Neuilly-sur-Seine;Nuit avec eclairage public allumee;Autre;Hors intersection;Route Non renseignee tioNon renseignee le;Collision par l'arriere;VU seul 1,5T <= PTAC <= 3,5T;Meme sens, Meme file;Autobus;25;Feminin;Indemne;Non renseignee ;2;2;0;0;1;0;Adulte jeune (25-34);Sans pieton;Sans moto;1 VL;Sans poids lourd;Adulte jeune (25-34);2 usagers
Leger;15/06/2016;07:35;Saint-Cloud;Plein jour;Autre;Hors intersection;Route departementale;Collision par l'arriere;VL seul;Meme sens, Meme file;VU seul 1,5T <= PTAC <= 3,5T;30;Feminin;Blessee Leger;Non renseignee ;2;2;0;0;2;0;Adulte jeune (25-34);Sans pieton;Sans moto;2 VL;Sans poids lourd;Adulte jeune (25-34);2 usagers
Leger;23/07/2016;20:10;Saint-Cloud;Plein jour;Autre;Intersection en X;Voie commuNon renseignee le;Collisions multiples;VL seul;Meme sens, Meme file;VL seul;70;Masculin;Blessee Leger;Non renseignee ;3;3;0;0;3;0;Senior (65+);Sans pieton;Sans moto;3 VL ou plus;Sans poids lourd;Senior (65+);3-5 usagers
Leger;25/10/2016;04:35;Saint-Cloud;Nuit avec eclairage public allumee;Autre;Hors intersection;Route departementale;Sans collision;VL seul;Sans changement de direction;Non renseignee ;24;Masculin;Blessee Leger;Non renseignee ;1;1;0;0;1;0;Jeune adulte (18-24);Sans pieton;Sans moto;1 VL;Sans poids lourd;Jeune adulte (18-24);1 usager
Leger;18/06/2020;18:30;Courbevoie;Plein jour;Normale;Hors intersection;Route departementale;Non renseignee ;Non renseignee ;En faisant demi-tour sur la chaussee;Scooter > 50 cm3 et <= 125 cm3;27;Masculin;Blessee Leger;Non renseignee ;2;2;0;1;1;0;Adulte jeune (25-34);Sans pieton;Avec moto;1 VL;Sans poids lourd;Adulte jeune (25-34);2 usagers
Leger;30/09/2021;19:30;Clichy;Plein jour;Normale;Intersection en X;Voie commuNon renseignee le;Non renseignee ;Non renseignee ;En marche arriere;Non renseignee ;55;Feminin;Blessee Leger;Non renseignee ;2;1;1;0;1;0;Senior actif (50-64);Avec pieton;Sans moto;1 VL;Sans poids lourd;Senior actif (50-64);2 usagers
Grave;15/10/2020;08:26;Clichy;Plein jour;Temps couvert;Hors intersection;Route departementale;Non renseignee ;Scooter > 125 cm3;Sans changement de direction;Non renseignee ;24;Feminin;Blessee hospitalisee;Non renseignee ;2;1;1;1;0;0;Jeune adulte (18-24);Avec pieton;Avec moto;Aucun VL;Sans poids lourd;Jeune adulte (18-24);2 usagers
Leger;18/02/2019;08:30;Non renseignee nterre;Plein jour;Normale;Hors intersection;Route departementale;Non renseignee ;PL seul 3,5T <PTCA <= 7,5T;Changeant de file A$roite;Non renseignee ;59;Masculin;Blessee Leger;Non renseignee ;2;2;0;0;0;1;Senior actif (50-64);Sans pieton;Sans moto;Aucun VL;Avec poids lourd;Senior actif (50-64);2 usagers
Leger;11/10/2019;09:00;Clichy;Plein jour;Normale;Hors intersection;Voie commuNon renseignee le;Non renseignee ;Scooter > 50 cm3 et <= 125 cm3;Sans changement de direction;Non renseignee ;28;Masculin;Indemne;Non renseignee ;2;1;1;1;0;0;Adulte jeune (25-34);Avec pieton;Avec moto;Aucun VL;Sans poids lourd;Adulte jeune (25-34);2 usagers
Leger;20/01/2020;20:20;Non renseignee nterre;Nuit sanseclairage public;Normale;Intersection en X;Route departementale;Non renseignee ;Non renseignee ;TourNon renseignee nt A$roite;Non renseignee ;22;Feminin;Blessee Leger;Non renseignee ;2;1;1;0;1;0;Jeune adulte (18-24);Avec pieton;Sans moto;1 VL;Sans poids lourd;Jeune adulte (18-24);2 usagers
Grave;06/06/2021;12:10;Courbevoie;Plein jour;Normale;Hors intersection;Route departementale;Non renseignee ;Non renseignee ;TourNon renseignee nt A$roite;Scooter > 125 cm3;55;Masculin;Blessee hospitalisee;Non renseignee ;3;2;0;1;1;0;Senior actif (50-64);Sans pieton ;Avec moto;1 VL;Sans poids lourd;Senior actif (50-64);3-5 usagers
Leger;10/09/2021;07:50;Asnieres-sur-Seine;Crepuscule ou aube;Normale;Hors intersection;Route departementale;Non renseignee ;Non renseignee ;Changeant de file A'auche;Scooter > 50 cm3 et <= 125 cm3;36;Masculin;Blessee Leger;Non renseignee ;2;2;0;1;1;0;Adulte (35-49);Sans pieton;Avec moto;1 VL;Sans poids lourd;Adulte (35-49);2 usagers
Leger;14/12/2020;11:30;Courbevoie;Plein jour;Temps couvert;Hors intersection;Voie commuNon renseignee le;Non renseignee ;Non renseignee ;Sans changement de direction;Non renseignee ;39;Masculin;Blessee Leger;Non renseignee ;2;1;1;0;1;0;Adulte (35-49);Avec pieton;Sans moto;1 VL;Sans poids lourd;Adulte (35-49);2 usagers
Leger;26/08/2019;09:50;Clichy;Plein jour;Normale;Intersection en X;Route departementale;Non renseignee ;Non renseignee ;Sans changement de direction;Non renseignee ;56;Masculin;Indemne;Non renseignee ;2;2;0;0;1;0;Senior actif (50-64);Sans pieton;Sans moto;1 VL;Sans poids lourd;Senior actif (50-64);2 usagers
Leger;20/10/2020;11:45;La Garenne-Colombes;Plein jour;Pluie legere;Autre intersection;Route departementale;Non renseignee ;Non renseignee ;Sans changement de direction;VU seul 1,5T <= PTAC <= 3,5T;27;Feminin;Blessee Leger;Non renseignee ;2;2;0;0;2;0;Adulte jeune (25-34);Sans pieton;Sans moto;2 VL;Sans poids lourd;Adulte jeune (25-34);2 usagers
Leger;18/10/2021;07:10;Colombes;Nuit avec eclairage public allumee;Normale;Hors intersection;Route departementale;Non renseignee ;Scooter > 125 cm3;Sans changement de direction;Non renseignee ;20;Masculin;Blessee Leger;Non renseignee ;2;1;1;1;0;0;Jeune adulte (18-24);Avec pieton;Avec moto;Aucun VL;Sans poids lourd;Jeune adulte (18-24);2 usagers
Leger;21/12/2021;20:55;Colombes;Nuit avec eclairage public allumee;Normale;Hors intersection;Voie commuNon renseignee le;Non renseignee ;Non renseignee ;Arrete (hors stationnement);Non renseignee ;39;Masculin;Blessee Leger;Non renseignee ;4;2;1;0;2;0;Adulte (35-49);Avec pieton;Sans moto;2 VL;Sans poids lourd;Adulte (35-49);3-5 usagers
Leger;24/05/2019;10:15;Asnieres-sur-Seine;Plein jour;Normale;Hors intersection;Voie commuNon renseignee le;Non renseignee ;VU seul 1,5T <= PTAC <= 3,5T;Sans changement de direction;Motocyclette > 125 cm3;33;Masculin;Indemne;Non renseignee ;2;2;0;1;1;0;Adulte jeune (25-34);Sans pieton;Avec moto;1 VL;Sans poids lourd;Adulte jeune (25-34);2 usagers
Leger;27/05/2020;19:05;Gennevilliers;Plein jour;Normale;Intersection en X;Route departementale;Non renseignee ;Non renseignee ;TourNon renseignee nt A$roite;Scooter > 50 cm3 et <= 125 cm3;36;Masculin;Blessee Leger;Non renseignee ;2;2;0;1;1;0;Adulte (35-49);Sans pieton ;Avec moto;1 VL;Sans poids lourd;Adulte (35-49);2 usagers
Leger;13/11/2020;03:20;Colombes;Nuit avec eclairage public allumee;Normale;Intersection en T;Route departementale;Non renseignee ;PL seul 3,5T <PTCA <= 7,5T;TourNon renseignee nt A$roite;Non renseignee ;40;Masculin;Blessee Leger;Non renseignee ;4;2;0;0;1;1;Adulte (35-49);Sans pieton ;Sans moto;1 VL;Avec poids lourd;Adulte (35-49);3-5 usagers
Leger;16/12/2021;09:25;Colombes;Plein jour;Normale;Hors intersection;Voie commuNon renseignee le;Non renseignee ;Non renseignee ;Depassant A'auche;Non renseignee ;54;Masculin;Blessee Leger;Non renseignee ;6;3;0;0;2;0;Senior actif (50-64);Sans pieton;Sans moto;2 VL;Sans poids lourd;Senior actif (50-64);Plus de 5 usagers
Leger;08/02/2020;01:50;Gennevilliers;Nuit avec eclairage public allumee;Normale;Hors intersection;Route departementale;Non renseignee ;Non renseignee ;Sedeportant A'auche;Non renseignee ;38;Feminin;Blessee Leger;Non renseignee ;3;1;0;0;1;0;Adulte (35-49);Sans pieton ;Sans moto;1 VL;Sans poids lourd;Adulte (35-49);3-5 usagers
Leger;02/06/2021;09:45;Non renseignee nterre;Plein jour;Normale;Hors intersection;Route departementale;Non renseignee ;Non renseignee ;Sans changement de direction;Non renseignee ;43;Masculin;Blessee Leger;Non renseignee ;2;2;0;0;1;0;Adulte (35-49);Sans pieton;Sans moto;1 VL;Sans poids lourd;Adulte (35-49);2 usagers
Leger;07/06/2021;07:50;Non renseignee nterre;Plein jour;Normale;Hors intersection;Route departementale;Non renseignee ;Non renseignee ;TourNon renseignee nt A'auche;Non renseignee ;38;Masculin;Blessee Leger;Non renseignee ;2;2;0;0;1;0;Adulte (35-49);Sans pieton ;Sans moto;1 VL;Sans poids lourd;Adulte (35-49);2 usagers
Leger;06/10/2021;12:10;Colombes;Plein jour;Normale;Hors intersection;Autoroute;Non renseignee ;VU seul 1,5T <= PTAC <= 3,5T;Meme sens, Meme file;Non renseignee ;34;Feminin;Blessee Leger;Non renseignee ;2;2;0;0;2;0;Adulte jeune (25-34);Sans pieton;Sans moto;2 VL;Sans poids lourd;Adulte jeune (25-34);2 usagers
Leger;16/12/2021;21:40;Asnieres-sur-Seine;Nuit avec eclairage public allumee;Normale;Hors intersection;Route departementale;Non renseignee ;Scooter > 50 cm3 et <= 125 cm3;Meme sens, Meme file;Non renseignee ;38;Masculin;Blessee Leger;Non renseignee ;2;2;0;1;1;0;Adulte (35-49);Sans pieton;Avec moto;1 VL;Sans poids lourd;Adulte (35-49);2 usagers
Leger;30/08/2021;16:50;Bois-Colombes;Plein jour;Normale;Intersection en T;Route departementale;Non renseignee ;Non renseignee ;Sans changement de direction;Non renseignee ;18;Feminin;Blessee Leger;Non renseignee ;2;1;1;0;1;0;Jeune adulte (18-24);Avec pieton;Sans moto;1 VL;Sans poids lourd;Jeune adulte (18-24);2 usagers
Grave;09/10/2020;13:55;Gennevilliers;Plein jour;Normale;Hors intersection;Route departementale;Non renseignee ;Non renseignee ;TourNon renseignee nt A$roite;Scooter > 50 cm3 et <= 125 cm3;23;Feminin;Blessee Leger;Non renseignee ;3;2;0;1;1;0;Jeune adulte (18-24);Sans pieton ;Avec moto;1 VL;Sans poids lourd;Jeune adulte (18-24);3-5 usagers
Leger;29/07/2019;15:10;Colombes;Plein jour;Normale;Hors intersection;Autoroute;Non renseignee ;PL seul > 7,5T;Changeant de file A$roite;Non renseignee ;65;Masculin;Indemne;Non renseignee ;2;2;0;0;1;1;Senior (65+);Sans pieton;Sans moto;1 VL;Avec poids lourd;Senior (65+);2 usagers
Leger;25/08/2019;13:20;Gennevilliers;Plein jour;Normale;Intersection en X;Voie commuNon renseignee le;Non renseignee ;Non renseignee ;Inconnue;Non renseignee ;76;Masculin;Blessee Leger;Non renseignee ;1;1;1;0;0;0;Senior (65+);Avec pieton;Sans moto;Aucun VL;Sans poids lourd;Senior (65+);1 usager
Leger;26/02/2021;06:40;Colombes;Nuit sanseclairage public;Pluie legere;Autre intersection;Route departementale;Non renseignee ;Non renseignee ;S inserant;Scooter > 50 cm3 et <= 125 cm3;28;Masculin;Blessee Leger;Non renseignee ;2;2;0;1;1;0;Adulte jeune (25-34);Sans pieton;Avec moto;1 VL;Sans poids lourd;Adulte jeune (25-34);2 usagers
Grave;27/04/2021;23:10;Colombes;Nuit avec eclairage public allumee;Normale;Hors intersection;Route departementale;Non renseignee ;Scooter > 50 cm3 et <= 125 cm3;Se deportant A$roite;Non renseignee ;23;Masculin;Blessee hospitalisee;Non renseignee ;1;1;0;1;0;0;Jeune adulte (18-24);Sans pieton ;Avec moto;Aucun VL;Sans poids lourd;Jeune adulte (18-24);1 usager
Leger;08/10/2019;18:00;Asnieres-sur-Seine;Plein jour;Pluie legere;Hors intersection;Route departementale;Non renseignee ;Scooter < 50 cm3;Manoeuvre devitement;Non renseignee ;16;Masculin;Indemne;Non renseignee ;2;1;1;0;0;0;Mineur (-18 ans);Avec pieton;Sans moto;Aucun VL;Sans poids lourd;Mineur (-18 ans);2 usagers
Grave;26/05/2019;21:40;Colombes;Nuit avec eclairage public non allumee;Normale;Hors intersection;Autoroute;Non renseignee ;VU seul 1,5T <= PTAC <= 3,5T;Inconnue;Non renseignee ;18;Masculin;Blessee Leger;Non renseignee ;5;1;0;0;1;0;Jeune adulte (18-24);Sans pieton;Sans moto;1 VL;Sans poids lourd;Jeune adulte (18-24);3-5 usagers
Leger;24/07/2020;12:39;Gennevilliers;Plein jour;Normale;Intersection en T;Route departementale;Non renseignee ;Motocyclette > 125 cm3;Sans changement de direction;Non renseignee ;26;Masculin;Blessee Leger;Non renseignee ;2;2;0;1;1;0;Adulte jeune (25-34);Sans pieton;Avec moto;1 VL;Sans poids lourd;Adulte jeune (25-34);2 usagers
Leger;13/10/2020;01:30;Gennevilliers;Nuit avec eclairage public allumee;Pluie legere;Giratoire;Voie commuNon renseignee le;Non renseignee ;PL > 3,5T + remorque;Sedeportant A'auche;Non renseignee ;30;Masculin;Blessee Leger;Non renseignee ;1;1;0;0;0;1;Adulte jeune (25-34);Sans pieton ;Sans moto;Aucun VL;Avec poids lourd;Adulte jeune (25-34);1 usager
Leger;04/06/2020;08:40;Gennevilliers;Plein jour;Pluie legere;Hors intersection;Autoroute;Non renseignee ;Non renseignee ;Meme sens, Meme file;Motocyclette > 50 cm3 et <= 125 cm3;35;Masculin;Blessee Leger;Non renseignee ;2;2;0;1;1;0;Adulte (35-49);Sans pieton;Avec moto;1 VL;Sans poids lourd;Adulte (35-49);2 usagers
Leger;05/12/2019;05:50;Gennevilliers;Nuit sanseclairage public;Brouillard - fumee;Hors intersection;Autoroute;Non renseignee ;Scooter > 50 cm3 et <= 125 cm3;Entre 2 files;Non renseignee ;29;Masculin;Blessee Leger;Non renseignee ;2;2;0;1;1;0;Adulte jeune (25-34);Sans pieton;Avec moto;1 VL;Sans poids lourd;Adulte jeune (25-34);2 usagers
Leger;29/11/2021;03:15;Gennevilliers;Nuit sanseclairage public;Normale;Hors intersection;Autoroute;Non renseignee ;Non renseignee ;Sans changement de direction;Non renseignee ;32;Masculin;Blessee Leger;Non renseignee ;3;2;0;0;2;0;Adulte jeune (25-34);Sans pieton;Sans moto;2 VL;Sans poids lourd;Adulte jeune (25-34);3-5 usagers
Leger;17/06/2019;08:35;Gennevilliers;Plein jour;Normale;Hors intersection;Autoroute;Non renseignee ;Non renseignee ;Changeant de file A'auche;Motocyclette > 125 cm3;29;Masculin;Indemne;Non renseignee ;2;2;0;1;1;0;Adulte jeune (25-34);Sans pieton;Avec moto;1 VL;Sans poids lourd;Adulte jeune (25-34);2 usagers
Leger;08/06/2006;18:10;Rueil-Malmaison;Non renseignee ;Autre;Non renseignee ;Route departementale;Non renseignee ;VL seul;Non renseignee ;Non renseignee ;38;Non renseignee ;Non renseignee ;Non renseignee ;3;2;0;1;1;0;Adulte (35-49);Sans pieton;Avec moto;1 VL;Sans poids lourd;Adulte (35-49);3-5 usagers
Leger;28/03/2006;00:50;Ville d'Avray;Non renseignee ;Autre;Non renseignee ;Route departementale;Non renseignee ;VL seul;Non renseignee ;Non renseignee ;38;Non renseignee ;Non renseignee ;Non renseignee ;3;1;0;0;1;0;Adulte (35-49);Sans pieton;Sans moto;1 VL;Sans poids lourd;Adulte (35-49);3-5 usagers
Leger;12/12/2006;19:25;Vaucresson;Non renseignee ;Autre;Non renseignee ;Route departementale;Non renseignee ;VL seul;Non renseignee ;Cyclomoteur <50cm3;38;Non renseignee ;Non renseignee ;Non renseignee ;2;2;0;0;1;0;Adulte (35-49);Sans pieton;Sans moto;1 VL;Sans poids lourd;Adulte (35-49);2 usagers
Leger;20/01/2006;21:05;Ville d'Avray;Non renseignee ;Autre;Non renseignee ;Route departementale;Non renseignee ;VL seul;Non renseignee ;Non renseignee ;38;Non renseignee ;Non renseignee ;Non renseignee ;2;1;1;0;1;0;Adulte (35-49);Avec pieton;Sans moto;1 VL;Sans poids lourd;Adulte (35-49);2 usagers
Leger;08/07/2006;19:00;Ville d'Avray;Non renseignee ;Autre;Non renseignee ;Route departementale;Non renseignee ;Cyclomoteur <50cm3;Non renseignee ;Non renseignee ;38;Non renseignee ;Non renseignee ;Non renseignee ;1;1;0;0;0;0;Adulte (35-49);Sans pieton;Sans moto;Aucun VL;Sans poids lourd;Adulte (35-49);1 usager
Grave;07/10/2006;18:10;Chaville;Non renseignee ;Autre;Non renseignee ;Route departementale;Non renseignee ;Bicyclette;Non renseignee ;Non renseignee ;38;Non renseignee ;Non renseignee ;Non renseignee ;2;2;0;0;0;0;Adulte (35-49);Sans pieton;Sans moto;Aucun VL;Sans poids lourd;Adulte (35-49);2 usagers
Leger;02/12/2006;21:45;Rueil-Malmaison;Non renseignee ;Autre;Non renseignee ;Non renseignee ;Non renseignee ;VL seul;Non renseignee ;VL seul;38;Non renseignee ;Non renseignee ;Non renseignee ;2;2;0;0;2;0;Adulte (35-49);Sans pieton;Sans moto;2 VL;Sans poids lourd;Adulte (35-49);2 usagers
Leger;08/03/2006;18:00;Rueil-Malmaison;Non renseignee ;Autre;Non renseignee ;Route departementale;Non renseignee ;VL seul;Non renseignee ;Non renseignee ;38;Non renseignee ;Non renseignee ;Non renseignee ;2;2;0;1;1;0;Adulte (35-49);Sans pieton;Avec moto;1 VL;Sans poids lourd;Adulte (35-49);2 usagers
Leger;06/06/2006;18:20;Non renseignee nterre;Non renseignee ;Autre;Non renseignee ;Route departementale;Non renseignee ;Cyclomoteur <50cm3;Non renseignee ;Non renseignee ;38;Non renseignee ;Non renseignee ;Non renseignee ;2;1;1;0;0;0;Adulte (35-49);Avec pieton;Sans moto;Aucun VL;Sans poids lourd;Adulte (35-49);2 usagers
Leger;27/04/2006;17:45;Saint-Cloud;Non renseignee ;Autre;Non renseignee ;Route departementale;Non renseignee ;Bicyclette;Non renseignee ;Non renseignee ;38;Non renseignee ;Non renseignee ;Non renseignee ;2;1;1;0;0;0;Adulte (35-49);Avec pieton;Sans moto;Aucun VL;Sans poids lourd;Adulte (35-49);2 usagers
Leger;02/02/2006;10:34;Non renseignee nterre;Non renseignee ;Autre;Non renseignee ;Route departementale;Non renseignee ;VL seul;Non renseignee ;Non renseignee ;38;Non renseignee ;Non renseignee ;Non renseignee ;4;2;0;1;1;0;Adulte (35-49);Sans pieton;Avec moto;1 VL;Sans poids lourd;Adulte (35-49);3-5 usagers
Leger;31/01/2006;16:40;Suresnes;Non renseignee ;Autre;Non renseignee ;Route departementale;Non renseignee ;VL seul;Non renseignee ;VL seul;38;Non renseignee ;Non renseignee ;Non renseignee ;2;2;0;0;2;0;Adulte (35-49);Sans pieton;Sans moto;2 VL;Sans poids lourd;Adulte (35-49);2 usagers
Grave;18/05/2006;05:20;Meudon;Non renseignee ;Autre;Non renseignee ;Route Non renseignee tioNon renseignee le;Non renseignee ;VL seul;Non renseignee ;Non renseignee ;38;Non renseignee ;Non renseignee ;Non renseignee ;1;1;0;0;1;0;Adulte (35-49);Sans pieton;Sans moto;1 VL;Sans poids lourd;Adulte (35-49);1 usager
Leger;25/11/2006;16:30;Meudon;Non renseignee ;Autre;Non renseignee ;Non renseignee ;Non renseignee ;VL seul;Non renseignee ;Non renseignee ;38;Non renseignee ;Non renseignee ;Non renseignee ;3;1;2;0;1;0;Adulte (35-49);Avec pieton;Sans moto;1 VL;Sans poids lourd;Adulte (35-49);3-5 usagers
Leger;09/03/2006;12:35;Non renseignee nterre;Non renseignee ;Autre;Non renseignee ;Route departementale;Non renseignee ;VL seul;Non renseignee ;VL seul;38;Non renseignee ;Non renseignee ;Non renseignee ;2;2;0;0;2;0;Adulte (35-49);Sans pieton;Sans moto;2 VL;Sans poids lourd;Adulte (35-49);2 usagers
Leger;08/01/2006;21:03;Sevres;Non renseignee ;Autre;Non renseignee ;Non renseignee ;Non renseignee ;Cyclomoteur <50cm3;Non renseignee ;Non renseignee ;38;Non renseignee ;Non renseignee ;Non renseignee ;1;1;0;0;0;0;Adulte (35-49);Sans pieton;Sans moto;Aucun VL;Sans poids lourd;Adulte (35-49);1 usager
Grave;01/07/2006;00:55;Sevres;Non renseignee ;Autre;Non renseignee ;Route Non renseignee tioNon renseignee le;Non renseignee ;Non renseignee ;Non renseignee ;Non renseignee ;38;Non renseignee ;Non renseignee ;Non renseignee ;1;1;0;1;0;0;Adulte (35-49);Sans pieton;Avec moto;Aucun VL;Sans poids lourd;Adulte (35-49);1 usager
Grave;08/11/2006;14:20;Boulogne-Billancourt;Non renseignee ;Autre;Non renseignee ;Non renseignee ;Non renseignee ;VL seul;Non renseignee ;Non renseignee ;38;Non renseignee ;Non renseignee ;Non renseignee ;2;2;0;1;1;0;Adulte (35-49);Sans pieton;Avec moto;1 VL;Sans poids lourd;Adulte (35-49);2 usagers