type_acci;date;heure;commune;luminosite_accident;cond_atmos;Intersection;categorie_route;type_collision;type_vehicule_1;manoeuvre_vehicule_1;type_vehicule_2;age_usager;sexe_usager;gravite_usager;etat_usager;nombre_usagers;nb_veh;nombre_pietons;nombre_motos;nombre_vl;nombre_pl;age_usa1_categ;accident_pieton;accident_moto;categorie_vl;accident_pl;categorie_age;categorie_usagers
Leger;22/05/2009;05:55;Courbevoie;Crepuscule ou aube;Autre;Hors intersection;Route departementale;Autre collision;VL seul;Sans changement de direction;Non renseignee ;31;Feminin;Indemne;Non renseignee ;5;1;1;0;1;0;Adulte jeune (25-34);Avec pieton;Sans moto;1 VL;Sans poids lourd;Adulte jeune (25-34);3-5 usagers
Leger;30/12/2009;19:00;Issy-les-Moulineaux;Plein jour;Autre;Intersection en X;Route departementale;Autre collision;VL seul;Sans changement de direction;Non renseignee ;48;Masculin;Indemne;Non renseignee ;2;1;1;0;1;0;Adulte (35-49);Avec pieton;Sans moto;1 VL;Sans poids lourd;Adulte (35-49);2 usagers
Leger;26/03/2009;09:55;Levallois-Perret;Plein jour;Autre;Hors intersection;Route departementale;Autre collision;Motocyclette > 125 cm3;Sans changement de direction;Motocyclette > 125 cm3;32;Masculin;Blessee Leger;Non renseignee ;4;3;1;2;1;0;Adulte jeune (25-34);Avec pieton;Avec moto;1 VL;Sans poids lourd;Adulte jeune (25-34);3-5 usagers
Leger;13/08/2009;19:40;Levallois-Perret;Plein jour;Autre;Intersection en X;Route departementale;Autre collision;VL seul;Non renseignee ;Non renseignee ;32;Masculin;Indemne;Non renseignee ;2;1;1;0;1;0;Adulte jeune (25-34);Avec pieton;Sans moto;1 VL;Sans poids lourd;Adulte jeune (25-34);2 usagers
Leger;22/12/2009;18:45;Montrouge;Nuit avec eclairage public allumee;Autre;Hors intersection;Voie commuNon renseignee le;Autre collision;VL seul;Sans changement de direction;Non renseignee ;13;Feminin;Blessee Leger;Non renseignee ;2;1;1;0;1;0;Mineur (-18 ans);Avec pieton;Sans moto;1 VL;Sans poids lourd;Mineur (-18 ans);2 usagers
Leger;24/07/2009;10:15;Non renseignee nterre;Plein jour;Autre;Hors intersection;Route departementale;Autre collision;VL seul;Sans changement de direction;Non renseignee ;75;Masculin;Indemne;Non renseignee ;3;1;1;0;1;0;Senior (65+);Avec pieton;Sans moto;1 VL;Sans poids lourd;Senior (65+);3-5 usagers
Leger;13/11/2009;18:35;Neuilly-sur-Seine;Nuit avec eclairage public allumee;Autre;Intersection en X;Voie commuNon renseignee le;Autre collision;VL seul;En marche arriere;Non renseignee ;69;Feminin;Indemne;Non renseignee ;2;1;1;0;1;0;Senior (65+);Avec pieton;Sans moto;1 VL;Sans poids lourd;Senior (65+);2 usagers
Leger;27/04/2009;11:40;Puteaux;Plein jour;Autre;Hors intersection;Voie commuNon renseignee le;Autre collision;VU seul 1,5T <= PTAC <= 3,5T;En marche arriere;Non renseignee ;32;Masculin;Indemne;Non renseignee ;2;1;1;0;1;0;Adulte jeune (25-34);Avec pieton;Sans moto;1 VL;Sans poids lourd;Adulte jeune (25-34);2 usagers
Leger;19/02/2010;09:05;Non renseignee nterre;Plein jour;Temps eblouissant;Hors intersection;Route departementale;Collision par le cote;VL seul;Sans changement de direction;Bicyclette;54;Masculin;Indemne;Non renseignee ;2;2;0;0;1;0;Senior actif (50-64);Sans pieton;Sans moto;1 VL;Sans poids lourd;Senior actif (50-64);2 usagers
Leger;26/02/2010;12:45;Antony;Plein jour;Autre;Hors intersection;Autoroute;Collision par le cote;VL seul;Sans changement de direction;VL seul;38;Masculin;Blessee Leger;Non renseignee ;2;2;0;0;2;0;Adulte (35-49);Sans pieton;Sans moto;2 VL;Sans poids lourd;Adulte (35-49);2 usagers
Leger;04/03/2010;06:30;Asnieres-sur-Seine;Nuit avec eclairage public allumee;Autre;Intersection en X;Route departementale;Collision par le cote;VL seul;TourNon renseignee nt A'auche;Scooter > 50 cm3 et <= 125 cm3;48;Masculin;Blessee Leger;Non renseignee ;2;2;0;1;1;0;Adulte (35-49);Sans pieton ;Avec moto;1 VL;Sans poids lourd;Adulte (35-49);2 usagers
Leger;09/03/2010;13:50;Courbevoie;Plein jour;Autre;Intersection en T;Route departementale;Sans collision;Scooter > 125 cm3;TourNon renseignee nt A$roite;Non renseignee ;35;Masculin;Blessee Leger;Attention perturbA{1;1;0;1;0;0;Adulte (35-49);Sans pieton ;Avec moto;Aucun VL;Sans poids lourd;Adulte (35-49);1 usager
Leger;12/03/2010;22:31;Antony;Nuit avec eclairage public allumee;Autre;Hors intersection;Autoroute;Sans collision;VL seul;Sedeportant A'auche;Non renseignee ;48;Feminin;Blessee Leger;Non renseignee ;1;1;0;0;1;0;Adulte (35-49);Sans pieton ;Sans moto;1 VL;Sans poids lourd;Adulte (35-49);1 usager
Grave;25/03/2010;20:10;Rueil-Malmaison;Nuit avec eclairage public allumee;Autre;Hors intersection;Voie commuNon renseignee le;Autre collision;VL seul;Sans changement de direction;Non renseignee ;60;Masculin;Indemne;Non renseignee ;2;1;1;0;1;0;Senior actif (50-64);Avec pieton;Sans moto;1 VL;Sans poids lourd;Senior actif (50-64);2 usagers
Leger;29/03/2010;07:45;Antony;Plein jour;Autre;Hors intersection;Voie commuNon renseignee le;Collision par le cote;VL seul;Changeant de file A'auche;Motocyclette > 125 cm3;43;Masculin;Blessee Leger;Non renseignee ;2;2;0;1;1;0;Adulte (35-49);Sans pieton;Avec moto;1 VL;Sans poids lourd;Adulte (35-49);2 usagers
Leger;01/04/2010;22:05;Gennevilliers;Nuit avec eclairage public allumee;Autre;Intersection en X;Route departementale;Sans collision;VL seul;Se deportant A$roite;Non renseignee ;25;Masculin;Blessee Leger;Non renseignee ;1;1;0;0;1;0;Adulte jeune (25-34);Sans pieton ;Sans moto;1 VL;Sans poids lourd;Adulte jeune (25-34);1 usager
Leger;03/04/2010;21:15;Montrouge;Nuit avec eclairage public allumee;Pluie legere;Hors intersection;Route departementale;Collision par l'arriere;VL seul;Sans changement de direction;VL seul;40;Masculin;Indemne;Non renseignee ;3;2;0;0;2;0;Adulte (35-49);Sans pieton;Sans moto;2 VL;Sans poids lourd;Adulte (35-49);3-5 usagers
Leger;28/04/2010;18:35;Montrouge;Plein jour;Autre;Intersection en X;Route departementale;Collision par le cote;VL seul;En faisant demi-tour sur la chaussee;Scooter < 50 cm3;47;Feminin;Indemne;Non renseignee ;2;2;0;0;1;0;Adulte (35-49);Sans pieton;Sans moto;1 VL;Sans poids lourd;Adulte (35-49);2 usagers
Leger;28/04/2010;20:05;Colombes;Plein jour;Autre;Intersection en X;Route departementale;Collision par l'arriere;VL seul;Sans changement de direction;VL seul;51;Feminin;Indemne;Non renseignee ;2;2;0;0;2;0;Senior actif (50-64);Sans pieton;Sans moto;2 VL;Sans poids lourd;Senior actif (50-64);2 usagers
Leger;28/04/2010;23:30;Asnieres-sur-Seine;Nuit avec eclairage public allumee;Autre;Intersection en T;Voie commuNon renseignee le;Autre collision;VL seul;En marche arriere;Non renseignee ;28;Masculin;Indemne;Non renseignee ;2;1;1;0;1;0;Adulte jeune (25-34);Avec pieton;Sans moto;1 VL;Sans poids lourd;Adulte jeune (25-34);2 usagers
Leger;06/05/2010;10:10;Chaville;Plein jour;Autre;Hors intersection;Route departementale;Collision par le cote;VL seul;En faisant demi-tour sur la chaussee;Motocyclette > 50 cm3 et <= 125 cm3;64;Feminin;Indemne;Non renseignee ;2;2;0;1;1;0;Senior actif (50-64);Sans pieton;Avec moto;1 VL;Sans poids lourd;Senior actif (50-64);2 usagers
Leger;12/05/2010;21:10;Neuilly-sur-Seine;Nuit avec eclairage public allumee;Autre;Hors intersection;Voie commuNon renseignee le;Collision par le cote;Scooter > 125 cm3;Non renseignee ;VL seul;21;Masculin;Indemne;Non renseignee ;3;2;0;1;1;0;Jeune adulte (18-24);Sans pieton;Avec moto;1 VL;Sans poids lourd;Jeune adulte (18-24);3-5 usagers
Leger;13/05/2010;06:38;Antony;Crepuscule ou aube;Autre;Hors intersection;Autoroute;Collision par l'arriere;VL seul;Meme sens, Meme file;VL seul;23;Feminin;Blessee Leger;Non renseignee ;3;2;0;0;2;0;Jeune adulte (18-24);Sans pieton;Sans moto;2 VL;Sans poids lourd;Jeune adulte (18-24);3-5 usagers
Leger;17/05/2010;09:05;Neuilly-sur-Seine;Plein jour;Autre;Hors intersection;Route departementale;Autre collision;Scooter > 125 cm3;Sans changement de direction;Non renseignee ;42;Masculin;Indemne;Non renseignee ;2;1;1;1;0;0;Adulte (35-49);Avec pieton;Avec moto;Aucun VL;Sans poids lourd;Adulte (35-49);2 usagers
Leger;17/05/2010;14:21;Villeneuve-la-Garenne;Plein jour;Autre;Intersection en Y;Voie commuNon renseignee le;Autre collision;Scooter > 125 cm3;Non renseignee ;Autobus;30;Masculin;Indemne;Non renseignee ;3;2;1;1;0;0;Adulte jeune (25-34);Avec pieton;Avec moto;Aucun VL;Sans poids lourd;Adulte jeune (25-34);3-5 usagers
Grave;25/05/2010;17:15;Non renseignee nterre;Plein jour;Autre;Hors intersection;Voie commuNon renseignee le;Autre collision;VL seul;Sans changement de direction;Non renseignee ;42;Feminin;Indemne;Non renseignee ;2;1;1;0;1;0;Adulte (35-49);Avec pieton;Sans moto;1 VL;Sans poids lourd;Adulte (35-49);2 usagers
Leger;26/05/2010;11:15;Non renseignee nterre;Plein jour;Autre;Hors intersection;Route departementale;Collision par le cote;VL seul;Sans changement de direction;Scooter > 50 cm3 et <= 125 cm3;32;Masculin;Blessee Leger;Non renseignee ;2;2;0;1;1;0;Adulte jeune (25-34);Sans pieton;Avec moto;1 VL;Sans poids lourd;Adulte jeune (25-34);2 usagers
Grave;01/06/2010;18:00;Non renseignee nterre;Plein jour;Pluie legere;Hors intersection;Autoroute;Collision par l'arriere;Scooter > 50 cm3 et <= 125 cm3;Meme sens, Meme file;VU seul 1,5T <= PTAC <= 3,5T;31;Masculin;Blessee hospitalisee;Attention perturbée;2;2;0;1;1;0;Adulte jeune (25-34);Sans pieton;Avec moto;1 VL;Sans poids lourd;Adulte jeune (25-34);2 usagers
Grave;04/06/2010;17:00;Gennevilliers;Plein jour;Autre;Hors intersection;Autoroute;Collisions en chaine;Motocyclette > 125 cm3;Meme sens, Meme file;VU seul 1,5T <= PTAC <= 3,5T;20;Masculin;Blessee hospitalisee;Non renseignee ;3;3;0;1;2;0;Jeune adulte (18-24);Sans pieton;Avec moto;2 VL;Sans poids lourd;Jeune adulte (18-24);3-5 usagers
Leger;05/06/2010;10:40;ChateNon renseignee y-Malabry;Plein jour;Autre;Giratoire;Route departementale;Collision par le cote;VL seul;TourNon renseignee nt A'auche;Bicyclette;66;Masculin;Indemne;Non renseignee ;2;2;0;0;1;0;Senior (65+);Sans pieton ;Sans moto;1 VL;Sans poids lourd;Senior (65+);2 usagers
Leger;09/06/2010;19:10;Boulogne-Billancourt;Plein jour;Autre;Intersection en X;Voie commuNon renseignee le;Autre collision;VL seul;TourNon renseignee nt A'auche;Non renseignee ;37;Feminin;Indemne;Non renseignee ;2;1;1;0;1;0;Adulte (35-49);Avec pieton;Sans moto;1 VL;Sans poids lourd;Adulte (35-49);2 usagers
Leger;11/06/2010;08:40;Clamart;Plein jour;Autre;Hors intersection;Route departementale;Autre collision;Autobus;Sans changement de direction;Non renseignee ;36;Masculin;Indemne;Non renseignee ;2;1;1;0;0;0;Adulte (35-49);Avec pieton;Sans moto;Aucun VL;Sans poids lourd;Adulte (35-49);2 usagers
Leger;17/06/2010;18:30;Issy-les-Moulineaux;Plein jour;Temps couvert;Hors intersection;Route departementale;Autre collision;VL seul;Sans changement de direction;Non renseignee ;28;Feminin;Indemne;Non renseignee ;2;1;1;0;1;0;Adulte jeune (25-34);Avec pieton;Sans moto;1 VL;Sans poids lourd;Adulte jeune (25-34);2 usagers
Leger;22/06/2010;18:32;La Garenne-Colombes;Plein jour;Autre;Intersection A0lus de 4 branches;Route departementale;Collision par le cote;VL seul;TourNon renseignee nt A'auche;Motocyclette > 50 cm3 et <= 125 cm3;57;Masculin;Indemne;Non renseignee ;2;2;0;1;1;0;Senior actif (50-64);Sans pieton ;Avec moto;1 VL;Sans poids lourd;Senior actif (50-64);2 usagers
Leger;24/06/2010;10:45;Levallois-Perret;Plein jour;Autre;Intersection en X;Voie commuNon renseignee le;Autre collision;VL seul;Sans changement de direction;Non renseignee ;42;Feminin;Indemne;Attention perturbée;2;1;1;0;1;0;Adulte (35-49);Avec pieton;Sans moto;1 VL;Sans poids lourd;Adulte (35-49);2 usagers
Leger;27/06/2010;07:35;Neuilly-sur-Seine;Plein jour;Autre;Intersection en X;Voie commuNon renseignee le;Collision par le cote;Scooter > 50 cm3 et <= 125 cm3;Sans changement de direction;VL seul;29;Masculin;Blessee Leger;Non renseignee ;2;2;0;1;1;0;Adulte jeune (25-34);Sans pieton;Avec moto;1 VL;Sans poids lourd;Adulte jeune (25-34);2 usagers
Leger;30/06/2010;14:30;Vaucresson;Plein jour;Autre;Intersection en Y;Voie commuNon renseignee le;Collision par le cote;Scooter < 50 cm3;TourNon renseignee nt A'auche;VL seul;21;Masculin;Indemne;Non renseignee ;2;2;0;0;1;0;Jeune adulte (18-24);Sans pieton ;Sans moto;1 VL;Sans poids lourd;Jeune adulte (18-24);2 usagers
Grave;02/07/2010;18:00;Boulogne-Billancourt;Plein jour;Temps couvert;Intersection en X;Route departementale;Autre collision;VL seul;Sans changement de direction;Non renseignee ;35;Masculin;Indemne;Non renseignee ;2;1;1;0;1;0;Adulte (35-49);Avec pieton;Sans moto;1 VL;Sans poids lourd;Adulte (35-49);2 usagers
Leger;05/07/2010;08:00;Gennevilliers;Plein jour;Autre;Hors intersection;Autoroute;Collision par l'arriere;PL seul > 7,5T;Sans changement de direction;Non renseignee ;37;Masculin;Blessee Leger;Non renseignee ;2;2;0;0;0;2;Adulte (35-49);Sans pieton;Sans moto;Aucun VL;Avec poids lourd;Adulte (35-49);2 usagers
Leger;09/07/2010;12:25;Courbevoie;Plein jour;Autre;Intersection en X;Route departementale;Collision par l'arriere;PL seul > 7,5T;Meme sens, Meme file;Motocyclette > 50 cm3 et <= 125 cm3;26;Masculin;Indemne;Non renseignee ;2;2;0;1;0;1;Adulte jeune (25-34);Sans pieton;Avec moto;Aucun VL;Avec poids lourd;Adulte jeune (25-34);2 usagers
Leger;11/07/2010;14:25;Puteaux;Plein jour;Autre;Intersection en X;Route departementale;Collision par le cote;VL seul;TourNon renseignee nt A'auche;Scooter > 50 cm3 et <= 125 cm3;33;Masculin;Blessee Leger;Non renseignee ;2;2;0;1;1;0;Adulte jeune (25-34);Sans pieton ;Avec moto;1 VL;Sans poids lourd;Adulte jeune (25-34);2 usagers
Leger;12/08/2010;12:40;Boulogne-Billancourt;Plein jour;Autre;Intersection A0lus de 4 branches;Route departementale;Collision par le cote;VL seul;TourNon renseignee nt A$roite;Motocyclette > 125 cm3;23;Masculin;Indemne;Non renseignee ;3;2;0;1;1;0;Jeune adulte (18-24);Sans pieton ;Avec moto;1 VL;Sans poids lourd;Jeune adulte (18-24);3-5 usagers
Grave;15/12/2012;11:10;Boulogne-Billancourt;Plein jour;Autre;Intersection en X;Route departementale;Collisions en chaine;VL seul;Sans changement de direction;VL seul;33;Masculin;Indemne;Non renseignee ;4;4;0;0;4;0;Adulte jeune (25-34);Sans pieton;Sans moto;3 VL ou plus;Sans poids lourd;Adulte jeune (25-34);3-5 usagers
Grave;22/03/2012;15:45;Vanves;Plein jour;Autre;Hors intersection;Route departementale;Collision par le cote;VL seul;TourNon renseignee nt A$roite;Scooter > 125 cm3;20;Masculin;Indemne;Non renseignee ;2;2;0;1;1;0;Jeune adulte (18-24);Sans pieton ;Avec moto;1 VL;Sans poids lourd;Jeune adulte (18-24);2 usagers
Leger;07/09/2012;17:55;Boulogne-Billancourt;Plein jour;Autre;Hors intersection;Route departementale;Collision par le cote;VL seul;Changeant de file A$roite;Motocyclette > 125 cm3;24;Masculin;Indemne;Non renseignee ;2;2;0;1;1;0;Jeune adulte (18-24);Sans pieton;Avec moto;1 VL;Sans poids lourd;Jeune adulte (18-24);2 usagers
Leger;07/11/2012;00:20;Boulogne-Billancourt;Nuit avec eclairage public allumee;Autre;Hors intersection;Voie commuNon renseignee le;Sans collision;Scooter < 50 cm3;Sans changement de direction;Non renseignee ;18;Masculin;Blessee Leger;Non renseignee ;1;1;0;0;0;0;Jeune adulte (18-24);Sans pieton;Sans moto;Aucun VL;Sans poids lourd;Jeune adulte (18-24);1 usager
Leger;06/10/2012;16:25;Bagneux;Plein jour;Pluie legere;Intersection en T;Route departementale;Collision par l'arriere;VL seul;Meme sens, Meme file;VL seul;27;Feminin;Indemne;Non renseignee ;2;2;0;0;2;0;Adulte jeune (25-34);Sans pieton;Sans moto;2 VL;Sans poids lourd;Adulte jeune (25-34);2 usagers
Leger;11/07/2012;21:30;Asnieres-sur-Seine;Plein jour;Autre;Intersection en T;Route departementale;Collision par le cote;VU seul 1,5T <= PTAC <= 3,5T;TourNon renseignee nt A'auche;Scooter < 50 cm3;37;Masculin;Indemne;Non renseignee ;3;2;0;0;1;0;Adulte (35-49);Sans pieton ;Sans moto;1 VL;Sans poids lourd;Adulte (35-49);3-5 usagers
Leger;07/12/2012;07:30;Boulogne-Billancourt;Nuit avec eclairage public allumee;Autre;Intersection en X;Route departementale;Collision par le cote;VL seul;Sans changement de direction;VL seul;53;Masculin;Indemne;Non renseignee ;2;2;0;0;2;0;Senior actif (50-64);Sans pieton;Sans moto;2 VL;Sans poids lourd;Senior actif (50-64);2 usagers
Leger;23/09/2012;17:05;Chaville;Plein jour;Autre;Hors intersection;Route departementale;Collision par le cote;VL seul;Sans changement de direction;Cyclomoteur <50cm3;18;Masculin;Blessee Leger;Non renseignee ;2;2;0;0;1;0;Jeune adulte (18-24);Sans pieton;Sans moto;1 VL;Sans poids lourd;Jeune adulte (18-24);2 usagers
Leger;07/10/2012;00:01;Neuilly-sur-Seine;Nuit avec eclairage public allumee;Autre;Intersection en X;Route departementale;Collision par le cote;VU seul 1,5T <= PTAC <= 3,5T;TourNon renseignee nt A'auche;Scooter < 50 cm3;58;Masculin;Indemne;Non renseignee ;2;2;0;0;1;0;Senior actif (50-64);Sans pieton ;Sans moto;1 VL;Sans poids lourd;Senior actif (50-64);2 usagers
Leger;16/06/2012;07:10;Non renseignee nterre;Plein jour;Pluie legere;Intersection en T;Route departementale;Sans collision;VL seul;Sedeportant A'auche;Non renseignee ;34;Feminin;Blessee Leger;Non renseignee ;1;1;0;0;1;0;Adulte jeune (25-34);Sans pieton ;Sans moto;1 VL;Sans poids lourd;Adulte jeune (25-34);1 usager
Leger;13/10/2012;00:35;Antony;Nuit sanseclairage public;Autre;Hors intersection;Autoroute;Collision par l'arriere;VL seul;Meme sens, Meme file;VL seul;21;Masculin;Indemne;Non renseignee ;2;2;0;0;2;0;Jeune adulte (18-24);Sans pieton;Sans moto;2 VL;Sans poids lourd;Jeune adulte (18-24);2 usagers
Leger;21/02/2012;08:20;Issy-les-Moulineaux;Plein jour;Autre;Intersection en T;Route departementale;Collision par le cote;Scooter > 125 cm3;Sans changement de direction;VL seul;38;Masculin;Blessee Leger;Non renseignee ;4;2;0;1;1;0;Adulte (35-49);Sans pieton;Avec moto;1 VL;Sans poids lourd;Adulte (35-49);3-5 usagers
Leger;16/06/2012;20:35;Neuilly-sur-Seine;Plein jour;Autre;Intersection en X;Route departementale;Collision par l'arriere;VL seul;Sans changement de direction;VL seul;35;Masculin;Indemne;Non renseignee ;2;2;0;0;2;0;Adulte (35-49);Sans pieton;Sans moto;2 VL;Sans poids lourd;Adulte (35-49);2 usagers
Leger;22/11/2012;09:15;La Garenne-Colombes;Plein jour;Autre;Hors intersection;Route departementale;Collision par le cote;VU seul 1,5T <= PTAC <= 3,5T;Ouverture de porte;Bicyclette;40;Masculin;Indemne;Non renseignee ;2;2;0;0;1;0;Adulte (35-49);Sans pieton;Sans moto;1 VL;Sans poids lourd;Adulte (35-49);2 usagers
Leger;08/01/2012;20:30;Neuilly-sur-Seine;Nuit avec eclairage public allumee;Autre;Hors intersection;Route Non renseignee tioNon renseignee le;Collisions multiples;VL seul;Changeant de file A$roite;VL seul;32;Masculin;Indemne;Non renseignee ;4;3;0;0;3;0;Adulte jeune (25-34);Sans pieton;Sans moto;3 VL ou plus;Sans poids lourd;Adulte jeune (25-34);3-5 usagers
Leger;16/11/2012;19:40;La Garenne-Colombes;Nuit avec eclairage public allumee;Autre;Intersection en X;Route departementale;Sans collision;Scooter < 50 cm3;Sans changement de direction;Non renseignee ;18;Masculin;Blessee Leger;Non renseignee ;1;1;0;0;0;0;Jeune adulte (18-24);Sans pieton;Sans moto;Aucun VL;Sans poids lourd;Jeune adulte (18-24);1 usager
Grave;12/05/2012;20:30;Colombes;Plein jour;Autre;Hors intersection;Route departementale;Collision par le cote;VL seul;Non renseignee ;VL seul;47;Masculin;Blessee hospitalisee;Non renseignee ;2;2;0;0;2;0;Adulte (35-49);Sans pieton;Sans moto;2 VL;Sans poids lourd;Adulte (35-49);2 usagers
Leger;25/01/2012;12:15;Malakoff;Plein jour;Autre;Intersection en X;Route departementale;Collision par le cote;VL seul;TourNon renseignee nt A'auche;VL seul;32;Feminin;Blessee Leger;Non renseignee ;3;2;0;0;2;0;Adulte jeune (25-34);Sans pieton ;Sans moto;2 VL;Sans poids lourd;Adulte jeune (25-34);3-5 usagers
Leger;13/09/2012;18:55;Montrouge;Plein jour;Autre;Intersection en X;Route departementale;Collision par le cote;VL seul;TourNon renseignee nt A'auche;VL seul;57;Masculin;Indemne;Non renseignee ;2;2;0;0;2;0;Senior actif (50-64);Sans pieton ;Sans moto;2 VL;Sans poids lourd;Senior actif (50-64);2 usagers
Leger;11/10/2012;18:25;Courbevoie;Crepuscule ou aube;Pluie legere;Hors intersection;Route Non renseignee tioNon renseignee le;Sans collision;VL seul;Sans changement de direction;Non renseignee ;25;Masculin;Blessee Leger;Non renseignee ;1;1;0;0;1;0;Adulte jeune (25-34);Sans pieton;Sans moto;1 VL;Sans poids lourd;Adulte jeune (25-34);1 usager
Leger;23/01/2012;15:40;Levallois-Perret;Plein jour;Autre;Hors intersection;Voie commuNon renseignee le;Collision par le cote;VU seul 1,5T <= PTAC <= 3,5T;S inserant;Scooter > 125 cm3;32;Masculin;Indemne;Non renseignee ;2;2;0;1;1;0;Adulte jeune (25-34);Sans pieton;Avec moto;1 VL;Sans poids lourd;Adulte jeune (25-34);2 usagers
Leger;10/04/2012;08:35;Clamart;Plein jour;Autre;Intersection en T;Route departementale;Collision par le cote;VL seul;TourNon renseignee nt A'auche;Scooter > 50 cm3 et <= 125 cm3;36;Feminin;Blessee Leger;Non renseignee ;2;2;0;1;1;0;Adulte (35-49);Sans pieton ;Avec moto;1 VL;Sans poids lourd;Adulte (35-49);2 usagers
Leger;18/04/2012;18:50;Montrouge;Crepuscule ou aube;Pluie legere;Hors intersection;Voie commuNon renseignee le;Collision par l'arriere;Scooter > 50 cm3 et <= 125 cm3;Sans changement de direction;VL seul;36;Feminin;Blessee Leger;Non renseignee ;1;2;0;1;1;0;Adulte (35-49);Sans pieton;Avec moto;1 VL;Sans poids lourd;Adulte (35-49);1 usager
Leger;06/07/2012;16:05;Boulogne-Billancourt;Plein jour;Autre;Hors intersection;Voie commuNon renseignee le;Collision par l'arriere;VL seul;Sans changement de direction;VL seul;75;Feminin;Blessee Leger;Non renseignee ;2;2;0;0;2;0;Senior (65+);Sans pieton;Sans moto;2 VL;Sans poids lourd;Senior (65+);2 usagers
Grave;19/10/2012;14:00;Puteaux;Plein jour;Temps couvert;Intersection en T;Route departementale;Collision par le cote;VL seul;En faisant demi-tour sur la chaussee;Motocyclette > 125 cm3;45;Feminin;Blessee Leger;Non renseignee ;3;2;0;1;1;0;Adulte (35-49);Sans pieton;Avec moto;1 VL;Sans poids lourd;Adulte (35-49);3-5 usagers
Grave;19/11/2012;10:05;Gennevilliers;Plein jour;Autre;Hors intersection;Autoroute;Collision par le cote;Motocyclette > 50 cm3 et <= 125 cm3;Meme sens, Meme file;VL seul;44;Masculin;Blessee hospitalisee;Non renseignee ;3;2;0;1;1;0;Adulte (35-49);Sans pieton;Avec moto;1 VL;Sans poids lourd;Adulte (35-49);3-5 usagers
Leger;14/04/2012;12:15;Puteaux;Plein jour;Autre;Intersection en T;Route Non renseignee tioNon renseignee le;Sans collision;Motocyclette > 125 cm3;Sans changement de direction;Non renseignee ;42;Masculin;Blessee Leger;Non renseignee ;1;1;0;1;0;0;Adulte (35-49);Sans pieton;Avec moto;Aucun VL;Sans poids lourd;Adulte (35-49);1 usager
Grave;24/11/2012;05:15;Asnieres-sur-Seine;Nuit avec eclairage public allumee;Autre;Intersection en T;Route departementale;Collision par le cote;Motocyclette > 125 cm3;Sans changement de direction;VL seul;24;Masculin;Blessee hospitalisee;Non renseignee ;1;2;0;1;1;0;Jeune adulte (18-24);Sans pieton;Avec moto;1 VL;Sans poids lourd;Jeune adulte (18-24);1 usager
Leger;03/02/2012;19:15;Ville d'Avray;Nuit avec eclairage public allumee;Pluie legere;Intersection en X;Route departementale;Collisions en chaine;VL seul;Meme sens, Meme file;VL seul;58;Masculin;Indemne;Non renseignee ;4;4;0;0;3;0;Senior actif (50-64);Sans pieton;Sans moto;3 VL ou plus;Sans poids lourd;Senior actif (50-64);3-5 usagers
Leger;15/03/2012;13:30;Clichy;Plein jour;Autre;Hors intersection;Route departementale;Collisions en chaine;VL seul;Meme sens, Meme file;VL seul;23;Masculin;Blessee Leger;Non renseignee ;3;3;0;0;3;0;Jeune adulte (18-24);Sans pieton;Sans moto;3 VL ou plus;Sans poids lourd;Jeune adulte (18-24);3-5 usagers
Leger;21/02/2012;21:00;Saint-Cloud;Nuit avec eclairage public allumee;Autre;Hors intersection;Route departementale;Collision par le cote;PL seul 3,5T <PTCA <= 7,5T;En faisant demi-tour sur la chaussee;Cyclomoteur <50cm3;25;Feminin;Indemne;Non renseignee ;2;2;0;0;0;1;Adulte jeune (25-34);Sans pieton;Sans moto;Aucun VL;Avec poids lourd;Adulte jeune (25-34);2 usagers
Leger;08/09/2013;19:00;Boulogne-Billancourt;Plein jour;Autre;Hors intersection;Route departementale;Collision par le cote;VL seul;TourNon renseignee nt A'auche;Motocyclette > 125 cm3;28;Masculin;Indemne;Non renseignee ;2;2;0;1;1;0;Adulte jeune (25-34);Sans pieton ;Avec moto;1 VL;Sans poids lourd;Adulte jeune (25-34);2 usagers
Leger;21/03/2013;11:20;ChateNon renseignee y-Malabry;Plein jour;Autre;Intersection en X;Route departementale;Autre collision;Autobus;Sans changement de direction;Non renseignee ;50;Feminin;Indemne;Non renseignee ;2;1;1;0;0;0;Senior actif (50-64);Avec pieton;Sans moto;Aucun VL;Sans poids lourd;Senior actif (50-64);2 usagers
Leger;04/03/2013;02:00;Clamart;Nuit avec eclairage public allumee;Autre;Hors intersection;Route departementale;Sans collision;VL seul;Se deportant A$roite;Non renseignee ;26;Masculin;Blessee Leger;Non renseignee ;2;1;0;0;1;0;Adulte jeune (25-34);Sans pieton ;Sans moto;1 VL;Sans poids lourd;Adulte jeune (25-34);2 usagers
Grave;01/04/2013;16:35;Clamart;Plein jour;Autre;Hors intersection;Route departementale;Autre collision;VL seul;Sans changement de direction;Non renseignee ;25;Masculin;Indemne;Non renseignee ;2;1;1;0;1;0;Adulte jeune (25-34);Avec pieton;Sans moto;1 VL;Sans poids lourd;Adulte jeune (25-34);2 usagers