type_acci;date;heure;commune;luminosite_accident;cond_atmos;Intersection;categorie_route;type_collision;type_vehicule_1;manoeuvre_vehicule_1;type_vehicule_2;age_usager;sexe_usager;gravite_usager;etat_usager;nombre_usagers;nb_veh;nombre_pietons;nombre_motos;nombre_vl;nombre_pl;age_usa1_categ;accident_pieton;accident_moto;categorie_vl;accident_pl;categorie_age;categorie_usagers
Leger;15/07/2013;05:00;Clamart;Nuit avec eclairage public allumee;Autre;Intersection en T;Voie commuNon renseignee le;Sans collision;Scooter < 50 cm3;Sans changement de direction;Non renseignee ;21;Masculin;Blessee Leger;Non renseignee ;1;1;0;0;0;0;Jeune adulte (18-24);Sans pieton;Sans moto;Aucun VL;Sans poids lourd;Jeune adulte (18-24);1 usager
Leger;08/09/2013;19:55;Clamart;Crepuscule ou aube;Autre;Intersection en X;Route departementale;Collision par le cote;VL seul;TourNon renseignee nt A'auche;Motocyclette > 125 cm3;22;Masculin;Blessee Leger;Non renseignee ;2;2;0;1;1;0;Jeune adulte (18-24);Sans pieton ;Avec moto;1 VL;Sans poids lourd;Jeune adulte (18-24);2 usagers
Leger;01/01/2016;18:35;Courbevoie;Nuit avec eclairage public allumee;Autre;Intersection en X;Route departementale;Collision par le cote;VL seul;Sans changement de direction;VL seul;34;Masculin;Blessee Leger;Non renseignee ;6;2;0;0;2;0;Adulte jeune (25-34);Sans pieton;Sans moto;2 VL;Sans poids lourd;Adulte jeune (25-34);Plus de 5 usagers
Grave;13/09/2017;09:25;Non renseignee nterre;Plein jour;Pluie legere;Hors intersection;Autoroute;Collision par l'arriere;Motocyclette > 125 cm3;Meme sens, Meme file;PL seul > 7,5T;27;Feminin;Blessee hospitalisee;Non renseignee ;2;2;0;1;0;1;Adulte jeune (25-34);Sans pieton;Avec moto;Aucun VL;Avec poids lourd;Adulte jeune (25-34);2 usagers
Grave;02/11/2017;12:45;Antony;Plein jour;Autre;Intersection en T;Route departementale;Collision par le cote;VL seul;En faisant demi-tour sur la chaussee;Motocyclette > 125 cm3;40;Feminin;Indemne;Non renseignee ;3;2;0;1;1;0;Adulte (35-49);Sans pieton;Avec moto;1 VL;Sans poids lourd;Adulte (35-49);3-5 usagers
Grave;14/11/2017;19:40;Boulogne-Billancourt;Nuit avec eclairage public allumee;Autre;Hors intersection;Voie commuNon renseignee le;Collision par le cote;Scooter > 125 cm3;Non renseignee ;VL seul;56;Masculin;Blessee hospitalisee;Non renseignee ;2;2;0;1;1;0;Senior actif (50-64);Sans pieton;Avec moto;1 VL;Sans poids lourd;Senior actif (50-64);2 usagers
Grave;11/07/2017;14:00;Courbevoie;Plein jour;Autre;Hors intersection;Route departementale;Collision par le cote;VL seul;Sans changement de direction;Motocyclette > 50 cm3 et <= 125 cm3;23;Masculin;Indemne;Non renseignee ;2;2;0;1;1;0;Jeune adulte (18-24);Sans pieton;Avec moto;1 VL;Sans poids lourd;Jeune adulte (18-24);2 usagers
Grave;02/06/2017;14:45;Courbevoie;Plein jour;Autre;Hors intersection;Route departementale;Collision frontale;Motocyclette > 50 cm3 et <= 125 cm3;Non renseignee ;VL seul;17;Masculin;Blessee hospitalisee;Non renseignee ;2;2;0;1;1;0;Mineur (-18 ans);Sans pieton;Avec moto;1 VL;Sans poids lourd;Mineur (-18 ans);2 usagers
Grave;12/10/2017;17:32;Garches;Plein jour;Autre;Intersection en T;Route departementale;Collision par le cote;VL seul;TourNon renseignee nt A'auche;Motocyclette > 125 cm3;48;Masculin;Indemne;Non renseignee ;3;2;0;1;1;0;Adulte (35-49);Sans pieton ;Avec moto;1 VL;Sans poids lourd;Adulte (35-49);3-5 usagers
Grave;01/12/2017;18:00;Saint-Cloud;Nuit avec eclairage public allumee;Autre;Hors intersection;Route departementale;Collision par le cote;VL seul;S inserant;Motocyclette > 125 cm3;27;Masculin;Indemne;Non renseignee ;2;2;0;1;1;0;Adulte jeune (25-34);Sans pieton;Avec moto;1 VL;Sans poids lourd;Adulte jeune (25-34);2 usagers
Grave;06/12/2017;08:40;Non renseignee nterre;Plein jour;Temps couvert;Intersection en X;Route departementale;Autre collision;VU seul 1,5T <= PTAC <= 3,5T;Sans changement de direction;Non renseignee ;6;Masculin;Blessee hospitalisee;Non renseignee ;1;1;1;0;1;0;Mineur (-18 ans);Avec pieton;Sans moto;1 VL;Sans poids lourd;Mineur (-18 ans);1 usager
Grave;20/04/2017;18:15;Puteaux;Crepuscule ou aube;Autre;Intersection en X;Voie commuNon renseignee le;Autre collision;Motocyclette > 125 cm3;Non renseignee ;Non renseignee ;36;Masculin;Indemne;Non renseignee ;2;1;1;1;0;0;Adulte (35-49);Avec pieton;Avec moto;Aucun VL;Sans poids lourd;Adulte (35-49);2 usagers
Grave;17/07/2017;17:35;Garches;Plein jour;Autre;Intersection en T;Voie commuNon renseignee le;Autre collision;VL seul;TourNon renseignee nt A'auche;Non renseignee ;43;Feminin;Indemne;Non renseignee ;2;1;1;0;1;0;Adulte (35-49);Avec pieton;Sans moto;1 VL;Sans poids lourd;Adulte (35-49);2 usagers
Grave;15/10/2017;04:00;Sevres;Nuit avec eclairage public allumee;Autre;Hors intersection;Route departementale;Autre collision;VL seul;Sans changement de direction;Non renseignee ;31;Masculin;Indemne;Non renseignee ;2;1;1;0;1;0;Adulte jeune (25-34);Avec pieton;Sans moto;1 VL;Sans poids lourd;Adulte jeune (25-34);2 usagers
Grave;05/02/2017;12:20;Gennevilliers;Plein jour;Autre;Hors intersection;Autoroute;Sans collision;VL seul;Non renseignee ;Non renseignee ;23;Feminin;Blessee hospitalisee;Non renseignee ;1;1;0;0;1;0;Jeune adulte (18-24);Sans pieton;Sans moto;1 VL;Sans poids lourd;Jeune adulte (18-24);1 usager
Grave;08/05/2017;15:54;Courbevoie;Plein jour;Autre;Hors intersection;Autoroute;Collision par l'arriere;VL seul;Changeant de file A'auche;VL seul;24;Masculin;Indemne;Non renseignee ;2;2;0;0;2;0;Jeune adulte (18-24);Sans pieton;Sans moto;2 VL;Sans poids lourd;Jeune adulte (18-24);2 usagers
Grave;19/12/2017;12:32;Saint-Cloud;Plein jour;Autre;Hors intersection;Autoroute;Collision par l'arriere;VL seul;Sans changement de direction;VL seul;53;Masculin;Blessee hospitalisee;Non renseignee ;1;2;0;0;2;0;Senior actif (50-64);Sans pieton;Sans moto;2 VL;Sans poids lourd;Senior actif (50-64);1 usager
Grave;08/12/2017;09:35;Neuilly-sur-Seine;Plein jour;Pluie legere;Hors intersection;Route departementale;Collision par l'arriere;VL seul;Meme sens, Meme file;VL seul;35;Feminin;Blessee hospitalisee;Non renseignee ;2;2;0;0;2;0;Adulte (35-49);Sans pieton;Sans moto;2 VL;Sans poids lourd;Adulte (35-49);2 usagers
Leger;02/11/2017;14:15;Villeneuve-la-Garenne;Plein jour;Autre;Hors intersection;Autoroute;Sans collision;Motocyclette > 125 cm3;Sans changement de direction;Non renseignee ;60;Masculin;Blessee Leger;Non renseignee ;2;1;0;1;0;0;Senior actif (50-64);Sans pieton;Avec moto;Aucun VL;Sans poids lourd;Senior actif (50-64);2 usagers
Leger;13/10/2017;16:10;Boulogne-Billancourt;Plein jour;Autre;Intersection en T;Route departementale;Collisions multiples;VL seul;Changeant de file A$roite;Scooter > 125 cm3;70;Masculin;Indemne;Non renseignee ;6;3;0;1;2;0;Senior (65+);Sans pieton;Avec moto;2 VL;Sans poids lourd;Senior (65+);Plus de 5 usagers
Leger;27/10/2017;08:02;Meudon;Crepuscule ou aube;Temps couvert;Hors intersection;Route Non renseignee tioNon renseignee le;Collision par le cote;Motocyclette > 125 cm3;Entre 2 files;VL seul;51;Masculin;Blessee Leger;Non renseignee ;2;2;0;1;1;0;Senior actif (50-64);Sans pieton;Avec moto;1 VL;Sans poids lourd;Senior actif (50-64);2 usagers
Leger;18/10/2017;09:39;Antony;Plein jour;Autre;Hors intersection;Autoroute;Sans collision;Motocyclette > 125 cm3;Sans changement de direction;Non renseignee ;45;Masculin;Blessee Leger;Non renseignee ;2;1;0;1;0;0;Adulte (35-49);Sans pieton;Avec moto;Aucun VL;Sans poids lourd;Adulte (35-49);2 usagers
Leger;25/10/2017;15:55;Antony;Plein jour;Autre;Hors intersection;Autoroute;Collision par le cote;VL seul;Changeant de file A$roite;Motocyclette > 125 cm3;63;Masculin;Indemne;Non renseignee ;2;2;0;1;1;0;Senior actif (50-64);Sans pieton;Avec moto;1 VL;Sans poids lourd;Senior actif (50-64);2 usagers
Leger;26/05/2018;20:20;Boulogne-Billancourt;Plein jour;Autre;Intersection en X;Voie commuNon renseignee le;Autre collision;VL seul;TourNon renseignee nt A'auche;Non renseignee ;50;Masculin;Indemne;Non renseignee ;2;1;1;0;1;0;Senior actif (50-64);Avec pieton;Sans moto;1 VL;Sans poids lourd;Senior actif (50-64);2 usagers
Leger;07/03/2018;14:35;Clichy;Plein jour;Autre;Intersection en X;Voie commuNon renseignee le;Autre collision;VL seul;Sans changement de direction;Non renseignee ;50;Masculin;Indemne;Non renseignee ;2;1;1;0;1;0;Senior actif (50-64);Avec pieton;Sans moto;1 VL;Sans poids lourd;Senior actif (50-64);2 usagers
Leger;27/11/2018;19:00;Courbevoie;Nuit avec eclairage public allumee;Pluie legere;Hors intersection;Route departementale;Autre collision;VL seul;Sans changement de direction;Non renseignee ;46;Feminin;Indemne;Non renseignee ;3;1;1;0;1;0;Adulte (35-49);Avec pieton;Sans moto;1 VL;Sans poids lourd;Adulte (35-49);3-5 usagers
Leger;21/11/2018;21:15;Gennevilliers;Nuit avec eclairage public allumee;Autre;Giratoire;Route departementale;Autre collision;PL seul > 7,5T;TourNon renseignee nt A$roite;Non renseignee ;42;Masculin;Indemne;Non renseignee ;2;1;1;0;0;1;Adulte (35-49);Avec pieton;Sans moto;Aucun VL;Avec poids lourd;Adulte (35-49);2 usagers
Leger;20/07/2018;11:15;Neuilly-sur-Seine;Plein jour;Temps couvert;Hors intersection;Voie commuNon renseignee le;Autre collision;VL seul;Sans changement de direction;Non renseignee ;21;Masculin;Indemne;Non renseignee ;2;1;1;0;1;0;Jeune adulte (18-24);Avec pieton;Sans moto;1 VL;Sans poids lourd;Jeune adulte (18-24);2 usagers
Leger;18/09/2018;09:00;Rueil-Malmaison;Plein jour;Autre;Intersection en T;Voie commuNon renseignee le;Autre collision;VL seul;TourNon renseignee nt A'auche;Non renseignee ;42;Feminin;Indemne;Non renseignee ;2;1;1;0;1;0;Adulte (35-49);Avec pieton;Sans moto;1 VL;Sans poids lourd;Adulte (35-49);2 usagers
Leger;15/12/2018;21:23;Boulogne-Billancourt;Nuit avec eclairage public allumee;Pluie legere;Intersection en X;Voie commuNon renseignee le;Autre collision;Scooter < 50 cm3;Sans changement de direction;Non renseignee ;18;Masculin;Indemne;Non renseignee ;2;1;1;0;0;0;Jeune adulte (18-24);Avec pieton;Sans moto;Aucun VL;Sans poids lourd;Jeune adulte (18-24);2 usagers
Leger;08/12/2009;19:50;Clichy;Nuit avec eclairage public allumee;Autre;Intersection en X;Route departementale;Collision par le cote;VL seul;TourNon renseignee nt A'auche;Motocyclette > 125 cm3;40;Masculin;Indemne;Non renseignee ;2;2;0;1;1;0;Adulte (35-49);Sans pieton ;Avec moto;1 VL;Sans poids lourd;Adulte (35-49);2 usagers
Leger;05/10/2009;18:50;Colombes;Plein jour;Autre;Intersection en X;Voie commuNon renseignee le;Collision par le cote;Motocyclette > 125 cm3;Sans changement de direction;VL seul;21;Masculin;Blessee Leger;Non renseignee ;2;2;0;1;1;0;Jeune adulte (18-24);Sans pieton;Avec moto;1 VL;Sans poids lourd;Jeune adulte (18-24);2 usagers
Leger;11/03/2009;11:30;Montrouge;Plein jour;Autre;Intersection en T;Route departementale;Collision par le cote;VU seul 1,5T <= PTAC <= 3,5T;En faisant demi-tour sur la chaussee;Scooter > 50 cm3 et <= 125 cm3;33;Masculin;Indemne;Non renseignee ;2;2;0;1;1;0;Adulte jeune (25-34);Sans pieton;Avec moto;1 VL;Sans poids lourd;Adulte jeune (25-34);2 usagers
Leger;06/10/2009;03:50;Puteaux;Nuit avec eclairage public allumee;Autre;Intersection en X;Route departementale;Collision par le cote;VL seul;Sans changement de direction;VL seul;22;Masculin;Indemne;Non renseignee ;2;2;0;0;2;0;Jeune adulte (18-24);Sans pieton;Sans moto;2 VL;Sans poids lourd;Jeune adulte (18-24);2 usagers
Leger;05/08/2009;22:25;Gennevilliers;Nuit sanseclairage public;Autre;Hors intersection;Autoroute;Collision par le cote;VL seul;Changeant de file A$roite;VL seul;24;Feminin;Blessee Leger;Non renseignee ;2;2;0;0;2;0;Jeune adulte (18-24);Sans pieton;Sans moto;2 VL;Sans poids lourd;Jeune adulte (18-24);2 usagers
Grave;21/10/2009;18:40;Courbevoie;Plein jour;Pluie legere;Hors intersection;Autoroute;Sans collision;Scooter > 50 cm3 et <= 125 cm3;Manoeuvre devitement;Non renseignee ;33;Masculin;Blessee hospitalisee;Non renseignee ;1;1;0;1;0;0;Adulte jeune (25-34);Sans pieton;Avec moto;Aucun VL;Sans poids lourd;Adulte jeune (25-34);1 usager
Leger;22/07/2009;13:20;Clamart;Plein jour;Autre;Hors intersection;Route departementale;Collision par le cote;VL seul;Manoeuvre de stationnement;Non renseignee ;20;Feminin;Indemne;Non renseignee ;2;2;0;1;1;0;Jeune adulte (18-24);Sans pieton;Avec moto;1 VL;Sans poids lourd;Jeune adulte (18-24);2 usagers
Leger;27/11/2009;00:50;Levallois-Perret;Nuit avec eclairage public allumee;Pluie legere;Intersection en T;Voie commuNon renseignee le;Collision par le cote;VL seul;TourNon renseignee nt A$roite;Scooter > 50 cm3 et <= 125 cm3;27;Feminin;Indemne;Non renseignee ;3;2;0;1;1;0;Adulte jeune (25-34);Sans pieton ;Avec moto;1 VL;Sans poids lourd;Adulte jeune (25-34);3-5 usagers
Grave;31/07/2009;22:30;Saint-Cloud;Nuit avec eclairage public allumee;Autre;Intersection à plus de 4 branches;Route departementale;Collision par l'arriere;Scooter < 50 cm3;Meme sens, Meme file;VL seul;35;Masculin;Blessee hospitalisee;Non renseignee ;2;2;0;0;1;0;Adulte (35-49);Sans pieton;Sans moto;1 VL;Sans poids lourd;Adulte (35-49);2 usagers
Leger;12/11/2009;14:50;Saint-Cloud;Plein jour;Autre;Hors intersection;Voie commuNon renseignee le;Collision par le cote;Motocyclette > 50 cm3 et <= 125 cm3;Sedeportant A'auche;VL seul;38;Masculin;Blessee Leger;Non renseignee ;2;2;0;1;1;0;Adulte (35-49);Sans pieton ;Avec moto;1 VL;Sans poids lourd;Adulte (35-49);2 usagers
Leger;09/06/2009;16:55;Suresnes;Plein jour;Autre;Intersection en T;Voie commuNon renseignee le;Collision par le cote;VL seul;Sans changement de direction;VL seul;23;Masculin;Indemne;Non renseignee ;3;2;0;0;2;0;Jeune adulte (18-24);Sans pieton;Sans moto;2 VL;Sans poids lourd;Jeune adulte (18-24);3-5 usagers
Leger;22/03/2009;21:00;Levallois-Perret;Nuit avec eclairage public allumee;Autre;Place;Route departementale;Collision par le cote;Scooter > 50 cm3 et <= 125 cm3;Sans changement de direction;Autobus;49;Masculin;Blessee Leger;Non renseignee ;3;2;0;1;0;0;Adulte (35-49);Sans pieton;Avec moto;Aucun VL;Sans poids lourd;Adulte (35-49);3-5 usagers
Leger;19/06/2009;16:40;Clichy;Plein jour;Autre;Intersection en X;Route departementale;Collision par le cote;VL seul;Sans changement de direction;Motocyclette > 125 cm3;35;Masculin;Indemne;Non renseignee ;3;2;0;1;1;0;Adulte (35-49);Sans pieton;Avec moto;1 VL;Sans poids lourd;Adulte (35-49);3-5 usagers
Leger;15/04/2009;18:00;Courbevoie;Plein jour;Autre;Hors intersection;Route departementale;Collision par le cote;Motocyclette > 125 cm3;Non renseignee ;VL seul;34;Masculin;Indemne;Non renseignee ;2;2;0;1;1;0;Adulte jeune (25-34);Sans pieton;Avec moto;1 VL;Sans poids lourd;Adulte jeune (25-34);2 usagers
Leger;20/01/2009;17:55;Gennevilliers;Crepuscule ou aube;Pluie legere;Hors intersection;Autoroute;Collision par l'arriere;Scooter > 50 cm3 et <= 125 cm3;Manoeuvre devitement;VL seul;48;Masculin;Blessee Leger;Non renseignee ;2;2;0;1;1;0;Adulte (35-49);Sans pieton;Avec moto;1 VL;Sans poids lourd;Adulte (35-49);2 usagers
Leger;02/08/2009;08:30;Gennevilliers;Plein jour;Autre;Hors intersection;Autoroute;Sans collision;Motocyclette > 125 cm3;Sans changement de direction;Non renseignee ;24;Masculin;Blessee Leger;Non renseignee ;1;1;0;1;0;0;Jeune adulte (18-24);Sans pieton;Avec moto;Aucun VL;Sans poids lourd;Jeune adulte (18-24);1 usager
Leger;04/09/2018;17:45;Antony;Plein jour;Autre;Hors intersection;Autoroute;Collisions multiples;VL seul;Changeant de file A'auche;VL seul;27;Feminin;Blessee Leger;Non renseignee ;3;3;0;0;3;0;Adulte jeune (25-34);Sans pieton;Sans moto;3 VL ou plus;Sans poids lourd;Adulte jeune (25-34);3-5 usagers
Leger;09/09/2018;09:00;Bois-Colombes;Plein jour;Autre;Hors intersection;Route departementale;Collision par le cote;VL seul;Sedeportant A'auche;VL seul;25;Masculin;Indemne;Non renseignee ;2;2;0;0;2;0;Adulte jeune (25-34);Sans pieton ;Sans moto;2 VL;Sans poids lourd;Adulte jeune (25-34);2 usagers
Leger;07/12/2018;12:35;Asnieres-sur-Seine;Plein jour;Autre;Hors intersection;Route departementale;Collision par l'arriere;VU seul 1,5T <= PTAC <= 3,5T;Sans changement de direction;VL seul;41;Masculin;Indemne;Non renseignee ;2;2;0;0;2;0;Adulte (35-49);Sans pieton;Sans moto;2 VL;Sans poids lourd;Adulte (35-49);2 usagers
Leger;04/08/2018;06:00;Levallois-Perret;Nuit avec eclairage public allumee;Autre;Hors intersection;Route departementale;Sans collision;VL seul;Se deportant A$roite;Non renseignee ;29;Masculin;Blessee Leger;Non renseignee ;1;1;0;0;1;0;Adulte jeune (25-34);Sans pieton ;Sans moto;1 VL;Sans poids lourd;Adulte jeune (25-34);1 usager
Leger;15/06/2020;23:00;Clamart;Nuit avec eclairage public allumee;Normale;Intersection en X;Route departementale;Non renseignee ;Non renseignee ;TourNon renseignee nt A$roite;3RM > 125 cm3;48;Masculin;Blessee Leger;Non renseignee ;3;2;0;1;1;0;Adulte (35-49);Sans pieton ;Avec moto;1 VL;Sans poids lourd;Adulte (35-49);3-5 usagers
Leger;06/10/2021;18:30;Clamart;Plein jour;Normale;Hors intersection;Route departementale;Non renseignee ;Non renseignee ;Sans changement de direction;Non renseignee ;19;Feminin;Blessee Leger;Non renseignee ;2;1;1;0;1;0;Jeune adulte (18-24);Avec pieton;Sans moto;1 VL;Sans poids lourd;Jeune adulte (18-24);2 usagers
Leger;16/04/2021;19:52;Clamart;Plein jour;Normale;Hors intersection;Route departementale;Non renseignee ;Scooter < 50 cm3;Depassant A'auche;Non renseignee ;52;Feminin;Blessee Leger;Non renseignee ;2;1;1;0;0;0;Senior actif (50-64);Avec pieton;Sans moto;Aucun VL;Sans poids lourd;Senior actif (50-64);2 usagers
Leger;11/07/2019;09:34;Meudon;Plein jour;Normale;Intersection en T;Voie commuNon renseignee le;Non renseignee ;Non renseignee ;TourNon renseignee nt A$roite;Non renseignee ;37;Masculin;Indemne;Non renseignee ;2;2;0;0;1;0;Adulte (35-49);Sans pieton ;Sans moto;1 VL;Sans poids lourd;Adulte (35-49);2 usagers
Leger;03/05/2021;14:40;Meudon;Plein jour;Normale;Hors intersection;Voie commuNon renseignee le;Non renseignee ;Non renseignee ;Sedeportant A'auche;Non renseignee ;53;Masculin;Blessee Leger;Non renseignee ;1;1;0;0;1;0;Senior actif (50-64);Sans pieton ;Sans moto;1 VL;Sans poids lourd;Senior actif (50-64);1 usager
Leger;19/10/2021;18:30;Meudon;Plein jour;Normale;Giratoire;Voie commuNon renseignee le;Non renseignee ;VU seul 1,5T <= PTAC <= 3,5T;TourNon renseignee nt A'auche;Non renseignee ;33;Masculin;Blessee Leger;Non renseignee ;2;2;0;0;1;0;Adulte jeune (25-34);Sans pieton ;Sans moto;1 VL;Sans poids lourd;Adulte jeune (25-34);2 usagers
Leger;29/01/2019;13:30;Bagneux;Plein jour;Normale;Intersection en X;Route departementale;Non renseignee ;Non renseignee ;Traversant la  chaussee;Non renseignee ;17;Masculin;Blessee Leger;Non renseignee ;1;2;0;0;1;0;Mineur (-18 ans);Sans pieton;Sans moto;1 VL;Sans poids lourd;Mineur (-18 ans);1 usager
Leger;11/03/2020;16:05;Bagneux;Plein jour;Normale;Hors intersection;Route departementale;Non renseignee ;Motocyclette > 125 cm3;Sans changement de direction;Non renseignee ;65;Feminin;Blessee Leger;Non renseignee ;2;1;1;1;0;0;Senior (65+);Avec pieton;Avec moto;Aucun VL;Sans poids lourd;Senior (65+);2 usagers
Leger;07/07/2021;21:25;Meudon;Plein jour;Normale;Hors intersection;Route Non renseignee tioNon renseignee le;Non renseignee ;VU seul 1,5T <= PTAC <= 3,5T;Autres manoeuvre;Autre vehicule;35;Masculin;Blessee Leger;Non renseignee ;4;2;0;0;1;0;Adulte (35-49);Sans pieton;Sans moto;1 VL;Sans poids lourd;Adulte (35-49);3-5 usagers
Leger;12/07/2021;22:10;Clamart;Nuit avec eclairage public allumee;Normale;Hors intersection;Voie commuNon renseignee le;Non renseignee ;Autobus;Sans changement de direction;Non renseignee ;20;Masculin;Blessee Leger;Non renseignee ;2;2;0;0;1;0;Jeune adulte (18-24);Sans pieton;Sans moto;1 VL;Sans poids lourd;Jeune adulte (18-24);2 usagers
Leger;22/12/2020;11:00;Chaville;Plein jour;Pluie legere;Hors intersection;Route departementale;Non renseignee ;Autobus;Sans changement de direction;Non renseignee ;44;Feminin;Blessee Leger;Non renseignee ;2;2;0;0;1;0;Adulte (35-49);Sans pieton;Sans moto;1 VL;Sans poids lourd;Adulte (35-49);2 usagers
Leger;02/12/2020;17:59;Clamart;Nuit avec eclairage public allumee;Normale;Hors intersection;Route departementale;Non renseignee ;Scooter < 50 cm3;Sedeportant A'auche;Non renseignee ;18;Masculin;Blessee Leger;Non renseignee ;1;1;0;0;0;0;Jeune adulte (18-24);Sans pieton ;Sans moto;Aucun VL;Sans poids lourd;Jeune adulte (18-24);1 usager
Leger;19/10/2021;17:30;Bagneux;Plein jour;Normale;Intersection en X;Route departementale;Non renseignee ;Non renseignee ;Sans changement de direction;Non renseignee ;25;Feminin;Blessee Leger;Non renseignee ;4;2;0;0;1;0;Adulte jeune (25-34);Sans pieton;Sans moto;1 VL;Sans poids lourd;Adulte jeune (25-34);3-5 usagers
Leger;12/11/2021;12:45;Chaville;Plein jour;Normale;Intersection en T;Route departementale;Non renseignee ;Non renseignee ;Sans changement de direction;Non renseignee ;47;Masculin;Blessee Leger;Non renseignee ;2;2;0;0;1;0;Adulte (35-49);Sans pieton;Sans moto;1 VL;Sans poids lourd;Adulte (35-49);2 usagers
Leger;06/10/2021;17:00;Chatillon;Plein jour;Temps couvert;Hors intersection;Voie commuNon renseignee le;Non renseignee ;Non renseignee ;Autres manoeuvre;Non renseignee ;85;Feminin;Blessee Leger;Non renseignee ;2;1;1;0;1;0;Senior (65+);Avec pieton;Sans moto;1 VL;Sans poids lourd;Senior (65+);2 usagers
Leger;13/04/2021;08:32;Clamart;Plein jour;Normale;Hors intersection;Voie commuNon renseignee le;Non renseignee ;EDP A-oteur;Traversant la  chaussee;Non renseignee ;46;Masculin;Blessee Leger;Non renseignee ;2;1;1;0;0;0;Adulte (35-49);Avec pieton;Sans moto;Aucun VL;Sans poids lourd;Adulte (35-49);2 usagers
Leger;04/12/2021;20:05;Arcueil;Nuit avec eclairage public allumee;Pluie legere;Giratoire;Route departementale;Non renseignee ;Non renseignee ;Sans changement de direction;Non renseignee ;34;Feminin;Blessee Leger;Non renseignee ;2;1;1;0;1;0;Adulte jeune (25-34);Avec pieton;Sans moto;1 VL;Sans poids lourd;Adulte jeune (25-34);2 usagers
Leger;05/07/2019;08:40;Montrouge;Plein jour;Normale;Intersection en X;Route departementale;Non renseignee ;Motocyclette > 125 cm3;Arrete (hors stationnement);Non renseignee ;34;Masculin;Blessee Leger;Non renseignee ;2;1;1;1;0;0;Adulte jeune (25-34);Avec pieton;Avec moto;Aucun VL;Sans poids lourd;Adulte jeune (25-34);2 usagers
Leger;21/07/2020;12:17;Montrouge;Plein jour;Normale;Hors intersection;Route departementale;Non renseignee ;Non renseignee ;Sedeportant A'auche;EDP A-oteur;37;Masculin;Blessee Leger;Non renseignee ;2;2;0;0;1;0;Adulte (35-49);Sans pieton ;Sans moto;1 VL;Sans poids lourd;Adulte (35-49);2 usagers
Leger;05/02/2020;11:34;Chaville;Plein jour;Normale;Hors intersection;Voie commuNon renseignee le;Non renseignee ;Autobus;Autres manoeuvre;Non renseignee ;45;Feminin;Blessee Leger;Non renseignee ;9;1;0;0;0;0;Adulte (35-49);Sans pieton;Sans moto;Aucun VL;Sans poids lourd;Adulte (35-49);Plus de 5 usagers
Leger;27/09/2020;22:10;Meudon;Nuit avec eclairage public allumee;Pluie legere;Autre intersection;Voie commuNon renseignee le;Non renseignee ;Non renseignee ;Sans changement de direction;Non renseignee ;28;Feminin;Blessee Leger;Non renseignee ;3;2;0;0;2;0;Adulte jeune (25-34);Sans pieton;Sans moto;2 VL;Sans poids lourd;Adulte jeune (25-34);3-5 usagers
Mortel;27/05/2020;21:55;Montrouge;Nuit avec eclairage public allumee;Normale;Hors intersection;Route departementale;Non renseignee ;VU seul 1,5T <= PTAC <= 3,5T;Sans changement de direction;Non renseignee ;21;Masculin;Tue;Non renseignee ;2;1;1;0;1;0;Jeune adulte (18-24);Avec pieton;Sans moto;1 VL;Sans poids lourd;Jeune adulte (18-24);2 usagers
Leger;31/07/2019;09:00;Montrouge;Plein jour;Normale;Hors intersection;Voie commuNon renseignee le;Non renseignee ;Non renseignee ;En faisant demi-tour sur la chaussee;Non renseignee ;42;Feminin;Indemne;Non renseignee ;2;2;0;0;1;0;Adulte (35-49);Sans pieton;Sans moto;1 VL;Sans poids lourd;Adulte (35-49);2 usagers
Leger;05/12/2021;19:00;Clamart;Nuit avec eclairage public allumee;Pluie legere;Hors intersection;Route departementale;Non renseignee ;Scooter > 50 cm3 et <= 125 cm3;Se deportant A$roite;Non renseignee ;72;Masculin;Blessee Leger;Non renseignee ;1;1;0;1;0;0;Senior (65+);Sans pieton ;Avec moto;Aucun VL;Sans poids lourd;Senior (65+);1 usager
Grave;10/01/2021;02:20;Malakoff;Nuit avec eclairage public allumee;Normale;Intersection en X;Route departementale;Non renseignee ;Non renseignee ;Sans changement de direction;Non renseignee ;27;Masculin;Blessee hospitalisee;Non renseignee ;2;1;0;0;1;0;Adulte jeune (25-34);Sans pieton;Sans moto;1 VL;Sans poids lourd;Adulte jeune (25-34);2 usagers
Leger;13/10/2020;10:40;Montrouge;Plein jour;Pluie legere;Hors intersection;Route departementale;Non renseignee ;Scooter > 50 cm3 et <= 125 cm3;Sans changement de direction;Non renseignee ;52;Feminin;Blessee Leger;Non renseignee ;2;1;1;1;0;0;Senior actif (50-64);Avec pieton;Avec moto;Aucun VL;Sans poids lourd;Senior actif (50-64);2 usagers