type_acci;date;heure;commune;luminosite_accident;cond_atmos;Intersection;categorie_route;type_collision;type_vehicule_1;manoeuvre_vehicule_1;type_vehicule_2;age_usager;sexe_usager;gravite_usager;etat_usager;nombre_usagers;nb_veh;nombre_pietons;nombre_motos;nombre_vl;nombre_pl;age_usa1_categ;accident_pieton;accident_moto;categorie_vl;accident_pl;categorie_age;categorie_usagers
Leger;19/10/2019;02:10;Malakoff;Nuit avec eclairage public allumee;Pluie legere;Hors intersection;Route departementale;Non renseignee ;Non renseignee ;Meme sens, Meme file;Motocyclette > 125 cm3;42;Feminin;Indemne;Non renseignee ;2;2;0;1;1;0;Adulte (35-49);Sans pieton;Avec moto;1 VL;Sans poids lourd;Adulte (35-49);2 usagers
Leger;16/03/2019;10:55;Montrouge;Plein jour;Normale;Intersection en T;Route departementale;Non renseignee ;Non renseignee ;Depassant A'auche;Non renseignee ;15;Masculin;Blessee Leger;Non renseignee ;3;2;0;0;2;0;Mineur (-18 ans);Sans pieton;Sans moto;2 VL;Sans poids lourd;Mineur (-18 ans);3-5 usagers
Grave;28/12/2020;19:00;Montrouge;Nuit avec eclairage public allumee;Pluie legere;Intersection en X;Route departementale;Non renseignee ;Non renseignee ;TourNon renseignee nt A$roite;Motocyclette > 50 cm3 et <= 125 cm3;41;Masculin;Blessee hospitalisee;Non renseignee ;2;2;0;1;1;0;Adulte (35-49);Sans pieton ;Avec moto;1 VL;Sans poids lourd;Adulte (35-49);2 usagers
Leger;13/06/2021;18:05;Vanves;Plein jour;Normale;Hors intersection;Hors reseau public;Non renseignee ;Non renseignee ;Autres manoeuvre;Non renseignee ;46;Masculin;Blessee Leger;Non renseignee ;3;2;1;0;2;0;Adulte (35-49);Avec pieton;Sans moto;2 VL;Sans poids lourd;Adulte (35-49);3-5 usagers
Leger;29/11/2021;15:10;Montrouge;Plein jour;Normale;Hors intersection;Route departementale;Non renseignee ;Non renseignee ;Sans changement de direction;Non renseignee ;25;Feminin;Blessee Leger;Non renseignee ;2;1;1;0;1;0;Adulte jeune (25-34);Avec pieton;Sans moto;1 VL;Sans poids lourd;Adulte jeune (25-34);2 usagers
Leger;02/05/2019;11:45;Montrouge;Plein jour;Temps couvert;Intersection en X;Route departementale;Non renseignee ;Non renseignee ;TourNon renseignee nt A$roite;Scooter > 50 cm3 et <= 125 cm3;34;Masculin;Indemne;Non renseignee ;2;2;0;1;1;0;Adulte jeune (25-34);Sans pieton ;Avec moto;1 VL;Sans poids lourd;Adulte jeune (25-34);2 usagers
Leger;23/09/2021;18:30;Montrouge;Plein jour;Normale;Intersection en X;Route departementale;Non renseignee ;Non renseignee ;Autres manoeuvre;Non renseignee ;45;Feminin;Blessee Leger;Non renseignee ;2;2;0;0;0;0;Adulte (35-49);Sans pieton;Sans moto;Aucun VL;Sans poids lourd;Adulte (35-49);2 usagers
Leger;02/12/2021;19:10;Issy-les-Moulineaux;Nuit avec eclairage public allumee;Normale;Hors intersection;Route departementale;Non renseignee ;Scooter > 50 cm3 et <= 125 cm3;Meme sens, Meme file;Non renseignee ;41;Feminin;Blessee Leger;Non renseignee ;2;2;0;1;0;0;Adulte (35-49);Sans pieton;Avec moto;Aucun VL;Sans poids lourd;Adulte (35-49);2 usagers
Leger;09/10/2019;13:02;Montrouge;Plein jour;Normale;Intersection en T;Voie commuNon renseignee le;Non renseignee ;Non renseignee ;Sans changement de direction;Non renseignee ;34;Masculin;Indemne;Non renseignee ;3;1;2;0;1;0;Adulte jeune (25-34);Avec pieton;Sans moto;1 VL;Sans poids lourd;Adulte jeune (25-34);3-5 usagers
Leger;10/06/2021;19:45;Meudon;Plein jour;Normale;Intersection en X;Route departementale;Non renseignee ;Non renseignee ;Sans changement de direction;Non renseignee ;29;Masculin;Blessee Leger;Non renseignee ;3;2;0;0;1;0;Adulte jeune (25-34);Sans pieton;Sans moto;1 VL;Sans poids lourd;Adulte jeune (25-34);3-5 usagers
Leger;25/12/2019;01:55;Vanves;Nuit avec eclairage public allumee;Normale;Hors intersection;Route departementale;Non renseignee ;Non renseignee ;Autres manoeuvre;Non renseignee ;70;Masculin;Indemne;Non renseignee ;2;1;1;0;1;0;Senior (65+);Avec pieton;Sans moto;1 VL;Sans poids lourd;Senior (65+);2 usagers
Leger;09/11/2020;15:20;Montrouge;Plein jour;Normale;Hors intersection;Route departementale;Non renseignee ;Non renseignee ;Sans changement de direction;Non renseignee ;24;Masculin;Blessee Leger;Non renseignee ;1;2;0;0;1;0;Jeune adulte (18-24);Sans pieton;Sans moto;1 VL;Sans poids lourd;Jeune adulte (18-24);1 usager
Leger;15/10/2021;00:45;Issy-les-Moulineaux;Nuit avec eclairage public allumee;Normale;Intersection en X;Route departementale;Non renseignee ;Non renseignee ;TourNon renseignee nt A'auche;Motocyclette > 125 cm3;44;Masculin;Blessee Leger;Non renseignee ;2;2;0;1;1;0;Adulte (35-49);Sans pieton ;Avec moto;1 VL;Sans poids lourd;Adulte (35-49);2 usagers
Leger;18/08/2019;08:10;Malakoff;Plein jour;Pluie legere;Hors intersection;Route departementale;Non renseignee ;Non renseignee ;Sedeportant A'auche;Non renseignee ;33;Masculin;Blessee Leger;Non renseignee ;1;1;0;0;1;0;Adulte jeune (25-34);Sans pieton ;Sans moto;1 VL;Sans poids lourd;Adulte jeune (25-34);1 usager
Leger;02/12/2020;20:35;Vanves;Nuit avec eclairage public allumee;Normale;Intersection en X;Route departementale;Non renseignee ;Non renseignee ;S inserant;Non renseignee ;22;Masculin;Blessee Leger;Non renseignee ;1;1;0;0;1;0;Jeune adulte (18-24);Sans pieton;Sans moto;1 VL;Sans poids lourd;Jeune adulte (18-24);1 usager
Leger;06/04/2019;12:35;Vanves;Plein jour;Normale;Intersection en Y;Route departementale;Non renseignee ;Autobus;Sans changement de direction;Non renseignee ;47;Masculin;Indemne;Non renseignee ;2;1;1;0;0;0;Adulte (35-49);Avec pieton;Sans moto;Aucun VL;Sans poids lourd;Adulte (35-49);2 usagers
Leger;16/06/2021;23:40;Sevres;Nuit avec eclairage public allumee;Normale;Intersection en T;Voie commuNon renseignee le;Non renseignee ;Non renseignee ;Inconnue;Non renseignee ;39;Masculin;Blessee Leger;Non renseignee ;1;1;0;0;0;0;Adulte (35-49);Sans pieton;Sans moto;Aucun VL;Sans poids lourd;Adulte (35-49);1 usager
Leger;03/04/2019;07:25;Issy-les-Moulineaux;Crepuscule ou aube;Normale;Intersection à plus de 4 branches;Route departementale;Non renseignee ;Motocyclette > 125 cm3;Sans changement de direction;Non renseignee ;33;Masculin;Blessee Leger;Non renseignee ;2;2;0;1;1;0;Adulte jeune (25-34);Sans pieton;Avec moto;1 VL;Sans poids lourd;Adulte jeune (25-34);2 usagers
Leger;30/07/2020;13:06;Sevres;Plein jour;Normale;Hors intersection;Route departementale;Non renseignee ;Non renseignee ;TourNon renseignee nt A$roite;Scooter > 50 cm3 et <= 125 cm3;34;Masculin;Blessee Leger;Non renseignee ;2;2;0;1;1;0;Adulte jeune (25-34);Sans pieton ;Avec moto;1 VL;Sans poids lourd;Adulte jeune (25-34);2 usagers
Leger;19/11/2021;08:10;Malakoff;Crepuscule ou aube;Normale;Autre intersection;Voie commuNon renseignee le;Non renseignee ;Non renseignee ;Inconnue;Non renseignee ;52;Feminin;Blessee Leger;Non renseignee ;2;2;0;0;1;0;Senior actif (50-64);Sans pieton;Sans moto;1 VL;Sans poids lourd;Senior actif (50-64);2 usagers
Leger;11/09/2020;10:10;Malakoff;Plein jour;Normale;Hors intersection;Route departementale;Non renseignee ;Scooter > 125 cm3;A contresens;Non renseignee ;27;Masculin;Blessee Leger;Non renseignee ;1;1;1;1;0;0;Adulte jeune (25-34);Avec pieton;Avec moto;Aucun VL;Sans poids lourd;Adulte jeune (25-34);1 usager
Leger;03/05/2019;08:50;Malakoff;Plein jour;Normale;Intersection en T;Route departementale;Non renseignee ;Scooter < 50 cm3;S inserant;Non renseignee ;27;Masculin;Indemne;Non renseignee ;2;1;1;0;0;0;Adulte jeune (25-34);Avec pieton;Sans moto;Aucun VL;Sans poids lourd;Adulte jeune (25-34);2 usagers
Leger;13/09/2020;16:45;Issy-les-Moulineaux;Plein jour;Normale;Hors intersection;Route departementale;Non renseignee ;Non renseignee ;Sans changement de direction;Non renseignee ;11;Masculin;Blessee Leger;Non renseignee ;2;1;1;0;1;0;Mineur (-18 ans);Avec pieton;Sans moto;1 VL;Sans poids lourd;Mineur (-18 ans);2 usagers
Leger;19/09/2020;20:25;Vanves;Nuit avec eclairage public allumee;Pluie legere;Intersection en Y;Route departementale;Non renseignee ;Non renseignee ;Sans changement de direction;Motocyclette > 50 cm3 et <= 125 cm3;32;Masculin;Blessee Leger;Non renseignee ;2;2;0;1;0;0;Adulte jeune (25-34);Sans pieton;Avec moto;Aucun VL;Sans poids lourd;Adulte jeune (25-34);2 usagers
Leger;23/10/2019;17:09;Sevres;Plein jour;Pluie legere;Intersection en T;Route departementale;Non renseignee ;Motocyclette > 125 cm3;Depassant A'auche;Non renseignee ;21;Masculin;Blessee Leger;Non renseignee ;2;2;0;1;0;0;Jeune adulte (18-24);Sans pieton;Avec moto;Aucun VL;Sans poids lourd;Jeune adulte (18-24);2 usagers
Leger;20/09/2021;09:10;Issy-les-Moulineaux;Plein jour;Temps couvert;Intersection en T;Route departementale;Non renseignee ;Non renseignee ;Sans changement de direction;Non renseignee ;37;Masculin;Blessee Leger;Non renseignee ;3;3;0;0;1;0;Adulte (35-49);Sans pieton;Sans moto;1 VL;Sans poids lourd;Adulte (35-49);3-5 usagers
Leger;13/12/2021;12:15;Sevres;Plein jour;Normale;Hors intersection;Route Non renseignee tioNon renseignee le;Non renseignee ;Non renseignee ;Sans changement de direction;Non renseignee ;67;Masculin;Blessee Leger;Non renseignee ;2;2;0;0;2;0;Senior (65+);Sans pieton;Sans moto;2 VL;Sans poids lourd;Senior (65+);2 usagers
Leger;04/11/2020;13:30;Ville-d'Avray;Non renseignee ;Autre;Non renseignee ;Non renseignee ;Non renseignee ;Non renseignee ;Non renseignee ;Non renseignee ;38;Non renseignee ;Non renseignee ;Non renseignee ;2;2;0;0;1;0;Adulte (35-49);Sans pieton;Sans moto;1 VL;Sans poids lourd;Adulte (35-49);2 usagers
Leger;18/12/2021;17:35;Boulogne-Billancourt;Crepuscule ou aube;Normale;Hors intersection;Voie commuNon renseignee le;Non renseignee ;Non renseignee ;TourNon renseignee nt A$roite;Non renseignee ;29;Masculin;Blessee Leger;Non renseignee ;2;2;0;0;1;0;Adulte jeune (25-34);Sans pieton ;Sans moto;1 VL;Sans poids lourd;Adulte jeune (25-34);2 usagers
Leger;03/07/2021;13:56;Sevres;Plein jour;Normale;Hors intersection;Voie commuNon renseignee le;Non renseignee ;Non renseignee ;S inserant;EDP A-oteur;21;Masculin;Blessee Leger;Non renseignee ;2;2;0;0;1;0;Jeune adulte (18-24);Sans pieton ;Sans moto;1 VL;Sans poids lourd;Jeune adulte (18-24);2 usagers
Leger;22/07/2021;21:30;Issy-les-Moulineaux;Crepuscule ou aube;Normale;Intersection en T;Route departementale;Non renseignee ;Non renseignee ;TourNon renseignee nt A$roite;Non renseignee ;36;Masculin;Blessee Leger;Non renseignee ;2;2;0;0;1;0;Adulte (35-49);Sans pieton ;Sans moto;1 VL;Sans poids lourd;Adulte (35-49);2 usagers
Leger;10/05/2019;08:00;Issy-les-Moulineaux;Plein jour;Normale;Hors intersection;Route departementale;Non renseignee ;Non renseignee ;Sans changement de direction;Motocyclette > 125 cm3;48;Masculin;Indemne;Non renseignee ;2;2;0;1;1;0;Adulte (35-49);Sans pieton;Avec moto;1 VL;Sans poids lourd;Adulte (35-49);2 usagers
Leger;24/09/2019;07:45;Issy-les-Moulineaux;Plein jour;Pluie legere;Intersection en X;Voie commuNon renseignee le;Non renseignee ;VU seul 1,5T <= PTAC <= 3,5T;TourNon renseignee nt A$roite;Motocyclette > 125 cm3;52;Masculin;Indemne;Non renseignee ;2;2;0;1;1;0;Senior actif (50-64);Sans pieton ;Avec moto;1 VL;Sans poids lourd;Senior actif (50-64);2 usagers
Leger;29/12/2021;12:35;Sevres;Plein jour;Normale;Hors intersection;Route Non renseignee tioNon renseignee le;Non renseignee ;Non renseignee ;Autres manoeuvre;Non renseignee ;22;Feminin;Blessee Leger;Non renseignee ;1;1;0;0;1;0;Jeune adulte (18-24);Sans pieton;Sans moto;1 VL;Sans poids lourd;Jeune adulte (18-24);1 usager
Leger;09/11/2021;08:45;Boulogne-Billancourt;Plein jour;Normale;Intersection en T;Voie commuNon renseignee le;Non renseignee ;Scooter < 50 cm3;Sans changement de direction;Non renseignee ;27;Feminin;Blessee Leger;Non renseignee ;1;1;0;0;0;0;Adulte jeune (25-34);Sans pieton;Sans moto;Aucun VL;Sans poids lourd;Adulte jeune (25-34);1 usager
Leger;06/07/2021;18:40;Garches;Plein jour;Normale;Intersection en T;Route departementale;Non renseignee ;Non renseignee ;TourNon renseignee nt A$roite;Motocyclette > 125 cm3;25;Feminin;Blessee Leger;Non renseignee ;2;2;0;1;1;0;Adulte jeune (25-34);Sans pieton ;Avec moto;1 VL;Sans poids lourd;Adulte jeune (25-34);2 usagers
Leger;02/12/2019;13:50;Saint-Cloud;Plein jour;Normale;Hors intersection;Route departementale;Non renseignee ;Non renseignee ;Sans changement de direction;Non renseignee ;54;Masculin;Indemne;Non renseignee ;2;2;0;0;2;0;Senior actif (50-64);Sans pieton;Sans moto;2 VL;Sans poids lourd;Senior actif (50-64);2 usagers
Leger;27/12/2019;19:45;Boulogne-Billancourt;Nuit avec eclairage public allumee;Temps couvert;Hors intersection;Voie commuNon renseignee le;Non renseignee ;Non renseignee ;Sans changement de direction;Non renseignee ;56;Masculin;Indemne;Non renseignee ;2;1;1;0;1;0;Senior actif (50-64);Avec pieton;Sans moto;1 VL;Sans poids lourd;Senior actif (50-64);2 usagers
Leger;07/02/2020;12:25;Boulogne-Billancourt;Plein jour;Normale;Intersection en T;Route departementale;Non renseignee ;Non renseignee ;TourNon renseignee nt A$roite;Scooter > 50 cm3 et <= 125 cm3;35;Masculin;Blessee Leger;Non renseignee ;2;2;0;1;1;0;Adulte (35-49);Sans pieton ;Avec moto;1 VL;Sans poids lourd;Adulte (35-49);2 usagers
Leger;31/07/2020;15:30;Boulogne-Billancourt;Plein jour;Normale;Autre intersection;Route departementale;Non renseignee ;Scooter < 50 cm3;Inconnue;Motocyclette > 125 cm3;48;Masculin;Blessee Leger;Non renseignee ;2;2;0;1;0;0;Adulte (35-49);Sans pieton;Avec moto;Aucun VL;Sans poids lourd;Adulte (35-49);2 usagers
Leger;06/03/2020;00:55;Saint-Cloud;Nuit sanseclairage public;Pluie legere;Hors intersection;Autoroute;Non renseignee ;Non renseignee ;Changeant de file A$roite;Non renseignee ;25;Masculin;Blessee Leger;Non renseignee ;2;2;0;0;2;0;Adulte jeune (25-34);Sans pieton;Sans moto;2 VL;Sans poids lourd;Adulte jeune (25-34);2 usagers
Leger;18/04/2019;17:05;Saint-Cloud;Plein jour;Normale;Intersection en T;Voie commuNon renseignee le;Non renseignee ;Autobus;Sans changement de direction;Non renseignee ;80;Masculin;Blessee Leger;Non renseignee ;2;1;1;0;0;0;Senior (65+);Avec pieton;Sans moto;Aucun VL;Sans poids lourd;Senior (65+);2 usagers
Leger;04/12/2021;11:10;Boulogne-Billancourt;Plein jour;Pluie legere;Hors intersection;Autoroute;Non renseignee ;VU seul 1,5T <= PTAC <= 3,5T;Sans changement de direction;Non renseignee ;54;Masculin;Blessee Leger;Non renseignee ;1;1;0;0;1;0;Senior actif (50-64);Sans pieton;Sans moto;1 VL;Sans poids lourd;Senior actif (50-64);1 usager
Leger;28/12/2020;19:40;Boulogne-Billancourt;Nuit avec eclairage public allumee;Pluie legere;Hors intersection;Voie commuNon renseignee le;Non renseignee ;Non renseignee ;Sans changement de direction;Non renseignee ;46;Masculin;Blessee Leger;Non renseignee ;2;2;0;0;1;0;Adulte (35-49);Sans pieton;Sans moto;1 VL;Sans poids lourd;Adulte (35-49);2 usagers
Leger;14/12/2019;19:15;Saint-Cloud;Nuit sanseclairage public;Normale;Intersection en Y;Route departementale;Non renseignee ;Non renseignee ;Sans changement de direction;Scooter < 50 cm3;53;Masculin;Indemne;Non renseignee ;2;2;0;0;1;0;Senior actif (50-64);Sans pieton;Sans moto;1 VL;Sans poids lourd;Senior actif (50-64);2 usagers
Leger;21/10/2020;11:30;Rueil-Malmaison;Plein jour;Normale;Hors intersection;Voie commuNon renseignee le;Non renseignee ;Non renseignee ;Sans changement de direction;Non renseignee ;80;Masculin;Blessee Leger;Non renseignee ;2;1;1;0;1;0;Senior (65+);Avec pieton;Sans moto;1 VL;Sans poids lourd;Senior (65+);2 usagers
Leger;23/09/2021;09:45;Suresnes;Plein jour;Normale;Hors intersection;Route departementale;Non renseignee ;VU seul 1,5T <= PTAC <= 3,5T;Sans changement de direction;Motocyclette > 125 cm3;26;Masculin;Blessee Leger;Non renseignee ;3;2;0;1;1;0;Adulte jeune (25-34);Sans pieton;Avec moto;1 VL;Sans poids lourd;Adulte jeune (25-34);3-5 usagers
Leger;16/01/2020;18:50;Rueil-Malmaison;Nuit avec eclairage public allumee;Normale;Hors intersection;Route departementale;Non renseignee ;Scooter < 50 cm3;Sans changement de direction;Non renseignee ;80;Feminin;Blessee Leger;Non renseignee ;2;1;1;0;0;0;Senior (65+);Avec pieton;Sans moto;Aucun VL;Sans poids lourd;Senior (65+);2 usagers
Leger;19/02/2021;08:15;Rueil-Malmaison;Plein jour;Pluie legere;Intersection en T;Voie commuNon renseignee le;Non renseignee ;Non renseignee ;S inserant;Scooter < 50 cm3;19;Masculin;Blessee Leger;Non renseignee ;3;2;0;0;1;0;Jeune adulte (18-24);Sans pieton;Sans moto;1 VL;Sans poids lourd;Jeune adulte (18-24);3-5 usagers
Leger;04/05/2021;10:15;Puteaux;Plein jour;Normale;Hors intersection;Voie commuNon renseignee le;Non renseignee ;Non renseignee ;S inserant;3RM > 125 cm3;48;Masculin;Blessee Leger;Non renseignee ;2;2;0;1;1;0;Adulte (35-49);Sans pieton;Avec moto;1 VL;Sans poids lourd;Adulte (35-49);2 usagers
Leger;30/07/2019;11:00;Puteaux;Plein jour;Normale;Intersection en T;Route departementale;Non renseignee ;Non renseignee ;TourNon renseignee nt A'auche;Non renseignee ;27;Masculin;Indemne;Non renseignee ;2;2;0;0;1;0;Adulte jeune (25-34);Sans pieton ;Sans moto;1 VL;Sans poids lourd;Adulte jeune (25-34);2 usagers
Leger;12/01/2021;16:36;Rueil-Malmaison;Plein jour;Pluie legere;Hors intersection;Voie commuNon renseignee le;Non renseignee ;Autobus;En marche arriere;Non renseignee ;40;Feminin;Blessee Leger;Non renseignee ;3;2;0;0;1;0;Adulte (35-49);Sans pieton;Sans moto;1 VL;Sans poids lourd;Adulte (35-49);3-5 usagers
Leger;16/07/2021;19:00;Rueil-Malmaison;Plein jour;Normale;Intersection en T;Route departementale;Non renseignee ;Non renseignee ;Arrete (hors stationnement);EDP sans moteur;13;Feminin;Blessee Leger;Non renseignee ;2;2;0;0;1;0;Mineur (-18 ans);Sans pieton;Sans moto;1 VL;Sans poids lourd;Mineur (-18 ans);2 usagers
Leger;25/05/2021;06:10;Puteaux;Plein jour;Normale;Intersection en X;Voie commuNon renseignee le;Non renseignee ;Motocyclette > 125 cm3;Arrete (hors stationnement);Non renseignee ;31;Masculin;Blessee Leger;Non renseignee ;1;1;0;1;0;0;Adulte jeune (25-34);Sans pieton;Avec moto;Aucun VL;Sans poids lourd;Adulte jeune (25-34);1 usager
Leger;21/04/2021;15:45;Rueil-Malmaison;Plein jour;Normale;Hors intersection;Voie commuNon renseignee le;Non renseignee ;Non renseignee ;Sans changement de direction;Non renseignee ;18;Masculin;Blessee Leger;Non renseignee ;2;1;1;0;1;0;Jeune adulte (18-24);Avec pieton;Sans moto;1 VL;Sans poids lourd;Jeune adulte (18-24);2 usagers
Leger;26/09/2019;02:36;Neuilly-sur-Seine;Nuit avec eclairage public allumee;Normale;Hors intersection;Route Non renseignee tioNon renseignee le;Non renseignee ;Motocyclette > 50 cm3 et <= 125 cm3;Meme sens, Meme file;Non renseignee ;26;Masculin;Blessee Leger;Non renseignee ;2;2;0;1;1;0;Adulte jeune (25-34);Sans pieton;Avec moto;1 VL;Sans poids lourd;Adulte jeune (25-34);2 usagers
Leger;12/07/2019;01:35;Puteaux;Nuit avec eclairage public allumee;Normale;Intersection en X;Voie commuNon renseignee le;Non renseignee ;Scooter < 50 cm3;Circulant sur trottoir;Non renseignee ;19;Masculin;Blessee Leger;Non renseignee ;3;2;0;0;1;0;Jeune adulte (18-24);Sans pieton;Sans moto;1 VL;Sans poids lourd;Jeune adulte (18-24);3-5 usagers
Leger;01/09/2021;10:17;Puteaux;Plein jour;Normale;Intersection en X;Voie commuNon renseignee le;Non renseignee ;Non renseignee ;Depassant A'auche;PL seul 3,5T <PTCA <= 7,5T;29;Masculin;Blessee Leger;Non renseignee ;4;2;0;0;1;1;Adulte jeune (25-34);Sans pieton;Sans moto;1 VL;Avec poids lourd;Adulte jeune (25-34);3-5 usagers
Leger;02/09/2019;17:00;Puteaux;Plein jour;Normale;Hors intersection;Route departementale;Non renseignee ;VU seul 1,5T <= PTAC <= 3,5T;Meme sens, Meme file;Non renseignee ;35;Masculin;Indemne;Non renseignee ;5;4;0;0;4;0;Adulte (35-49);Sans pieton;Sans moto;3 VL ou plus;Sans poids lourd;Adulte (35-49);3-5 usagers
Leger;31/05/2019;12:00;Non renseignee nterre;Plein jour;Normale;Intersection en X;Route departementale;Non renseignee ;Non renseignee ;Traversant la  chaussee;Non renseignee ;84;Masculin;Indemne;Non renseignee ;5;4;0;0;4;0;Senior (65+);Sans pieton;Sans moto;3 VL ou plus;Sans poids lourd;Senior (65+);3-5 usagers
Leger;11/11/2021;16:05;Puteaux;Plein jour;Normale;Hors intersection;Route departementale;Non renseignee ;Motocyclette > 125 cm3;Autres manoeuvre;Motocyclette > 125 cm3;20;Masculin;Blessee Leger;Non renseignee ;2;2;0;2;0;0;Jeune adulte (18-24);Sans pieton;Avec moto;Aucun VL;Sans poids lourd;Jeune adulte (18-24);2 usagers
Leger;20/11/2019;18:10;Puteaux;Crepuscule ou aube;Normale;Hors intersection;Route departementale;Non renseignee ;Non renseignee ;S inserant;Motocyclette > 50 cm3 et <= 125 cm3;23;Masculin;Indemne;Non renseignee ;2;2;0;1;1;0;Jeune adulte (18-24);Sans pieton;Avec moto;1 VL;Sans poids lourd;Jeune adulte (18-24);2 usagers
Leger;22/03/2019;16:20;Rueil-Malmaison;Plein jour;Normale;Intersection en T;Voie commuNon renseignee le;Non renseignee ;Non renseignee ;Arrete (hors stationnement);Non renseignee ;44;Feminin;Blessee Leger;Non renseignee ;3;2;0;0;2;0;Adulte (35-49);Sans pieton;Sans moto;2 VL;Sans poids lourd;Adulte (35-49);3-5 usagers
Leger;10/02/2019;15:30;Puteaux;Plein jour;Pluie legere;Intersection en X;Route departementale;Non renseignee ;Scooter < 50 cm3;Sans changement de direction;Non renseignee ;35;Masculin;Indemne;Non renseignee ;2;1;1;0;0;0;Adulte (35-49);Avec pieton;Sans moto;Aucun VL;Sans poids lourd;Adulte (35-49);2 usagers
Leger;19/01/2021;17:16;Puteaux;Crepuscule ou aube;Normale;Hors intersection;Voie commuNon renseignee le;Non renseignee ;VU seul 1,5T <= PTAC <= 3,5T;Sans changement de direction;Non renseignee ;59;Feminin;Blessee Leger;Non renseignee ;2;1;1;0;1;0;Senior actif (50-64);Avec pieton;Sans moto;1 VL;Sans poids lourd;Senior actif (50-64);2 usagers
Grave;30/05/2019;12:20;Neuilly-sur-Seine;Plein jour;Normale;Hors intersection;Voie commuNon renseignee le;Non renseignee ;VU seul 1,5T <= PTAC <= 3,5T;Manoeuvre de stationnement;Non renseignee ;57;Masculin;Indemne;Non renseignee ;2;1;1;0;1;0;Senior actif (50-64);Avec pieton;Sans moto;1 VL;Sans poids lourd;Senior actif (50-64);2 usagers
Leger;26/10/2019;20:40;Puteaux;Nuit avec eclairage public allumee;Normale;Hors intersection;Route departementale;Non renseignee ;Non renseignee ;Se deportant A$roite;Non renseignee ;51;Masculin;Indemne;Non renseignee ;2;2;0;0;1;0;Senior actif (50-64);Sans pieton ;Sans moto;1 VL;Sans poids lourd;Senior actif (50-64);2 usagers
Leger;01/12/2019;11:40;Neuilly-sur-Seine;Plein jour;Temps couvert;Hors intersection;Route Non renseignee tioNon renseignee le;Non renseignee ;Non renseignee ;Inconnue;Non renseignee ;51;Masculin;Indemne;Non renseignee ;2;4;0;0;4;0;Senior actif (50-64);Sans pieton;Sans moto;3 VL ou plus;Sans poids lourd;Senior actif (50-64);2 usagers
Leger;12/08/2020;15:00;Puteaux;Plein jour;Normale;Hors intersection;Route departementale;Non renseignee ;VU seul 1,5T <= PTAC <= 3,5T;Depassant A$roite;Scooter > 125 cm3;31;Masculin;Blessee Leger;Non renseignee ;1;2;0;1;1;0;Adulte jeune (25-34);Sans pieton;Avec moto;1 VL;Sans poids lourd;Adulte jeune (25-34);1 usager
Leger;12/01/2019;15:00;Non renseignee nterre;Plein jour;Normale;Intersection en X;Route departementale;Non renseignee ;VU seul 1,5T <= PTAC <= 3,5T;Sans changement de direction;Non renseignee ;51;Feminin;Blessee Leger;Non renseignee ;3;2;0;0;2;0;Senior actif (50-64);Sans pieton;Sans moto;2 VL;Sans poids lourd;Senior actif (50-64);3-5 usagers
Leger;20/12/2019;07:45;Puteaux;Nuit avec eclairage public allumee;Pluie legere;Intersection en T;Route departementale;Non renseignee ;Non renseignee ;S inserant;Scooter > 50 cm3 et <= 125 cm3;54;Masculin;Indemne;Non renseignee ;2;2;0;1;1;0;Senior actif (50-64);Sans pieton;Avec moto;1 VL;Sans poids lourd;Senior actif (50-64);2 usagers
Leger;18/07/2019;14:20;Neuilly-sur-Seine;Plein jour;Normale;Intersection en X;Route departementale;Non renseignee ;Non renseignee ;TourNon renseignee nt A'auche;Non renseignee ;59;Feminin;Indemne;Non renseignee ;2;2;0;0;1;0;Senior actif (50-64);Sans pieton ;Sans moto;1 VL;Sans poids lourd;Senior actif (50-64);2 usagers
Leger;27/06/2019;11:00;Puteaux;Plein jour;Temps eblouissant;Hors intersection;Voie commuNon renseignee le;Non renseignee ;Non renseignee ;Inconnue;Non renseignee ;46;Masculin;Blessee Leger;Non renseignee ;2;2;0;0;2;0;Adulte (35-49);Sans pieton;Sans moto;2 VL;Sans poids lourd;Adulte (35-49);2 usagers
Leger;16/10/2019;11:15;Courbevoie;Plein jour;Normale;Hors intersection;Route departementale;Non renseignee ;VU seul 1,5T <= PTAC <= 3,5T;Meme sens, Meme file;Motocyclette > 125 cm3;39;Masculin;Indemne;Non renseignee ;2;2;0;1;1;0;Adulte (35-49);Sans pieton;Avec moto;1 VL;Sans poids lourd;Adulte (35-49);2 usagers
Leger;21/04/2021;19:50;Courbevoie;Plein jour;Normale;Intersection en X;Route departementale;Non renseignee ;VU seul 1,5T <= PTAC <= 3,5T;TourNon renseignee nt A'auche;Non renseignee ;47;Masculin;Blessee Leger;Non renseignee ;2;2;0;0;1;0;Adulte (35-49);Sans pieton ;Sans moto;1 VL;Sans poids lourd;Adulte (35-49);2 usagers
Leger;08/01/2019;09:00;Levallois-Perret;Plein jour;Normale;Hors intersection;Voie commuNon renseignee le;Non renseignee ;Non renseignee ;Se deportant A$roite;Motocyclette > 50 cm3 et <= 125 cm3;39;Masculin;Indemne;Non renseignee ;2;2;0;1;1;0;Adulte (35-49);Sans pieton ;Avec moto;1 VL;Sans poids lourd;Adulte (35-49);2 usagers