type_acci;date;heure;commune;luminosite_accident;cond_atmos;Intersection;categorie_route;type_collision;type_vehicule_1;manoeuvre_vehicule_1;type_vehicule_2;age_usager;sexe_usager;gravite_usager;etat_usager;nombre_usagers;nb_veh;nombre_pietons;nombre_motos;nombre_vl;nombre_pl;age_usa1_categ;accident_pieton;accident_moto;categorie_vl;accident_pl;categorie_age;categorie_usagers
Leger;25/07/2012;16:30;Gennevilliers;Plein jour;Autre;Hors intersection;Route Non renseignee tioNon renseignee le;Collision par le cote;PL seul 3,5T <PTCA <= 7,5T;Non renseignee ;VL seul;26;Masculin;Indemne;Non renseignee ;2;2;0;0;1;1;Adulte jeune (25-34);Sans pieton;Sans moto;1 VL;Avec poids lourd;Adulte jeune (25-34);2 usagers
Grave;19/02/2012;20:50;Courbevoie;Nuit avec eclairage public allumee;Autre;Intersection en T;Route departementale;Collision par le cote;VL seul;TourNon renseignee nt A'auche;Motocyclette > 50 cm3 et <= 125 cm3;45;Feminin;Blessee Leger;Non renseignee ;2;2;0;1;1;0;Adulte (35-49);Sans pieton ;Avec moto;1 VL;Sans poids lourd;Adulte (35-49);2 usagers
Leger;29/07/2012;00:45;Villeneuve-la-Garenne;Nuit sanseclairage public;Autre;Hors intersection;Autoroute;Sans collision;VL seul;Meme sens, Meme file;Non renseignee ;19;Feminin;Blessee Leger;Non renseignee ;2;1;0;0;1;0;Jeune adulte (18-24);Sans pieton;Sans moto;1 VL;Sans poids lourd;Jeune adulte (18-24);2 usagers
Grave;21/10/2012;19:15;Boulogne-Billancourt;Nuit avec eclairage public allumee;Autre;Intersection en X;Route departementale;Collision par l'arriere;Scooter < 50 cm3;Meme sens, Meme file;VL seul;16;Feminin;Blessee hospitalisee;Non renseignee ;2;2;0;0;1;0;Mineur (-18 ans);Sans pieton;Sans moto;1 VL;Sans poids lourd;Mineur (-18 ans);2 usagers
Mortel;16/12/2012;10:49;Colombes;Plein jour;Autre;Hors intersection;Autoroute;Sans collision;Scooter < 50 cm3;Sans changement de direction;Non renseignee ;29;Masculin;Tue;Non renseignee ;2;1;0;0;0;0;Adulte jeune (25-34);Sans pieton;Sans moto;Aucun VL;Sans poids lourd;Adulte jeune (25-34);2 usagers
Leger;04/04/2012;12:00;Villeneuve-la-Garenne;Plein jour;Autre;Intersection en T;Route departementale;Collision par le cote;VU seul 1,5T <= PTAC <= 3,5T;En faisant demi-tour sur la chaussee;VL seul;37;Feminin;Blessee Leger;Non renseignee ;1;2;0;0;2;0;Adulte (35-49);Sans pieton;Sans moto;2 VL;Sans poids lourd;Adulte (35-49);1 usager
Leger;11/07/2012;04:44;Neuilly-sur-Seine;Crepuscule ou aube;Autre;Intersection en T;Voie commuNon renseignee le;Sans collision;VL seul;Sans changement de direction;Non renseignee ;30;Masculin;Blessee Leger;Non renseignee ;1;1;0;0;1;0;Adulte jeune (25-34);Sans pieton;Sans moto;1 VL;Sans poids lourd;Adulte jeune (25-34);1 usager
Leger;30/08/2012;13:15;Boulogne-Billancourt;Plein jour;Autre;Intersection en X;Voie commuNon renseignee le;Collision par l'arriere;PL seul > 7,5T;En marche arriere;VL seul;44;Masculin;Indemne;Non renseignee ;3;2;0;0;1;1;Adulte (35-49);Sans pieton;Sans moto;1 VL;Avec poids lourd;Adulte (35-49);3-5 usagers
Leger;25/10/2012;11:45;Neuilly-sur-Seine;Plein jour;Autre;Hors intersection;Voie commuNon renseignee le;Autre collision;Scooter > 125 cm3;Sans changement de direction;Non renseignee ;31;Masculin;Blessee Leger;Non renseignee ;2;1;1;1;0;0;Adulte jeune (25-34);Avec pieton;Avec moto;Aucun VL;Sans poids lourd;Adulte jeune (25-34);2 usagers
Leger;29/02/2012;08:50;Asnieres-sur-Seine;Plein jour;Autre;Hors intersection;Route departementale;Collision par le cote;VL seul;Changeant de file A$roite;Scooter > 50 cm3 et <= 125 cm3;23;Masculin;Indemne;Non renseignee ;2;2;0;1;1;0;Jeune adulte (18-24);Sans pieton;Avec moto;1 VL;Sans poids lourd;Jeune adulte (18-24);2 usagers
Leger;30/11/2017;15:45;Gennevilliers;Plein jour;Pluie legere;Intersection en X;Route departementale;Collision par le cote;Engin special;Non renseignee ;VL seul;32;Masculin;Indemne;Non renseignee ;2;2;0;0;1;1;Adulte jeune (25-34);Sans pieton;Sans moto;1 VL;Avec poids lourd;Adulte jeune (25-34);2 usagers
Leger;04/12/2017;11:00;Gennevilliers;Plein jour;Autre;Intersection en X;Route departementale;Collision par l'arriere;PL seul > 7,5T;Meme sens, Meme file;VL seul;50;Masculin;Indemne;Non renseignee ;3;2;0;0;1;1;Senior actif (50-64);Sans pieton;Sans moto;1 VL;Avec poids lourd;Senior actif (50-64);3-5 usagers
Leger;23/11/2012;08:00;Clamart;Crepuscule ou aube;Autre;Hors intersection;Voie commuNon renseignee le;Collision par le cote;Cyclomoteur <50cm3;Sans changement de direction;VL seul;16;Masculin;Blessee Leger;Non renseignee ;2;2;0;0;1;0;Mineur (-18 ans);Sans pieton;Sans moto;1 VL;Sans poids lourd;Mineur (-18 ans);2 usagers
Leger;21/05/2017;15:10;Levallois-Perret;Plein jour;Autre;Intersection en T;Voie commuNon renseignee le;Sans collision;VL seul;TourNon renseignee nt A'auche;Non renseignee ;19;Feminin;Indemne;Non renseignee ;2;1;0;0;1;0;Jeune adulte (18-24);Sans pieton ;Sans moto;1 VL;Sans poids lourd;Jeune adulte (18-24);2 usagers
Leger;14/10/2012;04:40;Courbevoie;Nuit avec eclairage public allumee;Autre;Intersection en X;Voie commuNon renseignee le;Collision par le cote;Scooter < 50 cm3;Meme sens, Meme file;VL seul;21;Masculin;Blessee Leger;Non renseignee ;2;2;0;0;1;0;Jeune adulte (18-24);Sans pieton;Sans moto;1 VL;Sans poids lourd;Jeune adulte (18-24);2 usagers
Leger;14/02/2017;15:21;Non renseignee nterre;Plein jour;Autre;Intersection en T;Route departementale;Collision par le cote;VL seul;Sans changement de direction;VL seul;44;Feminin;Blessee Leger;Non renseignee ;2;2;0;0;2;0;Adulte (35-49);Sans pieton;Sans moto;2 VL;Sans poids lourd;Adulte (35-49);2 usagers
Leger;29/05/2017;16:10;Non renseignee nterre;Plein jour;Temps eblouissant;Intersection en X;Route departementale;Collision par le cote;VL seul;TourNon renseignee nt A'auche;VU seul 1,5T <= PTAC <= 3,5T;34;Masculin;Blessee Leger;Non renseignee ;2;2;0;0;2;0;Adulte jeune (25-34);Sans pieton ;Sans moto;2 VL;Sans poids lourd;Adulte jeune (25-34);2 usagers
Leger;21/03/2012;09:15;Non renseignee nterre;Plein jour;Autre;Hors intersection;Voie commuNon renseignee le;Collision par le cote;VL seul;TourNon renseignee nt A$roite;Scooter < 50 cm3;19;Feminin;Indemne;Non renseignee ;2;2;0;0;1;0;Jeune adulte (18-24);Sans pieton ;Sans moto;1 VL;Sans poids lourd;Jeune adulte (18-24);2 usagers
Leger;27/06/2012;14:50;Chatillon;Plein jour;Autre;Intersection en X;Route departementale;Collision par le cote;Motocyclette > 125 cm3;Non renseignee ;Motocyclette > 50 cm3 et <= 125 cm3;47;Masculin;Blessee Leger;Non renseignee ;2;2;0;2;0;0;Adulte (35-49);Sans pieton;Avec moto;Aucun VL;Sans poids lourd;Adulte (35-49);2 usagers
Leger;25/04/2017;23:45;Chaville;Nuit avec eclairage public allumee;Autre;Hors intersection;Route departementale;Sans collision;VL seul;Sedeportant A'auche;Non renseignee ;55;Masculin;Blessee Leger;Non renseignee ;1;1;0;0;1;0;Senior actif (50-64);Sans pieton ;Sans moto;1 VL;Sans poids lourd;Senior actif (50-64);1 usager
Leger;25/01/2012;07:20;Levallois-Perret;Nuit avec eclairage public allumee;Pluie legere;Intersection en X;Route departementale;Collision par le cote;VL seul;Sans changement de direction;VL seul;46;Feminin;Blessee Leger;Non renseignee ;2;2;0;0;2;0;Adulte (35-49);Sans pieton;Sans moto;2 VL;Sans poids lourd;Adulte (35-49);2 usagers
Mortel;17/10/2018;17:09;Meudon;Plein jour;Autre;Hors intersection;Route Non renseignee tioNon renseignee le;Collision par le cote;Non renseignee ;Non renseignee ;Motocyclette > 125 cm3;33;Masculin;Indemne;Non renseignee ;2;2;0;1;0;1;Adulte jeune (25-34);Sans pieton;Avec moto;Aucun VL;Avec poids lourd;Adulte jeune (25-34);2 usagers
Leger;15/06/2012;00:30;Montrouge;Nuit avec eclairage public allumee;Autre;Intersection en X;Voie commuNon renseignee le;Collision par le cote;VL seul;Sans changement de direction;VL seul;68;Masculin;Blessee Leger;Non renseignee ;2;2;0;0;2;0;Senior (65+);Sans pieton;Sans moto;2 VL;Sans poids lourd;Senior (65+);2 usagers
Leger;01/08/2012;09:35;Puteaux;Plein jour;Autre;Intersection en X;Route departementale;Collision par le cote;VL seul;Sans changement de direction;Scooter > 50 cm3 et <= 125 cm3;37;Masculin;Indemne;Non renseignee ;3;2;0;1;1;0;Adulte (35-49);Sans pieton;Avec moto;1 VL;Sans poids lourd;Adulte (35-49);3-5 usagers
Grave;06/10/2018;08:30;Colombes;Plein jour;Autre;Intersection en X;Route departementale;Collision par le cote;VL seul;TourNon renseignee nt A'auche;Motocyclette > 125 cm3;31;Masculin;Indemne;Non renseignee ;2;2;0;1;1;0;Adulte jeune (25-34);Sans pieton ;Avec moto;1 VL;Sans poids lourd;Adulte jeune (25-34);2 usagers
Grave;22/04/2012;19:00;Puteaux;Plein jour;Autre;Hors intersection;Voie commuNon renseignee le;Collision par le cote;Scooter < 50 cm3;Non renseignee ;VL seul;16;Masculin;Blessee hospitalisee;Non renseignee ;2;2;0;0;1;0;Mineur (-18 ans);Sans pieton;Sans moto;1 VL;Sans poids lourd;Mineur (-18 ans);2 usagers
Grave;06/07/2018;12:20;Issy-les-Moulineaux;Plein jour;Autre;Hors intersection;Route departementale;Sans collision;Motocyclette > 50 cm3 et <= 125 cm3;Sedeportant A'auche;Non renseignee ;17;Masculin;Blessee hospitalisee;Non renseignee ;1;1;0;1;0;0;Mineur (-18 ans);Sans pieton ;Avec moto;Aucun VL;Sans poids lourd;Mineur (-18 ans);1 usager
Grave;26/02/2018;22:30;Levallois-Perret;Nuit avec eclairage public allumee;Autre;Intersection en X;Voie commuNon renseignee le;Sans collision;Scooter > 125 cm3;TourNon renseignee nt A$roite;Non renseignee ;42;Masculin;Blessee hospitalisee;Non renseignee ;1;1;0;1;0;0;Adulte (35-49);Sans pieton ;Avec moto;Aucun VL;Sans poids lourd;Adulte (35-49);1 usager
Grave;09/12/2012;03:20;Saint-Cloud;Nuit avec eclairage public allumee;Autre;Hors intersection;Autoroute;Sans collision;VL seul;Non renseignee ;Non renseignee ;21;Feminin;Blessee hospitalisee;Non renseignee ;1;1;0;0;1;0;Jeune adulte (18-24);Sans pieton;Sans moto;1 VL;Sans poids lourd;Jeune adulte (18-24);1 usager
Leger;17/01/2012;10:37;Puteaux;Nuit avec eclairage public allumee;Autre;Hors intersection;Autoroute;Collision par l'arriere;VU seul 1,5T <= PTAC <= 3,5T;Meme sens, Meme file;VU seul 1,5T <= PTAC <= 3,5T;28;Masculin;Indemne;Non renseignee ;2;2;0;0;2;0;Adulte jeune (25-34);Sans pieton;Sans moto;2 VL;Sans poids lourd;Adulte jeune (25-34);2 usagers
Grave;22/06/2018;08:48;Suresnes;Plein jour;Autre;Hors intersection;Route departementale;Collision par l'arriere;Motocyclette > 125 cm3;Meme sens, Meme file;Motocyclette > 50 cm3 et <= 125 cm3;23;Feminin;Blessee hospitalisee;Non renseignee ;2;2;0;2;0;0;Jeune adulte (18-24);Sans pieton;Avec moto;Aucun VL;Sans poids lourd;Jeune adulte (18-24);2 usagers
Leger;07/02/2012;17:00;Non renseignee nterre;Plein jour;Autre;Intersection en T;Route departementale;Collision frontale;VL seul;TourNon renseignee nt A$roite;VL seul;47;Feminin;Indemne;Non renseignee ;5;2;0;0;2;0;Adulte (35-49);Sans pieton ;Sans moto;2 VL;Sans poids lourd;Adulte (35-49);3-5 usagers
Grave;19/11/2018;17:00;Issy-les-Moulineaux;Crepuscule ou aube;Autre;Hors intersection;Route departementale;Collision par le cote;VL seul;Non renseignee ;Scooter < 50 cm3;20;Masculin;Indemne;Non renseignee ;2;2;0;0;1;0;Jeune adulte (18-24);Sans pieton;Sans moto;1 VL;Sans poids lourd;Jeune adulte (18-24);2 usagers
Grave;22/12/2018;09:30;Malakoff;Plein jour;Autre;Intersection en T;Route departementale;Collision par le cote;VL seul;Sans changement de direction;Bicyclette;17;Masculin;Blessee hospitalisee;Non renseignee ;2;2;0;0;1;0;Mineur (-18 ans);Sans pieton;Sans moto;1 VL;Sans poids lourd;Mineur (-18 ans);2 usagers
Grave;16/10/2018;11:40;Bois-Colombes;Plein jour;Autre;Hors intersection;Voie commuNon renseignee le;Autre collision;VL seul;TourNon renseignee nt A$roite;Non renseignee ;46;Masculin;Indemne;Non renseignee ;2;1;1;0;1;0;Adulte (35-49);Avec pieton;Sans moto;1 VL;Sans poids lourd;Adulte (35-49);2 usagers
Leger;12/01/2012;06:30;Gennevilliers;Nuit sanseclairage public;Autre;Hors intersection;Autoroute;Collision par l'arriere;Motocyclette > 125 cm3;Meme sens, Meme file;VL seul;30;Masculin;Blessee Leger;Non renseignee ;2;2;0;1;1;0;Adulte jeune (25-34);Sans pieton;Avec moto;1 VL;Sans poids lourd;Adulte jeune (25-34);2 usagers
Leger;24/10/2012;11:00;Clichy;Plein jour;Autre;Hors intersection;Voie commuNon renseignee le;Collision par l'arriere;Scooter < 50 cm3;Sans changement de direction;VL seul;17;Masculin;Blessee Leger;Non renseignee ;2;2;0;0;1;0;Mineur (-18 ans);Sans pieton;Sans moto;1 VL;Sans poids lourd;Mineur (-18 ans);2 usagers
Grave;16/08/2018;23:52;Chatillon;Nuit avec eclairage public allumee;Autre;Hors intersection;Route departementale;Autre collision;Tramway;Sans changement de direction;Non renseignee ;45;Masculin;Indemne;Non renseignee ;2;1;1;0;0;0;Adulte (35-49);Avec pieton;Sans moto;Aucun VL;Sans poids lourd;Adulte (35-49);2 usagers
Grave;19/04/2018;05:45;Neuilly-sur-Seine;Nuit sanseclairage public;Autre;Hors intersection;Route Non renseignee tioNon renseignee le;Collisions multiples;VL seul;Meme sens, Meme file;VL seul;27;Masculin;Blessee hospitalisee;Non renseignee ;5;4;0;0;4;0;Adulte jeune (25-34);Sans pieton;Sans moto;3 VL ou plus;Sans poids lourd;Adulte jeune (25-34);3-5 usagers
Leger;12/10/2012;04:00;Gennevilliers;Nuit avec eclairage public non allumee;Pluie legere;Hors intersection;Autoroute;Sans collision;VL seul;Manoeuvre devitement;Non renseignee ;24;Masculin;Blessee Leger;Non renseignee ;1;1;0;0;1;0;Jeune adulte (18-24);Sans pieton;Sans moto;1 VL;Sans poids lourd;Jeune adulte (18-24);1 usager
Leger;14/09/2018;18:45;Non renseignee nterre;Plein jour;Autre;Intersection en X;Route departementale;Collision par l'arriere;VU seul 1,5T <= PTAC <= 3,5T;TourNon renseignee nt A$roite;Scooter > 125 cm3;36;Masculin;Indemne;Non renseignee ;3;2;0;1;1;0;Adulte (35-49);Sans pieton ;Avec moto;1 VL;Sans poids lourd;Adulte (35-49);3-5 usagers
Leger;19/12/2012;20:10;Neuilly-sur-Seine;Nuit avec eclairage public allumee;Pluie legere;Hors intersection;Voie commuNon renseignee le;Sans collision;Scooter > 50 cm3 et <= 125 cm3;Sans changement de direction;Non renseignee ;42;Masculin;Blessee Leger;Non renseignee ;1;1;0;1;0;0;Adulte (35-49);Sans pieton;Avec moto;Aucun VL;Sans poids lourd;Adulte (35-49);1 usager
Leger;27/04/2018;12:20;Villeneuve-la-Garenne;Plein jour;Autre;Hors intersection;Autoroute;Sans collision;Scooter > 125 cm3;Non renseignee ;Non renseignee ;34;Masculin;Blessee Leger;Non renseignee ;1;1;0;1;0;0;Adulte jeune (25-34);Sans pieton;Avec moto;Aucun VL;Sans poids lourd;Adulte jeune (25-34);1 usager
Leger;01/03/2018;10:38;Non renseignee nterre;Plein jour;Autre;Hors intersection;Autoroute;Collision par le cote;Scooter > 125 cm3;Manoeuvre devitement;VL seul;26;Masculin;Blessee Leger;Non renseignee ;2;2;0;1;1;0;Adulte jeune (25-34);Sans pieton;Avec moto;1 VL;Sans poids lourd;Adulte jeune (25-34);2 usagers
Leger;07/05/2018;18:37;Saint-Cloud;Plein jour;Autre;Hors intersection;Autoroute;Collisions en chaine;Motocyclette > 125 cm3;Meme sens, Meme file;VL seul;58;Masculin;Blessee Leger;Non renseignee ;3;3;0;2;1;0;Senior actif (50-64);Sans pieton;Avec moto;1 VL;Sans poids lourd;Senior actif (50-64);3-5 usagers
Leger;22/03/2012;09:05;Puteaux;Plein jour;Autre;Intersection en T;Route departementale;Collision par le cote;VL seul;TourNon renseignee nt A$roite;Scooter < 50 cm3;46;Feminin;Indemne;Non renseignee ;2;2;0;0;1;0;Adulte (35-49);Sans pieton ;Sans moto;1 VL;Sans poids lourd;Adulte (35-49);2 usagers
Leger;01/10/2018;18:25;Gennevilliers;Plein jour;Autre;Hors intersection;Autoroute;Collision par le cote;Scooter > 125 cm3;Entre 2 files;VL seul;27;Masculin;Indemne;Non renseignee ;3;2;0;1;1;0;Adulte jeune (25-34);Sans pieton;Avec moto;1 VL;Sans poids lourd;Adulte jeune (25-34);3-5 usagers
Leger;02/10/2012;09:50;Gennevilliers;Plein jour;Autre;Hors intersection;Route departementale;Collision frontale;Scooter < 50 cm3;Manoeuvre devitement;VU seul 1,5T <= PTAC <= 3,5T;25;Masculin;Blessee Leger;Non renseignee ;1;2;0;0;1;0;Adulte jeune (25-34);Sans pieton;Sans moto;1 VL;Sans poids lourd;Adulte jeune (25-34);1 usager
Grave;27/11/2012;12:55;Non renseignee nterre;Plein jour;Pluie legere;Hors intersection;Voie commuNon renseignee le;Sans collision;Scooter > 125 cm3;Sans changement de direction;Non renseignee ;48;Masculin;Blessee hospitalisee;Non renseignee ;1;1;0;1;0;0;Adulte (35-49);Sans pieton;Avec moto;Aucun VL;Sans poids lourd;Adulte (35-49);1 usager
Leger;19/10/2018;14:00;Clichy;Plein jour;Autre;Giratoire;Route departementale;Collision par le cote;Motocyclette > 125 cm3;TourNon renseignee nt A'auche;Motocyclette > 125 cm3;32;Masculin;Indemne;Non renseignee ;2;2;0;2;0;0;Adulte jeune (25-34);Sans pieton ;Avec moto;Aucun VL;Sans poids lourd;Adulte jeune (25-34);2 usagers
Leger;12/06/2018;08:02;Courbevoie;Plein jour;Pluie forte;Intersection en X;Route departementale;Collision par le cote;VL seul;TourNon renseignee nt A'auche;Motocyclette > 50 cm3 et <= 125 cm3;49;Masculin;Indemne;Non renseignee ;2;2;0;1;1;0;Adulte (35-49);Sans pieton ;Avec moto;1 VL;Sans poids lourd;Adulte (35-49);2 usagers
Leger;09/04/2018;17:00;Gennevilliers;Plein jour;Pluie legere;Hors intersection;Route departementale;Collision par le cote;Motocyclette > 125 cm3;Non renseignee ;VL seul;28;Masculin;Blessee Leger;Non renseignee ;3;2;0;1;1;0;Adulte jeune (25-34);Sans pieton;Avec moto;1 VL;Sans poids lourd;Adulte jeune (25-34);3-5 usagers
Leger;21/05/2018;16:45;Gennevilliers;Plein jour;Autre;Intersection en T;Voie commuNon renseignee le;Collision par le cote;Scooter > 125 cm3;Sans changement de direction;VL seul;17;Masculin;Blessee Leger;Non renseignee ;2;2;0;1;1;0;Mineur (-18 ans);Sans pieton;Avec moto;1 VL;Sans poids lourd;Mineur (-18 ans);2 usagers
Leger;06/11/2018;22:20;Issy-les-Moulineaux;Nuit avec eclairage public allumee;Autre;Intersection en X;Voie commuNon renseignee le;Collision par le cote;VL seul;Sans changement de direction;Scooter > 50 cm3 et <= 125 cm3;44;Masculin;Blessee Leger;Non renseignee ;2;2;0;1;1;0;Adulte (35-49);Sans pieton;Avec moto;1 VL;Sans poids lourd;Adulte (35-49);2 usagers
Leger;03/12/2018;01:20;Issy-les-Moulineaux;Nuit avec eclairage public allumee;Autre;Hors intersection;Route departementale;Sans collision;Scooter > 125 cm3;Non renseignee ;Non renseignee ;24;Masculin;Blessee Leger;Non renseignee ;1;1;0;1;0;0;Jeune adulte (18-24);Sans pieton;Avec moto;Aucun VL;Sans poids lourd;Jeune adulte (18-24);1 usager
Leger;27/06/2018;21:18;Levallois-Perret;Crepuscule ou aube;Autre;Hors intersection;Voie commuNon renseignee le;Sans collision;Motocyclette > 50 cm3 et <= 125 cm3;Se deportant A$roite;Non renseignee ;33;Masculin;Blessee Leger;Non renseignee ;1;1;0;1;0;0;Adulte jeune (25-34);Sans pieton ;Avec moto;Aucun VL;Sans poids lourd;Adulte jeune (25-34);1 usager
Leger;27/11/2018;11:45;Issy-les-Moulineaux;Plein jour;Autre;Intersection en X;Route departementale;Collision par le cote;Motocyclette > 125 cm3;Sans changement de direction;VL seul;32;Feminin;Indemne;Non renseignee ;2;2;0;1;1;0;Adulte jeune (25-34);Sans pieton;Avec moto;1 VL;Sans poids lourd;Adulte jeune (25-34);2 usagers
Leger;14/02/2018;15:40;Montrouge;Plein jour;Autre;Hors intersection;Route departementale;Collision par le cote;Motocyclette > 125 cm3;Sans changement de direction;VL seul;50;Masculin;Blessee Leger;Non renseignee ;1;2;0;1;1;0;Senior actif (50-64);Sans pieton;Avec moto;1 VL;Sans poids lourd;Senior actif (50-64);1 usager
Leger;01/08/2018;09:25;Montrouge;Plein jour;Autre;Intersection en T;Voie commuNon renseignee le;Collision par le cote;VU seul 1,5T <= PTAC <= 3,5T;S inserant;Scooter > 125 cm3;54;Masculin;Indemne;Non renseignee ;2;2;0;1;1;0;Senior actif (50-64);Sans pieton;Avec moto;1 VL;Sans poids lourd;Senior actif (50-64);2 usagers
Leger;28/06/2018;09:00;Puteaux;Plein jour;Autre;Hors intersection;Route departementale;Collision par le cote;Motocyclette > 125 cm3;Changeant de file A'auche;VL seul;23;Masculin;Blessee Leger;Non renseignee ;2;2;0;1;1;0;Jeune adulte (18-24);Sans pieton;Avec moto;1 VL;Sans poids lourd;Jeune adulte (18-24);2 usagers
Leger;26/07/2018;11:10;Puteaux;Plein jour;Autre;Place;Route departementale;Collision par le cote;VL seul;Sans changement de direction;Scooter > 50 cm3 et <= 125 cm3;40;Masculin;Indemne;Non renseignee ;2;2;0;1;1;0;Adulte (35-49);Sans pieton;Avec moto;1 VL;Sans poids lourd;Adulte (35-49);2 usagers
Leger;04/12/2018;21:30;Puteaux;Nuit avec eclairage public allumee;Autre;Intersection en T;Route departementale;Collision par le cote;VL seul;Changeant de file A'auche;Scooter > 125 cm3;43;Masculin;Indemne;Non renseignee ;2;2;0;1;1;0;Adulte (35-49);Sans pieton;Avec moto;1 VL;Sans poids lourd;Adulte (35-49);2 usagers
Leger;08/06/2018;12:15;Asnieres-sur-Seine;Plein jour;Autre;Hors intersection;Route departementale;Collision par l'arriere;VL seul;Sans changement de direction;Scooter < 50 cm3;45;Feminin;Indemne;Non renseignee ;2;2;0;0;1;0;Adulte (35-49);Sans pieton;Sans moto;1 VL;Sans poids lourd;Adulte (35-49);2 usagers
Leger;25/10/2018;16:00;Bois-Colombes;Plein jour;Autre;Hors intersection;Route departementale;Sans collision;Scooter < 50 cm3;Sans changement de direction;Non renseignee ;31;Masculin;Blessee Leger;Non renseignee ;1;1;0;0;0;0;Adulte jeune (25-34);Sans pieton;Sans moto;Aucun VL;Sans poids lourd;Adulte jeune (25-34);1 usager
Leger;18/04/2018;18:50;Clamart;Plein jour;Autre;Intersection en T;Voie commuNon renseignee le;Collision par le cote;VU seul 1,5T <= PTAC <= 3,5T;TourNon renseignee nt A'auche;Cyclomoteur <50cm3;31;Feminin;Indemne;Non renseignee ;2;2;0;0;1;0;Adulte jeune (25-34);Sans pieton ;Sans moto;1 VL;Sans poids lourd;Adulte jeune (25-34);2 usagers
Leger;28/11/2018;22:00;La Garenne-Colombes;Nuit sanseclairage public;Temps couvert;Intersection en X;Route departementale;Collision par le cote;Scooter < 50 cm3;Sedeportant A'auche;VL seul;18;Masculin;Blessee Leger;Non renseignee ;2;2;0;0;1;0;Jeune adulte (18-24);Sans pieton ;Sans moto;1 VL;Sans poids lourd;Jeune adulte (18-24);2 usagers
Leger;12/11/2018;19:47;Courbevoie;Nuit avec eclairage public allumee;Autre;Intersection en T;Route departementale;Collision par le cote;VL seul;TourNon renseignee nt A'auche;Cyclomoteur <50cm3;30;Masculin;Indemne;Non renseignee ;2;2;0;0;1;0;Adulte jeune (25-34);Sans pieton ;Sans moto;1 VL;Sans poids lourd;Adulte jeune (25-34);2 usagers
Leger;12/09/2018;19:50;Non renseignee nterre;Plein jour;Autre;Hors intersection;Route departementale;Collision par le cote;Cyclomoteur <50cm3;S inserant;VL seul;18;Masculin;Blessee Leger;Non renseignee ;2;2;0;0;1;0;Jeune adulte (18-24);Sans pieton;Sans moto;1 VL;Sans poids lourd;Jeune adulte (18-24);2 usagers
Leger;22/11/2018;13:30;Neuilly-sur-Seine;Plein jour;Temps couvert;Hors intersection;Voie commuNon renseignee le;Collision par le cote;VU seul 1,5T <= PTAC <= 3,5T;Manoeuvre de stationnement;Scooter < 50 cm3;33;Masculin;Indemne;Non renseignee ;2;2;0;0;1;0;Adulte jeune (25-34);Sans pieton;Sans moto;1 VL;Sans poids lourd;Adulte jeune (25-34);2 usagers
Leger;12/10/2018;17:45;Chatillon;Plein jour;Autre;Hors intersection;Route departementale;Sans collision;Non renseignee ;Non renseignee ;Non renseignee ;21;Feminin;Blessee Leger;Non renseignee ;1;1;0;0;0;0;Jeune adulte (18-24);Sans pieton;Sans moto;Aucun VL;Sans poids lourd;Jeune adulte (18-24);1 usager
Leger;13/10/2018;17:40;Boulogne-Billancourt;Plein jour;Autre;Intersection en X;Route departementale;Collision par le cote;Bicyclette;Traversant la  chaussee;VL seul;22;Masculin;Blessee Leger;Non renseignee ;2;2;0;0;1;0;Jeune adulte (18-24);Sans pieton;Sans moto;1 VL;Sans poids lourd;Jeune adulte (18-24);2 usagers
Leger;24/08/2018;09:15;Puteaux;Plein jour;Autre;Hors intersection;Voie commuNon renseignee le;Sans collision;Bicyclette;Sans changement de direction;Non renseignee ;33;Masculin;Blessee Leger;Non renseignee ;1;1;0;0;0;0;Adulte jeune (25-34);Sans pieton;Sans moto;Aucun VL;Sans poids lourd;Adulte jeune (25-34);1 usager
Leger;29/06/2018;19:20;Bagneux;Plein jour;Autre;Hors intersection;Route departementale;Collision par le cote;VL seul;Sans changement de direction;Non renseignee ;28;Masculin;Indemne;Non renseignee ;2;2;0;0;1;0;Adulte jeune (25-34);Sans pieton;Sans moto;1 VL;Sans poids lourd;Adulte jeune (25-34);2 usagers
Leger;04/10/2018;09:55;Boulogne-Billancourt;Crepuscule ou aube;Autre;Hors intersection;Voie commuNon renseignee le;Collision par le cote;VL seul;TourNon renseignee nt A'auche;Bicyclette;27;Feminin;Indemne;Non renseignee ;2;2;0;0;1;0;Adulte jeune (25-34);Sans pieton ;Sans moto;1 VL;Sans poids lourd;Adulte jeune (25-34);2 usagers
Leger;15/09/2018;13:45;Non renseignee nterre;Plein jour;Autre;Hors intersection;Route departementale;Collision frontale;VL seul;A contresens;Bicyclette;83;Masculin;Indemne;Non renseignee ;2;2;0;0;1;0;Senior (65+);Sans pieton;Sans moto;1 VL;Sans poids lourd;Senior (65+);2 usagers
Leger;19/03/2018;12:30;Neuilly-sur-Seine;Plein jour;Temps couvert;Intersection en T;Voie commuNon renseignee le;Collision par le cote;VL seul;Sans changement de direction;Bicyclette;35;Masculin;Indemne;Non renseignee ;2;2;0;0;1;0;Adulte (35-49);Sans pieton;Sans moto;1 VL;Sans poids lourd;Adulte (35-49);2 usagers