type_acci;date;heure;commune;luminosite_accident;cond_atmos;Intersection;categorie_route;type_collision;type_vehicule_1;manoeuvre_vehicule_1;type_vehicule_2;age_usager;sexe_usager;gravite_usager;etat_usager;nombre_usagers;nb_veh;nombre_pietons;nombre_motos;nombre_vl;nombre_pl;age_usa1_categ;accident_pieton;accident_moto;categorie_vl;accident_pl;categorie_age;categorie_usagers
Leger;22/08/2008;18:35;Suresnes;Plein jour;Pluie legere;Hors intersection;Route departementale;Sans collision;Scooter < 50 cm3;Sans changement de direction;Non renseignee ;19;Feminin;Blessee Leger;Non renseignee ;1;1;0;0;0;0;Jeune adulte (18-24);Sans pieton;Sans moto;Aucun VL;Sans poids lourd;Jeune adulte (18-24);1 usager
Leger;01/10/2008;16:20;Suresnes;Plein jour;Pluie legere;Intersection en T;Route departementale;Sans collision;Scooter < 50 cm3;TourNon renseignee nt A$roite;Non renseignee ;33;Masculin;Blessee Leger;Non renseignee ;1;1;0;0;0;0;Adulte jeune (25-34);Sans pieton ;Sans moto;Aucun VL;Sans poids lourd;Adulte jeune (25-34);1 usager
Leger;10/11/2008;18:00;Vanves;Nuit avec eclairage public allumee;Pluie legere;Hors intersection;Route departementale;Autre collision;VL seul;Sans changement de direction;Non renseignee ;51;Feminin;Indemne;Non renseignee ;2;1;1;0;1;0;Senior actif (50-64);Avec pieton;Sans moto;1 VL;Sans poids lourd;Senior actif (50-64);2 usagers
Leger;14/11/2008;08:30;Courbevoie;Plein jour;Pluie legere;Intersection en T;Route Non renseignee tioNon renseignee le;Autre collision;Motocyclette > 50 cm3 et <= 125 cm3;TourNon renseignee nt A$roite;Non renseignee ;34;Masculin;Indemne;Non renseignee ;2;1;1;1;0;0;Adulte jeune (25-34);Avec pieton;Avec moto;Aucun VL;Sans poids lourd;Adulte jeune (25-34);2 usagers
Leger;16/12/2008;19:40;Puteaux;Nuit avec eclairage public allumee;Autre;Hors intersection;Route Non renseignee tioNon renseignee le;Collision par le cote;VL seul;Changeant de file A'auche;Scooter > 50 cm3 et <= 125 cm3;33;Masculin;Indemne;Non renseignee ;2;2;0;1;1;0;Adulte jeune (25-34);Sans pieton;Avec moto;1 VL;Sans poids lourd;Adulte jeune (25-34);2 usagers
Leger;04/02/2008;09:30;Clamart;Plein jour;Pluie legere;Hors intersection;Route departementale;Sans collision;Motocyclette > 125 cm3;Non renseignee ;Non renseignee ;48;Masculin;Blessee Leger;Non renseignee ;1;1;0;1;0;0;Adulte (35-49);Sans pieton;Avec moto;Aucun VL;Sans poids lourd;Adulte (35-49);1 usager
Leger;04/04/2008;08:15;Gennevilliers;Plein jour;Autre;Hors intersection;Autoroute;Collisions multiples;Motocyclette > 125 cm3;Entre 2 files;VL seul;45;Masculin;Indemne;Non renseignee ;4;4;0;1;3;0;Adulte (35-49);Sans pieton;Avec moto;3 VL ou plus;Sans poids lourd;Adulte (35-49);3-5 usagers
Leger;14/05/2008;08:20;Non renseignee nterre;Plein jour;Autre;Hors intersection;Autoroute;Collisions en chaine;VL seul;Changeant de file A$roite;Motocyclette > 125 cm3;30;Feminin;Indemne;Non renseignee ;3;3;0;1;2;0;Adulte jeune (25-34);Sans pieton;Avec moto;2 VL;Sans poids lourd;Adulte jeune (25-34);3-5 usagers
Leger;28/04/2008;06:50;Gennevilliers;Crepuscule ou aube;Autre;Hors intersection;Autoroute;Sans collision;VL seul;Meme sens, Meme file;Non renseignee ;30;Feminin;Blessee Leger;Non renseignee ;1;1;0;0;1;0;Adulte jeune (25-34);Sans pieton;Sans moto;1 VL;Sans poids lourd;Adulte jeune (25-34);1 usager
Leger;25/06/2008;17:05;Non renseignee nterre;Nuit avec eclairage public allumee;Autre;Hors intersection;Autoroute;Collisions en chaine;VL seul;Changeant de file A'auche;VL seul;54;Masculin;Indemne;Non renseignee ;4;4;0;0;4;0;Senior actif (50-64);Sans pieton;Sans moto;3 VL ou plus;Sans poids lourd;Senior actif (50-64);3-5 usagers
Grave;11/07/2008;18:00;Boulogne-Billancourt;Plein jour;Autre;Hors intersection;Autoroute;Collision par l'arriere;VL seul;Meme sens, Meme file;VL seul;29;Feminin;Indemne;Non renseignee ;3;2;0;0;2;0;Adulte jeune (25-34);Sans pieton;Sans moto;2 VL;Sans poids lourd;Adulte jeune (25-34);3-5 usagers
Leger;25/07/2008;07:50;Saint-Cloud;Plein jour;Autre;Hors intersection;Autoroute;Collisions multiples;VL seul;Se deportant A$roite;Scooter > 50 cm3 et <= 125 cm3;42;Masculin;Indemne;Non renseignee ;3;3;0;1;2;0;Adulte (35-49);Sans pieton ;Avec moto;2 VL;Sans poids lourd;Adulte (35-49);3-5 usagers
Leger;08/08/2008;11:40;Gennevilliers;Plein jour;Autre;Hors intersection;Autoroute;Sans collision;Motocyclette > 125 cm3;Non renseignee ;Non renseignee ;33;Masculin;Blessee Leger;Non renseignee ;1;1;0;1;0;0;Adulte jeune (25-34);Sans pieton;Avec moto;Aucun VL;Sans poids lourd;Adulte jeune (25-34);1 usager
Grave;08/09/2008;07:20;Marnes-la-Coquette;Crepuscule ou aube;Autre;Hors intersection;Autoroute;Collision par l'arriere;Motocyclette > 125 cm3;Entre 2 files;VL seul;26;Masculin;Indemne;Non renseignee ;2;2;0;1;1;0;Adulte jeune (25-34);Sans pieton;Avec moto;1 VL;Sans poids lourd;Adulte jeune (25-34);2 usagers
Leger;10/09/2008;18:19;Non renseignee nterre;Plein jour;Autre;Hors intersection;Autoroute;Collision par le cote;Motocyclette > 125 cm3;Sans changement de direction;VL seul;36;Masculin;Indemne;Non renseignee ;2;2;0;1;1;0;Adulte (35-49);Sans pieton;Avec moto;1 VL;Sans poids lourd;Adulte (35-49);2 usagers
Leger;30/10/2008;18:50;Meudon;Nuit avec eclairage public allumee;Pluie legere;Hors intersection;Route Non renseignee tioNon renseignee le;Sans collision;Motocyclette > 125 cm3;Entre 2 files;Non renseignee ;26;Feminin;Blessee Leger;Non renseignee ;1;1;0;1;0;0;Adulte jeune (25-34);Sans pieton;Avec moto;Aucun VL;Sans poids lourd;Adulte jeune (25-34);1 usager
Leger;14/11/2008;18:20;Gennevilliers;Nuit sanseclairage public;Pluie legere;Hors intersection;Autoroute;Collision par l'arriere;VL seul;Changeant de file A'auche;Motocyclette > 125 cm3;37;Masculin;Indemne;Non renseignee ;2;2;0;1;1;0;Adulte (35-49);Sans pieton;Avec moto;1 VL;Sans poids lourd;Adulte (35-49);2 usagers
Leger;26/07/2009;12:20;Colombes;Plein jour;Autre;Hors intersection;Autoroute;Collision par l'arriere;VL seul;Meme sens, Meme file;VL seul;0;Masculin;Blessee Leger;Non renseignee ;4;2;0;0;2;0;Mineur (-18 ans);Sans pieton;Sans moto;2 VL;Sans poids lourd;Mineur (-18 ans);3-5 usagers
Leger;27/11/2009;13:00;Courbevoie;Plein jour;Autre;Intersection en T;Route departementale;Collision par l'arriere;Motocyclette > 50 cm3 et <= 125 cm3;Sans changement de direction;VL seul;40;Masculin;Blessee Leger;Non renseignee ;2;2;0;1;1;0;Adulte (35-49);Sans pieton;Avec moto;1 VL;Sans poids lourd;Adulte (35-49);2 usagers
Grave;19/03/2009;16:10;La Garenne-Colombes;Plein jour;Autre;Intersection en T;Route departementale;Collision frontale;Scooter > 50 cm3 et <= 125 cm3;Sans changement de direction;VL seul;23;Masculin;Blessee hospitalisee;Non renseignee ;1;2;0;1;1;0;Jeune adulte (18-24);Sans pieton;Avec moto;1 VL;Sans poids lourd;Jeune adulte (18-24);1 usager
Leger;29/04/2009;12:10;Puteaux;Plein jour;Pluie legere;Intersection en Y;Route Non renseignee tioNon renseignee le;Collision par le cote;VL seul;Changeant de file A$roite;PL seul > 7,5T;74;Feminin;Blessee Leger;Non renseignee ;2;2;0;0;1;1;Senior (65+);Sans pieton;Sans moto;1 VL;Avec poids lourd;Senior (65+);2 usagers
Grave;15/11/2009;23:20;Chatillon;Nuit avec eclairage public allumee;Pluie legere;Giratoire;Route departementale;Sans collision;VL seul;Sans changement de direction;Non renseignee ;43;Feminin;Blessee hospitalisee;Non renseignee ;2;1;0;0;1;0;Adulte (35-49);Sans pieton;Sans moto;1 VL;Sans poids lourd;Adulte (35-49);2 usagers
Leger;31/10/2009;21:10;Boulogne-Billancourt;Nuit avec eclairage public allumee;Autre;Intersection en X;Voie commuNon renseignee le;Collision par l'arriere;Scooter > 50 cm3 et <= 125 cm3;Sans changement de direction;VL seul;29;Masculin;Blessee Leger;Non renseignee ;2;2;0;1;1;0;Adulte jeune (25-34);Sans pieton;Avec moto;1 VL;Sans poids lourd;Adulte jeune (25-34);2 usagers
Leger;21/10/2009;13:08;Neuilly-sur-Seine;Plein jour;Pluie legere;Intersection en X;Route departementale;Sans collision;Cyclomoteur <50cm3;TourNon renseignee nt A$roite;Non renseignee ;16;Feminin;Blessee Leger;Non renseignee ;1;1;0;0;0;0;Mineur (-18 ans);Sans pieton ;Sans moto;Aucun VL;Sans poids lourd;Mineur (-18 ans);1 usager
Leger;22/11/2009;15:45;Suresnes;Plein jour;Pluie legere;Intersection en T;Route departementale;Collision par l'arriere;VU seul 1,5T <= PTAC <= 3,5T;Meme sens, Meme file;VL seul;27;Masculin;Indemne;Non renseignee ;2;2;0;0;2;0;Adulte jeune (25-34);Sans pieton;Sans moto;2 VL;Sans poids lourd;Adulte jeune (25-34);2 usagers
Leger;30/01/2009;16:10;Courbevoie;Plein jour;Autre;Intersection en Y;Route Non renseignee tioNon renseignee le;Collision par l'arriere;Motocyclette > 50 cm3 et <= 125 cm3;Meme sens, Meme file;VL seul;34;Masculin;Blessee Leger;Non renseignee ;2;2;0;1;1;0;Adulte jeune (25-34);Sans pieton;Avec moto;1 VL;Sans poids lourd;Adulte jeune (25-34);2 usagers
Grave;22/08/2009;02:00;Colombes;Nuit avec eclairage public non allumee;Autre;Hors intersection;Autoroute;Collisions multiples;VL seul;Sedeportant A'auche;Motocyclette > 125 cm3;23;Feminin;Indemne;Attention perturbA{3;3;0;1;2;0;Jeune adulte (18-24);Sans pieton ;Avec moto;2 VL;Sans poids lourd;Jeune adulte (18-24);3-5 usagers
Grave;01/03/2009;18:30;Gennevilliers;Nuit avec eclairage public allumee;Autre;Hors intersection;Route departementale;Sans collision;VL seul;Sedeportant A'auche;Non renseignee ;21;Feminin;Blessee hospitalisee;Attention perturbA{1;1;0;0;1;0;Jeune adulte (18-24);Sans pieton ;Sans moto;1 VL;Sans poids lourd;Jeune adulte (18-24);1 usager
Leger;25/01/2009;14:10;Chatillon;Plein jour;Autre;Hors intersection;Route departementale;Collision par le cote;VL seul;TourNon renseignee nt A'auche;Scooter > 50 cm3 et <= 125 cm3;25;Feminin;Indemne;Non renseignee ;2;2;0;1;1;0;Adulte jeune (25-34);Sans pieton ;Avec moto;1 VL;Sans poids lourd;Adulte jeune (25-34);2 usagers
Leger;12/10/2009;17:55;Clamart;Plein jour;Autre;Intersection en T;Route departementale;Collision par le cote;VL seul;TourNon renseignee nt A'auche;Bicyclette;49;Feminin;Indemne;Non renseignee ;2;2;0;0;1;0;Adulte (35-49);Sans pieton ;Sans moto;1 VL;Sans poids lourd;Adulte (35-49);2 usagers
Leger;01/09/2009;17:30;Colombes;Plein jour;Autre;Place;Route departementale;Collision frontale;Cyclomoteur <50cm3;Sans changement de direction;VL seul;20;Masculin;Blessee Leger;Non renseignee ;2;2;0;0;1;0;Jeune adulte (18-24);Sans pieton;Sans moto;1 VL;Sans poids lourd;Jeune adulte (18-24);2 usagers
Leger;10/02/2009;14:30;Montrouge;Plein jour;Autre;Intersection en X;Route departementale;Collision par le cote;VL seul;TourNon renseignee nt A'auche;Motocyclette > 50 cm3 et <= 125 cm3;67;Feminin;Indemne;Non renseignee ;2;2;0;1;1;0;Senior (65+);Sans pieton ;Avec moto;1 VL;Sans poids lourd;Senior (65+);2 usagers
Grave;14/05/2009;00:45;Chatillon;Nuit avec eclairage public allumee;Pluie legere;Giratoire;Route departementale;Sans collision;Motocyclette > 125 cm3;Se deportant A$roite;Non renseignee ;34;Masculin;Blessee hospitalisee;Non renseignee ;1;1;0;1;0;0;Adulte jeune (25-34);Sans pieton ;Avec moto;Aucun VL;Sans poids lourd;Adulte jeune (25-34);1 usager
Leger;15/07/2009;08:15;Chatillon;Plein jour;Autre;Hors intersection;Route departementale;Collision par le cote;VL seul;Changeant de file A$roite;Scooter > 50 cm3 et <= 125 cm3;30;Masculin;Indemne;Non renseignee ;2;2;0;1;1;0;Adulte jeune (25-34);Sans pieton;Avec moto;1 VL;Sans poids lourd;Adulte jeune (25-34);2 usagers
Leger;24/06/2009;15:10;Neuilly-sur-Seine;Plein jour;Autre;Hors intersection;Voie commuNon renseignee le;Collision par le cote;VU seul 1,5T <= PTAC <= 3,5T;Sedeportant A'auche;Motocyclette > 125 cm3;35;Masculin;Indemne;Non renseignee ;2;2;0;1;1;0;Adulte (35-49);Sans pieton ;Avec moto;1 VL;Sans poids lourd;Adulte (35-49);2 usagers
Leger;22/06/2009;16:45;Vaucresson;Plein jour;Autre;Hors intersection;Route departementale;Collision par l'arriere;Cyclomoteur <50cm3;Meme sens, Meme file;VL seul;16;Masculin;Blessee Leger;Non renseignee ;2;2;0;0;1;0;Mineur (-18 ans);Sans pieton;Sans moto;1 VL;Sans poids lourd;Mineur (-18 ans);2 usagers
Leger;18/03/2009;09:20;Sevres;Plein jour;Autre;Hors intersection;Route Non renseignee tioNon renseignee le;Collision par l'arriere;Scooter > 125 cm3;Sans changement de direction;VL seul;38;Masculin;Indemne;Non renseignee ;2;2;0;1;1;0;Adulte (35-49);Sans pieton;Avec moto;1 VL;Sans poids lourd;Adulte (35-49);2 usagers
Grave;28/03/2009;05:55;Malakoff;Crepuscule ou aube;Temps couvert;Intersection en T;Route departementale;Sans collision;VL seul;Sedeportant A'auche;Non renseignee ;23;Feminin;Blessee hospitalisee;Ivresse apparente;2;1;0;0;1;0;Jeune adulte (18-24);Sans pieton ;Sans moto;1 VL;Sans poids lourd;Jeune adulte (18-24);2 usagers
Leger;03/02/2009;14:45;Bois-Colombes;Plein jour;Autre;Hors intersection;Voie commuNon renseignee le;Collision par le cote;VL seul;S inserant;Motocyclette > 125 cm3;71;Masculin;Indemne;Non renseignee ;2;2;0;1;1;0;Senior (65+);Sans pieton;Avec moto;1 VL;Sans poids lourd;Senior (65+);2 usagers
Leger;25/09/2009;09:05;Non renseignee nterre;Plein jour;Autre;Intersection en T;Route departementale;Collision par le cote;Bicyclette;Sans changement de direction;VL seul;34;Masculin;Blessee Leger;Non renseignee ;2;2;0;0;1;0;Adulte jeune (25-34);Sans pieton;Sans moto;1 VL;Sans poids lourd;Adulte jeune (25-34);2 usagers
Leger;23/01/2009;15:25;Neuilly-sur-Seine;Plein jour;Autre;Intersection en X;Route departementale;Collision par l'arriere;VU seul 1,5T <= PTAC <= 3,5T;Meme sens, Meme file;VL seul;24;Masculin;Indemne;Non renseignee ;3;2;0;0;2;0;Jeune adulte (18-24);Sans pieton;Sans moto;2 VL;Sans poids lourd;Jeune adulte (18-24);3-5 usagers
Grave;14/10/2009;16:15;Gennevilliers;Plein jour;Autre;Hors intersection;Route departementale;Collision par le cote;VL seul;S inserant;Motocyclette > 125 cm3;28;Masculin;Indemne;Non renseignee ;2;2;0;1;1;0;Adulte jeune (25-34);Sans pieton;Avec moto;1 VL;Sans poids lourd;Adulte jeune (25-34);2 usagers
Leger;22/02/2009;20:30;Neuilly-sur-Seine;Nuit avec eclairage public allumee;Autre;Hors intersection;Route Non renseignee tioNon renseignee le;Collision par l'arriere;VL seul;Changeant de file A'auche;VL seul;58;Masculin;Indemne;Attention perturbée;3;2;0;0;2;0;Senior actif (50-64);Sans pieton;Sans moto;2 VL;Sans poids lourd;Senior actif (50-64);3-5 usagers
Leger;18/03/2009;16:00;Asnieres-sur-Seine;Plein jour;Autre;Hors intersection;Voie commuNon renseignee le;Collision par le cote;VL seul;Ouverture de porte;Bicyclette;74;Feminin;Indemne;Non renseignee ;2;2;0;0;1;0;Senior (65+);Sans pieton;Sans moto;1 VL;Sans poids lourd;Senior (65+);2 usagers
Leger;10/01/2009;09:25;Suresnes;Plein jour;Autre;Intersection en Y;Route departementale;Sans collision;Scooter > 50 cm3 et <= 125 cm3;Sans changement de direction;Non renseignee ;37;Masculin;Indemne;Non renseignee ;2;1;0;1;0;0;Adulte (35-49);Sans pieton;Avec moto;Aucun VL;Sans poids lourd;Adulte (35-49);2 usagers
Leger;31/08/2009;21:00;ChateNon renseignee y-Malabry;Nuit avec eclairage public allumee;Autre;Hors intersection;Voie commuNon renseignee le;Collision par le cote;VL seul;Sedeportant A'auche;Motocyclette > 50 cm3 et <= 125 cm3;32;Masculin;Indemne;Ivresse apparente;2;2;0;1;1;0;Adulte jeune (25-34);Sans pieton ;Avec moto;1 VL;Sans poids lourd;Adulte jeune (25-34);2 usagers
Leger;26/01/2009;07:20;Colombes;Nuit avec eclairage public allumee;Autre;Intersection en T;Route departementale;Collision par le cote;VL seul;TourNon renseignee nt A'auche;Bicyclette;68;Masculin;Indemne;Non renseignee ;2;2;0;0;1;0;Senior (65+);Sans pieton ;Sans moto;1 VL;Sans poids lourd;Senior (65+);2 usagers
Leger;11/10/2009;13:30;Meudon;Plein jour;Autre;Intersection en T;Voie commuNon renseignee le;Collision par le cote;VL seul;TourNon renseignee nt A'auche;Motocyclette > 50 cm3 et <= 125 cm3;30;Feminin;Indemne;Non renseignee ;2;2;0;1;1;0;Adulte jeune (25-34);Sans pieton ;Avec moto;1 VL;Sans poids lourd;Adulte jeune (25-34);2 usagers
Leger;01/03/2009;15:30;Colombes;Plein jour;Autre;Intersection en X;Route departementale;Collision par le cote;VL seul;Sans changement de direction;Motocyclette > 125 cm3;23;Masculin;Indemne;Non renseignee ;2;2;0;1;1;0;Jeune adulte (18-24);Sans pieton;Avec moto;1 VL;Sans poids lourd;Jeune adulte (18-24);2 usagers
Leger;01/09/2009;10:55;Chatillon;Plein jour;Temps couvert;Intersection en X;Route departementale;Collision par le cote;Scooter < 50 cm3;Arrete (hors stationnement);VU seul 1,5T <= PTAC <= 3,5T;20;Feminin;Blessee Leger;Non renseignee ;1;2;0;0;1;0;Jeune adulte (18-24);Sans pieton;Sans moto;1 VL;Sans poids lourd;Jeune adulte (18-24);1 usager
Leger;03/02/2009;09:15;Colombes;Plein jour;Autre;Intersection en X;Route departementale;Collision par l'arriere;VL seul;Meme sens, Meme file;VL seul;34;Masculin;Indemne;Non renseignee ;2;2;0;0;2;0;Adulte jeune (25-34);Sans pieton;Sans moto;2 VL;Sans poids lourd;Adulte jeune (25-34);2 usagers
Leger;13/02/2009;11:51;Antony;Plein jour;Pluie legere;Intersection en X;Route departementale;Collision par le cote;Scooter < 50 cm3;Entre 2 files;VL seul;16;Masculin;Blessee Leger;Non renseignee ;3;2;0;0;1;0;Mineur (-18 ans);Sans pieton;Sans moto;1 VL;Sans poids lourd;Mineur (-18 ans);3-5 usagers
Leger;20/07/2009;19:10;Suresnes;Plein jour;Autre;Hors intersection;Voie commuNon renseignee le;Sans collision;Cyclomoteur <50cm3;Sedeportant A'auche;Non renseignee ;22;Masculin;Blessee Leger;Non renseignee ;1;1;0;0;0;0;Jeune adulte (18-24);Sans pieton ;Sans moto;Aucun VL;Sans poids lourd;Jeune adulte (18-24);1 usager
Leger;17/11/2008;09:12;Gennevilliers;Plein jour;Temps couvert;Hors intersection;Autoroute;Collision par l'arriere;Motocyclette > 125 cm3;Entre 2 files;VL seul;32;Masculin;Blessee Leger;Non renseignee ;2;2;0;1;1;0;Adulte jeune (25-34);Sans pieton;Avec moto;1 VL;Sans poids lourd;Adulte jeune (25-34);2 usagers
Leger;26/11/2008;15:20;Non renseignee nterre;Plein jour;Autre;Hors intersection;Autoroute;Collision par l'arriere;Motocyclette > 50 cm3 et <= 125 cm3;Meme sens, Meme file;VL seul;42;Masculin;Blessee Leger;Non renseignee ;2;2;0;1;1;0;Adulte (35-49);Sans pieton;Avec moto;1 VL;Sans poids lourd;Adulte (35-49);2 usagers
Leger;07/02/2009;21:38;Malakoff;Nuit avec eclairage public allumee;Pluie legere;Intersection en T;Route departementale;Collision par l'arriere;VL seul;Meme sens, Meme file;VL seul;33;Masculin;Indemne;Ivresse apparente;3;2;0;0;2;0;Adulte jeune (25-34);Sans pieton;Sans moto;2 VL;Sans poids lourd;Adulte jeune (25-34);3-5 usagers
Leger;06/11/2009;16:10;Boulogne-Billancourt;Plein jour;Autre;Intersection en X;Route departementale;Collision par le cote;VL seul;TourNon renseignee nt A'auche;Scooter < 50 cm3;22;Masculin;Indemne;Non renseignee ;2;2;0;0;1;0;Jeune adulte (18-24);Sans pieton ;Sans moto;1 VL;Sans poids lourd;Jeune adulte (18-24);2 usagers
Leger;26/07/2009;03:00;Clichy;Nuit avec eclairage public allumee;Autre;Intersection A0lus de 4 branches;Route departementale;Collision par le cote;VL seul;TourNon renseignee nt A'auche;Motocyclette > 125 cm3;30;Masculin;Blessee Leger;Non renseignee ;3;2;0;1;1;0;Adulte jeune (25-34);Sans pieton ;Avec moto;1 VL;Sans poids lourd;Adulte jeune (25-34);3-5 usagers
Leger;18/12/2006;17:49;Levallois-Perret;Non renseignee ;Autre;Non renseignee ;Non renseignee ;Non renseignee ;VL seul;Non renseignee ;VL seul;38;Non renseignee ;Non renseignee ;Non renseignee ;3;2;0;0;2;0;Adulte (35-49);Sans pieton;Sans moto;2 VL;Sans poids lourd;Adulte (35-49);3-5 usagers
Grave;14/12/2006;16:00;Asnieres-sur-Seine;Non renseignee ;Autre;Non renseignee ;Route departementale;Non renseignee ;Non renseignee ;Non renseignee ;Non renseignee ;38;Non renseignee ;Non renseignee ;Non renseignee ;2;1;1;1;0;0;Adulte (35-49);Avec pieton;Avec moto;Aucun VL;Sans poids lourd;Adulte (35-49);2 usagers
Leger;30/10/2006;22:20;Asnieres-sur-Seine;Non renseignee ;Autre;Non renseignee ;Route departementale;Non renseignee ;Cyclomoteur <50cm3;Non renseignee ;VL seul;38;Non renseignee ;Non renseignee ;Non renseignee ;2;2;0;0;1;0;Adulte (35-49);Sans pieton;Sans moto;1 VL;Sans poids lourd;Adulte (35-49);2 usagers
Grave;19/11/2006;11:50;Levallois-Perret;Non renseignee ;Autre;Non renseignee ;Non renseignee ;Non renseignee ;VL seul;Non renseignee ;Non renseignee ;38;Non renseignee ;Non renseignee ;Non renseignee ;2;2;0;1;1;0;Adulte (35-49);Sans pieton;Avec moto;1 VL;Sans poids lourd;Adulte (35-49);2 usagers
Grave;07/10/2006;15:55;Antony;Non renseignee ;Autre;Non renseignee ;Non renseignee ;Non renseignee ;VL seul;Non renseignee ;Non renseignee ;38;Non renseignee ;Non renseignee ;Non renseignee ;2;1;1;0;1;0;Adulte (35-49);Avec pieton;Sans moto;1 VL;Sans poids lourd;Adulte (35-49);2 usagers
Grave;01/02/2006;20:55;Clichy;Non renseignee ;Autre;Non renseignee ;Route departementale;Non renseignee ;Non renseignee ;Non renseignee ;Non renseignee ;38;Non renseignee ;Non renseignee ;Non renseignee ;2;1;1;0;0;1;Adulte (35-49);Avec pieton;Sans moto;Aucun VL;Avec poids lourd;Adulte (35-49);2 usagers
Leger;04/11/2006;11:30;Asnieres-sur-Seine;Non renseignee ;Autre;Non renseignee ;Route departementale;Non renseignee ;VU seul 1,5T <= PTAC <= 3,5T;Non renseignee ;Non renseignee ;38;Non renseignee ;Non renseignee ;Non renseignee ;1;1;0;0;1;0;Adulte (35-49);Sans pieton;Sans moto;1 VL;Sans poids lourd;Adulte (35-49);1 usager
Leger;13/08/2006;12:00;Gennevilliers;Non renseignee ;Autre;Non renseignee ;Autoroute;Non renseignee ;VL seul;Non renseignee ;Non renseignee ;38;Non renseignee ;Non renseignee ;Non renseignee ;3;1;0;0;1;0;Adulte (35-49);Sans pieton;Sans moto;1 VL;Sans poids lourd;Adulte (35-49);3-5 usagers
Leger;30/12/2006;14:20;Gennevilliers;Non renseignee ;Autre;Non renseignee ;Autoroute;Non renseignee ;VL seul;Non renseignee ;Non renseignee ;38;Non renseignee ;Non renseignee ;Non renseignee ;1;1;0;0;1;0;Adulte (35-49);Sans pieton;Sans moto;1 VL;Sans poids lourd;Adulte (35-49);1 usager
Grave;29/11/2006;07:10;Cachan;Non renseignee ;Autre;Non renseignee ;Route departementale;Non renseignee ;VL seul;Non renseignee ;Non renseignee ;38;Non renseignee ;Non renseignee ;Non renseignee ;2;2;0;1;1;0;Adulte (35-49);Sans pieton;Avec moto;1 VL;Sans poids lourd;Adulte (35-49);2 usagers
Leger;23/10/2006;09:10;Cachan;Non renseignee ;Autre;Non renseignee ;Route departementale;Non renseignee ;VL seul;Non renseignee ;Cyclomoteur <50cm3;38;Non renseignee ;Non renseignee ;Non renseignee ;2;2;0;0;1;0;Adulte (35-49);Sans pieton;Sans moto;1 VL;Sans poids lourd;Adulte (35-49);2 usagers
Leger;21/10/2006;15:05;Villeneuve-la-Garenne;Non renseignee ;Autre;Non renseignee ;Non renseignee ;Non renseignee ;VL seul;Non renseignee ;Non renseignee ;38;Non renseignee ;Non renseignee ;Non renseignee ;2;1;1;0;1;0;Adulte (35-49);Avec pieton;Sans moto;1 VL;Sans poids lourd;Adulte (35-49);2 usagers
Grave;08/11/2007;21:25;Vaucresson;Nuit avec eclairage public allumee;Pluie forte;Hors intersection;Non renseignee ;Collision par l'arriere;VL seul;Sans changement de direction;Bicyclette;60;Masculin;Indemne;Non renseignee ;2;2;0;0;1;0;Senior actif (50-64);Sans pieton;Sans moto;1 VL;Sans poids lourd;Senior actif (50-64);2 usagers
Leger;15/03/2007;11:00;Rueil-Malmaison;Plein jour;Autre;Intersection en X;Non renseignee ;Autre collision;VL seul;Sans changement de direction;Non renseignee ;44;Masculin;Indemne;Non renseignee ;2;1;1;0;1;0;Adulte (35-49);Avec pieton;Sans moto;1 VL;Sans poids lourd;Adulte (35-49);2 usagers
Leger;22/10/2007;18:40;Rueil-Malmaison;Crepuscule ou aube;Pluie legere;Hors intersection;Route departementale;Collision par le cote;VL seul;En faisant demi-tour sur la chaussee;Motocyclette > 125 cm3;27;Masculin;Indemne;Non renseignee ;2;2;0;1;1;0;Adulte jeune (25-34);Sans pieton;Avec moto;1 VL;Sans poids lourd;Adulte jeune (25-34);2 usagers
Leger;06/07/2007;01:25;Suresnes;Nuit avec eclairage public allumee;Pluie legere;Intersection en T;Route departementale;Sans collision;VL seul;Sans changement de direction;Non renseignee ;22;Masculin;Blessee Leger;Non renseignee ;1;1;0;0;1;0;Jeune adulte (18-24);Sans pieton;Sans moto;1 VL;Sans poids lourd;Jeune adulte (18-24);1 usager
Leger;09/10/2007;11:45;Rueil-Malmaison;Plein jour;Autre;Giratoire;Non renseignee ;Collision par le cote;VL seul;Sans changement de direction;Scooter > 50 cm3 et <= 125 cm3;34;Feminin;Indemne;Non renseignee ;2;2;0;1;1;0;Adulte jeune (25-34);Sans pieton;Avec moto;1 VL;Sans poids lourd;Adulte jeune (25-34);2 usagers
Leger;07/12/2007;12:45;Saint-Cloud;Plein jour;Autre;Hors intersection;Route departementale;Autre collision;VL seul;Sans changement de direction;Non renseignee ;14;Masculin;Blessee Leger;Non renseignee ;2;1;1;0;1;0;Mineur (-18 ans);Avec pieton;Sans moto;1 VL;Sans poids lourd;Mineur (-18 ans);2 usagers
Leger;29/05/2007;15:05;Rueil-Malmaison;Plein jour;Autre;Hors intersection;Route departementale;Collision par l'arriere;VL seul;En faisant demi-tour sur la chaussee;VU seul 1,5T <= PTAC <= 3,5T;27;Masculin;Blessee Leger;Non renseignee ;2;2;0;0;2;0;Adulte jeune (25-34);Sans pieton;Sans moto;2 VL;Sans poids lourd;Adulte jeune (25-34);2 usagers
Leger;04/04/2007;12:40;Rueil-Malmaison;Plein jour;Autre;Intersection en X;Non renseignee ;Collision par le cote;VL seul;Sans changement de direction;VL seul;47;Masculin;Blessee Leger;Non renseignee ;2;2;0;0;2;0;Adulte (35-49);Sans pieton;Sans moto;2 VL;Sans poids lourd;Adulte (35-49);2 usagers