type_acci;date;heure;commune;luminosite_accident;cond_atmos;Intersection;categorie_route;type_collision;type_vehicule_1;manoeuvre_vehicule_1;type_vehicule_2;age_usager;sexe_usager;gravite_usager;etat_usager;nombre_usagers;nb_veh;nombre_pietons;nombre_motos;nombre_vl;nombre_pl;age_usa1_categ;accident_pieton;accident_moto;categorie_vl;accident_pl;categorie_age;categorie_usagers
Leger;28/01/2015;14:10;Gennevilliers;Plein jour;Pluie legere;Giratoire;Route departementale;Sans collision;Non renseignee ;TourNon renseignee nt A$roite;Non renseignee ;41;Masculin;Blessee Leger;Non renseignee ;1;1;0;0;0;1;Adulte (35-49);Sans pieton ;Sans moto;Aucun VL;Avec poids lourd;Adulte (35-49);1 usager
Leger;03/05/2015;11:15;Sevres;Plein jour;Pluie legere;Hors intersection;Route Non renseignee tioNon renseignee le;Sans collision;VL seul;Non renseignee ;Non renseignee ;25;Masculin;Blessee Leger;Non renseignee ;2;1;0;0;1;0;Adulte jeune (25-34);Sans pieton;Sans moto;1 VL;Sans poids lourd;Adulte jeune (25-34);2 usagers
Leger;22/09/2015;12:45;Bourg-la-Reine;Plein jour;Pluie legere;Giratoire;Route departementale;Collision par le cote;VL seul;Sans changement de direction;VL seul;27;Masculin;Blessee Leger;Non renseignee ;3;2;0;0;2;0;Adulte jeune (25-34);Sans pieton;Sans moto;2 VL;Sans poids lourd;Adulte jeune (25-34);3-5 usagers
Leger;19/02/2015;23:55;Asnieres-sur-Seine;Nuit avec eclairage public allumee;Autre;Giratoire;Route departementale;Collision par le cote;VL seul;Sans changement de direction;VL seul;28;Masculin;Indemne;Non renseignee ;3;2;0;0;2;0;Adulte jeune (25-34);Sans pieton;Sans moto;2 VL;Sans poids lourd;Adulte jeune (25-34);3-5 usagers
Leger;04/09/2015;12:50;Asnieres-sur-Seine;Plein jour;Autre;Intersection en X;Route departementale;Collision par le cote;VL seul;Sans changement de direction;VL seul;42;Masculin;Indemne;Non renseignee ;2;2;0;0;2;0;Adulte (35-49);Sans pieton;Sans moto;2 VL;Sans poids lourd;Adulte (35-49);2 usagers
Leger;04/08/2015;08:50;Bagneux;Plein jour;Autre;Intersection en X;Voie commuNon renseignee le;Collision par le cote;VL seul;Sans changement de direction;VL seul;27;Masculin;Indemne;Non renseignee ;2;2;0;0;2;0;Adulte jeune (25-34);Sans pieton;Sans moto;2 VL;Sans poids lourd;Adulte jeune (25-34);2 usagers
Leger;24/04/2015;10:58;Boulogne-Billancourt;Plein jour;Autre;Hors intersection;Route departementale;Sans collision;VL seul;Sedeportant A'auche;Non renseignee ;88;Masculin;Blessee Leger;Non renseignee ;1;1;0;0;1;0;Senior (65+);Sans pieton ;Sans moto;1 VL;Sans poids lourd;Senior (65+);1 usager
Leger;16/08/2015;11:45;Boulogne-Billancourt;Plein jour;Autre;Hors intersection;Route departementale;Sans collision;VL seul;Se deportant A$roite;Non renseignee ;31;Masculin;Blessee Leger;Non renseignee ;1;1;0;0;1;0;Adulte jeune (25-34);Sans pieton ;Sans moto;1 VL;Sans poids lourd;Adulte jeune (25-34);1 usager
Leger;01/09/2015;11:43;Boulogne-Billancourt;Plein jour;Autre;Intersection en X;Voie commuNon renseignee le;Collision par le cote;VU seul 1,5T <= PTAC <= 3,5T;Sans changement de direction;VL seul;18;Masculin;Indemne;Non renseignee ;2;2;0;0;2;0;Jeune adulte (18-24);Sans pieton;Sans moto;2 VL;Sans poids lourd;Jeune adulte (18-24);2 usagers
Leger;14/09/2015;10:15;Boulogne-Billancourt;Plein jour;Pluie legere;Intersection en X;Voie commuNon renseignee le;Collision par le cote;VL seul;Sans changement de direction;VL seul;35;Feminin;Indemne;Non renseignee ;2;2;0;0;2;0;Adulte (35-49);Sans pieton;Sans moto;2 VL;Sans poids lourd;Adulte (35-49);2 usagers
Leger;15/09/2015;00:05;Boulogne-Billancourt;Nuit sanseclairage public;Autre;Intersection en X;Route departementale;Collisions en chaine;VL seul;Changeant de file A$roite;VL seul;28;Feminin;Blessee Leger;Non renseignee ;3;3;0;0;3;0;Adulte jeune (25-34);Sans pieton;Sans moto;3 VL ou plus;Sans poids lourd;Adulte jeune (25-34);3-5 usagers
Leger;15/04/2015;15:10;Sceaux;Plein jour;Autre;Hors intersection;Route departementale;Sans collision;VL seul;Se deportant A$roite;Non renseignee ;33;Feminin;Indemne;Non renseignee ;2;1;0;0;1;0;Adulte jeune (25-34);Sans pieton ;Sans moto;1 VL;Sans poids lourd;Adulte jeune (25-34);2 usagers
Leger;11/07/2015;19:20;Sceaux;Plein jour;Autre;Hors intersection;Voie commuNon renseignee le;Sans collision;VL seul;Sedeportant A'auche;Non renseignee ;30;Masculin;Blessee Leger;Non renseignee ;2;1;0;0;1;0;Adulte jeune (25-34);Sans pieton ;Sans moto;1 VL;Sans poids lourd;Adulte jeune (25-34);2 usagers
Leger;30/09/2015;14:45;Colombes;Plein jour;Autre;Hors intersection;Route departementale;Collision par l'arriere;VL seul;Meme sens, Meme file;VL seul;24;Masculin;Indemne;Non renseignee ;2;2;0;0;2;0;Jeune adulte (18-24);Sans pieton;Sans moto;2 VL;Sans poids lourd;Jeune adulte (18-24);2 usagers
Leger;15/08/2007;18:25;Clichy;Plein jour;Autre;Hors intersection;Non renseignee ;Autre collision;VL seul;Sans changement de direction;Non renseignee ;54;Feminin;Indemne;Non renseignee ;2;1;1;0;1;0;Senior actif (50-64);Avec pieton;Sans moto;1 VL;Sans poids lourd;Senior actif (50-64);2 usagers
Leger;26/10/2007;08:40;Clichy;Plein jour;Temps couvert;Hors intersection;Non renseignee ;Autre collision;VL seul;Manoeuvre de stationnement;Non renseignee ;60;Feminin;Blessee Leger;Non renseignee ;2;1;1;0;1;0;Senior actif (50-64);Avec pieton;Sans moto;1 VL;Sans poids lourd;Senior actif (50-64);2 usagers
Leger;02/08/2007;18:15;Clichy;Plein jour;Autre;Intersection en T;Route departementale;Collision par l'arriere;VL seul;Meme sens, Meme file;Scooter > 50 cm3 et <= 125 cm3;33;Masculin;Indemne;Non renseignee ;2;2;0;1;1;0;Adulte jeune (25-34);Sans pieton;Avec moto;1 VL;Sans poids lourd;Adulte jeune (25-34);2 usagers
Leger;16/07/2007;10:20;Antony;Plein jour;Autre;Place;Route departementale;Collision par le cote;PL seul > 7,5T;TourNon renseignee nt A'auche;VL seul;41;Masculin;Indemne;Non renseignee ;2;2;0;0;1;1;Adulte (35-49);Sans pieton ;Sans moto;1 VL;Avec poids lourd;Adulte (35-49);2 usagers
Leger;07/02/2007;10:50;Antony;Plein jour;Autre;Intersection en T;Route departementale;Collision par le cote;Motocyclette > 125 cm3;Sans changement de direction;VL seul;39;Masculin;Blessee Leger;Non renseignee ;2;2;0;1;1;0;Adulte (35-49);Sans pieton;Avec moto;1 VL;Sans poids lourd;Adulte (35-49);2 usagers
Leger;08/08/2007;12:45;Antony;Plein jour;Temps couvert;Intersection en X;Route departementale;Collision par le cote;VL seul;TourNon renseignee nt A'auche;Cyclomoteur <50cm3;26;Masculin;Indemne;Non renseignee ;3;2;0;0;1;0;Adulte jeune (25-34);Sans pieton ;Sans moto;1 VL;Sans poids lourd;Adulte jeune (25-34);3-5 usagers
Leger;12/05/2007;17:00;Clichy;Plein jour;Autre;Hors intersection;Route departementale;Collisions multiples;Motocyclette > 125 cm3;Non renseignee ;VL seul;37;Masculin;Blessee Leger;Non renseignee ;3;3;0;1;2;0;Adulte (35-49);Sans pieton;Avec moto;2 VL;Sans poids lourd;Adulte (35-49);3-5 usagers
Leger;01/11/2007;12:35;Clichy;Plein jour;Autre;Intersection en T;Route departementale;Collision par le cote;Motocyclette > 125 cm3;Non renseignee ;VL seul;34;Masculin;Blessee Leger;Non renseignee ;2;2;0;1;1;0;Adulte jeune (25-34);Sans pieton;Avec moto;1 VL;Sans poids lourd;Adulte jeune (25-34);2 usagers
Grave;04/07/2007;21:00;Villeneuve-la-Garenne;Plein jour;Autre;Hors intersection;Non renseignee ;Autre collision;Cyclomoteur <50cm3;Sans changement de direction;Non renseignee ;18;Masculin;Indemne;Non renseignee ;2;1;1;0;0;0;Jeune adulte (18-24);Avec pieton;Sans moto;Aucun VL;Sans poids lourd;Jeune adulte (18-24);2 usagers
Leger;11/05/2007;20:05;Montrouge;Plein jour;Autre;Place;Route departementale;Autre collision;VU seul 1,5T <= PTAC <= 3,5T;Sans changement de direction;Non renseignee ;40;Masculin;Indemne;Non renseignee ;2;1;1;0;1;0;Adulte (35-49);Avec pieton;Sans moto;1 VL;Sans poids lourd;Adulte (35-49);2 usagers
Grave;07/10/2007;07:10;Montrouge;Nuit avec eclairage public allumee;Autre;Intersection en X;Route departementale;Collision par le cote;Scooter > 50 cm3 et <= 125 cm3;Sans changement de direction;Motocyclette > 125 cm3;28;Masculin;Blessee Leger;Non renseignee ;2;2;0;2;0;0;Adulte jeune (25-34);Sans pieton;Avec moto;Aucun VL;Sans poids lourd;Adulte jeune (25-34);2 usagers
Leger;04/06/2007;18:35;Montrouge;Plein jour;Autre;Hors intersection;Route departementale;Collision par le cote;Autobus;Se deportant A$roite;Motocyclette > 50 cm3 et <= 125 cm3;33;Masculin;Indemne;Non renseignee ;4;2;0;1;0;0;Adulte jeune (25-34);Sans pieton ;Avec moto;Aucun VL;Sans poids lourd;Adulte jeune (25-34);3-5 usagers
Leger;24/07/2007;11:55;Montrouge;Plein jour;Autre;Hors intersection;Route departementale;Autre collision;VL seul;Sans changement de direction;Non renseignee ;64;Masculin;Indemne;Non renseignee ;2;1;1;0;1;0;Senior actif (50-64);Avec pieton;Sans moto;1 VL;Sans poids lourd;Senior actif (50-64);2 usagers
Leger;27/11/2007;19:15;Montrouge;Nuit avec eclairage public allumee;Autre;Intersection en T;Route departementale;Collision par le cote;VL seul;TourNon renseignee nt A'auche;Motocyclette > 125 cm3;27;Masculin;Blessee Leger;Non renseignee ;2;2;0;1;1;0;Adulte jeune (25-34);Sans pieton ;Avec moto;1 VL;Sans poids lourd;Adulte jeune (25-34);2 usagers
Leger;20/11/2007;20:30;Bagneux;Nuit avec eclairage public allumee;Autre;Intersection en T;Non renseignee ;Collision par le cote;VL seul;Sans changement de direction;VL seul;61;Feminin;Indemne;Non renseignee ;3;2;0;0;2;0;Senior actif (50-64);Sans pieton;Sans moto;2 VL;Sans poids lourd;Senior actif (50-64);3-5 usagers
Leger;17/05/2007;07:20;Bagneux;Crepuscule ou aube;Pluie legere;Intersection en T;Route departementale;Collision par le cote;VU seul 1,5T <= PTAC <= 3,5T;Sans changement de direction;VU seul 1,5T <= PTAC <= 3,5T;37;Masculin;Indemne;Non renseignee ;2;2;0;0;2;0;Adulte (35-49);Sans pieton;Sans moto;2 VL;Sans poids lourd;Adulte (35-49);2 usagers
Leger;19/05/2007;14:00;Bourg-la-Reine;Plein jour;Autre;Intersection en X;Route departementale;Collision par le cote;VL seul;Sans changement de direction;VL seul;43;Masculin;Blessee Leger;Non renseignee ;2;2;0;0;2;0;Adulte (35-49);Sans pieton;Sans moto;2 VL;Sans poids lourd;Adulte (35-49);2 usagers
Leger;17/05/2007;04:50;Villeneuve-la-Garenne;Nuit avec eclairage public allumee;Pluie legere;Hors intersection;Autoroute;Sans collision;VL seul;Sans changement de direction;Non renseignee ;27;Feminin;Blessee Leger;Non renseignee ;1;1;0;0;1;0;Adulte jeune (25-34);Sans pieton;Sans moto;1 VL;Sans poids lourd;Adulte jeune (25-34);1 usager
Leger;27/09/2007;19:45;Gennevilliers;Nuit avec eclairage public allumee;Autre;Hors intersection;Autoroute;Collisions multiples;VL seul;Meme sens, Meme file;VL seul;38;Feminin;Blessee Leger;Non renseignee ;3;4;0;0;4;0;Adulte (35-49);Sans pieton;Sans moto;3 VL ou plus;Sans poids lourd;Adulte (35-49);3-5 usagers
Leger;04/12/2007;11:35;Bagneux;Plein jour;Autre;Hors intersection;Route departementale;Collision par l'arriere;PL seul > 7,5T;Sans changement de direction;VL seul;44;Feminin;Blessee Leger;Non renseignee ;2;2;0;0;1;1;Adulte (35-49);Sans pieton;Sans moto;1 VL;Avec poids lourd;Adulte (35-49);2 usagers
Leger;26/10/2007;09:20;Cachan;Plein jour;Autre;Hors intersection;Route departementale;Collision par le cote;VL seul;En faisant demi-tour sur la chaussee;Motocyclette > 125 cm3;35;Masculin;Blessee Leger;Non renseignee ;2;2;0;1;1;0;Adulte (35-49);Sans pieton;Avec moto;1 VL;Sans poids lourd;Adulte (35-49);2 usagers
Leger;26/11/2007;19:05;Villeneuve-la-Garenne;Nuit avec eclairage public allumee;Autre;Intersection en T;Route departementale;Collision frontale;VL seul;TourNon renseignee nt A'auche;Scooter > 50 cm3 et <= 125 cm3;30;Feminin;Indemne;Non renseignee ;2;2;0;1;1;0;Adulte jeune (25-34);Sans pieton ;Avec moto;1 VL;Sans poids lourd;Adulte jeune (25-34);2 usagers
Leger;23/01/2008;12:20;Asnieres-sur-Seine;Plein jour;Autre;Intersection en T;Route departementale;Sans collision;Motocyclette > 125 cm3;Sans changement de direction;Non renseignee ;32;Masculin;Blessee Leger;Non renseignee ;1;1;0;1;0;0;Adulte jeune (25-34);Sans pieton;Avec moto;Aucun VL;Sans poids lourd;Adulte jeune (25-34);1 usager
Leger;05/05/2008;08:40;Asnieres-sur-Seine;Plein jour;Autre;Hors intersection;Route departementale;Collision par le cote;VL seul;Changeant de file A$roite;Motocyclette > 125 cm3;21;Masculin;Indemne;Non renseignee ;2;2;0;1;1;0;Jeune adulte (18-24);Sans pieton;Avec moto;1 VL;Sans poids lourd;Jeune adulte (18-24);2 usagers
Leger;10/07/2008;16:40;Asnieres-sur-Seine;Plein jour;Autre;Hors intersection;Voie commuNon renseignee le;Autre collision;VL seul;Sans changement de direction;Non renseignee ;68;Masculin;Indemne;Non renseignee ;2;1;1;0;1;0;Senior (65+);Avec pieton;Sans moto;1 VL;Sans poids lourd;Senior (65+);2 usagers
Leger;16/01/2008;10:05;Boulogne-Billancourt;Plein jour;Autre;Hors intersection;Voie commuNon renseignee le;Collision par le cote;Autobus;Sans changement de direction;Scooter > 50 cm3 et <= 125 cm3;43;Masculin;Indemne;Non renseignee ;2;2;0;1;0;0;Adulte (35-49);Sans pieton;Avec moto;Aucun VL;Sans poids lourd;Adulte (35-49);2 usagers
Leger;10/05/2008;15:25;Boulogne-Billancourt;Plein jour;Autre;Giratoire;Route departementale;Autre collision;Scooter < 50 cm3;TourNon renseignee nt A$roite;Non renseignee ;29;Feminin;Blessee Leger;Non renseignee ;1;1;1;0;0;0;Adulte jeune (25-34);Avec pieton;Sans moto;Aucun VL;Sans poids lourd;Adulte jeune (25-34);1 usager
Leger;14/05/2008;16:50;Boulogne-Billancourt;Plein jour;Autre;Hors intersection;Route departementale;Autre collision;VL seul;S inserant;Non renseignee ;38;Masculin;Indemne;Non renseignee ;2;1;1;0;1;0;Adulte (35-49);Avec pieton;Sans moto;1 VL;Sans poids lourd;Adulte (35-49);2 usagers
Leger;12/06/2008;16:15;Boulogne-Billancourt;Plein jour;Autre;Intersection en T;Route departementale;Autre collision;VL seul;Sans changement de direction;Non renseignee ;87;Masculin;Blessee Leger;Non renseignee ;1;1;1;0;1;0;Senior (65+);Avec pieton;Sans moto;1 VL;Sans poids lourd;Senior (65+);1 usager
Leger;17/09/2008;09:20;Boulogne-Billancourt;Plein jour;Autre;Hors intersection;Voie commuNon renseignee le;Collision par le cote;VU seul 1,5T <= PTAC <= 3,5T;Sedeportant A'auche;Motocyclette > 125 cm3;29;Feminin;Indemne;Non renseignee ;3;2;0;1;1;0;Adulte jeune (25-34);Sans pieton ;Avec moto;1 VL;Sans poids lourd;Adulte jeune (25-34);3-5 usagers
Leger;16/10/2008;15:20;Boulogne-Billancourt;Plein jour;Autre;Intersection en X;Voie commuNon renseignee le;Autre collision;VL seul;En marche arriere;Non renseignee ;33;Masculin;Indemne;Non renseignee ;2;1;1;0;1;0;Adulte jeune (25-34);Avec pieton;Sans moto;1 VL;Sans poids lourd;Adulte jeune (25-34);2 usagers
Leger;03/01/2008;15:45;ChateNon renseignee y-Malabry;Plein jour;Autre;Hors intersection;Route departementale;Collisions en chaine;VL seul;Meme sens, Meme file;VL seul;46;Feminin;Indemne;Non renseignee ;4;3;0;0;3;0;Adulte (35-49);Sans pieton;Sans moto;3 VL ou plus;Sans poids lourd;Adulte (35-49);3-5 usagers
Leger;20/04/2008;20:45;FonteNon renseignee y-aux-Roses;Nuit avec eclairage public allumee;Autre;Hors intersection;Route departementale;Collision par l'arriere;VL seul;S inserant;Scooter < 50 cm3;54;Feminin;Indemne;Non renseignee ;2;2;0;0;1;0;Senior actif (50-64);Sans pieton;Sans moto;1 VL;Sans poids lourd;Senior actif (50-64);2 usagers
Leger;24/05/2008;16:05;FonteNon renseignee y-aux-Roses;Plein jour;Pluie legere;Intersection en X;Route departementale;Autre collision;VL seul;Sans changement de direction;Non renseignee ;19;Feminin;Indemne;Non renseignee ;2;1;1;0;1;0;Jeune adulte (18-24);Avec pieton;Sans moto;1 VL;Sans poids lourd;Jeune adulte (18-24);2 usagers
Leger;05/09/2015;01:20;Suresnes;Nuit avec eclairage public allumee;Autre;Intersection en T;Route departementale;Collisions en chaine;VU seul 1,5T <= PTAC <= 3,5T;Meme sens, Meme file;VL seul;43;Masculin;Blessee Leger;Non renseignee ;5;4;0;0;4;0;Adulte (35-49);Sans pieton;Sans moto;3 VL ou plus;Sans poids lourd;Adulte (35-49);3-5 usagers
Leger;05/02/2008;20:40;Clichy;Nuit avec eclairage public allumee;Pluie legere;Hors intersection;Route departementale;Collision par le cote;Motocyclette > 125 cm3;Sans changement de direction;VL seul;39;Masculin;Blessee Leger;Non renseignee ;2;2;0;1;1;0;Adulte (35-49);Sans pieton;Avec moto;1 VL;Sans poids lourd;Adulte (35-49);2 usagers
Leger;25/11/2015;15:10;Suresnes;Plein jour;Pluie forte;Hors intersection;Route departementale;Collisions multiples;VL seul;Meme sens, Meme file;VL seul;26;Masculin;Blessee Leger;Non renseignee ;3;3;0;0;3;0;Adulte jeune (25-34);Sans pieton;Sans moto;3 VL ou plus;Sans poids lourd;Adulte jeune (25-34);3-5 usagers
Leger;18/01/2008;16:30;Rueil-Malmaison;Plein jour;Autre;Intersection en X;Voie commuNon renseignee le;Collision par le cote;VL seul;Sans changement de direction;Cyclomoteur <50cm3;17;Masculin;Blessee Leger;Non renseignee ;2;2;0;0;1;0;Mineur (-18 ans);Sans pieton;Sans moto;1 VL;Sans poids lourd;Mineur (-18 ans);2 usagers
Leger;05/02/2008;20:50;Rueil-Malmaison;Crepuscule ou aube;Pluie legere;Intersection en T;Route departementale;Autre collision;VL seul;Sans changement de direction;Non renseignee ;69;Masculin;Indemne;Non renseignee ;2;1;1;0;1;0;Senior (65+);Avec pieton;Sans moto;1 VL;Sans poids lourd;Senior (65+);2 usagers
Leger;13/06/2008;16:55;Saint-Cloud;Plein jour;Autre;Hors intersection;Route departementale;Collision par le cote;VL seul;Arrete (hors stationnement);Motocyclette > 125 cm3;44;Feminin;Indemne;Non renseignee ;2;2;0;1;1;0;Adulte (35-49);Sans pieton;Avec moto;1 VL;Sans poids lourd;Adulte (35-49);2 usagers
Grave;11/06/2009;19:00;Colombes;Plein jour;Autre;Hors intersection;Autoroute;Collision par le cote;Scooter > 50 cm3 et <= 125 cm3;Entre 2 files;VL seul;32;Masculin;Indemne;Non renseignee ;2;2;0;1;1;0;Adulte jeune (25-34);Sans pieton;Avec moto;1 VL;Sans poids lourd;Adulte jeune (25-34);2 usagers
Grave;20/05/2009;22:00;Saint-Cloud;Nuit avec eclairage public allumee;Autre;Intersection en T;Route departementale;Collision par le cote;Scooter < 50 cm3;Sans changement de direction;Scooter < 50 cm3;30;Masculin;Indemne;Médicament / drogue;3;2;0;0;0;0;Adulte jeune (25-34);Sans pieton;Sans moto;Aucun VL;Sans poids lourd;Adulte jeune (25-34);3-5 usagers
Grave;03/10/2009;10:20;Rueil-Malmaison;Plein jour;Autre;Intersection en Y;Autoroute;Collision par le cote;VL seul;TourNon renseignee nt A$roite;Bicyclette;64;Masculin;Indemne;Non renseignee ;2;2;0;0;1;0;Senior actif (50-64);Sans pieton ;Sans moto;1 VL;Sans poids lourd;Senior actif (50-64);2 usagers
Leger;06/07/2009;10:40;Rueil-Malmaison;Plein jour;Autre;Intersection en X;Autoroute;Collision par le cote;VL seul;Non renseignee ;Non renseignee ;35;Feminin;Blessee Leger;Non renseignee ;2;2;0;0;1;1;Adulte (35-49);Sans pieton;Sans moto;1 VL;Avec poids lourd;Adulte (35-49);2 usagers
Leger;21/10/2009;20:30;Non renseignee nterre;Nuit avec eclairage public allumee;Pluie forte;Hors intersection;Autoroute;Collision par l'arriere;VL seul;S inserant;VL seul;28;Masculin;Indemne;Attention perturbée;4;2;0;0;2;0;Adulte jeune (25-34);Sans pieton;Sans moto;2 VL;Sans poids lourd;Adulte jeune (25-34);3-5 usagers
Leger;11/09/2008;07:09;Clamart;Crepuscule ou aube;Autre;Hors intersection;Route departementale;Collision par le cote;Non renseignee ;Changeant de file A'auche;VL seul;21;Masculin;Indemne;Non renseignee ;2;2;0;0;2;0;Jeune adulte (18-24);Sans pieton;Sans moto;2 VL;Sans poids lourd;Jeune adulte (18-24);2 usagers
Leger;17/06/2008;08:42;ChateNon renseignee y-Malabry;Plein jour;Autre;Hors intersection;Autoroute;Collision par le cote;Scooter > 50 cm3 et <= 125 cm3;Entre 2 files;VL seul;53;Masculin;Indemne;Non renseignee ;2;2;0;1;1;0;Senior actif (50-64);Sans pieton;Avec moto;1 VL;Sans poids lourd;Senior actif (50-64);2 usagers
Leger;28/02/2009;17:10;Asnieres-sur-Seine;Plein jour;Autre;Hors intersection;Route departementale;Collision par l'arriere;VL seul;Changeant de file A$roite;Scooter > 50 cm3 et <= 125 cm3;51;Masculin;Indemne;Non renseignee ;2;2;0;1;1;0;Senior actif (50-64);Sans pieton;Avec moto;1 VL;Sans poids lourd;Senior actif (50-64);2 usagers
Leger;11/06/2009;11:05;Courbevoie;Plein jour;Autre;Intersection en Y;Route departementale;Collision par le cote;VL seul;S inserant;Cyclomoteur <50cm3;77;Masculin;Indemne;Non renseignee ;2;2;0;0;1;0;Senior (65+);Sans pieton;Sans moto;1 VL;Sans poids lourd;Senior (65+);2 usagers
Leger;14/04/2009;16:45;Asnieres-sur-Seine;Plein jour;Autre;Intersection en X;Route departementale;Collision par le cote;VL seul;Sans changement de direction;Motocyclette > 125 cm3;34;Masculin;Indemne;Non renseignee ;4;2;0;1;1;0;Adulte jeune (25-34);Sans pieton;Avec moto;1 VL;Sans poids lourd;Adulte jeune (25-34);3-5 usagers
Mortel;07/07/2009;06:38;Neuilly-sur-Seine;Plein jour;Autre;Hors intersection;Route Non renseignee tioNon renseignee le;Collision par le cote;Scooter > 50 cm3 et <= 125 cm3;Non renseignee ;VL seul;21;Masculin;Tue;Non renseignee ;2;2;0;1;1;0;Jeune adulte (18-24);Sans pieton;Avec moto;1 VL;Sans poids lourd;Jeune adulte (18-24);2 usagers
Leger;07/04/2009;08:35;Puteaux;Plein jour;Pluie legere;Giratoire;Route departementale;Collision par l'arriere;Scooter > 50 cm3 et <= 125 cm3;TourNon renseignee nt A$roite;VL seul;37;Feminin;Blessee Leger;Non renseignee ;2;2;0;1;1;0;Adulte (35-49);Sans pieton ;Avec moto;1 VL;Sans poids lourd;Adulte (35-49);2 usagers
Leger;02/07/2009;07:55;Vanves;Plein jour;Autre;Hors intersection;Voie commuNon renseignee le;Collision par le cote;VL seul;S inserant;VL seul;75;Masculin;Blessee Leger;Non renseignee ;2;2;0;0;2;0;Senior (65+);Sans pieton;Sans moto;2 VL;Sans poids lourd;Senior (65+);2 usagers
Leger;12/01/2009;09:30;Courbevoie;Plein jour;Autre;Intersection en T;Route departementale;Collision par le cote;VL seul;Changeant de file A$roite;Motocyclette > 125 cm3;24;Feminin;Blessee Leger;Non renseignee ;2;2;0;1;1;0;Jeune adulte (18-24);Sans pieton;Avec moto;1 VL;Sans poids lourd;Jeune adulte (18-24);2 usagers
Leger;02/02/2009;10:00;Gennevilliers;Plein jour;Pluie legere;Hors intersection;Voie commuNon renseignee le;Collision par le cote;VL seul;Sedeportant A'auche;VU seul 1,5T <= PTAC <= 3,5T;37;Feminin;Blessee Leger;Non renseignee ;2;2;0;0;2;0;Adulte (35-49);Sans pieton ;Sans moto;2 VL;Sans poids lourd;Adulte (35-49);2 usagers
Leger;01/07/2009;17:15;Non renseignee nterre;Plein jour;Autre;Intersection en T;Voie commuNon renseignee le;Collision par le cote;Cyclomoteur <50cm3;TourNon renseignee nt A$roite;VL seul;15;Masculin;Blessee Leger;Non renseignee ;2;2;0;0;1;0;Mineur (-18 ans);Sans pieton ;Sans moto;1 VL;Sans poids lourd;Mineur (-18 ans);2 usagers
Grave;01/05/2009;23:00;Non renseignee nterre;Nuit avec eclairage public allumee;Autre;Hors intersection;Voie commuNon renseignee le;Sans collision;VL seul;Sedeportant A'auche;Non renseignee ;39;Feminin;Blessee hospitalisee;Ivresse apparente;1;1;0;0;1;0;Adulte (35-49);Sans pieton ;Sans moto;1 VL;Sans poids lourd;Adulte (35-49);1 usager
Leger;27/09/2009;20:20;Bagneux;Nuit avec eclairage public allumee;Autre;Intersection en X;Route departementale;Collision par le cote;Motocyclette > 125 cm3;Sans changement de direction;VL seul;31;Masculin;Blessee Leger;Non renseignee ;2;2;0;1;1;0;Adulte jeune (25-34);Sans pieton;Avec moto;1 VL;Sans poids lourd;Adulte jeune (25-34);2 usagers
Grave;10/04/2009;10:00;Boulogne-Billancourt;Plein jour;Autre;Intersection en T;Route departementale;Collision par le cote;VL seul;En faisant demi-tour sur la chaussee;Motocyclette > 125 cm3;24;Masculin;Indemne;Non renseignee ;2;2;0;1;1;0;Jeune adulte (18-24);Sans pieton;Avec moto;1 VL;Sans poids lourd;Jeune adulte (18-24);2 usagers
Leger;04/04/2009;12:50;Saint-Cloud;Plein jour;Autre;Hors intersection;Autoroute;Collisions en chaine;VL seul;Meme sens, Meme file;VU seul 1,5T <= PTAC <= 3,5T;59;Masculin;Indemne;Non renseignee ;4;3;0;0;3;0;Senior actif (50-64);Sans pieton;Sans moto;3 VL ou plus;Sans poids lourd;Senior actif (50-64);3-5 usagers
Leger;20/01/2009;09:05;Asnieres-sur-Seine;Plein jour;Autre;Intersection en Y;Route departementale;Collision par le cote;VL seul;En faisant demi-tour sur la chaussee;Motocyclette > 50 cm3 et <= 125 cm3;31;Feminin;Indemne;Non renseignee ;2;2;0;1;1;0;Adulte jeune (25-34);Sans pieton;Avec moto;1 VL;Sans poids lourd;Adulte jeune (25-34);2 usagers
Grave;16/10/2009;00:40;Gennevilliers;Nuit avec eclairage public allumee;Autre;Intersection en T;Voie commuNon renseignee le;Collision frontale;VL seul;A contresens;VL seul;24;Masculin;Indemne;Ivresse apparente;3;2;0;0;2;0;Jeune adulte (18-24);Sans pieton;Sans moto;2 VL;Sans poids lourd;Jeune adulte (18-24);3-5 usagers
Leger;28/05/2009;22:20;Cachan;Nuit avec eclairage public allumee;Autre;Intersection en X;Route departementale;Collision par le cote;VL seul;Changeant de file A'auche;Scooter > 50 cm3 et <= 125 cm3;29;Masculin;Indemne;Non renseignee ;2;2;0;1;1;0;Adulte jeune (25-34);Sans pieton;Avec moto;1 VL;Sans poids lourd;Adulte jeune (25-34);2 usagers
Leger;16/07/2009;19:20;Non renseignee nterre;Plein jour;Autre;Hors intersection;Voie commuNon renseignee le;Collision par le cote;Scooter < 50 cm3;Sans changement de direction;VL seul;29;Masculin;Blessee Leger;Non renseignee ;2;2;0;0;1;0;Adulte jeune (25-34);Sans pieton;Sans moto;1 VL;Sans poids lourd;Adulte jeune (25-34);2 usagers