type_acci;date;heure;commune;luminosite_accident;cond_atmos;Intersection;categorie_route;type_collision;type_vehicule_1;manoeuvre_vehicule_1;type_vehicule_2;age_usager;sexe_usager;gravite_usager;etat_usager;nombre_usagers;nb_veh;nombre_pietons;nombre_motos;nombre_vl;nombre_pl;age_usa1_categ;accident_pieton;accident_moto;categorie_vl;accident_pl;categorie_age;categorie_usagers
Grave;01/06/2018;08:20;Sevres;Plein jour;Autre;Hors intersection;Route Non renseignee tioNon renseignee le;Collision par l'arriere;Motocyclette > 125 cm3;Entre 2 files;VU seul 1,5T <= PTAC <= 3,5T;26;Feminin;Blessee hospitalisee;Non renseignee ;2;2;0;1;1;0;Adulte jeune (25-34);Sans pieton;Avec moto;1 VL;Sans poids lourd;Adulte jeune (25-34);2 usagers
Grave;22/01/2018;20:30;Boulogne-Billancourt;Nuit avec eclairage public allumee;Autre;Intersection en X;Voie commuNon renseignee le;Collision par le cote;VL seul;TourNon renseignee nt A'auche;Motocyclette > 125 cm3;74;Masculin;Indemne;Non renseignee ;2;2;0;1;1;0;Senior (65+);Sans pieton ;Avec moto;1 VL;Sans poids lourd;Senior (65+);2 usagers
Grave;30/05/2018;21:10;Courbevoie;Crepuscule ou aube;Autre;Hors intersection;Voie commuNon renseignee le;Collision par le cote;VL seul;TourNon renseignee nt A'auche;Scooter > 125 cm3;63;Feminin;Indemne;Non renseignee ;2;2;0;1;1;0;Senior actif (50-64);Sans pieton ;Avec moto;1 VL;Sans poids lourd;Senior actif (50-64);2 usagers
Grave;09/06/2018;19:20;Non renseignee nterre;Plein jour;Autre;Hors intersection;Voie commuNon renseignee le;Collision par le cote;VL seul;TourNon renseignee nt A'auche;Motocyclette > 50 cm3 et <= 125 cm3;24;Masculin;Indemne;Non renseignee ;2;2;0;1;1;0;Jeune adulte (18-24);Sans pieton ;Avec moto;1 VL;Sans poids lourd;Jeune adulte (18-24);2 usagers
Grave;26/01/2018;03:20;Suresnes;Nuit avec eclairage public allumee;Autre;Intersection en Y;Route departementale;Sans collision;Motocyclette > 125 cm3;Sedeportant A'auche;Non renseignee ;55;Masculin;Blessee hospitalisee;Non renseignee ;1;1;0;1;0;0;Senior actif (50-64);Sans pieton ;Avec moto;Aucun VL;Sans poids lourd;Senior actif (50-64);1 usager
Grave;01/07/2018;09:50;Meudon;Plein jour;Autre;Intersection en X;Route departementale;Collision par le cote;Bicyclette;Sans changement de direction;VL seul;36;Masculin;Blessee hospitalisee;Non renseignee ;2;2;0;0;1;0;Adulte (35-49);Sans pieton;Sans moto;1 VL;Sans poids lourd;Adulte (35-49);2 usagers
Grave;14/05/2018;19:15;Issy-les-Moulineaux;Plein jour;Pluie legere;Intersection en Y;Route departementale;Collision par le cote;VL seul;S inserant;Bicyclette;45;Feminin;Indemne;Non renseignee ;2;2;0;0;1;0;Adulte (35-49);Sans pieton;Sans moto;1 VL;Sans poids lourd;Adulte (35-49);2 usagers
Grave;27/04/2018;13:15;Neuilly-sur-Seine;Plein jour;Autre;Intersection en X;Route Non renseignee tioNon renseignee le;Autre collision;Scooter > 125 cm3;Sans changement de direction;Non renseignee ;26;Feminin;Blessee hospitalisee;Non renseignee ;2;1;2;1;0;0;Adulte jeune (25-34);Avec pieton;Avec moto;Aucun VL;Sans poids lourd;Adulte jeune (25-34);2 usagers
Grave;18/05/2018;17:17;Colombes;Plein jour;Autre;Hors intersection;Voie commuNon renseignee le;Autre collision;VL seul;Sans changement de direction;Non renseignee ;24;Masculin;Indemne;Non renseignee ;2;1;1;0;1;0;Jeune adulte (18-24);Avec pieton;Sans moto;1 VL;Sans poids lourd;Jeune adulte (18-24);2 usagers
Grave;17/11/2018;17:19;Meudon;Crepuscule ou aube;Autre;Intersection en X;Voie commuNon renseignee le;Autre collision;VL seul;TourNon renseignee nt A$roite;Non renseignee ;74;Masculin;Indemne;Non renseignee ;2;1;1;0;1;0;Senior (65+);Avec pieton;Sans moto;1 VL;Sans poids lourd;Senior (65+);2 usagers
Grave;30/04/2018;13:00;Malakoff;Plein jour;Pluie forte;Intersection en X;Route departementale;Autre collision;VL seul;Non renseignee ;Non renseignee ;76;Feminin;Indemne;Non renseignee ;2;1;1;0;1;0;Senior (65+);Avec pieton;Sans moto;1 VL;Sans poids lourd;Senior (65+);2 usagers
Grave;18/08/2018;09:30;Non renseignee nterre;Plein jour;Autre;Hors intersection;Parc de stationnement;Collision par le cote;VU seul 1,5T <= PTAC <= 3,5T;Manoeuvre de stationnement;VL seul;35;Masculin;Blessee Leger;Non renseignee ;2;2;0;0;2;0;Adulte (35-49);Sans pieton;Sans moto;2 VL;Sans poids lourd;Adulte (35-49);2 usagers
Leger;20/07/2018;00:05;Boulogne-Billancourt;Nuit avec eclairage public allumee;Autre;Hors intersection;Route departementale;Collision par l'arriere;Scooter > 50 cm3 et <= 125 cm3;Meme sens, Meme file;Scooter > 50 cm3 et <= 125 cm3;41;Feminin;Blessee Leger;Non renseignee ;2;2;0;2;0;0;Adulte (35-49);Sans pieton;Avec moto;Aucun VL;Sans poids lourd;Adulte (35-49);2 usagers
Leger;01/02/2018;08:25;Non renseignee nterre;Crepuscule ou aube;Pluie forte;Hors intersection;Autoroute;Collision par le cote;Scooter > 50 cm3 et <= 125 cm3;Sans changement de direction;VL seul;25;Masculin;Blessee Leger;Non renseignee ;2;2;0;1;1;0;Adulte jeune (25-34);Sans pieton;Avec moto;1 VL;Sans poids lourd;Adulte jeune (25-34);2 usagers
Leger;23/03/2018;14:00;Puteaux;Plein jour;Autre;Hors intersection;Autoroute;Sans collision;Motocyclette > 125 cm3;Non renseignee ;Non renseignee ;54;Masculin;Blessee Leger;Non renseignee ;1;1;0;1;0;0;Senior actif (50-64);Sans pieton;Avec moto;Aucun VL;Sans poids lourd;Senior actif (50-64);1 usager
Leger;30/03/2018;18:30;Colombes;Plein jour;Autre;Hors intersection;Autoroute;Collision par le cote;VL seul;Non renseignee ;Motocyclette > 125 cm3;24;Masculin;Indemne;Non renseignee ;2;2;0;1;1;0;Jeune adulte (18-24);Sans pieton;Avec moto;1 VL;Sans poids lourd;Jeune adulte (18-24);2 usagers
Leger;25/06/2018;20:00;Clamart;Plein jour;Autre;Hors intersection;Autoroute;Collision par l'arriere;VL seul;Changeant de file A$roite;Motocyclette > 50 cm3 et <= 125 cm3;34;Masculin;Indemne;Non renseignee ;2;2;0;1;1;0;Adulte jeune (25-34);Sans pieton;Avec moto;1 VL;Sans poids lourd;Adulte jeune (25-34);2 usagers
Leger;28/12/2018;16:45;Asnieres-sur-Seine;Plein jour;Autre;Intersection en T;Voie commuNon renseignee le;Collision par le cote;VL seul;TourNon renseignee nt A'auche;Scooter > 50 cm3 et <= 125 cm3;29;Masculin;Blessee Leger;Non renseignee ;2;2;0;1;1;0;Adulte jeune (25-34);Sans pieton ;Avec moto;1 VL;Sans poids lourd;Adulte jeune (25-34);2 usagers
Leger;22/01/2009;16:30;Non renseignee nterre;Plein jour;Pluie legere;Hors intersection;Route departementale;Sans collision;Scooter > 50 cm3 et <= 125 cm3;Sans changement de direction;Non renseignee ;42;Masculin;Blessee Leger;Non renseignee ;1;1;0;1;0;0;Adulte (35-49);Sans pieton;Avec moto;Aucun VL;Sans poids lourd;Adulte (35-49);1 usager
Leger;19/10/2009;10:25;Rueil-Malmaison;Plein jour;Autre;Hors intersection;Voie commuNon renseignee le;Sans collision;VL seul;TourNon renseignee nt A$roite;Non renseignee ;57;Masculin;Blessee Leger;Malaise / fatigue;1;1;0;0;1;0;Senior actif (50-64);Sans pieton ;Sans moto;1 VL;Sans poids lourd;Senior actif (50-64);1 usager
Leger;29/07/2009;18:55;Boulogne-Billancourt;Plein jour;Autre;Hors intersection;Autoroute;Collisions multiples;Motocyclette > 125 cm3;Entre 2 files;VL seul;32;Masculin;Blessee Leger;Non renseignee ;3;3;0;1;2;0;Adulte jeune (25-34);Sans pieton;Avec moto;2 VL;Sans poids lourd;Adulte jeune (25-34);3-5 usagers
Leger;11/09/2009;11:05;Puteaux;Plein jour;Autre;Intersection en X;Route departementale;Collisions en chaine;VL seul;TourNon renseignee nt A'auche;VU seul 1,5T <= PTAC <= 3,5T;37;Feminin;Indemne;Non renseignee ;3;3;0;1;2;0;Adulte (35-49);Sans pieton ;Avec moto;2 VL;Sans poids lourd;Adulte (35-49);3-5 usagers
Leger;27/02/2009;20:30;Antony;Nuit sanseclairage public;Autre;Hors intersection;Autoroute;Collisions en chaine;VL seul;Meme sens, Meme file;VL seul;68;Masculin;Blessee Leger;Non renseignee ;5;3;0;0;3;0;Senior (65+);Sans pieton;Sans moto;3 VL ou plus;Sans poids lourd;Senior (65+);3-5 usagers
Leger;22/11/2009;09:30;Courbevoie;Plein jour;Autre;Hors intersection;Autoroute;Collision par l'arriere;VL seul;Sans changement de direction;VL seul;59;Masculin;Indemne;Non renseignee ;2;2;0;0;2;0;Senior actif (50-64);Sans pieton;Sans moto;2 VL;Sans poids lourd;Senior actif (50-64);2 usagers
Leger;10/10/2009;07:37;Sevres;Nuit sanseclairage public;Pluie legere;Hors intersection;Route Non renseignee tioNon renseignee le;Sans collision;VL seul;Meme sens, Meme file;Non renseignee ;41;Masculin;Blessee Leger;Non renseignee ;1;1;0;0;1;0;Adulte (35-49);Sans pieton;Sans moto;1 VL;Sans poids lourd;Adulte (35-49);1 usager
Leger;03/02/2009;17:50;Gennevilliers;Nuit avec eclairage public allumee;Autre;Hors intersection;Voie commuNon renseignee le;Sans collision;Cyclomoteur <50cm3;Sans changement de direction;Non renseignee ;16;Masculin;Blessee Leger;Non renseignee ;1;1;0;0;0;0;Mineur (-18 ans);Sans pieton;Sans moto;Aucun VL;Sans poids lourd;Mineur (-18 ans);1 usager
Leger;08/07/2009;19:15;Neuilly-sur-Seine;Plein jour;Temps couvert;Hors intersection;Route departementale;Sans collision;Cyclomoteur <50cm3;Manoeuvre devitement;Non renseignee ;17;Masculin;Blessee Leger;Non renseignee ;1;1;0;0;0;0;Mineur (-18 ans);Sans pieton;Sans moto;Aucun VL;Sans poids lourd;Mineur (-18 ans);1 usager
Leger;06/11/2009;20:15;Levallois-Perret;Nuit avec eclairage public allumee;Autre;Hors intersection;Voie commuNon renseignee le;Collision par le cote;Scooter > 125 cm3;Sedeportant A'auche;VL seul;42;Feminin;Blessee Leger;Ivresse apparente;3;2;0;1;1;0;Adulte (35-49);Sans pieton ;Avec moto;1 VL;Sans poids lourd;Adulte (35-49);3-5 usagers
Leger;27/08/2018;09:00;Bagneux;Plein jour;Pluie legere;Intersection en T;Route departementale;Sans collision;Motocyclette > 125 cm3;Non renseignee ;Non renseignee ;67;Masculin;Blessee Leger;Non renseignee ;1;1;0;1;0;0;Senior (65+);Sans pieton;Avec moto;Aucun VL;Sans poids lourd;Senior (65+);1 usager
Leger;27/09/2018;16:20;Bagneux;Plein jour;Autre;Intersection en T;Voie commuNon renseignee le;Collision frontale;VL seul;TourNon renseignee nt A'auche;Motocyclette > 125 cm3;58;Masculin;Blessee Leger;Non renseignee ;3;2;0;1;1;0;Senior actif (50-64);Sans pieton ;Avec moto;1 VL;Sans poids lourd;Senior actif (50-64);3-5 usagers
Leger;16/04/2018;21:45;Boulogne-Billancourt;Nuit avec eclairage public allumee;Autre;Hors intersection;Route departementale;Collision par le cote;Scooter > 50 cm3 et <= 125 cm3;Changeant de file A'auche;Motocyclette > 125 cm3;29;Masculin;Indemne;Non renseignee ;2;2;0;2;0;0;Adulte jeune (25-34);Sans pieton;Avec moto;Aucun VL;Sans poids lourd;Adulte jeune (25-34);2 usagers
Leger;03/11/2018;12:30;Boulogne-Billancourt;Plein jour;Autre;Hors intersection;Route departementale;Collision par l'arriere;VL seul;Meme sens, Meme file;Motocyclette > 125 cm3;21;Masculin;Indemne;Non renseignee ;2;2;0;1;1;0;Jeune adulte (18-24);Sans pieton;Avec moto;1 VL;Sans poids lourd;Jeune adulte (18-24);2 usagers
Leger;04/12/2018;08:11;Boulogne-Billancourt;Crepuscule ou aube;Pluie legere;Intersection en X;Route departementale;Collision par le cote;Scooter > 125 cm3;Non renseignee ;VL seul;29;Masculin;Blessee Leger;Non renseignee ;2;2;0;1;1;0;Adulte jeune (25-34);Sans pieton;Avec moto;1 VL;Sans poids lourd;Adulte jeune (25-34);2 usagers
Leger;31/01/2018;07:35;Clamart;Nuit avec eclairage public allumee;Pluie legere;Hors intersection;Voie commuNon renseignee le;Collision par le cote;VL seul;S inserant;Motocyclette > 125 cm3;62;Masculin;Indemne;Non renseignee ;2;2;0;1;1;0;Senior actif (50-64);Sans pieton;Avec moto;1 VL;Sans poids lourd;Senior actif (50-64);2 usagers
Leger;22/09/2018;14:40;Clamart;Plein jour;Pluie legere;Intersection en T;Route departementale;Collision par le cote;VL seul;En faisant demi-tour sur la chaussee;Scooter > 50 cm3 et <= 125 cm3;47;Masculin;Indemne;Non renseignee ;2;2;0;1;1;0;Adulte (35-49);Sans pieton;Avec moto;1 VL;Sans poids lourd;Adulte (35-49);2 usagers
Leger;26/03/2018;15:55;Colombes;Plein jour;Autre;Hors intersection;Route departementale;Collision par le cote;Scooter > 50 cm3 et <= 125 cm3;TourNon renseignee nt A'auche;Motocyclette > 125 cm3;40;Masculin;Blessee Leger;Non renseignee ;2;2;0;2;0;0;Adulte (35-49);Sans pieton ;Avec moto;Aucun VL;Sans poids lourd;Adulte (35-49);2 usagers
Leger;31/05/2018;18:10;Colombes;Plein jour;Autre;Intersection en T;Voie commuNon renseignee le;Collision par le cote;VL seul;Ouverture de porte;Scooter > 50 cm3 et <= 125 cm3;21;Masculin;Indemne;Non renseignee ;3;2;0;1;1;0;Jeune adulte (18-24);Sans pieton;Avec moto;1 VL;Sans poids lourd;Jeune adulte (18-24);3-5 usagers
Leger;25/06/2018;14:30;Colombes;Plein jour;Autre;Hors intersection;Route departementale;Collision par le cote;Scooter > 50 cm3 et <= 125 cm3;Non renseignee ;VL seul;40;Masculin;Blessee Leger;Non renseignee ;2;2;0;1;1;0;Adulte (35-49);Sans pieton;Avec moto;1 VL;Sans poids lourd;Adulte (35-49);2 usagers
Leger;04/06/2018;17:56;Courbevoie;Plein jour;Autre;Hors intersection;Route departementale;Collision par le cote;VU seul 1,5T <= PTAC <= 3,5T;Sans changement de direction;Motocyclette > 125 cm3;31;Masculin;Indemne;Non renseignee ;2;2;0;1;1;0;Adulte jeune (25-34);Sans pieton;Avec moto;1 VL;Sans poids lourd;Adulte jeune (25-34);2 usagers
Leger;20/11/2018;08:35;La Garenne-Colombes;Crepuscule ou aube;Pluie legere;Giratoire;Route departementale;Collision par le cote;VL seul;Se deportant A$roite;Scooter > 50 cm3 et <= 125 cm3;35;Masculin;Indemne;Non renseignee ;2;2;0;1;1;0;Adulte (35-49);Sans pieton ;Avec moto;1 VL;Sans poids lourd;Adulte (35-49);2 usagers
Leger;15/12/2018;12:25;Gennevilliers;Plein jour;Autre;Intersection en X;Route departementale;Collision par le cote;VL seul;Changeant de file A'auche;Motocyclette > 125 cm3;34;Feminin;Indemne;Non renseignee ;2;2;0;1;1;0;Adulte jeune (25-34);Sans pieton;Avec moto;1 VL;Sans poids lourd;Adulte jeune (25-34);2 usagers
Leger;02/02/2018;19:18;Issy-les-Moulineaux;Nuit avec eclairage public allumee;Autre;Hors intersection;Route departementale;Collision frontale;VL seul;Non renseignee ;Motocyclette > 50 cm3 et <= 125 cm3;45;Feminin;Indemne;Non renseignee ;2;2;0;1;1;0;Adulte (35-49);Sans pieton;Avec moto;1 VL;Sans poids lourd;Adulte (35-49);2 usagers
Leger;07/08/2018;02:50;Levallois-Perret;Nuit avec eclairage public allumee;Autre;Intersection en X;Voie commuNon renseignee le;Sans collision;Scooter > 125 cm3;TourNon renseignee nt A'auche;Non renseignee ;18;Masculin;Blessee Leger;Non renseignee ;1;1;0;1;0;0;Jeune adulte (18-24);Sans pieton ;Avec moto;Aucun VL;Sans poids lourd;Jeune adulte (18-24);1 usager
Leger;29/08/2018;14:05;Montrouge;Plein jour;Pluie forte;Intersection en X;Route departementale;Collision par le cote;VL seul;Changeant de file A'auche;Motocyclette > 125 cm3;22;Masculin;Indemne;Non renseignee ;2;2;0;1;1;0;Jeune adulte (18-24);Sans pieton;Avec moto;1 VL;Sans poids lourd;Jeune adulte (18-24);2 usagers
Leger;22/10/2018;18:30;Rueil-Malmaison;Plein jour;Autre;Hors intersection;Route departementale;Collision par le cote;VL seul;Sans changement de direction;Motocyclette > 125 cm3;62;Feminin;Indemne;Non renseignee ;2;2;0;1;1;0;Senior actif (50-64);Sans pieton;Avec moto;1 VL;Sans poids lourd;Senior actif (50-64);2 usagers
Leger;03/11/2018;18:45;Chaville;Nuit sanseclairage public;Autre;Hors intersection;Route departementale;Collision par le cote;VL seul;TourNon renseignee nt A'auche;Motocyclette > 125 cm3;37;Masculin;Indemne;Non renseignee ;3;2;0;1;1;0;Adulte (35-49);Sans pieton ;Avec moto;1 VL;Sans poids lourd;Adulte (35-49);3-5 usagers
Leger;19/12/2018;18:05;Suresnes;Nuit avec eclairage public allumee;Autre;Intersection en T;Route departementale;Collision par le cote;VL seul;TourNon renseignee nt A'auche;Motocyclette > 50 cm3 et <= 125 cm3;44;Feminin;Indemne;Non renseignee ;2;2;0;1;1;0;Adulte (35-49);Sans pieton ;Avec moto;1 VL;Sans poids lourd;Adulte (35-49);2 usagers
Leger;25/07/2018;23:10;Clamart;Nuit avec eclairage public allumee;Autre;Hors intersection;Route departementale;Collision par le cote;Scooter < 50 cm3;Se deportant A$roite;VL seul;18;Masculin;Blessee Leger;Non renseignee ;3;2;0;0;1;0;Jeune adulte (18-24);Sans pieton ;Sans moto;1 VL;Sans poids lourd;Jeune adulte (18-24);3-5 usagers
Leger;27/07/2018;18:15;Boulogne-Billancourt;Plein jour;Autre;Hors intersection;Voie commuNon renseignee le;Collision par l'arriere;VL seul;TourNon renseignee nt A'auche;Cyclomoteur <50cm3;24;Masculin;Indemne;Non renseignee ;2;2;0;0;1;0;Jeune adulte (18-24);Sans pieton ;Sans moto;1 VL;Sans poids lourd;Jeune adulte (18-24);2 usagers
Leger;15/05/2018;01:40;Clichy;Nuit avec eclairage public allumee;Autre;Hors intersection;Route departementale;Sans collision;Scooter < 50 cm3;Sans changement de direction;Non renseignee ;21;Masculin;Indemne;Non renseignee ;2;1;0;0;0;0;Jeune adulte (18-24);Sans pieton;Sans moto;Aucun VL;Sans poids lourd;Jeune adulte (18-24);2 usagers
Leger;03/12/2018;09:40;Clichy;Plein jour;Pluie legere;Intersection en T;Voie commuNon renseignee le;Collision par le cote;VL seul;TourNon renseignee nt A'auche;Cyclomoteur <50cm3;16;Feminin;Blessee Leger;Non renseignee ;2;2;0;0;1;0;Mineur (-18 ans);Sans pieton ;Sans moto;1 VL;Sans poids lourd;Mineur (-18 ans);2 usagers
Leger;30/06/2018;02:30;Clamart;Nuit avec eclairage public allumee;Autre;Intersection en Y;Voie commuNon renseignee le;Collision par l'arriere;Scooter > 125 cm3;Meme sens, Meme file;Bicyclette;39;Masculin;Blessee Leger;Non renseignee ;2;2;0;1;0;0;Adulte (35-49);Sans pieton;Avec moto;Aucun VL;Sans poids lourd;Adulte (35-49);2 usagers
Leger;10/11/2018;10:50;Montrouge;Plein jour;Pluie forte;Hors intersection;Voie commuNon renseignee le;Collision par le cote;Bicyclette;Se deportant A$roite;VL seul;57;Masculin;Blessee Leger;Non renseignee ;2;2;0;0;1;0;Senior actif (50-64);Sans pieton ;Sans moto;1 VL;Sans poids lourd;Senior actif (50-64);2 usagers
Leger;17/07/2018;20:45;Puteaux;Crepuscule ou aube;Autre;Hors intersection;Voie commuNon renseignee le;Autre collision;Cyclomoteur <50cm3;En faisant demi-tour sur la chaussee;Non renseignee ;25;Masculin;Blessee Leger;Non renseignee ;2;1;1;0;0;0;Adulte jeune (25-34);Avec pieton;Sans moto;Aucun VL;Sans poids lourd;Adulte jeune (25-34);2 usagers
Leger;19/07/2018;18:10;Antony;Plein jour;Autre;Hors intersection;Route departementale;Autre collision;VL seul;Sans changement de direction;Non renseignee ;61;Feminin;Indemne;Non renseignee ;2;1;1;0;1;0;Senior actif (50-64);Avec pieton;Sans moto;1 VL;Sans poids lourd;Senior actif (50-64);2 usagers
Leger;15/05/2018;09:00;Bois-Colombes;Plein jour;Autre;Intersection en X;Route departementale;Autre collision;VL seul;Sans changement de direction;Non renseignee ;43;Masculin;Indemne;Non renseignee ;2;1;1;0;1;0;Adulte (35-49);Avec pieton;Sans moto;1 VL;Sans poids lourd;Adulte (35-49);2 usagers
Leger;29/08/2018;08:25;Gennevilliers;Plein jour;Pluie legere;Intersection en T;Route departementale;Collision par le cote;VU seul 1,5T <= PTAC <= 3,5T;Sans changement de direction;VL seul;54;Masculin;Indemne;Non renseignee ;2;2;0;0;2;0;Senior actif (50-64);Sans pieton;Sans moto;2 VL;Sans poids lourd;Senior actif (50-64);2 usagers
Leger;15/10/2018;15:50;Gennevilliers;Plein jour;Autre;Intersection en X;Route departementale;Collision par le cote;VL seul;TourNon renseignee nt A'auche;VL seul;49;Feminin;Blessee Leger;Non renseignee ;2;2;0;0;2;0;Adulte (35-49);Sans pieton ;Sans moto;2 VL;Sans poids lourd;Adulte (35-49);2 usagers
Leger;12/06/2018;16:05;Issy-les-Moulineaux;Plein jour;Autre;Hors intersection;Voie commuNon renseignee le;Sans collision;VL seul;Manoeuvre de stationnement;Non renseignee ;83;Masculin;Blessee Leger;Non renseignee ;3;1;0;0;1;0;Senior (65+);Sans pieton;Sans moto;1 VL;Sans poids lourd;Senior (65+);3-5 usagers
Leger;12/07/2018;09:00;Gennevilliers;Plein jour;Autre;Hors intersection;Route departementale;Collision par le cote;PL seul > 7,5T;En marche arriere;VL seul;52;Masculin;Blessee Leger;Non renseignee ;1;2;0;0;1;1;Senior actif (50-64);Sans pieton;Sans moto;1 VL;Avec poids lourd;Senior actif (50-64);1 usager
Leger;13/02/2018;16:58;Non renseignee nterre;Crepuscule ou aube;Autre;Intersection en X;Route departementale;Collision par l'arriere;PL seul > 7,5T;Meme sens, Meme file;VL seul;30;Masculin;Indemne;Non renseignee ;3;2;0;0;1;1;Adulte jeune (25-34);Sans pieton;Sans moto;1 VL;Avec poids lourd;Adulte jeune (25-34);3-5 usagers
Leger;14/08/2018;09:00;Non renseignee nterre;Plein jour;Temps couvert;Intersection en T;Route departementale;Collision par le cote;VU seul 1,5T <= PTAC <= 3,5T;Sans changement de direction;VL seul;39;Masculin;Indemne;Non renseignee ;3;2;0;0;2;0;Adulte (35-49);Sans pieton;Sans moto;2 VL;Sans poids lourd;Adulte (35-49);3-5 usagers
Leger;16/06/2018;11:00;Rueil-Malmaison;Plein jour;Autre;Hors intersection;Route departementale;Collision par l'arriere;VU seul 1,5T <= PTAC <= 3,5T;Meme sens, Meme file;VL seul;46;Masculin;Indemne;Non renseignee ;3;2;0;0;2;0;Adulte (35-49);Sans pieton;Sans moto;2 VL;Sans poids lourd;Adulte (35-49);3-5 usagers
Leger;20/06/2018;09:50;Rueil-Malmaison;Plein jour;Autre;Intersection en Y;Route departementale;Collision par le cote;VL seul;S inserant;VL seul;31;Feminin;Blessee Leger;Non renseignee ;2;2;0;0;2;0;Adulte jeune (25-34);Sans pieton;Sans moto;2 VL;Sans poids lourd;Adulte jeune (25-34);2 usagers
Leger;16/12/2018;14:40;Saint-Cloud;Plein jour;Temps couvert;Intersection en X;Route departementale;Collision par l'arriere;VU seul 1,5T <= PTAC <= 3,5T;Sans changement de direction;VL seul;50;Masculin;Indemne;Non renseignee ;2;2;0;0;2;0;Senior actif (50-64);Sans pieton;Sans moto;2 VL;Sans poids lourd;Senior actif (50-64);2 usagers
Leger;21/09/2018;09:42;Sevres;Plein jour;Pluie legere;Giratoire;Route departementale;Sans collision;VL seul;Sans changement de direction;Non renseignee ;30;Masculin;Blessee Leger;Non renseignee ;1;1;0;0;1;0;Adulte jeune (25-34);Sans pieton;Sans moto;1 VL;Sans poids lourd;Adulte jeune (25-34);1 usager
Grave;02/01/2016;22:55;Arcueil;Nuit avec eclairage public allumee;Autre;Hors intersection;Route departementale;Collision par l'arriere;VL seul;Sans changement de direction;VL seul;26;Feminin;Blessee hospitalisee;Non renseignee ;2;2;0;0;2;0;Adulte jeune (25-34);Sans pieton;Sans moto;2 VL;Sans poids lourd;Adulte jeune (25-34);2 usagers
Leger;11/02/2015;07:50;Cachan;Crepuscule ou aube;Autre;Intersection en T;Route departementale;Collision par le cote;Bicyclette;Sans changement de direction;VL seul;37;Masculin;Indemne;Non renseignee ;2;2;0;0;1;0;Adulte (35-49);Sans pieton;Sans moto;1 VL;Sans poids lourd;Adulte (35-49);2 usagers
Leger;09/12/2016;10:05;Arcueil;Plein jour;Autre;Giratoire;Route departementale;Sans collision;Cyclomoteur <50cm3;TourNon renseignee nt A$roite;Non renseignee ;61;Masculin;Blessee Leger;Non renseignee ;1;1;0;0;0;0;Senior actif (50-64);Sans pieton ;Sans moto;Aucun VL;Sans poids lourd;Senior actif (50-64);1 usager
Leger;01/03/2020;13:50;Antony;Plein jour;Pluie forte;Hors intersection;Autoroute;Non renseignee ;Non renseignee ;Meme sens, Meme file;Non renseignee ;36;Masculin;Blessee Leger;Non renseignee ;6;2;0;0;2;0;Adulte (35-49);Sans pieton;Sans moto;2 VL;Sans poids lourd;Adulte (35-49);Plus de 5 usagers
Leger;14/05/2019;16:30;Antony;Plein jour;Normale;Hors intersection;Autoroute;Non renseignee ;VU seul 1,5T <= PTAC <= 3,5T;Meme sens, Meme file;Non renseignee ;40;Masculin;Indemne;Non renseignee ;2;2;0;0;2;0;Adulte (35-49);Sans pieton;Sans moto;2 VL;Sans poids lourd;Adulte (35-49);2 usagers
Leger;20/12/2020;18:40;Antony;Nuit sanseclairage public;Normale;Hors intersection;Autoroute;Non renseignee ;Non renseignee ;Sans changement de direction;Non renseignee ;25;Masculin;Blessee Leger;Non renseignee ;2;2;0;0;2;0;Adulte jeune (25-34);Sans pieton;Sans moto;2 VL;Sans poids lourd;Adulte jeune (25-34);2 usagers
Leger;16/10/2019;13:25;Antony;Plein jour;Pluie legere;Hors intersection;Autoroute;Non renseignee ;Non renseignee ;Meme sens, Meme file;Motocyclette > 125 cm3;56;Masculin;Indemne;Non renseignee ;2;2;0;1;1;0;Senior actif (50-64);Sans pieton;Avec moto;1 VL;Sans poids lourd;Senior actif (50-64);2 usagers
Leger;16/09/2019;22:00;Antony;Nuit avec eclairage public allumee;Normale;Intersection en X;Route departementale;Non renseignee ;Non renseignee ;TourNon renseignee nt A$roite;Scooter < 50 cm3;19;Masculin;Indemne;Non renseignee ;2;2;0;0;1;0;Jeune adulte (18-24);Sans pieton ;Sans moto;1 VL;Sans poids lourd;Jeune adulte (18-24);2 usagers
Leger;08/06/2021;08:15;Antony;Plein jour;Normale;Hors intersection;Voie commuNon renseignee le;Non renseignee ;Non renseignee ;S inserant;Motocyclette > 50 cm3 et <= 125 cm3;50;Masculin;Blessee Leger;Non renseignee ;2;2;0;1;1;0;Senior actif (50-64);Sans pieton;Avec moto;1 VL;Sans poids lourd;Senior actif (50-64);2 usagers
Leger;27/03/2019;11:30;Antony;Plein jour;Normale;Hors intersection;Route departementale;Non renseignee ;Scooter < 50 cm3;Sans changement de direction;Non renseignee ;20;Masculin;Indemne;Non renseignee ;2;1;1;0;0;0;Jeune adulte (18-24);Avec pieton;Sans moto;Aucun VL;Sans poids lourd;Jeune adulte (18-24);2 usagers
Grave;10/02/2021;16:33;Antony;Plein jour;Neige - grele;Hors intersection;Route departementale;Non renseignee ;Non renseignee ;Se deportant A$roite;Non renseignee ;47;Masculin;Blessee hospitalisee;Non renseignee ;1;1;0;0;1;0;Adulte (35-49);Sans pieton ;Sans moto;1 VL;Sans poids lourd;Adulte (35-49);1 usager