type_acci;date;heure;commune;luminosite_accident;cond_atmos;Intersection;categorie_route;type_collision;type_vehicule_1;manoeuvre_vehicule_1;type_vehicule_2;age_usager;sexe_usager;gravite_usager;etat_usager;nombre_usagers;nb_veh;nombre_pietons;nombre_motos;nombre_vl;nombre_pl;age_usa1_categ;accident_pieton;accident_moto;categorie_vl;accident_pl;categorie_age;categorie_usagers
Leger;28/06/2015;23:15;Issy-les-Moulineaux;Nuit avec eclairage public allumee;Autre;Intersection en X;Route departementale;Collision par le cote;VL seul;Sans changement de direction;VL seul;40;Masculin;Indemne;Non renseignee ;3;2;0;0;2;0;Adulte (35-49);Sans pieton;Sans moto;2 VL;Sans poids lourd;Adulte (35-49);3-5 usagers
Leger;10/08/2015;08:10;Levallois-Perret;Plein jour;Autre;Intersection en T;Route departementale;Sans collision;VL seul;TourNon renseignee nt A$roite;Non renseignee ;23;Masculin;Indemne;Non renseignee ;2;1;0;0;1;0;Jeune adulte (18-24);Sans pieton ;Sans moto;1 VL;Sans poids lourd;Jeune adulte (18-24);2 usagers
Leger;29/11/2015;06:10;Montrouge;Crepuscule ou aube;Autre;Hors intersection;Voie commuNon renseignee le;Sans collision;VL seul;Sans changement de direction;Non renseignee ;27;Masculin;Blessee Leger;Non renseignee ;1;1;0;0;1;0;Adulte jeune (25-34);Sans pieton;Sans moto;1 VL;Sans poids lourd;Adulte jeune (25-34);1 usager
Leger;18/10/2015;15:10;Non renseignee nterre;Plein jour;Temps couvert;Intersection en T;Route departementale;Collision frontale;VL seul;Sans changement de direction;VL seul;47;Masculin;Blessee Leger;Non renseignee ;2;2;0;0;2;0;Adulte (35-49);Sans pieton;Sans moto;2 VL;Sans poids lourd;Adulte (35-49);2 usagers
Leger;15/11/2015;03:55;Neuilly-sur-Seine;Nuit avec eclairage public allumee;Autre;Intersection en X;Voie commuNon renseignee le;Collision par le cote;VL seul;Sans changement de direction;VL seul;26;Feminin;Blessee Leger;Non renseignee ;2;2;0;0;2;0;Adulte jeune (25-34);Sans pieton;Sans moto;2 VL;Sans poids lourd;Adulte jeune (25-34);2 usagers
Leger;01/11/2015;21:00;Puteaux;Nuit avec eclairage public allumee;Autre;Intersection en T;Route departementale;Collisions en chaine;VL seul;Meme sens, Meme file;VL seul;41;Masculin;Indemne;Non renseignee ;5;3;0;0;3;0;Adulte (35-49);Sans pieton;Sans moto;3 VL ou plus;Sans poids lourd;Adulte (35-49);3-5 usagers
Leger;29/06/2015;08:20;Rueil-Malmaison;Plein jour;Autre;Intersection en X;Voie commuNon renseignee le;Collision par le cote;VL seul;Non renseignee ;VL seul;31;Feminin;Blessee Leger;Non renseignee ;2;2;0;0;2;0;Adulte jeune (25-34);Sans pieton;Sans moto;2 VL;Sans poids lourd;Adulte jeune (25-34);2 usagers
Leger;30/09/2015;20:35;Saint-Cloud;Nuit avec eclairage public allumee;Autre;Intersection en T;Route departementale;Collision par l'arriere;VL seul;Meme sens, Meme file;VL seul;27;Masculin;Indemne;Non renseignee ;2;2;0;0;2;0;Adulte jeune (25-34);Sans pieton;Sans moto;2 VL;Sans poids lourd;Adulte jeune (25-34);2 usagers
Leger;20/02/2015;05:45;Suresnes;Nuit avec eclairage public allumee;Pluie legere;Intersection en X;Route departementale;Collision par le cote;VL seul;Sans changement de direction;VL seul;30;Feminin;Indemne;Non renseignee ;3;2;0;0;2;0;Adulte jeune (25-34);Sans pieton;Sans moto;2 VL;Sans poids lourd;Adulte jeune (25-34);3-5 usagers
Leger;01/06/2015;15:15;Villeneuve-la-Garenne;Plein jour;Autre;Intersection en T;Route departementale;Collision par le cote;VL seul;TourNon renseignee nt A'auche;VL seul;39;Feminin;Indemne;Non renseignee ;5;2;0;0;2;0;Adulte (35-49);Sans pieton ;Sans moto;2 VL;Sans poids lourd;Adulte (35-49);3-5 usagers
Leger;02/10/2015;10:15;Villeneuve-la-Garenne;Plein jour;Autre;Intersection en T;Route departementale;Collision par le cote;VL seul;TourNon renseignee nt A'auche;VL seul;39;Feminin;Blessee Leger;Non renseignee ;2;2;0;0;2;0;Adulte (35-49);Sans pieton ;Sans moto;2 VL;Sans poids lourd;Adulte (35-49);2 usagers
Mortel;12/07/2016;16:00;Gennevilliers;Plein jour;Autre;Intersection en T;Route departementale;Autre collision;VL seul;Sans changement de direction;Non renseignee ;33;Feminin;Indemne;Non renseignee ;3;1;2;0;1;0;Adulte jeune (25-34);Avec pieton;Sans moto;1 VL;Sans poids lourd;Adulte jeune (25-34);3-5 usagers
Grave;15/09/2016;06:45;Non renseignee nterre;Nuit avec eclairage public allumee;Pluie legere;Hors intersection;Autoroute;Collisions multiples;Scooter > 50 cm3 et <= 125 cm3;Non renseignee ;VL seul;53;Feminin;Blessee hospitalisee;Non renseignee ;3;3;0;1;2;0;Senior actif (50-64);Sans pieton;Avec moto;2 VL;Sans poids lourd;Senior actif (50-64);3-5 usagers
Grave;25/03/2016;09:05;Non renseignee nterre;Plein jour;Pluie legere;Hors intersection;Autoroute;Collision par l'arriere;Scooter > 125 cm3;Meme sens, Meme file;VL seul;38;Masculin;Blessee hospitalisee;Non renseignee ;2;2;0;1;1;0;Adulte (35-49);Sans pieton;Avec moto;1 VL;Sans poids lourd;Adulte (35-49);2 usagers
Grave;05/05/2016;05:30;Non renseignee nterre;Nuit avec eclairage public allumee;Autre;Hors intersection;Autoroute;Sans collision;Motocyclette > 125 cm3;Non renseignee ;Non renseignee ;36;Masculin;Blessee hospitalisee;Non renseignee ;1;1;0;1;0;0;Adulte (35-49);Sans pieton;Avec moto;Aucun VL;Sans poids lourd;Adulte (35-49);1 usager
Grave;05/10/2016;09:54;Courbevoie;Plein jour;Autre;Hors intersection;Autoroute;Collision par le cote;Scooter > 125 cm3;Non renseignee ;VL seul;41;Masculin;Blessee hospitalisee;Non renseignee ;2;2;0;1;1;0;Adulte (35-49);Sans pieton;Avec moto;1 VL;Sans poids lourd;Adulte (35-49);2 usagers
Grave;11/02/2016;12:05;Clamart;Plein jour;Pluie legere;Hors intersection;Voie commuNon renseignee le;Collision par le cote;VL seul;TourNon renseignee nt A'auche;Scooter > 125 cm3;47;Masculin;Indemne;Non renseignee ;2;2;0;1;1;0;Adulte (35-49);Sans pieton ;Avec moto;1 VL;Sans poids lourd;Adulte (35-49);2 usagers
Grave;24/06/2016;06:35;Saint-Cloud;Plein jour;Autre;Hors intersection;Route departementale;Collision par le cote;VL seul;S inserant;Motocyclette > 125 cm3;51;Masculin;Indemne;Non renseignee ;2;2;0;1;1;0;Senior actif (50-64);Sans pieton;Avec moto;1 VL;Sans poids lourd;Senior actif (50-64);2 usagers
Grave;19/10/2016;19:05;Non renseignee nterre;Nuit avec eclairage public allumee;Temps couvert;Hors intersection;Autoroute;Collision par le cote;VL seul;Arrete (hors stationnement);Scooter < 50 cm3;28;Masculin;Indemne;Non renseignee ;2;2;0;0;1;0;Adulte jeune (25-34);Sans pieton;Sans moto;1 VL;Sans poids lourd;Adulte jeune (25-34);2 usagers
Grave;27/09/2016;20:40;Colombes;Nuit avec eclairage public allumee;Autre;Intersection en T;Voie commuNon renseignee le;Autre collision;VL seul;Sans changement de direction;Non renseignee ;19;Masculin;Indemne;Non renseignee ;2;1;1;0;1;0;Jeune adulte (18-24);Avec pieton;Sans moto;1 VL;Sans poids lourd;Jeune adulte (18-24);2 usagers
Grave;01/10/2016;20:49;Courbevoie;Nuit avec eclairage public allumee;Autre;Hors intersection;Autoroute;Collisions en chaine;VL seul;Meme sens, Meme file;VL seul;73;Feminin;Indemne;Non renseignee ;4;3;0;0;3;0;Senior (65+);Sans pieton;Sans moto;3 VL ou plus;Sans poids lourd;Senior (65+);3-5 usagers
Grave;04/11/2016;23:25;Meudon;Nuit sanseclairage public;Pluie legere;Hors intersection;Route Non renseignee tioNon renseignee le;Collision par l'arriere;VL seul;Non renseignee ;Non renseignee ;23;Feminin;Blessee hospitalisee;Non renseignee ;3;2;0;0;1;1;Jeune adulte (18-24);Sans pieton;Sans moto;1 VL;Avec poids lourd;Jeune adulte (18-24);3-5 usagers
Grave;30/04/2016;10:42;Sevres;Plein jour;Pluie legere;Hors intersection;Route Non renseignee tioNon renseignee le;Sans collision;VL seul;Non renseignee ;Non renseignee ;32;Masculin;Indemne;Non renseignee ;2;1;0;0;1;0;Adulte jeune (25-34);Sans pieton;Sans moto;1 VL;Sans poids lourd;Adulte jeune (25-34);2 usagers
Grave;14/05/2016;00:10;Colombes;Nuit sanseclairage public;Autre;Hors intersection;Autoroute;Sans collision;VL seul;Non renseignee ;Non renseignee ;27;Masculin;Blessee hospitalisee;Non renseignee ;1;1;0;0;1;0;Adulte jeune (25-34);Sans pieton;Sans moto;1 VL;Sans poids lourd;Adulte jeune (25-34);1 usager
Leger;23/08/2016;17:15;Non renseignee nterre;Plein jour;Autre;Hors intersection;Route departementale;Collision frontale;VL seul;TourNon renseignee nt A'auche;Motocyclette > 125 cm3;52;Masculin;Blessee Leger;Non renseignee ;3;2;0;1;1;0;Senior actif (50-64);Sans pieton ;Avec moto;1 VL;Sans poids lourd;Senior actif (50-64);3-5 usagers
Leger;28/08/2016;20:45;Malakoff;Nuit avec eclairage public allumee;Autre;Intersection en X;Route departementale;Collision par le cote;Scooter < 50 cm3;TourNon renseignee nt A$roite;Scooter > 50 cm3 et <= 125 cm3;25;Masculin;Blessee Leger;Non renseignee ;3;2;0;1;0;0;Adulte jeune (25-34);Sans pieton ;Avec moto;Aucun VL;Sans poids lourd;Adulte jeune (25-34);3-5 usagers
Leger;30/12/2014;12:05;Chatillon;Plein jour;Autre;Giratoire;Route departementale;Autre collision;VL seul;S inserant;Non renseignee ;45;Feminin;Indemne;Non renseignee ;2;1;1;0;1;0;Adulte (35-49);Avec pieton;Sans moto;1 VL;Sans poids lourd;Adulte (35-49);2 usagers
Leger;06/03/2014;16:40;Sevres;Plein jour;Autre;Hors intersection;Route departementale;Autre collision;VL seul;Sans changement de direction;Non renseignee ;63;Masculin;Indemne;Non renseignee ;2;1;1;0;1;0;Senior actif (50-64);Avec pieton;Sans moto;1 VL;Sans poids lourd;Senior actif (50-64);2 usagers
Leger;02/12/2014;19:15;Rueil-Malmaison;Nuit sanseclairage public;Pluie legere;Hors intersection;Voie commuNon renseignee le;Autre collision;Scooter < 50 cm3;Sans changement de direction;Non renseignee ;16;Masculin;Indemne;Non renseignee ;2;1;1;0;0;0;Mineur (-18 ans);Avec pieton;Sans moto;Aucun VL;Sans poids lourd;Mineur (-18 ans);2 usagers
Leger;22/01/2014;20:00;Villeneuve-la-Garenne;Nuit avec eclairage public allumee;Pluie legere;Intersection en T;Route departementale;Autre collision;VL seul;Sans changement de direction;Non renseignee ;28;Masculin;Indemne;Non renseignee ;2;1;1;0;1;0;Adulte jeune (25-34);Avec pieton;Sans moto;1 VL;Sans poids lourd;Adulte jeune (25-34);2 usagers
Leger;12/11/2014;19:30;Vanves;Nuit avec eclairage public allumee;Autre;Intersection en Y;Route departementale;Autre collision;VL seul;Non renseignee ;Autobus;44;Masculin;Indemne;Non renseignee ;3;2;1;0;1;0;Adulte (35-49);Avec pieton;Sans moto;1 VL;Sans poids lourd;Adulte (35-49);3-5 usagers
Leger;16/06/2014;10:40;Gennevilliers;Plein jour;Autre;Hors intersection;Autoroute;Collisions en chaine;VL seul;Sans changement de direction;VL seul;44;Masculin;Indemne;Non renseignee ;4;3;0;0;3;0;Adulte (35-49);Sans pieton;Sans moto;3 VL ou plus;Sans poids lourd;Adulte (35-49);3-5 usagers
Leger;29/07/2016;14:00;Non renseignee nterre;Plein jour;Autre;Hors intersection;Autoroute;Collision par l'arriere;Motocyclette > 125 cm3;Entre 2 files;VL seul;25;Masculin;Blessee Leger;Non renseignee ;2;2;0;1;1;0;Adulte jeune (25-34);Sans pieton;Avec moto;1 VL;Sans poids lourd;Adulte jeune (25-34);2 usagers
Grave;12/09/2015;19:00;Saint-Cloud;Plein jour;Autre;Hors intersection;Autoroute;Collisions multiples;VL seul;Meme sens, Meme file;VL seul;20;Masculin;Indemne;Non renseignee ;5;4;0;0;4;0;Jeune adulte (18-24);Sans pieton;Sans moto;3 VL ou plus;Sans poids lourd;Jeune adulte (18-24);3-5 usagers
Leger;03/10/2007;10:40;Colombes;Plein jour;Autre;Hors intersection;Route departementale;Autre collision;VL seul;Sans changement de direction;Non renseignee ;50;Masculin;Indemne;Non renseignee ;2;1;1;0;1;0;Senior actif (50-64);Avec pieton;Sans moto;1 VL;Sans poids lourd;Senior actif (50-64);2 usagers
Leger;30/08/2016;09:30;Boulogne-Billancourt;Plein jour;Autre;Hors intersection;Route departementale;Autre collision;Scooter < 50 cm3;Sans changement de direction;Non renseignee ;26;Masculin;Blessee Leger;Non renseignee ;2;1;1;0;0;0;Adulte jeune (25-34);Avec pieton;Sans moto;Aucun VL;Sans poids lourd;Adulte jeune (25-34);2 usagers
Leger;02/01/2007;18:10;Puteaux;Crepuscule ou aube;Pluie legere;Giratoire;Route departementale;Collision par l'arriere;Motocyclette > 125 cm3;Sedeportant A'auche;VL seul;21;Masculin;Indemne;Non renseignee ;3;2;0;1;1;0;Jeune adulte (18-24);Sans pieton ;Avec moto;1 VL;Sans poids lourd;Jeune adulte (18-24);3-5 usagers
Leger;02/04/2007;22:40;Courbevoie;Nuit avec eclairage public allumee;Autre;Hors intersection;Route departementale;Collision par le cote;VL seul;TourNon renseignee nt A'auche;VL seul;22;Masculin;Blessee Leger;Non renseignee ;3;2;0;0;2;0;Jeune adulte (18-24);Sans pieton ;Sans moto;2 VL;Sans poids lourd;Jeune adulte (18-24);3-5 usagers
Leger;08/02/2007;20:10;Rueil-Malmaison;Nuit sanseclairage public;Autre;Intersection en T;Route departementale;Collision par le cote;VU seul 1,5T <= PTAC <= 3,5T;En faisant demi-tour sur la chaussee;Motocyclette > 50 cm3 et <= 125 cm3;24;Masculin;Indemne;Non renseignee ;2;2;0;1;1;0;Jeune adulte (18-24);Sans pieton;Avec moto;1 VL;Sans poids lourd;Jeune adulte (18-24);2 usagers
Grave;17/04/2007;18:15;Non renseignee nterre;Plein jour;Autre;Giratoire;Route departementale;Autre collision;Motocyclette > 125 cm3;Sans changement de direction;Non renseignee ;29;Masculin;Indemne;Non renseignee ;2;1;1;1;0;0;Adulte jeune (25-34);Avec pieton;Avec moto;Aucun VL;Sans poids lourd;Adulte jeune (25-34);2 usagers
Grave;15/06/2007;16:10;Antony;Plein jour;Autre;Intersection en T;Non renseignee ;Collision par le cote;VL seul;TourNon renseignee nt A$roite;Bicyclette;49;Masculin;Indemne;Non renseignee ;2;2;0;0;1;0;Adulte (35-49);Sans pieton ;Sans moto;1 VL;Sans poids lourd;Adulte (35-49);2 usagers
Leger;18/06/2016;17:47;Asnieres-sur-Seine;Plein jour;Pluie legere;Intersection en X;Route departementale;Collisions en chaine;VL seul;Meme sens, Meme file;VL seul;25;Masculin;Indemne;Non renseignee ;4;3;0;0;3;0;Adulte jeune (25-34);Sans pieton;Sans moto;3 VL ou plus;Sans poids lourd;Adulte jeune (25-34);3-5 usagers
Leger;04/03/2007;18:10;Gennevilliers;Plein jour;Autre;Hors intersection;Route Non renseignee tioNon renseignee le;Collisions en chaine;VL seul;Meme sens, Meme file;VL seul;49;Feminin;Blessee Leger;Non renseignee ;3;3;0;0;3;0;Adulte (35-49);Sans pieton;Sans moto;3 VL ou plus;Sans poids lourd;Adulte (35-49);3-5 usagers
Leger;20/06/2007;12:25;Clichy;Plein jour;Autre;Intersection en T;Non renseignee ;Collision par le cote;VL seul;TourNon renseignee nt A'auche;Bicyclette;47;Masculin;Indemne;Non renseignee ;2;2;0;0;1;0;Adulte (35-49);Sans pieton ;Sans moto;1 VL;Sans poids lourd;Adulte (35-49);2 usagers
Leger;11/10/2007;18:15;Clichy;Plein jour;Autre;Hors intersection;Route departementale;Collision par l'arriere;Scooter > 50 cm3 et <= 125 cm3;Non renseignee ;VU seul 1,5T <= PTAC <= 3,5T;19;Masculin;Blessee Leger;Non renseignee ;2;2;0;1;1;0;Jeune adulte (18-24);Sans pieton;Avec moto;1 VL;Sans poids lourd;Jeune adulte (18-24);2 usagers
Leger;30/03/2016;19:10;Gennevilliers;Nuit sanseclairage public;Autre;Hors intersection;Route departementale;Sans collision;VL seul;Non renseignee ;Non renseignee ;20;Masculin;Blessee Leger;Non renseignee ;3;1;0;0;1;0;Jeune adulte (18-24);Sans pieton;Sans moto;1 VL;Sans poids lourd;Jeune adulte (18-24);3-5 usagers
Leger;28/12/2007;14:30;Clichy;Plein jour;Autre;Intersection en X;Non renseignee ;Collision par l'arriere;VL seul;Meme sens, Meme file;VL seul;41;Masculin;Indemne;Non renseignee ;3;2;0;0;2;0;Adulte (35-49);Sans pieton;Sans moto;2 VL;Sans poids lourd;Adulte (35-49);3-5 usagers
Leger;08/07/2016;20:00;Non renseignee nterre;Plein jour;Autre;Intersection en T;Route departementale;Collision par le cote;VL seul;TourNon renseignee nt A'auche;VL seul;27;Feminin;Indemne;Non renseignee ;2;2;0;0;2;0;Adulte jeune (25-34);Sans pieton ;Sans moto;2 VL;Sans poids lourd;Adulte jeune (25-34);2 usagers
Leger;14/01/2015;12:50;Boulogne-Billancourt;Plein jour;Pluie legere;Hors intersection;Voie commuNon renseignee le;Autre collision;VL seul;En marche arriere;Non renseignee ;38;Feminin;Indemne;Non renseignee ;2;1;1;0;1;0;Adulte (35-49);Avec pieton;Sans moto;1 VL;Sans poids lourd;Adulte (35-49);2 usagers
Leger;17/12/2015;10:15;Le Plessis-Robinson;Plein jour;Autre;Hors intersection;Route departementale;Autre collision;VL seul;Sans changement de direction;Non renseignee ;2;Masculin;Blessee Leger;Non renseignee ;1;1;1;0;1;0;Mineur (-18 ans);Avec pieton;Sans moto;1 VL;Sans poids lourd;Mineur (-18 ans);1 usager
Leger;17/07/2015;11:40;Colombes;Plein jour;Autre;Intersection en X;Route departementale;Autre collision;VL seul;En marche arriere;Non renseignee ;23;Masculin;Indemne;Non renseignee ;2;1;1;0;1;0;Jeune adulte (18-24);Avec pieton;Sans moto;1 VL;Sans poids lourd;Jeune adulte (18-24);2 usagers
Leger;14/02/2015;16:00;Courbevoie;Plein jour;Autre;Intersection en X;Route departementale;Autre collision;VL seul;TourNon renseignee nt A'auche;Non renseignee ;41;Feminin;Indemne;Non renseignee ;2;1;1;0;1;0;Adulte (35-49);Avec pieton;Sans moto;1 VL;Sans poids lourd;Adulte (35-49);2 usagers
Leger;19/02/2015;15:50;Rueil-Malmaison;Plein jour;Autre;Intersection A0lus de 4 branches;Route departementale;Collision par le cote;Non renseignee ;TourNon renseignee nt A$roite;VL seul;25;Masculin;Indemne;Non renseignee ;3;2;0;0;1;1;Adulte jeune (25-34);Sans pieton ;Sans moto;1 VL;Avec poids lourd;Adulte jeune (25-34);3-5 usagers
Leger;12/01/2015;14:50;Marnes-la-Coquette;Plein jour;Autre;Intersection en T;Route departementale;Collision par l'arriere;VL seul;Sans changement de direction;VL seul;72;Feminin;Indemne;Non renseignee ;2;2;0;0;2;0;Senior (65+);Sans pieton;Sans moto;2 VL;Sans poids lourd;Senior (65+);2 usagers
Leger;03/04/2015;19:00;Saint-Cloud;Plein jour;Pluie forte;Giratoire;Route departementale;Collision par l'arriere;VL seul;Meme sens, Meme file;VL seul;26;Feminin;Indemne;Non renseignee ;2;2;0;0;2;0;Adulte jeune (25-34);Sans pieton;Sans moto;2 VL;Sans poids lourd;Adulte jeune (25-34);2 usagers
Leger;23/04/2015;18:30;Malakoff;Crepuscule ou aube;Autre;Intersection en T;Route departementale;Collision par l'arriere;VL seul;Meme sens, Meme file;VL seul;81;Feminin;Blessee Leger;Non renseignee ;2;2;0;0;2;0;Senior (65+);Sans pieton;Sans moto;2 VL;Sans poids lourd;Senior (65+);2 usagers
Mortel;07/07/2016;17:40;Sevres;Plein jour;Autre;Hors intersection;Route Non renseignee tioNon renseignee le;Collision par l'arriere;Motocyclette > 125 cm3;Entre 2 files;PL seul 3,5T <PTCA <= 7,5T;43;Masculin;Tue;Non renseignee ;2;2;0;1;0;1;Adulte (35-49);Sans pieton;Avec moto;Aucun VL;Avec poids lourd;Adulte (35-49);2 usagers
Leger;25/09/2007;18:20;Clichy;Plein jour;Pluie legere;Intersection en T;Route departementale;Collision par le cote;VL seul;TourNon renseignee nt A'auche;VL seul;28;Masculin;Indemne;Non renseignee ;3;2;0;0;2;0;Adulte jeune (25-34);Sans pieton ;Sans moto;2 VL;Sans poids lourd;Adulte jeune (25-34);3-5 usagers
Leger;14/02/2007;08:30;Montrouge;Plein jour;Autre;Hors intersection;Route departementale;Collision par le cote;Motocyclette > 50 cm3 et <= 125 cm3;Sans changement de direction;VL seul;40;Feminin;Blessee Leger;Non renseignee ;2;2;0;1;1;0;Adulte (35-49);Sans pieton;Avec moto;1 VL;Sans poids lourd;Adulte (35-49);2 usagers
Leger;21/08/2021;13:10;Clichy;Plein jour;Normale;Intersection en T;Voie commuNon renseignee le;Non renseignee ;VU seul 1,5T <= PTAC <= 3,5T;Sans changement de direction;Non renseignee ;20;Masculin;Blessee Leger;Non renseignee ;2;1;1;0;1;0;Jeune adulte (18-24);Avec pieton;Sans moto;1 VL;Sans poids lourd;Jeune adulte (18-24);2 usagers
Leger;29/01/2019;23:45;Asnieres-sur-Seine;Nuit avec eclairage public allumee;Neige - grele;Hors intersection;Route departementale;Non renseignee ;Non renseignee ;Se deportant A$roite;Non renseignee ;19;Feminin;Blessee Leger;Non renseignee ;1;1;0;0;1;0;Jeune adulte (18-24);Sans pieton ;Sans moto;1 VL;Sans poids lourd;Jeune adulte (18-24);1 usager
Grave;18/09/2020;22:15;Non renseignee nterre;Nuit avec eclairage public allumee;Normale;Hors intersection;Route departementale;Non renseignee ;Scooter > 50 cm3 et <= 125 cm3;Sedeportant A'auche;Non renseignee ;21;Masculin;Blessee hospitalisee;Non renseignee ;1;1;0;1;0;0;Jeune adulte (18-24);Sans pieton ;Avec moto;Aucun VL;Sans poids lourd;Jeune adulte (18-24);1 usager
Grave;09/12/2007;22:30;Montrouge;Nuit avec eclairage public allumee;Autre;Intersection en X;Route departementale;Collision par le cote;VL seul;Sans changement de direction;Scooter < 50 cm3;25;Masculin;Indemne;Non renseignee ;3;2;0;0;1;0;Adulte jeune (25-34);Sans pieton;Sans moto;1 VL;Sans poids lourd;Adulte jeune (25-34);3-5 usagers
Leger;03/06/2021;14:00;Asnieres-sur-Seine;Plein jour;Normale;Intersection en T;Route departementale;Non renseignee ;Non renseignee ;Depassant A'auche;Motocyclette > 125 cm3;21;Masculin;Blessee Leger;Non renseignee ;2;2;0;1;1;0;Jeune adulte (18-24);Sans pieton;Avec moto;1 VL;Sans poids lourd;Jeune adulte (18-24);2 usagers
Leger;01/07/2007;20:00;Cachan;Plein jour;Autre;Hors intersection;Route departementale;Sans collision;VL seul;Non renseignee ;Non renseignee ;67;Masculin;Blessee Leger;Non renseignee ;1;1;0;0;1;0;Senior (65+);Sans pieton;Sans moto;1 VL;Sans poids lourd;Senior (65+);1 usager
Grave;14/12/2019;19:03;Colombes;Nuit avec eclairage public allumee;Normale;Intersection en X;Route departementale;Non renseignee ;Non renseignee ;Sans changement de direction;Tramway;63;Masculin;Blessee hospitalisee;Non renseignee ;4;2;0;0;0;0;Senior actif (50-64);Sans pieton;Sans moto;Aucun VL;Sans poids lourd;Senior actif (50-64);3-5 usagers
Leger;03/07/2019;17:00;Non renseignee nterre;Plein jour;Normale;Hors intersection;Autoroute;Non renseignee ;Motocyclette > 125 cm3;Entre 2 files;Non renseignee ;29;Masculin;Blessee Leger;Non renseignee ;1;1;0;1;0;0;Adulte jeune (25-34);Sans pieton;Avec moto;Aucun VL;Sans poids lourd;Adulte jeune (25-34);1 usager
Leger;22/01/2008;16:12;Asnieres-sur-Seine;Plein jour;Autre;Hors intersection;Route departementale;Collision par le cote;VL seul;Se deportant A$roite;Motocyclette > 125 cm3;45;Masculin;Indemne;Non renseignee ;2;2;0;1;1;0;Adulte (35-49);Sans pieton ;Avec moto;1 VL;Sans poids lourd;Adulte (35-49);2 usagers
Leger;11/01/2008;19:30;Bagneux;Nuit avec eclairage public allumee;Autre;Hors intersection;Route departementale;Collision par le cote;Bicyclette;A contresens;VL seul;60;Masculin;Indemne;Non renseignee ;3;2;0;0;1;0;Senior actif (50-64);Sans pieton;Sans moto;1 VL;Sans poids lourd;Senior actif (50-64);3-5 usagers
Grave;13/06/2008;18:00;Bagneux;Plein jour;Autre;Intersection en X;Route departementale;Autre collision;Scooter > 50 cm3 et <= 125 cm3;Non renseignee ;Non renseignee ;54;Masculin;Blessee hospitalisee;Non renseignee ;2;1;1;1;0;0;Senior actif (50-64);Avec pieton;Avec moto;Aucun VL;Sans poids lourd;Senior actif (50-64);2 usagers
Leger;08/02/2021;18:00;Colombes;Nuit avec eclairage public allumee;Normale;Intersection en X;Voie commuNon renseignee le;Non renseignee ;Non renseignee ;Sans changement de direction;Non renseignee ;35;Masculin;Blessee Leger;Non renseignee ;2;2;0;0;2;0;Adulte (35-49);Sans pieton;Sans moto;2 VL;Sans poids lourd;Adulte (35-49);2 usagers
Leger;10/07/2020;07:50;Asnieres-sur-Seine;Crepuscule ou aube;Normale;Intersection en T;Route departementale;Non renseignee ;Non renseignee ;Inconnue;Motocyclette > 125 cm3;58;Masculin;Blessee Leger;Non renseignee ;1;2;0;1;1;0;Senior actif (50-64);Sans pieton;Avec moto;1 VL;Sans poids lourd;Senior actif (50-64);1 usager
Leger;21/02/2008;16:25;Boulogne-Billancourt;Plein jour;Autre;Hors intersection;Route departementale;Collision par le cote;Scooter < 50 cm3;Sans changement de direction;VL seul;19;Masculin;Blessee Leger;Non renseignee ;2;2;0;0;1;0;Jeune adulte (18-24);Sans pieton;Sans moto;1 VL;Sans poids lourd;Jeune adulte (18-24);2 usagers
Leger;02/09/2020;10:35;Colombes;Plein jour;Normale;Hors intersection;Autoroute;Non renseignee ;Non renseignee ;Meme sens, Meme file;VU seul 1,5T <= PTAC <= 3,5T;52;Masculin;Blessee Leger;Non renseignee ;4;3;0;0;3;0;Senior actif (50-64);Sans pieton;Sans moto;3 VL ou plus;Sans poids lourd;Senior actif (50-64);3-5 usagers
Leger;11/01/2019;09:20;Colombes;Plein jour;Pluie legere;Hors intersection;Autoroute;Non renseignee ;Non renseignee ;Changeant de file A'auche;Motocyclette > 125 cm3;24;Masculin;Indemne;Non renseignee ;2;2;0;1;1;0;Jeune adulte (18-24);Sans pieton;Avec moto;1 VL;Sans poids lourd;Jeune adulte (18-24);2 usagers
Leger;21/10/2008;10:00;Boulogne-Billancourt;Plein jour;Autre;Intersection à plus de 4 branches;Voie commuNon renseignee le;Collision par l'arriere;Cyclomoteur <50cm3;Sans changement de direction;VL seul;30;Feminin;Blessee Leger;Non renseignee ;2;2;0;0;1;0;Adulte jeune (25-34);Sans pieton;Sans moto;1 VL;Sans poids lourd;Adulte jeune (25-34);2 usagers
Leger;11/02/2019;20:30;Asnieres-sur-Seine;Nuit avec eclairage public allumee;Normale;Intersection en T;Route departementale;Non renseignee ;Non renseignee ;Changeant de file A$roite;Non renseignee ;27;Masculin;Blessee Leger;Non renseignee ;2;2;0;0;2;0;Adulte jeune (25-34);Sans pieton;Sans moto;2 VL;Sans poids lourd;Adulte jeune (25-34);2 usagers